document_id,ch_name,ch_abstract,keywords,technical_cluster_id,technical_secondary_id,technical_evidence_score,technical_margin,technical_evidence,technical_semantic_score,technical_semantic_margin,technical_confidence,technical_semantic_top,application_cluster_id,application_secondary_id,application_evidence_score,application_margin,application_evidence,application_semantic_score,application_semantic_margin,application_confidence,application_semantic_top,abstract_missing,title_missing,keywords_missing,gold_quality,technical_gold_quality,application_gold_quality
ZH_0002,江苏省宅基地退出影响因素及其分区治理,文章基于2018—2022年江苏省6754户的农户数据，采用空间自相关模型分析农户宅基地退出意愿的空间特征，采用Logistic和门槛模型剖析风险承载力对农户宅基地退出意愿的影响，在划定宅基地退出分区的同时提出因地制宜的治理方案。结果表明：(1)主观规范、行为态度和知觉行为控制对农户意愿有正向作用。(2)风险承载力对农户意愿存在双门槛效应。(3)结合农户意愿空间相关性与风险承载力门槛效应，确定核心优选区、重点改革区、重点调节区、适度改革区和综合改革区。其中，淮安、宿迁为核心优选区，农户意愿空间集聚，风险承载力适中，应为改革示范区；连云港、扬州与泰州为重点改革区，应强化地区联动，促进农户意愿的空间扩散；南通作为重点调节区，应防范农户意愿的回流效应；南京、镇江、常州、无锡与苏州为适度改革区，应加强政策引导，提升农户意愿；徐州、盐城为综合改革区，需完善农村保障机制，加强风险承载力。,"['宅基地', '农户意愿', '风险承载力', '分区', '农村保障机制', '治理对策']",T48,T42,5.5,0.4762199690864176,摘要:空间自相关；摘要:GIS；标题:分区治理,0.2432203502176283,0.1288439350328532,0.9255555555555556,T48,A42,A24,15.5,0.7474125169390433,关键词:农村；摘要:农村；标题:宅基地；关键词:宅基地；摘要:宅基地；关键词:农户；摘要:农户,0.353441317393019,0.195803692421738,0.98,A42,False,False,False,high,high,high
ZH_0003,三大城市群数字技术专利创新网络演化比较研究,文章基于2010—2020年京津冀、长三角和珠三角三大城市群的数字技术专利数据，综合运用社会网络分析和面板负二项回归模型等方法，比较分析了三大城市群数字技术创新网络的时空演化和影响因素。研究发现：(1)三大城市群数字技术创新网络在主体和城市层面上均呈现网络规模不断扩大、网络结构趋于松散的共性特征，而在主体关联方面则呈现内向化特征，依赖组织间的“隶属关系”。(2)三大城市群数字技术创新网络具有区域分异性，主要体现在城市网络的合作尺度和主体合作模式等方面。其中，京津冀和长三角城市群以全国范围的合作为主，珠三角城市群以本地合作为主；主体合作模式方面，京津冀城市群的国有企业在塑造网络中发挥着重要作用，长三角城市群中民营企业的创新关联作用更强，而珠三角城市群则以本地民营企业合作为主，同时外部高校与本地企业的产学研合作在早期阶段也发挥了关键作用。(3)数字技术可以有效突破地理距离的限制，资本等传统生产要素是数字技术合作网络的重要推手。,"['数字技术专利', '创新网络', '多维邻近性', '空间尺度', '资本要素', '长三角', '珠三角', '京津冀']",T43,T44,12.5,0.7202818505956465,摘要:社会网络分析；标题:创新网络；关键词:创新网络；摘要:创新网络；摘要:合作网络；关键词:多维邻近,0.4791594054291497,0.4134417899689037,0.98,T43,A40,A39,12.0,-0.2013565024266219,摘要:技术创新；标题:专利创新；标题:创新网络；关键词:创新网络；摘要:创新网络,0.413443108207818,-0.0356633290213256,0.8,A39,False,False,False,high,high,high
ZH_0006,新药研发发展态势分析,新药研发是医药创新发展的关键环节，是新一轮生命科技革命和生物经济变革的核心领域，对引领科技创新、带动经济发展、提升人民健康福祉具有战略意义。当前，前沿技术不断革新、学科跨域融合、数字深度赋能驱动新药研发领域创新日趋活跃，国内外创新性小分子药物、抗体药物、免疫细胞治疗、基因治疗与核酸药物等密集获批上市，为未满足的临床需求提供更多选择。文章深入分析新药研发领域发展趋势、全球新药批准情况，以及我国新药研发发展现状与态势，提出发展启示与建议，以期为新药研发领域发展提供参考。,"['新药', '抗体药物', '细胞治疗', '启示', '建议']",T45,T09,3.5,0.7305884566444985,标题:发展态势,0.2476757610422523,0.0756318331749887,0.8144444444444445,T45,A40,A29,1.0,-0.6688599295714908,摘要:科技创新,0.152084546220775,-0.3204280683677913,0.4755555555555555,A29,False,False,False,needs_review,high,needs_review
ZH_0007,面向新型电力系统的输电网与分布式变速抽水蓄能联合规划,针对高比例新能源场景下分布式变速抽水蓄能的容量配置及其在电网中的位置接入问题，提出了输电网和分布式变速抽水蓄能的联合规划方案。首先，考虑了各类抽水蓄能的运行和库容约束、火电机组的出力和爬坡约束以及输电网的传输能力，以分布式新能源的经济消纳为优化目标，建立了分布式变速抽水蓄能和输电网间的联合规划模型。然后，通过凸松弛方法将该模型转化为混合整数线性规划模型，以两阶段优化方法求解得到了分布式变速抽水蓄能与输电网的联合规划方案。最后，采用两个标准测试系统对比验证了所提含分布式变速抽水蓄能的联合规划相较于定速抽水蓄能的规划方案，能更好地与其他灵活性资源相协调以消纳风光可再生能源，总体上可降低约20%的成本。,"['高比例新能源', '变速抽水蓄能', '输电网', '联合规划']",T37,T32,8.5,0.6820263370498536,标题:联合规划；关键词:联合规划；摘要:联合规划；摘要:混合整数,0.3935110626884613,0.3338015671628203,0.98,T37,A35,A32,7.5,0.0197274027135552,标题:抽水蓄能；关键词:抽水蓄能；摘要:抽水蓄能,0.237603380353691,0.1409100193825366,0.8217001429849108,A34,False,False,False,high,high,high
ZH_0009,基于非零和博弈的互联异构多微网系统电-热-碳优化调度策略,微电网规模随着新能源渗透比例的提高与日剧增，然而由于缺乏灵活的能量转移机制，针对单个微电网的低碳经济调度优化效果有限。有效利用多微网系统内部的结构差异，实现能源在空间与时间双重维度上的流动对促进新能源电力系统低碳经济发展具有重要意义。为此，该文在考虑多微网功能区差异的基础上，运用纳什谈判思想，制定了计及电、热、碳能源交易的多微网系统优化调度策略。首先，针对微网功能区差异性构建基于居民区、商业区与工业区的多微网系统运行框架；其次，根据不同功能区的负荷特性构建了计及电、热负荷可替代性的需求响应模型；最后，以纳什谈判思想为基础，结合交替方向乘子法与商业求解器达成多微网间电、热、碳互利共赢的交易策略。算例分析验证了所提方案能够在实现多微网隐私保护的前提下全面提高系统运行的低碳性与经济性。,"['多微网系统', '点对点能源交易', '碳配额交易', '需求响应', '交替方向乘子法']",T38,T37,4.5,0.0445238677827984,摘要:纳什谈判；标题:非零和博弈,0.4980890168146184,0.3180276270199891,0.7789762545610783,T38,A33,A36,8.5,-0.0023227882303318,摘要:微电网；标题:多微网；关键词:多微网；摘要:多微网,0.1004538144497132,-0.3191123529057313,0.8,A36,False,False,False,high,high,high
ZH_0010,面向构网逆变器的虚拟振荡器控制技术:统一设计框架与关键问题探讨,虚拟振荡器控制是近年来新兴的逆变器构网型控制方式，相较于下垂控制、虚拟同步发电机控制等现有构网型控制而言，其在动态响应速度与大扰动稳定性等方面具有优势。首先基于已有研究介绍了虚拟振荡器控制的基本原理及现有类型，接着针对虚拟振荡器设计目前缺乏普适性的问题提出了虚拟振荡器控制的统一设计框架及详细设计步骤，并以自行设计的两类虚拟振荡器为例，通过时域仿真验证了所提设计框架的可行性；最后从功率调度能力、抗扰动稳定运行能力以及实际应用能力3方面针对目前限制虚拟振荡器控制技术发展的关键问题进行了梳理与探讨，并给出了解决思路与未来的研究方向。,"['虚拟振荡器', '构网逆变器', '逆变器控制', '稳定性', '统一设计框架']",T49,T19,8.5,0.7607073366755545,摘要:下垂控制；标题:虚拟振荡器；关键词:虚拟振荡器；摘要:虚拟振荡器,0.3873344417496503,0.2907666905396754,0.98,T49,A38,A49,9.5,0.7826662414928146,标题:逆变器；关键词:逆变器；摘要:逆变器；摘要:构网型；摘要:下垂控制,0.551998056076393,0.4476160106629616,0.98,A38,False,False,False,high,high,high
ZH_0013,构网型下垂控制中虚拟阻抗的作用、改进及研究前景分析,随着新型电力系统建设进程的加速，新能源等电力电子化电源在系统中渗透率不断提高，电网强度随之减弱，系统安全性受到挑战。部分变流器亟需采用构网型控制，而下垂控制就是一种经典的构网型控制策略；作为对下垂控制策略的有效改进手段，虚拟阻抗技术受到广泛关注。在国内外研究人员共同推动下，虚拟阻抗技术目前已取得较为丰富的理论研究及实践成果，具有广阔的应用前景。围绕虚拟阻抗在构网型下垂控制中的主要定位及作用机理进行了分析，对虚拟阻抗的典型改进方法和发展现状进行了梳理总结，并结合目前的研究进展及趋势，对虚拟阻抗技术的研究前景、未来可能面临和需要解决的关键问题进行了分析、探讨和研判。,"['虚拟阻抗', '构网型', '下垂控制', '作用机理', '研究前景']",T49,T06,8.5,0.4023849981055103,摘要:控制策略；标题:下垂控制；关键词:下垂控制；摘要:下垂控制,0.4455613152613352,0.4540104906696114,0.98,T49,A38,A20,16.0,0.7776893732840224,标题:构网型；关键词:构网型；摘要:构网型；标题:下垂控制；关键词:下垂控制；摘要:下垂控制；摘要:变流器,0.5306591598598108,0.412066952028732,0.98,A38,False,False,False,high,high,high
ZH_0014,基于云模型的新型配电系统灵活性评估方法,"针对新型配电系统内灵活性资源接入规模逐渐扩大，过往配电网灵活性评估方法难以适应配电系统发展状况的问题，提出了基于云模型的新型配电系统灵活性评估方法。首先通过影响系统灵活性的数个指标构建了配电网灵活性评价体系；其次采用了主客观结合的层次分析法(analytic hierarchy process,AHP)-熵权法对构建的灵活性评价体系进行赋权；最后针对系统灵活性状态难以直观描述、现有灵活性评估方法难以完整表征系统灵活性状态的问题，提出了基于云模型的配电系统灵活性评估方法，并通过我国某地区配电系统运行实测数据进行了仿真验证。","['新型配电系统', '灵活性评价体系', '云模型', '静态特性', '供需平衡']",T41,T13,9.5,0.6812992731908322,摘要:层次分析法；摘要:熵权法；标题:云模型；关键词:云模型；摘要:云模型,0.2002924404346268,0.2649196205360195,0.98,T41,A31,A23,8.5,0.7190646895867481,摘要:配电网；标题:配电系统；关键词:配电系统；摘要:配电系统,0.1488067370138533,-0.0066807886660853,0.94,A23,False,False,False,high,high,high
ZH_0015,基于分层有向图与动态时空相关性的小区域光伏超短期预测方法,"小区域光伏发电功率准确预测，已成为高渗透多台区系统精准调控运行的技术瓶颈。目前光伏发电功率的预测方法缺乏对台区小区域内光伏集群效应的考虑，忽略了输入变量的内在因果关系以及动态相关性。针对于上述问题，提出一种基于分层有向图以及动态图卷积循环网络(dynamic graph convolutional recurrent network,DGCRN)的小区域光伏预测方法。首先，考虑出力数据与数值天气预报(numerical weather prediction,NWP)单向关系，生成具有因果联系的分层有向图。其次，依据节点属性在每个时间步生成动态图，与预先定义的静态图有机结合，以捕捉节点之间的动态时空相关性。最后，将具有动态时空相关性的图结构用于模型训练。以某个小区域台区29个光伏节点加以预测建模，实验结果表明，DGCRN模型具备捕获多参量间的因果规律和提取光伏功率的短期动态特征的能力，其在小区域多节点的光伏发电功率预测性能优越。","['分层有向图', '动态相关性', '图卷积网络', '区域台区光伏预测']",T35,T11,8.0,0.6689269772630562,标题:超短期预测；标题:短期预测；摘要:功率预测,0.436183270116704,0.2780498375932584,0.98,T35,A31,A34,4.0,-0.4032084284822624,关键词:台区；摘要:台区,0.0139678250516411,-0.1573711278144799,0.6422222222222222,A34,False,False,False,needs_review,high,needs_review
ZH_0016,接入换流站的新能源交流汇集系统低电压穿越方法,当接入换流站的新能源交流汇集系统发生故障时，线路双端电力电子装置交互影响可能导致设备低电压穿越失败。为解决上述问题，针对线路两端为不同类型电力电子装置的汇集系统，在考虑不同线路控制环节耦合及其输出功率叠加特性的基础上，对系统故障特性进行了分析，剖析了换流站的过流机理，进而提出基于分段降压控制的低电压穿越方法；通过对换流站故障后的输出电流进行分区划分，利用区间阈值构成判据，实现降压幅度的动态自适应选取，同时整定了以交流电流为特征的低穿边界条件，最终解决了低穿期间换流站过流闭锁的问题。在PSCAD中搭建了接入换流站的新能源交流汇集系统的精细化模型，仿真验证了所提控制方法的有效性。,"['分段降压', 'VF控制', '汇集系统', '低电压穿越']",T49,T14,7.5,0.682697120747981,标题:低电压穿越；关键词:低电压穿越；摘要:低电压穿越,0.3644338704513526,0.4192651481998639,0.98,T49,A32,A38,4.5,-0.3357054032593853,标题:换流站；摘要:换流站,0.1197235261417922,-0.340752880424182,0.6699999999999999,A38,False,False,False,medium,high,medium
ZH_0017,计及拓扑相似性的含分散式风电配网双层优化重构方法,高比例风电接入背景下，配网优化重构是缓解弃风、失负荷问题的一种有效手段。多对象优化重构作为非凸非线性优化问题，同时含大量离散变量求解难度较大，为此建立了基于拓扑相似性的含高比例分散式风电配网双层交互式优化重构模型。模型设计了支路复介数相似度评价指标，来衡量所有辐射状拓扑的相似度，再将相似网络进行聚类，形成了重构层的树状解空间。重构层以分段/联络开关状态为决策变量优化网络拓扑结构，并传输至调度层；调度层以分散式风电出力、储能运行状态、无功补偿装置功率及需求响应量为决策变量，进行配电网有功无功协同优化调度，以确定各对象最优运行状态并反馈到重构层，两层不断交互迭代得出最终策略。为适应该模型提出了一种剪枝和声搜索算法，其中和声库从树枝切换到枝内的过程，提高了重构层网络重构的求解效率。采用IEEE 33节点系统仿真测试，验证了所提方法在提升系统电压安全性、降低系统运行成本方面的优越性。,"['配电网', '分散式风电', '拓扑相似性', '双层优化重构', '二阶锥规划']",T37,T35,5.0,0.767286468378084,摘要:优化调度；关键词:二阶锥规划；摘要:网络重构,0.4587795390635762,0.3377604884148852,0.8977777777777778,T37,A31,A34,4.0,-0.3101975925868121,关键词:配电网；摘要:配电网,0.1607133871546819,0.1843029100941992,0.7022222222222223,A31,False,False,False,medium,high,medium
ZH_0018,基于改进FCM和最小互信息算法的户变关系辨识方法,"随着低压分布式光伏的高比例接入，传统的户变关系辨识方法利用电压与功率特征进行判断，受光伏出力影响较大。针对分布式光伏大规模接入下低压配电网的电气特征，提出了一种基于数据驱动的低压配电网户变关系辨识方法。首先，基于改进模糊C均值(fuzzy C-means, FCM)聚类算法，利用电压相关性对用户进行初步聚类划分。其次，在初步聚类的基础上，利用最小互信息算法排除光伏出力的影响，建立配变与用户的连接关系识别模型并用回归分析的思想求解，实现对户变关系的精确辨识。最后，通过对某地实际数据进行算例分析，验证了基于改进FCM和最小互信息算法的户变关系辨识方法在大规模光伏接入场景下的有效性。实验表明，该方法相比传统的电压和功率特征判别方法具有更高的准确率。","['低压配电网', '户变关系辨识', '拓扑识别', '电压相关性', '互信息']",T34,T42,17.0,0.8015770181679112,摘要:聚类算法；摘要:模糊C均值；标题:FCM；摘要:FCM；关键词:拓扑识别；标题:关系辨识；关键词:关系辨识；摘要:关系辨识,0.6822764497573046,0.5826929869136511,0.98,T34,A31,A34,11.5,0.7060934860139244,关键词:配电网；摘要:配电网；标题:户变关系；关键词:户变关系；摘要:户变关系,0.3683345470061648,0.3478727261864169,0.98,A31,False,False,False,high,high,high
ZH_0019,基于参数自修正的配电网故障定位数字孪生技术研究,"配电网参数受天气条件和负载条件等因素影响会发生变化。由于传感装置安装有限、数据延时传输等因素，无法实时获得配电网准确参数，进而给传统故障定位方法的精度带来影响。针对以上问题，通过建立配电网数字孪生模型，基于配电网数字孪生模型的参数自修正技术，提出了一种定位模型随参数变化动态校正的配电网故障定位方法。同时，搭建了基于数字孪生服务器和实时数字仿真系统(real time digital system, RTDS)的数字孪生平台，实现了配电网实时的物理模型和数字孪生模型的同步运行。在算例仿真中，利用该数字孪生平台，验证了基于数字孪生技术的配电网故障定法方法。结果表明，该方法可在各类系统运行条件下实时修正配电网参数，显著提高配电网故障定位的速度和精度。","['数字孪生', '故障定位', '参数辨识', '最小二乘法', '正则化正交匹配追踪重构算法']",T36,T47,7.5,-0.0251364152132015,标题:故障定位；关键词:故障定位；摘要:故障定位,0.171777408079338,-0.179545822951439,0.8,T47,A31,A27,4.5,0.563894622117904,标题:配电网；摘要:配电网,0.0848316834450378,0.0278187294135998,0.8099999999999999,A37,False,False,False,high,high,high
ZH_0020,考虑声-振模态结合的抽水蓄能机组轴承故障诊断,为解决抽水蓄能机组轴承磨损故障难以监测和识别的问题，提出一种结合声振数据的双模态神经网络机组轴承诊断模型。首先分析了抽水蓄能机组声振特性，融合相似软阈值对奇异值分解去噪方法进行改进，有效消除非接触式传感器固有噪声干扰。其次提出逆巴克频谱变换方法，并结合巴克频谱变换和格拉姆角和场变换等特征工程技术，提取机组轴承的声纹和振动特征图。通过融合相对位置编码的自注意力机制和深度可分离卷积，建立特征图传递网络。同时运用多头自注意力机制和双向长短期记忆网络搭建了时序数据传递网络，并以平行网格架构构建了机组轴承故障诊断模型。实验对比分析表明，所提方法具有较高的故障识别准确率，为抽水蓄能电站机组轴承监测问题提供了有效的解决途径。,"['抽水蓄能机组', '声-振模态', '奇异值分解', '特征工程', '故障诊断']",T36,T27,7.5,0.3840184887529986,标题:故障诊断；关键词:故障诊断；摘要:故障诊断,0.4162592507879377,0.3429892053785618,0.98,T36,A35,A16,7.5,0.6449829119277211,标题:抽水蓄能；关键词:抽水蓄能；摘要:抽水蓄能,0.304428367148154,0.1498779423408648,0.94,A09,False,False,False,high,high,high
ZH_0021,突发散热故障时的光伏MPPT变换器控制方法研究,"作为光伏发电系统的重要组成，MPPT变换器能够实现光伏电池最大功率点跟踪(maximumpowerpoint tracing, MPPT)控制。但在环境通风不畅和冷却装置失效等突发性散热故障情况下，变换器极易发生过热停机保护，导致光伏电池无法输出功率，严重影响光伏发电的可靠性与经济性。为此，以一个300 W级MPPT变换器为对象，对其功率器件温升特性进行了试验分析。随后，结合传统MPPT算法和主动热管理策略，提出了一种突发散热故障时的光伏MPPT变换器控制方法。通过对器件驱动信号占空比的动态限制和开关频率的分级调节，所提方法能够主动调整器件工作损耗，进而充分挖掘变换器输出功率。相关实验表明，所提方法可最大程度保留变换器散热故障时的光伏出力，并减少散热故障修复前的光伏发电经济损失。根据实验结果，构建了所提方法性能评价指标，并分析了方法性能的影响因素。","['光伏发电', '最大功率点跟踪控制', '功率器件', '结温估计', '主动热管理']",T49,T35,4.0,0.7086728287441534,关键词:主动热管理；摘要:主动热管理,0.0630097426742179,-0.0809083661131898,0.7822222222222223,T35,A38,A34,4.5,-0.2746461019988604,标题:MPPT；摘要:MPPT,0.2698120195796992,0.095384985722425,0.73,A38,False,False,False,medium,high,medium
ZH_0022,“技术—组织—环境”视域下数字经济赋能低碳转型发展的路径,数字经济的蓬勃发展为深入推进低碳转型提供了有力的技术、管理和制度手段，但我国现阶段仍存在数字技术创新水平有限、数字人才供给能力不足、数字治理体系亟待健全等问题，制约了数字经济对于低碳转型发展的赋能作用。文章基于“技术—组织—环境”（TOE）框架，探讨数字经济对低碳转型发展影响的技术迭代路径、管理变革路径及制度优化路径，阐述数字经济在低碳转型发展中的重要作用，为促进我国发展数字经济助力“双碳”目标实现提出政策建议。,"['数字经济', '低碳转型', 'TOE框架', '节能减排', '碳中和']",T46,T10,3.0,0.7305298388128671,关键词:TOE框架,0.1996848008779714,0.0752131343776233,0.7866666666666666,T46,A40,A44,8.5,-0.1004338965984548,标题:数字经济；关键词:数字经济；摘要:数字经济；摘要:技术创新,0.5617024216292078,0.2622068610314444,0.8600000000000001,A40,False,False,False,high,high,high
ZH_0023,全球高超声速技术发展态势分析,高超声速技术是未来航空航天领域的制高点，具有重要的战略性和前瞻性意义。文章采用文献计量/综述、国内外官方机构/权威网站调研等方法对全球高超声速技术发展态势进行分析。研究发现，针对高超声速技术的研究主要集中在军事领域，其中动力推进技术、制导与控制技术、新型材料和热防护技术等是该领域的研究重点方向。通过梳理各国研发态势发现，未来涉及高超声速武器研发的相关核心技术仍是研究的重点，同时各国正加快优先布局高超声速防御系统，加强与合作国在技术研发、联合防空和导弹防御等方面的合作，以提升地区防御力和威慑力。,"['高超声速技术', '高超声速武器', '动力推进技术', '制导与控制技术', '新型材料和热防护技术', '高超声速风洞', '高超声速防御系统']",T45,T11,5.5,-0.1471959406519883,摘要:文献计量；标题:发展态势；摘要:发展态势,0.4910478451338277,0.3200289953429402,0.7855555555555556,T45,A49,A19,20.5,0.7469902088426628,摘要:航空航天；标题:高超声速；关键词:高超声速；摘要:高超声速；关键词:武器；摘要:武器；关键词:制导；摘要:制导；关键词:防御系统；摘要:防御系统,0.8108760284590916,0.1927872060190204,0.98,A49,False,False,False,high,high,high
ZH_0025,黄河上游地区市域数字经济与绿色发展耦合协调度及提升路径,“数字中国”与“美丽中国”建设背景下，解析数字经济与绿色发展的耦合协调关系是推进区域高质量发展的重要议题。文章以黄河上游17个地级市为研究区，基于熵权法、耦合协调度模型与障碍度模型，剖析2010—2019年数字经济与绿色发展耦合协调关系时空演变特征及障碍因子，进而提炼不同类型区数字经济与绿色发展耦合协调发展的提升路径。结果表明：(1)研究期内耦合协调度呈“V”字形态势，形成北部优于中、南部的空间格局，且多中心趋势明显。(2)影响数字经济与绿色发展2个子系统耦合协调发展的突出问题集中于产业基础设施建设、技术与人才的投入以及对人民生活和环境的影响。(3)研究区耦合协调发展类型区可划分为高数字化—高绿色化区（H-H型）、高数字化—低绿色化区（H-L型）、低数字化—高绿色化区（L-H型）、低数字化—低绿色化区（L-L型）4类。(4)H-H型应以城市群或中心城市为发展核心，H-L型应以主导产业转型升级为目标导向，L-H型应以健全数字经济产业基础为发展手段，L-L型应以吸引外部投资与承接产业转移为发展关键。,"['黄河上游地区', '数字经济', '绿色发展', '耦合协调度', '城市群与中心城市', '基础设施', '人才']",T44,T41,8.5,0.7153890511610803,标题:耦合协调度；关键词:耦合协调度；摘要:耦合协调度；摘要:障碍度模型,0.5918387699070222,0.5721066679572964,0.98,T44,A40,A44,7.5,0.0217525481338428,标题:数字经济；关键词:数字经济；摘要:数字经济,0.332649877639712,0.1553753438131634,0.8839278029472273,A40,False,False,False,high,high,high
ZH_0028,基于健康指数的架空线路运行状态评价方法研究,针对现有架空线路运行状态评估存在的问题，提出一种基于健康指数的架空线路运行状态综合评估方法。该方法结合架空线路运行特点，综合考虑线路本体及天气、环境等外力因素影响，系统地研究了影响线路健康状况的各级关键因素及其影响系数。考虑不同影响因素重要程度，采取定性、定量相结合的方式，提出了层次分析法、优劣解距离法、专家研讨法三者相结合的线路健康指数计算方法。利用该方法对南京某实际110 kV架空线路运行状态进行现场验证，证明了所提方法的有效性。所提方法不仅适用于架空线路健康状态的评估，也可为其他电力设备的健康状态评估提供参考。,"['健康指数', '架空线路', '状态评价']",T41,T28,8.5,0.7474206149374509,摘要:层次分析法；标题:健康指数；关键词:健康指数；摘要:健康指数,0.4597475322203396,0.1958615352675072,0.98,T41,A37,A08,6.5,0.7207395805803887,标题:状态评价；关键词:状态评价,0.2478827478675447,0.0052827184313475,0.98,A37,False,False,False,high,high,high
ZH_0029,计及劣化状态和随机故障的光伏发电系统视情维修模型以及最优检修策略,针对现有光伏发电系统维修策略研究中通常仅考虑劣化状态导致维修决策不合理等问题，提出了一种计及劣化状态和随机故障的光伏发电系统视情维修模型及最优检修策略。首先，以离散状态下的Markov过程为基础，将随机故障对维修策略的影响引入到光伏发电系统视情维修建模中，建立光伏发电系统计及劣化状态和随机故障状态的视情维修模型，定期检测光伏发电系统的状态。当系统状态超过预防性维修阈值时进行不完全维修；出现随机故障时进行最小维修；达到故障状态时进行更换。然后，以光伏发电系统长期稳定运行的最小总成本率为目标，采用一种改进的黏菌优化算法求取光伏发电系统最佳检测周期和预防性维修阈值。最后，以某光伏发电系统为例，通过对模型参数的灵敏度分析和传统不考虑随机故障维修模型的对比研究，验证了所提模型及策略的有效性和可行性。,"['光伏发电系统', '视情维修', 'Markov过程', '随机故障', '预防性维修阈值']",T37,T36,4.5,0.7058561406399466,标题:最优检修；摘要:最优检修,0.0001171998647587,-0.1010275668575239,0.8099999999999999,T36,A34,A37,7.5,0.7135552210348532,标题:光伏；关键词:光伏；摘要:光伏,0.1173509657674595,-0.0460341354653336,0.94,A37,False,False,False,high,high,high
ZH_0033,交流故障下高压直流系统无功特性分析及无功控制策略研究,"现有低压限流环节(voltage dependent current order limitation,VDCOL)使得高压直流系统的有功和无功强耦合，不能在交流故障持续及恢复过程中充分利用换流站自身的无功支撑能力来改善其恢复性能。该文以CIGRE HVDC标准测试模型与贵广Ⅱ工程模型作为算例，对两种模型交流故障下的直流电流及无功功率可运行范围进行了分析计算，并在PSCAD/EMTDC仿真程序中进行了验证；接着，对VDCOL的外特性进行了分析，结果表明其输出的直流电流指令不在所计算的可运行范围内；最后，采用了一种替换VDCOL的无功控制策略，该策略不仅能保证故障下直流两侧的控制指令位于可运行范围内，也能改善高压直流系统的故障恢复性能。","['高压直流', '无功功率', '换相失败', '交流故障']",T49,T14,4.5,0.574996384642426,标题:控制策略；摘要:控制策略,0.084210100029373,0.1071170331601849,0.8099999999999999,T13,A32,A37,12.5,0.7203904120607887,标题:高压直流；关键词:高压直流；摘要:高压直流；摘要:HVDC；关键词:换相失败；摘要:换流站,0.5765657670720957,0.4142172290056332,0.98,A32,False,False,False,high,high,high
ZH_0038,计及(火用)效率的电-气-热综合能源系统多目标优化调度方法,"为解决综合能源系统(integrated energy systems,IES)难以量质协同运行，且求解时间较长的问题，该文提出了一种计及(火用)效率的电-气-热综合能源系统多目标优化调度方法。首先，该文构建了IES模型，结合热力学第一、二定律，推导了该IES不同能源网络的源侧和负荷侧的(火用)方程以及(火用)效率等表达式；其次，为降低求解时间，提出了一个基于线性权重法的多目标函数求解与决策方法；最后，通过算例分析，验证了所提模型与方法的有效性。分析结果表明，相比于传统IES的优化问题，模型中考虑(火用)效率的多目标函数保证了能源品质的传输，促进了IES的量质协同运行，且该文所提求解方法的求解时间相比于遍历权重法降低了90.22%。","['综合能源系统', '多目标优化', '(火用)效率', '求解时间']",T37,T13,12.0,0.6818546929638049,标题:优化调度；摘要:优化调度；标题:多目标优化；关键词:多目标优化；摘要:多目标优化,0.3101872670795563,0.156104949741464,0.98,T37,A33,A31,7.5,0.7627338089697568,标题:综合能源系统；关键词:综合能源系统；摘要:综合能源系统,0.4425995829113756,0.3052414926411203,0.98,A33,False,False,False,high,high,high
ZH_0039,计及自适应阶梯碳势-碳价与供需双响应基于主从博弈的综合能源系统低碳经济调度,"针对碳流视角下综合能源系统(integrated energy system,IES)低碳化调度潜能挖掘不充分和用能侧碳排放责任承担不足的问题，提出了计及自适应阶梯碳势-碳价与供需双响应基于主从博弈的IES低碳经济调度策略。首先，设计自适应阶梯碳势-碳价模型，并构建基于能量枢纽矩阵标准化模型的IES碳流模型，获取用户侧各能源负荷节点碳势，进而完成碳势分级下碳价区间的划分；其次，兼顾源荷两侧的灵活调整及响应机制，建立用户侧参与的IES主从博弈低碳经济调度模型，上层IES运营商通过制定动态变化的负荷节点碳势-碳价，引导下层用户聚合商低碳化用能；最后，提出改进霜冰优化算法(improved rime optimization algorithm,IRIME)，利用其独特阶梯式逐步搜索策略与主从博弈迭代过程相贴合的特性，并改进权重系数设计与选择策略，实现主从博弈模型的高精度、快速求解。仿真结果表明：所提自适应阶梯碳势-碳价模型提升了用户侧的碳势感知能力，与阶梯型碳排放固定碳价模型相比可进一步降低4.76%的碳排放量，结合供需双响应机制可提高1.13%的IES运营商收益和降低0.81%的用户聚合商成本；IRIME提升了模型求解的快速性，同时改善了主体间博弈结果的均衡性；所提调度策略实现了碳排放责任的流动转移与两主体间的协同低碳经济运行。","['综合能源系统', '碳排放流', '自适应阶梯碳势-碳价', '供需双响应', '主从博弈']",T38,T13,8.5,0.65252780207903,标题:主从博弈；关键词:主从博弈；摘要:主从博弈；摘要:博弈模型,0.2944064530397624,0.1230977459426517,0.98,T38,A33,A44,7.5,0.3745678667376292,标题:综合能源系统；关键词:综合能源系统；摘要:综合能源系统,0.314900378920359,0.2754847624116371,0.98,A33,False,False,False,high,high,high
ZH_0041,计及电压动态特性的虚拟同步机暂态稳定性分析,针对仅考虑摇摆方程可能导致虚拟同步机暂态稳定性分析误判的问题，首先考虑公共耦合点处电压变化对系统暂态行为的影响，建立了计及电压动态特性的虚拟同步机暂态模型，实现对虚拟同步机动态特性的全面精准刻画。在此基础上提出了一种直接求解极限切除角和极限切除时间的快速迭代求解算法，并分析了虚拟同步机核心控制参数改变对系统暂态稳定性的影响机理。最后，搭建了典型结构虚拟同步机的电磁仿真模型，验证了理论分析和关键暂态指标求解算法的正确性，结果表明相比于仅考虑摇摆方程的暂态模型，所提模型能更精准地刻画虚拟同步机暂态特性。,"['虚拟同步机', '摇摆方程', '暂态稳定性', '电压动态特性']",T49,T14,19.5,0.7632040924552627,标题:虚拟同步机；关键词:虚拟同步机；摘要:虚拟同步机；标题:稳定性分析；摘要:稳定性分析；标题:暂态稳定；关键词:暂态稳定；摘要:暂态稳定,0.613360212429535,0.5723369241309971,0.98,T49,A38,A20,7.5,0.7693186150188192,标题:虚拟同步机；关键词:虚拟同步机；摘要:虚拟同步机,0.4163598274085063,0.3522758215629942,0.98,A38,False,False,False,high,high,high
ZH_0043,计及SOC影响的电化学储能系统低电压穿越控制策略,"针对电化学储能现有低电压穿越控制策略未计及荷电状态(state of charge, SOC)动态特性导致其在低SOC场景下出现过放这一问题，设计并引入自适应调节系数来表征低电压穿越期间SOC对储能单元输出有功电流的影响，进而提出一种计及SOC动态特性与充放电状态的电化学储能系统低电压穿越控制策略。该控制策略基于并网规范的电压和频率要求，结合工程实际应用对自适应调节系数进行定量设计，使得系统故障期间储能单元输出的有功电流能够根据SOC大小动态调整。仿真结果表明，该控制策略在低SOC场景下能够有效限制有功电流输出，减缓放电速度，从而避免小容量、大放电倍率储能单元出现因SOC越限而退出运行的风险，并减小低电压穿越过程中多个储能单元之间的SOC极差。通过与传统的低电压穿越策略对比验证了所提策略的有效性。","['电化学储能', '荷电状态', '低电压穿越策略', '自适应调节系数']",T49,T13,12.0,0.7131547812473842,标题:控制策略；摘要:控制策略；标题:低电压穿越；关键词:低电压穿越；摘要:低电压穿越,0.3596546545490164,0.3796770089098875,0.98,T49,A35,A38,12.0,0.2468753821410748,标题:储能；关键词:储能；摘要:储能；标题:SOC；摘要:SOC,0.1867171771205943,-0.1651758418494662,0.94,A38,False,False,False,high,high,high
ZH_0044,适用于直流保护的数学形态学降噪与噪声干扰识别方法,柔性直流输电系统是调节我国能源分布不均问题的重要手段，直流保护是保证柔直系统安全的重要技术。现有工程中多采用行波保护作为主保护，然而行波保护存在易受噪声影响、故障波头不易捕捉等问题，制约了其广泛应用。针对上述问题，提出数学形态学降噪与噪声干扰识别方法，并根据直流保护采样信号特点进行参数设计，用于直流保护采样信号降噪和噪声干扰的识别。首先，确定基于自适应多尺度形态滤波的直流信号降噪方法，并设计结构元素长度和形态学滤波器类型、自适应多尺度形态滤波器的滤波器阶数和步长。其次，确定基于形态学梯度变换的噪声干扰识别方法，并设计形态学梯度变换的阈值。接着，从不同角度对形态学降噪方法与现有典型信号处理方法的滤波效果进行对比分析。最后，对形态学降噪与噪声干扰识别方法和保护的配合效果进行验证。形态学降噪与噪声干扰识别方法所需采样频率较低，运算量适中，滤波效果好，对直流保护适用性好。,"['行波保护', '自适应多尺度形态滤波', '噪声干扰识别', '形态学梯度', '故障波头捕捉']",T27,T34,17.0,0.7268827486241974,摘要:信号处理；关键词:滤波；摘要:滤波；标题:降噪；摘要:降噪；标题:形态学；关键词:形态学；摘要:形态学,0.1861027276641858,0.0491624901728389,0.98,T27,A27,A32,4.5,0.5461618524902973,标题:数学；摘要:数学,0.0349409425023758,-0.0988439107835915,0.8099999999999999,A32,False,False,False,high,high,high
ZH_0053,大规模车网互动需求响应策略及潜力评估综述,大量电动汽车的接入为电网带来了新的挑战与机遇，电动汽车作为具有负荷与储能双重属性的特殊灵活性资源，车网互动过程中需要实施调度方案及需求响应策略对其进行引导。针对现有问题，全面综述了相关研究。首先，为综述电动汽车有序充放电模型，基于用户出行习惯探讨了电动汽车聚类方法，并得出了考虑特征变量聚类可有效提高聚类模型精确度的结论。其次，梳理了现有的需求响应策略，通过权衡协调各类需求响应策略，能有效激发用户调度潜力。然后，基于策略研究，从数据与机理两类评估角度总结了如何提高需求响应评估精度。最后对未来研究做出展望：未来电网侧可聚焦峰谷时段细化研究、聚合商侧可针对不同用户聚类建立更适宜的调度策略、未来仍需探寻多市场主体有效商业模式等。,"['电动汽车', '车网互动', '用户出行习惯', '需求响应策略', '潜力评估']",T06,T12,4.5,0.5910497749090745,标题:综述；摘要:综述,0.2275006220870633,0.2217841064933896,0.8699999999999999,T06,A35,A36,5.0,-0.2072015926897121,摘要:储能；关键词:电动汽车；摘要:电动汽车,0.5883036167931454,0.2342743379306274,0.7577777777777779,A35,False,False,False,medium,high,medium
ZH_0055,基于自适应噪声完全集合经验模态分解与Bi LSTM-Transformer的锂离子电池剩余使用寿命预测,"锂离子电池剩余使用寿命(remaining useful life, RUL)是使用者十分关心的问题，其涉及电池的更换时间和安全。针对锂离子电池的电容量非线性变化趋势，提出了一种基于自适应噪声完全集合经验模态分解与双向长短期记忆网络-Transformer的锂离子电池剩余使用寿命预测方法。首先，利用自适应噪声完全集合经验模态分解方法对锂离子电池电容量数据进行分解。其次，使用串联的双向长短期记忆神经网络和Transformer网络对分解后得到的残差序列和本征模态分量序列进行建模预测。最后，将预测的若干本征模态分量序列和残差序列进行求和，并对求和之后的最终预测数据与原始数据进行RUL预测。采用NASA公开的电池数据集对所提方法进行验证，结果表明，所提方法的平均绝对误差、均方根误差、平均绝对百分比误差和绝对误差控制分别控制在0.0173、0.0231、1.2084%和3个循环周期以内，能够有效地提高锂离子电池RUL的预测精度。","['锂离子电池', '剩余使用寿命预测', 'Transformer网络', '双向长短期记忆网络', '完全集合经验模态分解']",T01,T25,11.0,0.7355021635532555,标题:Transformer；关键词:Transformer；摘要:Transformer；标题:LSTM,0.6372100941554047,0.5782622071985786,0.98,T01,A09,A14,0.0,0.0030332997350085,,0.099808227192117,0.0216664266786327,0.4833366297085094,A09,False,False,False,needs_review,high,needs_review
ZH_0057,基于多元暂态特征故障度的配电网单相接地选线方法,针对配电网发生单相接地故障时电流较弱、故障条件复杂、现有的故障检测技术性能不可靠的问题，提出一种利用基频移频的多元暂态特征故障度配电网单相接地选线方法。为了保留暂态特征的全景性，去除暂态零序电流中的基频分量，采用希尔伯特变换对暂态零序电流解析信号进行计算。之后，引入位移因子去除基频，保留所有的瞬态特征，并计算了3种典型瞬态特征指标。最后，采用Copula计算瞬态特征随机变量的联合分布密度函数并计算各线路的故障度，选择故障程度最大的馈线作为故障馈线。建立不同故障条件下的径向配电网样本模型、电弧故障模型以及风机和光伏模型的IEEE 34节点测试系统，验证了所提方法的有效性。,"['故障选线', '基频移频', 'Copula函数', '概率密度', '多元暂态特征故障度']",T36,T11,4.0,0.7409424110190443,摘要:故障检测；关键词:故障选线,0.2710761975463649,0.1495886501360313,0.8422222222222222,T36,A31,A34,5.5,0.5965117149696779,标题:配电网；摘要:配电网；摘要:馈线,0.052591730999889,0.0530057562769207,0.8655555555555555,A07,False,False,False,high,high,high
ZH_0060,适应新型电力系统发展的多元灵活资源优化调度建模和分析,我国新能源快速发展，新能源大发时消纳难和新能源少发时电力保障供应难的矛盾突出，对新型电力系统灵活性提出更高要求。在传统的以水火电为主的优化调度模型基础上，基于我国能源结构与灵活性资源特性，构建了计及灵活性改造后煤电机组调节特性、特高压直流输电能力与煤电开机方式耦合关系、电制氢新型资源调节特性的多元灵活资源多目标优化调度模型。以某省级电网实际数据验证了模型的有效性与可行性，验证结果表明，建立的模型有利于发掘利用源网荷储输等各类资源调节能力，提升系统整体灵活调节能力，支撑新能源消纳和电力保障供应，助力我国新型电力系统的构建。,"['新型电力系统', '多元灵活资源', '优化调度', '灵活调节能力']",T37,T40,8.5,0.7527592467607749,标题:优化调度；关键词:优化调度；摘要:优化调度；摘要:多目标优化,0.3851496618532584,0.2339946197198205,0.98,T37,A32,A13,2.0,0.7261965270274827,摘要:高压直流；摘要:特高压,0.1413424156092625,0.0442609073391625,0.731111111111111,A32,False,False,False,medium,high,medium
ZH_0066,基于行动者网络的生态旅游地多元主体冲突的演变及形成机制——以湖北省神农架为例,文章基于行动者网络理论构建了生态旅游地多元主体冲突分析的理论框架，以湖北省神农架为案例地，运用质性分析方法解析了多元主体冲突的演变及形成机制。结果表明：(1)生态旅游地冲突是行动者网络构建过程中人类和非人类行动者利益失衡而引发的异议，具有动态变化性；(2)冲突随着行动者的增加逐渐趋于复杂化，呈现萌芽、显化和升级的渐进式发展趋势；(3)资本分化和利益受损是冲突形成的内在根源和直接原因，制度缺位或失灵是冲突形成的充分条件，权力失衡、社会分层和旅游失序则是中介条件。,"['生态旅游', '旅游地冲突', '行动者网络理论', '冲突演变', '形成机制', '多元主体']",T46,T29,8.5,0.7581888120127773,摘要:理论框架；标题:形成机制；关键词:形成机制；摘要:形成机制,0.4186187722268676,0.2727772286626948,0.98,T46,A45,A27,7.5,0.7100942441216063,标题:旅游；关键词:旅游；摘要:旅游,0.0218278907277029,-0.070755399131384,0.94,A27,False,False,False,high,high,high
ZH_0069,省域共同富裕水平测算及其时空演进,共同富裕是社会主义的本质要求，是中国式现代化的重要特征。文章根据共同富裕内涵、推动方向和路径，以2012—2020年中国31个省域为研究对象，构建了省域共同富裕水平的评价指标体系，并利用熵值法测算了中国31个省域的共同富裕进程。研究发现：2012—2020年中国共同富裕呈阶段性发展，全国共同富裕进程趋势积极向好。具体而言，从空间演进来看，共同富裕水平低的省域数量随时间推移明显减少，共同富裕水平中等的省域数量增长最快，共同富裕水平高的省域数量增长明显；从演进方向来看，共同富裕水平中等的省域发展方向由东南向西北方向发展，共同富裕水平高的省域首先以东部沿海省域向南拓展，2020年逐步向西北方向延伸；从地区差距来看，全国、中部地区、西部地区共同富裕离散程度存在扩大趋势，东部地区呈显著缩小的状态，除西部地区两极分化现象加剧外，其他区域极化现象均明显缓解；从长期演进趋势来看，随着时间推移，中国各省域均会转向高水平共同富裕。,"['共同富裕', '地区差距', '高质量发展', '中等收入群体', '农民农村', '评价指标体系', '演进趋势']",T41,T44,4.0,0.7190308964401131,关键词:指标体系；摘要:指标体系,0.1391372881813075,-0.0069221682849064,0.7822222222222223,T44,A41,A42,7.5,0.5024560478020843,标题:共同富裕；关键词:共同富裕；摘要:共同富裕,0.4569001389201154,0.5032574843006019,0.98,A41,False,False,False,high,high,high
ZH_0070,考虑配电网灵活性不足风险的分布鲁棒低碳优化调度,双碳目标下高占比可再生能源接入配电网，其不确定性导致配电网灵活性需求剧增。为提高配电网灵活运行能力，减少碳排放，提出考虑配电网灵活性不足风险的分布鲁棒低碳优化调度方法。首先，考虑智能储能软开关作为网络灵活性资源，以减少线路阻塞并提高节点灵活性资源网络互济水平。引入功率传输分布因子表征灵活性供需在线路上的传输情况，提出资源灵活性裕度指标和线路容量裕度指标，评估配电网灵活性。其次，基于条件风险价值理论，推导出当资源-线路裕度不足时给配电网造成的灵活性不足风险。然后，考虑风光出力的不确定性与相关性，运用Frank-Copula函数生成风光出力场景，采用改进的KL散度构造概率分布模糊集。以综合运行成本最低为目标，建立分布鲁棒优化调度模型，采用列与约束生成算法求解。最后，通过算例验证表明，智能储能软开关的加入减少了线路阻塞的情况，所提方法能够减少配电网碳排放和灵活性不足风险。,"['智能储能软开关', '灵活性资源', '条件风险价值', 'Frank-Copula函数', '分布鲁棒优化']",T39,T37,15.5,0.5593553310484695,关键词:鲁棒优化；摘要:鲁棒优化；标题:分布鲁棒；关键词:分布鲁棒；摘要:分布鲁棒；关键词:条件风险价值；摘要:条件风险价值,0.598519411838525,0.3456256365213261,0.98,T39,A31,A35,4.5,0.0849228549907693,标题:配电网；摘要:配电网,0.04778619139989,0.0351632499340665,0.7634151404898463,A34,False,False,False,medium,high,medium
ZH_0071,基于牛顿-蚁群算法与选择性谐波调制的电网功率放大器宽频控制策略,选择性谐波消除/生成脉宽调制技术能与多电平电力电子变换器相结合，实现低开关频率下的高频电网谐波功率复现。然而，为生成特定次谐波，需要求解非线性开关角方程，其求解精度受开关角初值选取约束，且实时性随着谐波次数的增加而降低。因此提出一种基于牛顿-蚁群算法的实时选择性谐波生成脉宽调制技术。通过建立开关角方程，利用蚁群算法求解初值，进一步结合牛顿算法获得不同开关频率及计算步长对应的最多谐波数目，并分析得到调制比-开关角对应关系。通过查找表获得初始开关角，并前馈至电压控制环路，实现对特定次谐波的无静差跟踪。最后以级联H桥多电平变换器为例，搭建仿真与实验平台，验证了理论分析的正确性与所提策略的可行性。,"['选择性电网谐波功率放大器', '级联多电平逆变器', '牛顿-蚁群算法', '实时选择性谐波生成脉宽调制']",T49,T17,3.5,0.5196947075745063,标题:控制策略,0.1003194793999092,0.0386356663485148,0.7544444444444445,T06,A38,A16,3.0,0.7302361545011968,关键词:逆变器,0.1774870959899127,0.0731153892942629,0.7866666666666666,A38,False,False,False,medium,high,medium
ZH_0091,考虑新能源配网三相不平衡治理的电动汽车充电策略,针对大规模电动汽车和新能源并网引发的三相不平衡问题，提出考虑中压配网三相不平衡治理的电动汽车充电策略。首先，分别建立了电动汽车聚合商模型和多相配网模型；其次，提出三相平衡激励机制，鼓励电动汽车自发地帮助改善三相电压不平衡；然后，以最大化电动汽车利益为目标，考虑电动汽车充电约束和配网安全约束，建立电动汽车充电确定性优化模型；并进一步基于鲁棒优化理论研究新能源出力不确定性，建立电动汽车充电鲁棒优化模型；最后，采用改编的IEEE 13节点配网进行仿真验证。结果表明，所提出的充电策略能够有效降低配网三相电压不平衡与电动汽车用户成本，并在新能源出力不确定时保证配网的安全运行。,"['电动汽车', '新能源', '三相不平衡', '有序充电', '不确定性', '鲁棒优化']",T39,T12,4.0,0.5809740534704327,关键词:鲁棒优化；摘要:鲁棒优化,0.3079513967654172,0.2926718105030912,0.8422222222222222,T39,A35,A34,7.5,0.7807644989299779,标题:电动汽车；关键词:电动汽车；摘要:电动汽车,0.5090927780389495,0.4340321352141279,0.98,A35,False,False,False,high,high,high
ZH_0093,考虑源-荷不确定性的省间电力现货市场潮流风险概率评估,新型电力系统建设背景下可再生能源占比逐渐提高，源-荷双侧不确定性使省间电力现货市场运行风险增加。针对该问题，提出一种考虑源-荷双侧不确定性的省间电力现货市场联络线潮流风险概率评估方法。首先，分析源-荷双侧不确定性对省间电力现货市场出清的影响，建立源-荷联合不确定性模型为市场出清提供数据基础。然后，设计省间电力现货市场出清双层优化模型，以计算省间联络线的潮流出清结果。最后，为表征源-荷双侧不确定性给电力市场出清安全带来的风险，提出联络线容量占用率、潮流概率稳定度和潮流稳定风险度等多个指标对联络线潮流进行了不确定性风险评估。利用某省电力公司数据进行了仿真测试，并将结果与不同不确定性建模方法、不同置信区间下的评估结果对比，验证了所提方法的有效性。,"['源-荷不确定性', '省间电力现货市场', '概率分析', '风险评估']",T30,T13,4.0,0.5782700861611567,关键词:风险评估；摘要:风险评估,0.3604432621785051,0.2733577582939772,0.8422222222222222,T30,A36,A34,1.0,0.0016668730088541,摘要:电力市场,0.0973083359907817,0.0119062357775299,0.537389115865295,A36,False,False,False,needs_review,high,needs_review
ZH_0095,前景导向的主动配电网智能储能软开关规划方法,"分布式可再生能源大量并网成为必然趋势，合理的设备规划可以提升配电系统运行灵活性，保证可再生能源的有效消纳。智能储能软开关(soft open points integrated with energy storage system,ESOP)具有时空双尺度运行灵活性，有利于分布式能源并网。因此，考虑规划决策者不完全理性特点，提出一种配电网ESOP规划方法。首先，建立了含ESOP的配电网运行模型；然后，提取出多种面向高渗透率可再生能源并网下的ESOP规划经济性指标；最后，基于前景理论描述不完全理性特征，构建了配电网功率损失减少、购电成本减少、弃风弃光惩罚减少及投资成本属性的前景值模型，以年度综合前景值最大为目标构建ESOP的规划模型。通过线性化凸松弛等手段将原规划模型转化为混合整数二阶锥规划模型。改进的IEEE33节点系统与实际配电网算例结果表明，ESOP可以通过时序特性和柔性互联特性提升配电网消纳能力和运行经济性；同时，决策者对于各属性的重视程度和期望值会对规划结果产生影响。","['智能储能软开关', '前景理论', '优化配置', '高渗透率']",T37,T13,5.0,0.5859190502376492,摘要:混合整数；摘要:二阶锥规划；关键词:优化配置,0.346968198198195,0.0708503588403519,0.8977777777777778,T37,A31,A35,5.5,-0.1740697821142671,标题:配电网；摘要:配电网；摘要:配电系统,0.1623330969017356,0.1280729848980916,0.7255555555555555,A34,False,False,False,medium,high,medium
ZH_0096,计及随机性的多分布式电源接入中压配电网承载能力评估,电力系统的源侧和荷侧均具有随机性，影响配电网接入分布式电源的容量分析。为此，提出了一种考虑源荷随机性的中压配电网多分布式电源承载能力评估方法。首先，将分布式电源和负荷出力分解为可预测变量和随机变量，结合序贯蒙特卡洛模拟法，分别模拟时序周期内源荷随机生产模型。其次，在划分供电分区和简化源荷接入位置基础上，以各供电分区可接入分布式电源容量最大为目标，考虑传输容量、电压偏差、短路电流等约束，对配电网承载能力模型进行随机潮流求解。然后，以指标变化量和限值距离为衡量依据，确定多分布式电源有序接入策略，防止局部运行参数不优而导致配电网对分布式电源承载能力受限。最后，将该模型应用在中部某城市的区域配电网中，验证该方法的可行性和有效性。,"['配电网', '分布式电源', '承载能力', '序贯蒙特卡洛', '电压偏差']",T39,T14,4.0,0.6876665203106653,关键词:蒙特卡洛；摘要:蒙特卡洛,0.0622625779388935,-0.23095342635239,0.7822222222222223,T14,A31,A05,15.0,0.7682414100892022,标题:配电网；关键词:配电网；摘要:配电网；标题:分布式电源；关键词:分布式电源；摘要:分布式电源,0.438881041210827,0.3445815006371585,0.98,A31,False,False,False,high,high,high
ZH_0102,基于直升机优化调度的电力系统灾后快速恢复模型,小概率-高风险的极端事件发生频率呈上升趋势，电网安全问题愈发严峻，建立健全应对极端天气和自然灾害的电力应急响应机制迫在眉睫。为确保高电压等级骨干网架的安全运行，充分利用通用航空资源，提出了一种电力系统灾后快速恢复方法。首先针对直升机飞行特性以及航路三维特性，建立了直升机三维航路规划模型，包含最小离地高度约束、最大转弯距离约束和最大俯仰距离约束等。在此基础上建立了基于直升机优化调度的电力系统灾后快速恢复模型，模型以经济损失最小为目标，考虑停电损失和直升机调用成本；约束条件包含直升机维修路径约束、电力系统安全运行约束及故障线路状态耦合约束，考虑了直升机容量约束、航行里程约束使得模型更加贴切实际。算例测试采用改进的IEEE 30节点系统，展示了利用直升机进行灾后恢复的全过程，结果验证了所提模型的有效性。,"['极端事件', '应急响应', '直升机优化调度', '三维航路规划', '灾后快速恢复']",T37,T40,7.5,0.7581946993861217,标题:优化调度；关键词:优化调度；摘要:优化调度,0.4452731472630992,0.272819281329441,0.98,T37,A28,A37,1.0,0.7394211048165964,摘要:自然灾害,0.2715437105550472,0.138722177261404,0.6755555555555555,A28,False,False,False,medium,high,medium
ZH_0110,融合同步发电机动态状态估计的电力系统状态估计,"当电力系统遭受某种较大扰动时，其安全稳定将受到威胁。为实现对整个系统受扰后机电暂态过程的完整跟踪，提出一种新的融合同步发电机动态状态估计(dynamic state estimation of synchronous generator,DSE-SG)的电力系统状态估计(state estimation of power system,SE-PS)，研究该如何将DSE-SG的结果进一步应用于系统侧SE-PS中去，以实现全系统动、静态状态量的统一估计。首先，围绕全电力系统机电暂态DSE的求解方式，论述了完全联立的不可行性、解耦估计的实现条件以及复耦估计的必要性与意义；其次，在梳理DSE-SG与SE-PS概念、数学模型的基础上，厘清了所涉变量、方程组的地位、作用、关系及数据流程，为复耦媒介量的选取及接口方式的确定奠定了理论基础，形成了复耦估计的实现构思；进一步，提出两种不同的接口方式，详细给出其各自具体的实现方法及流程；最后，将所提方法在IEEE9节点系统中予以实现，结果表明该方法可良好跟踪全电力系统机电暂态过程，实现动、静态状态量的统一估计，较未融合DSE-SG结果的传统SE-PS精度更高，滤波效果更显著。","['电力系统状态估计', '同步发电机动态状态估计', '卡尔曼滤波', '机电暂态']",T35,T27,7.5,0.3871363935611678,标题:状态估计；关键词:状态估计；摘要:状态估计,0.4129056676633061,0.365259954008341,0.98,T35,A27,A01,1.0,0.7190202111107871,摘要:数学,0.0511315185097773,-0.0069984920658068,0.6155555555555555,A01,False,False,False,needs_review,high,needs_review
ZH_0111,基于改进MMD-GAN的可再生能源随机场景生成,"针对可再生能源出力不确定性的准确表征问题，提出了一种基于改进的最大均值差异生成对抗网络(maximum mean discrepancy generative adversarial networks, MMD-GAN)的可再生能源随机场景生成方法。首先，阐述了GAN及MMD-GAN的基本原理，提出了MMD-GAN的改进方案，即在MMD-GAN的基础上改进鉴别器损失函数，并采用谱归一化和有界高斯核提升生成器和鉴别器的训练稳定性。然后，设计了基于改进MMD-GAN的可再生能源随机场景生成流程。最后，分析了所提方法在可再生能源随机场景生成中的效果，比较了改进MMD-GAN方法与MMD-GAN方法及典型GAN方法的性能差异。结果表明，改进MMD-GAN方法在生成分布和真实分布的Wasserstein距离上较对比方法降低超过50%，生成的场景精度得到有效提升。","['场景生成', '最大均值差异', '生成对抗网络', '可再生能源', '数据驱动']",T01,T13,8.5,0.6808345252418598,关键词:生成对抗网络；摘要:生成对抗网络；标题:GAN；摘要:GAN,0.3063075532434891,0.32528862567715,0.98,T01,A34,A30,7.5,0.7548957550107145,标题:可再生能源；关键词:可再生能源；摘要:可再生能源,0.3380256870476075,0.2492553929336756,0.98,A34,False,False,False,high,high,high
ZH_0113,储充换一体站协同多综合能源楼宇的低碳经济调度,"储充换一体站(storage-charging-swapping integrated station, SCSIS)与综合能源楼宇(integrated energy buildings,IEB)结合将是未来多能建筑的重要形式之一。针对其协同运行展开研究，提出了一种SCSIS协同多IEB的低碳经济调度方法。首先，构建了SCSIS与多IEB组成的电能共享协同运行架构。其次，基于阶梯型碳交易机制在电能共享模式下建立了多主体协同的低碳经济调度模型。再次，为了最大化主体利益，以纳什谈判理论为依据，采用交替方向乘子法(alternating direction method of multipliers, ADMM)对电能共享价格进行求解。最后，通过算例对所提调度模型的可行性与有效性进行探讨。算例结果表明，通过引入电能共享与阶梯型碳交易机制，使得系统在兼顾经济性的前提下有效降低了碳排放，且证明ADMM对电能共享价格的求解具有较好的收敛性。","['储充换一体站', '综合能源楼宇', '电能共享', '阶梯型碳交易机制', '纳什谈判']",T38,T11,4.0,0.592247675744177,关键词:纳什谈判；摘要:纳什谈判,0.4532465062927969,0.3731976838869787,0.8422222222222222,T38,A44,A09,1.0,-0.012552340201919,摘要:碳排放,0.0373451203777341,-0.0896595728708503,0.4755555555555555,A09,False,False,False,needs_review,high,needs_review
ZH_0114,融合储能的光伏发电系统并网逆变器建模与稳定性分析,以新能源为主体的新型电力系统中，大量电力电子器件接入系统，导致其暂态行为改变且拓扑结构状态变量阶数变高。针对上述问题，基于下垂控制方法建立了融合储能的光伏发电系统并网逆变器模型，采用奇异摄动降阶理论与变量梯度法构建了其李雅普诺夫函数。然后，将构建的李雅普诺夫函数与等面积法则相结合，分析了储能系统的接入对新能源系统功角稳定的影响，同时验证了储能系统对光伏系统出力支撑以及出力波动的抑制能力。最后，基于Matlab仿真结果对融合储能的新能源系统特性进行了分析和验证。,"['光储融合', '并网逆变器', '奇异摄动', '李雅普诺夫函数', '功角稳定']",T49,T14,4.5,0.5880850775911439,摘要:下垂控制；标题:稳定性分析,0.2159019929041858,0.2006076970795993,0.8699999999999999,T49,A35,A38,4.5,-0.3606387666834422,标题:储能；摘要:储能,0.0795650466479143,-0.1558231233691249,0.6699999999999999,A38,False,False,False,medium,high,medium
ZH_0115,基于联盟合作博弈的风电数据定价方法,为发挥风电数据价值并给企业带来额外收益，提出一种基于联盟合作博弈模型的风电数据定价方法。首先，提出一种考虑第三方监管的风电数据交易流程与风电数据定价思路。其次，通过数据交易获取邻近场站数据，使用向量自回归模型提高风电预测精度，从而在电力市场交易中降低不平衡成本，提高风电场整体发电利润，体现所交易数据的整体价值。然后，将数据交易前后产生的超额利润(即使用交易数据后的发电利润增加值)，以联盟合作博弈的方式分配给数据售卖方作为交易数据的定价结果，实现数据价值的定量衡量。最后，考虑风电时空特性通过最大化数据价值确定数据交易对象，实现风电数据的合理定价。算例分析结果表明，所提方法能够提升风电预测精度、增加风场发电利润，并实现风电数据定价的公平性与合理性。,"['电力数据交易', '数据定价', '风电预测', '电力市场', '合作博弈']",T38,T31,8.5,0.8060655172389848,标题:合作博弈；关键词:合作博弈；摘要:合作博弈；摘要:博弈模型,0.6855989597190983,0.614753694564177,0.98,T38,A36,A34,4.0,-0.3191005060927622,关键词:电力市场；摘要:电力市场,0.2744731459187471,0.1207106707659839,0.7022222222222223,A36,False,False,False,medium,high,medium
ZH_0118,基于灵活性资源调节和网络重构的P2P交易的阻塞管理方法,"高渗透率可再生能源接入配电网不仅促进了分布式电源以端对端(peer to peer, P2P)的形式参与市场交易，也对电网的安全稳定运行提出了挑战。针对连续双向拍卖(continuous double auction, CDA)机制下P2P交易所导致的阻塞问题，提出了一种考虑产消者经济性的P2P能量市场和阻塞服务市场相互协调的机制和阻塞管理方法。首先，为实现产消者的合理定责，提出了一种考虑交易时序的阻塞定责方式。然后，考虑到产消者参与P2P能量市场和阻塞服务市场的经济性，建立了考虑两级市场产消者经济性的灵活性资源阻塞服务价格模型。在上述基础上，建立了基于网络重构和灵活性资源调节的P2P交易阻塞管理模型。最后，通过具体算例分析了安全校核结果和阻塞管理结果，并验证了所提阻塞方法的可行性和优越性。","['P2P交易', 'CDA机制', '阻塞服务市场', '网络重构', '阻塞管理']",T37,T11,7.5,0.6413228980415832,标题:网络重构；关键词:网络重构；摘要:网络重构,0.2051359878719968,0.1237349860113082,0.98,T37,A31,A09,2.0,0.3712819919288196,摘要:配电网；摘要:分布式电源,0.2191921294417919,0.0805856566344256,0.731111111111111,A31,False,False,False,medium,high,medium
ZH_0120,综合提升新能源高占比受端电网小干扰和暂态电压稳定性的SVG优化配置方法,"由于新能源发电设备的弱支撑性，新能源高占比的受端电网的电压支撑强度难以满足系统安全稳定运行的要求。为了解决现有静止无功发生器(static var generator, SVG)配置方法未能充分提升系统小干扰电压稳定性和暂态电压稳定性的问题，提出了一种综合考虑系统小干扰电压稳定和暂态电压稳定的SVG优化配置方法。首先，在第一阶段考虑SVG投资运行总成本和系统小干扰电压稳定裕度，在第二阶段引入SVG接入对系统故障后暂态电压稳定裕度的影响。然后，利用基于组合赋权法和相对熵距离的改进理想解法得到最优配置方案。最后，应用PSD-BPA对新能源高占比受端电网算例进行分析，验证了所提配置方法能充分发挥SVG对系统电压稳定的提升作用。","['受端电网', '小干扰电压稳定性', '暂态电压稳定性', '静止无功发生器']",T37,T32,4.5,0.5613895109722784,标题:优化配置；摘要:优化配置,0.0920038811247708,0.0099250783734168,0.8099999999999999,T20,A38,A34,4.5,0.544749841051699,标题:SVG；摘要:SVG,0.1082909298789477,-0.1089297067735779,0.8099999999999999,A34,False,False,False,high,high,high
ZH_0124,聚智引才咨政创新 打造大湾区思想新高地——大湾区科学论坛回顾与展望,高质量发展是全面建设社会主义现代化国家的首要任务，加快构建新发展格局是推动高质量发展的战略基点。当前，粤港澳大湾区正在积极构建具有国际竞争力的现代化产业体系，向着国际一流湾区和世界级城市群的目标不断前行。文章深入探讨了粤港澳大湾区在科技创新发展方面的进展与成就，并分析其面临的问题与挑战。在此基础上，阐述了高水平论坛在促进粤港澳大湾区科技创新发展中的重要作用；并以大湾区科学论坛为实践案例，提出以高水平论坛为平台，为粤港澳大湾区科技创新的蓬勃发展提供参考。,"['粤港澳大湾区', '大湾区科学论坛', '科技创新', '创新驱动发展']",T06,T48,3.5,0.7110134395961747,标题:回顾与展望,-0.0073818519807523,-0.0641897171701808,0.7544444444444445,T48,A40,A39,4.0,0.562254699203363,关键词:科技创新；摘要:科技创新,0.1865732767753737,0.1589621371668787,0.8422222222222222,A40,False,False,False,high,high,high
ZH_0131,离网型制氢系统典型短路故障分析及协同保护,离网型新能源发电制氢系统输电线路很可能因故障而造成系统崩溃，故障的快速检测与切除是保证其正常运行的关键。为实现离网型制氢系统线路全范围故障检测，同时实现后备保护与主保护的协调配合，提出一种以故障瞬时功率差分变化率为主保护、本地功率变化率构成后备保护的协同保护方法。首先，确立离网型制氢系统拓扑结构，建立离网制氢电网模型。其次，利用回路分析法推导短路故障电流、电压，计算故障瞬时功率差分变化率。最后，分析不同故障类型下正负极瞬时功率差分变化率特征。当系统通信正常时，利用其故障瞬时功率差分变化率与阈值进行比较以启动主保护，再利用故障后功率差分变化率构造选极坐标系，实现故障选极。当通信故障时，后备保护快速切除故障，避免故障范围进一步扩大。该协同保护方法具有良好的速动性、选择性和可靠性，且能应对通信故障的情况。,"['离网制氢', '故障检测', '协同保护', '通信故障']",T36,T11,4.0,0.7458823767728227,关键词:故障检测；摘要:故障检测,0.3021521912581848,0.1848741198058762,0.8422222222222222,T36,A34,A37,1.0,0.731521702126863,摘要:新能源发电,0.23592913997769,0.0822978723347357,0.6755555555555555,A34,False,False,False,medium,high,medium
ZH_0135,中国式城乡现代化进程中的县城人口变化格局及其影响因素,考察县城人口变化格局及其影响因素是因地制宜推进以县城为载体的新型城镇化建设、促进城乡融合发展的重要基础。文章构建中国式城乡现代化进程中县城人口变化的“格局—规模—功能—机理”分析框架，探讨中国式城乡现代化进程中县城人口变化与城乡发展的内在逻辑，并综合运用位序规模、专业化指数和梯度提升决策树（GBDT）等分析方法考察了中国县城的人口变动现状并探讨相关影响因素及其异质性。研究发现：(1)县城人口占城镇人口比重不断下降，人口流失县城北多南少，且集中分布在东北地区和省际交界地带；(2)县城人口规模体系呈扁平化，不同主体功能区类型的县城人口变化差异并不显著，其中城市化地区县城、农产品主产区县城的人口增长与距离中心城市远近密切相关；(3)经济发展是影响县城人口变动的关键性因素且影响程度不断提升，基础设施与公共服务的影响变化不大且趋于减弱，政策、区位对县城人口变动的影响相对有限，各因素对不同区域县城人口变动的影响存在明显空间异质性。,"['县城', '人口变化', '人口收缩', '空间格局', '影响因素', '中国式城乡现代化', '梯度提升决策树']",T02,T48,4.0,0.1878634602667144,关键词:决策树；摘要:决策树,0.1175826547560241,0.0561675733336745,0.8422222222222222,T02,A41,A46,2.0,0.3937095613530221,摘要:城镇化；摘要:城乡融合,0.3588047059464951,0.2407825810930155,0.731111111111111,A41,False,False,False,medium,high,medium
ZH_0137,中部农区村域农民专业合作社时空分异及影响因素,农民专业合作社是解决“三农”问题、构建现代农业经营体系的重要抓手。文章基于天眼查网站提供的2007—2020年村级合作社信息，运用探索性时空数据分析及地理探测器等方法，对河南省兰考县414个行政村所有及各类型合作社的时空分异特征及影响因素进行了深入探讨。结果表明：(1)研究期间兰考县所有及各类型合作社的数量呈波动上升趋势；所有合作社的分布整体呈现为东西边缘高、中间低的空间格局，不同类型合作社的空间分布特征存在一定差异。(2)村域所有及各类型合作社的局部空间结构较为稳定；局部空间依赖方向的稳定性排序为养殖型>所有>种植型>农业服务型；局部空间关联格局表现出较强的路径锁定特征。(3)不同类型合作社空间分异的主导因子存在一定差异，但任意两个因子交互后对合作社空间分异的解释力均有所增强。其中资源禀赋是影响种植型和养殖型合作社分布的基础因素，地理区位是影响农业服务型合作社分布的核心驱动因素，社会经济基础是影响所有合作社分布的重要因素。,"['农民专业合作社', '资源禀赋', '地理区位', '社会经济基础', '村域', '种植型', '养殖型', '农业服务型']",T48,T43,3.0,0.7476170744015622,摘要:空间格局；摘要:空间分异；摘要:地理探测器,0.2618670947249517,0.1972648171540159,0.7866666666666666,T48,A42,A26,4.0,0.7156437532859796,关键词:农业；摘要:农业,0.058929615397448,-0.0311160479572876,0.7822222222222223,A26,False,False,False,medium,high,medium
ZH_0141,演化经济地理学的“需求转向”研究进展与展望,近年来，需求侧视角的引入使演化经济地理学形成了“需求转向”的趋势。文章梳理和总结了需求侧视角下演化经济地理学研究的理论基础、实证进展，并结合研究的局限性及中国当下的经济建设要求提出了对未来研究议题的展望。研究认为：面向需求侧的演化经济地理学研究重点探讨了市场的演化，以及需求对区域产业演化路径、产业集群演化和区域经济韧性的影响等主要议题，但忽视了除出口市场外的其他市场的演化规律、需求对区域经济复杂度的驱动力、需求侧的微观机制以及宏观国家尺度的需求侧研究。从现有研究的局限性和中国经济建设的实际要求出发，未来研究应重视探究需求对经济复杂度的塑造作用、基于演化视角的市场分割形成机制和内需对外需冲击的抵御作用。,"['演化经济地理学', '需求侧视角', '供给与需求', '经济复杂度', '区域经济韧性', '研究展望']",T06,T46,3.5,0.5058300645635535,标题:研究进展,0.0376918888896895,-0.0603974980154339,0.7544444444444445,T46,A39,A43,4.0,0.5457763865911006,关键词:区域经济；摘要:区域经济,0.1185377010760678,0.0412599042221479,0.7822222222222223,A30,False,False,False,medium,high,medium
ZH_0143,国土空间生态韧性研究进展与前沿分析,构建韧性国土空间是提高区域生态风险治理的新思路，如何从吸收、恢复或转换能力等方面提升国土空间生态韧性，是国土空间生态风险治理亟需解决的关键问题。文章在梳理国土空间生态韧性的概念内涵和评价方法的基础上，对国土空间生态韧性的理论框架、测度模型以及研究需求等方面进行了总结。研究发现不同学科对国土空间生态韧性研究上各有侧重，其中地理科学侧重于区域尺度的生态韧性研究，强调与社会—自然耦合，而生态学则更注重生态系统本身稳态变化的评估。国内研究侧重于抵抗力、恢复力和适应性3个维度衡量生态韧性，而国外研究则更加注重从韧性角度来研究城市建设和防灾减灾问题。基于此提出了3个国土空间生态韧性的重点研究方向：以机理解析为支撑，实现生态韧性的动态测度的新突破；以社会—自然过程耦合为引领，推动多要素、多层次、多目标的机制研究；以生态修复为导向，加强多学科融合和探索国土空间生态韧性应用模式，以期为实现人与自然和谐共生的现代化提供新的途径。,"['国土空间演化', '生态韧性', '生态修复', '社会—自然过程耦合', '机理解析', '人与自然和谐共生', '研究进展']",T06,T45,6.5,0.3315189023208239,标题:研究进展；关键词:研究进展,-0.0276724674755352,-0.0056342141919167,0.9211111111111112,T46,A51,A28,7.5,0.7449745123231849,标题:国土空间；关键词:国土空间；摘要:国土空间,0.4484487205994449,0.1783893737370349,0.98,A51,False,False,False,high,high,high
ZH_0144,交通基础设施建设对城乡收入差距的影响及其空间效应,文章基于2010—2021年中国30个省域的面板数据，运用空间杜宾模型检验了交通基础设施对城乡收入差距的直接效应和空间溢出效应，并利用中介效应模型进一步揭示了交通基础设施通过产业结构升级对城乡收入差距的作用路径。结果表明：(1)交通基础设施水平逐年上升，城乡收入差距逐年缩小，且二者均具有正向的空间相关性；(2)交通基础设施对城乡收入差距有着显著的影响，其直接效应、间接效应和总效应均显著为负，说明交通基础设施可以推动城乡收入差距的缩小，并对周边地区产生明显的空间溢出效应；(3)产业结构升级在交通基础设施对城乡收入差距的影响中存在部分中介效应，其中介效应占比为38.27%，说明交通基础设施可以通过提升产业结构水平起到缩小城乡收入差距的作用。研究认为，要充分发挥交通基础设施对城乡收入差距的缩小效应，不仅需要推动产业结构升级，同时也需要加强相邻地区间的协同合作。,"['交通基础设施', '城乡收入差距', '空间杜宾模型', '空间溢出效应', '中介效应模型']",T42,T47,5.0,0.7510738683499275,摘要:面板数据；关键词:空间杜宾模型；摘要:空间杜宾模型,0.2903673451474193,0.2219562024994824,0.8977777777777778,T42,A43,A46,1.0,-0.7163957553363308,摘要:产业结构,0.1173045660772931,-0.3171125381166487,0.4755555555555555,A18,False,False,False,needs_review,high,needs_review
ZH_0146,数字经济驱动城市产业结构升级的时空演变,数字经济是中国经济高质量发展的新动能，将为城市产业结构升级带来机遇。文章基于2004—2021年中国304个地级及以上城市样本数据，采用标准差椭圆模型、重心迁移模型等刻画了数字经济发展与城市产业结构升级的时空演变特征，并使用固定效应和空间计量模型对数字经济驱动城市产业结构升级的影响效应进行了实证研究。结果表明：(1)中国数字经济发展和城市产业结构升级成果显著，二者空间依赖与集聚特征鲜明，在环渤海、长三角、珠三角、成渝城市群等地区形成了高值空间集聚区。(2)数字经济驱动城市产业结构升级存在明显的区域异质性，对位于东部或长江经济带地区、经济发展水平更高、产业结构基础更优的城市而言，数字经济促进其产业结构升级的积极效应更显著。(3)数字经济不仅能促进本城市产业结构升级，还对周边城市产业结构升级产生较强的空间溢出效应。,"['数字经济', '产业结构升级', '产业结构合理化', '产业结构高度化', '空间集聚', '空间计量模型']",T42,T44,5.0,0.5812286170692791,摘要:固定效应；关键词:计量模型；摘要:计量模型,0.1631895342586339,0.0373472647805648,0.8977777777777778,T42,A40,A43,7.5,0.0101042730543416,标题:数字经济；关键词:数字经济；摘要:数字经济,0.3155943936670727,0.0721733789595838,0.8711147003597759,A40,False,False,False,high,high,high
ZH_0148,多维邻近下中国绿色创新网络空间结构特征及机制识别,文章基于2006—2021年中国城市的绿色发明专利合作申请数据构建绿色创新网络，剖析绿色创新网络结构特征，通过地理探测器揭示绿色创新合作的城市驱动因素，并利用断点回归评估区域协同战略的绿色创新合作促进效应。结果表明：(1)中国合作申请的绿色发明专利和参与合作的城市数逐年上升，呈现典型的集聚特征与社区分布趋势。城市角色和联系路线具有明显的等级性和地理区位性，北京、南京、上海等省会城市和中心城市具有较强的影响力，这些城市间的关联搭建了绿色创新网络骨架，并主导形成了六大绿色创新社区；(2)中国城市绿色创新网络的形成是双边城市属性、多维邻近性和网络效应等因子协同交互后增强的产物，网络效应的影响最强，城市间环境、技术邻近性也起着重要作用；(3)区域重大协同战略是形成现有城市绿色创新网络的重要外部力量，粤港澳大湾区建设、长三角一体化和京津冀协同发展等战略显著促进了区域内城市间的绿色创新合作。此外，文章还为进一步优化和完善城市绿色创新网络、促进高质量发展和中国式现代化建设提供了经验证据和政策启示。,"['绿色创新网络', '多维邻近', '社会网络分析', '创新社区', '城市角色', '区域协同战略']",T43,T48,18.0,0.750406645610824,关键词:社会网络分析；标题:创新网络；关键词:创新网络；摘要:创新网络；标题:多维邻近；关键词:多维邻近；摘要:多维邻近,0.5666258942302015,0.5029046115058864,0.98,T43,A40,A39,7.5,0.5369014354324466,标题:创新网络；关键词:创新网络；摘要:创新网络,0.3057422652491312,0.0635816816603324,0.98,A40,False,False,False,high,high,high
ZH_0150,廊道旅游地空间网络结构及其形成机制,作为一种线型空间，廊道旅游地资源类型丰富，且在空间分布上呈现出独特性。文章以岭南民族特色高质量发展廊道为例，综合运用模体分析和指数随机图模型，识别了廊道旅游地的空间网络结构及其形成机制。研究发现：(1)廊道旅游地的空间网络呈现出分散式“核心—边缘”结构，核心节点之间更容易建立联系，以带动边缘节点、实现整体发展；(2)廊道旅游地空间网络内部存在差异性的子结构，且各子结构之间联系越紧密，越能够发挥“串点成线”的联动作用；(3)廊道旅游地空间网络存在互惠发展、间接联通和三角传递的演化模式，网络基础单元的自组织机制是廊道空间网络的内部涌现机制；(4)廊道旅游地空间网络的形成是“内生网络结构—行动者属性—外部空间特征”共同影响的结果。,"['廊道旅游地', '空间网络结构', '模体分析', '民族文化', '资源等级', '乡村振兴', '岭南文旅廊道']",T46,T43,4.5,0.7189010635306203,标题:形成机制；摘要:形成机制,0.2603505113092936,-0.0078495462098545,0.8099999999999999,T43,A42,A45,3.0,-0.4124864026718859,关键词:乡村振兴,0.2264528852543656,0.1393828380579573,0.6466666666666667,A42,False,False,False,needs_review,high,needs_review
ZH_0152,传统村落农户活性分异及其影响因素——以浙江省长濂村为例,随着乡村振兴战略的深入实施，乡村内生活力的提升及传统建筑活化利用逐渐成为乡村振兴的着力点和学界关注的重点。文章基于村落有机体理论与熵增定律，将村落中农户（细胞）作为研究对象，以“用电量”这一指标来表征农户活性，系统分析了传统村落农户活性的空间分异特征，并利用地理探测器揭示了影响农户活性的主要因素。结果表明：(1)村落空间发展方向受到交通要道的牵引，高活性的农户大多分布在村落外围。(2)活性分区特征明显，区与区之间存在农户活性的“塌陷区”；活性塌陷区与传统建筑高度耦合，说明传统建筑的活化利用率仍不高；村落存在“活性孤峰”景观，说明村落社会阶层分化明显；宗祠活性的缺失，标志着血缘村落结构正在瓦解，宗祠“睦族”功能降低，纽带功能衰退。(3)多代同居模式已经丧失，取而代之的是核心小家庭的居住模式；活性两级（高活性、低活性）农户呈集聚分布，中间活性农户呈分散分布。(4)经济因素是农户活性的主导因素，其他要素则间接影响农户活性。同时，从村落熵减视角出发，提出保障能量供给、提升开放度、加强数字乡村建设等是促进乡村发展的有效途径。,"['乡村振兴', '村落有机体', '细胞活性', '农户', '空间分异', '数字乡村']",T48,T13,5.0,0.6003245000000514,关键词:空间分异；摘要:空间分异；摘要:地理探测器,0.2221671413914676,0.173746428571796,0.8977777777777778,T48,A42,A39,11.5,0.7174777140507158,关键词:乡村振兴；摘要:乡村振兴；标题:农户；关键词:农户；摘要:农户,0.5365801276668868,0.4291886407349271,0.98,A42,False,False,False,high,high,high
ZH_0154,建设用地配置与城市经济韧性的动态演进及空间耦合特征,建设用地的配置牵引着人力、资本和产业的时空聚集，对于培塑城市经济韧性和推进城市经济高质量发展至关重要。文章基于2012—2021年中国254个城市的面板数据，利用耦合协调度模型与敏感性指标法，系统分析了建设用地配置总量及其结构与城市经济韧性的时空耦合协调关系。研究发现：(1)中国建设用地配置水平和城市经济韧性呈现上升趋势，空间上表现出“东高西低”的分布特征；(2)不同建设用地类型的耦合协调度存在显著分化，其中商业、物流仓储、居住以及绿地与广场用地与城市经济韧性的耦合协调度持续提升，而公共服务和公用设施用地与之耦合协调度则呈下降趋势；(3)东部地区的长三角和珠三角地区呈现出高耦合协调度集聚效应，中西部地区以重庆为核心形成辐射带动格局，而东北地区则面临低位徘徊的挑战。基于研究结论，提出优化区域用地配置、提升土地配置效率与精准性、加强城市更新与基础设施建设等建议，以促进中国区域经济的高质量发展和城市经济韧性的提升。,"['建设用地配置', '城市经济韧性', '耦合协调度', '空间演化', '高质量发展']",T44,T42,4.0,0.6036768187442206,关键词:耦合协调度；摘要:耦合协调度,0.5739519204623608,0.4548344196015762,0.8422222222222222,T44,A39,A46,3.0,0.2537262333792921,摘要:区域经济；摘要:长三角；摘要:珠三角,0.1790312787832812,0.0980445241378007,0.7866666666666666,A39,False,False,False,medium,high,medium
ZH_0155,中国减污降碳与扩绿增长耦合协调度的时空特征及其驱动因素,文章基于2011—2022年中国31个省份的面板数据，在构建减污降碳协同水平和扩绿增长指数评价指标体系的基础上，运用博弈论组合赋权法、耦合协调度模型、多尺度地理加权回归模型等方法，考察了中国减污降碳与扩绿增长耦合协调度的时空演化特征及驱动因素。结果表明：(1)研究期内中国减污降碳与扩绿增长耦合协调度总体呈现上升趋势，由轻度失调阶段上升至勉强协调阶段；空间分布从高到低依次为东部地区、中部地区、东北地区、西部地区，其中东部地区领先优势明显且逐渐扩大。(2)中国各省份减污降碳与扩绿增长耦合协调水平在空间上存在固化和动态变化特征，少数省份始终处于同一耦合协调阶段，多数省份上升至勉强协调及以上阶段。(3)从驱动因素看，能源消费结构对东北地区和京津冀地区耦合协调度的驱动作用较大，环境规制强度对华北地区耦合协调度的驱动作用较大，交通运输结构对东部沿海地区耦合协调度的驱动效应较大，人口密度对华中地区和华南地区耦合协调度的驱动效应较大，而能源利用效率的正向作用基本覆盖全部样本省份。,"['减污降碳', '扩绿增长', '耦合协调', '时空演化特征', '驱动因素', '多尺度地理加权回归模型']",T44,T42,8.5,0.6884355613452566,标题:耦合协调度；摘要:耦合协调度；关键词:时空演化；摘要:时空演化,0.4961312766012076,0.3795817407014127,0.98,T44,A46,A39,1.0,0.0015654613169994,摘要:交通,-0.0121047113809251,0.0111818665499954,0.4772775630042549,A09,False,False,False,needs_review,high,needs_review
ZH_0158,海运服务贸易网络结构演变与各国角色识别,海运服务是实现贸易流通和经济全球化的纽带，准确辨析世界各国在海运服务贸易中的实际地位，对促进贸易良性循环和海运业稳定发展，量化识别海运服务贸易的格局及特征具有现实意义。文章利用社会网络方法，探究了全球海运服务贸易网络的拓扑特征和演化规律。研究发现：(1)从网络结构特征演变看，样本期内网络密度由0.143增长到0.241，海运服务贸易网络趋于复杂化稠密化，具有核心边缘层级结构、小世界性和极化特征，而无标度性不明显；度和强度的Pearson相关系数分别在-0.4780～-0.3930及-0.0206～-0.0155之间，海运服务贸易网络是典型异配网络；GCX、F8X、FKX 3种模体在各年出现频次均较高，出口结构和互惠结构是海运服务贸易的重要模式，高度集中化贸易模式则并不突出。(2)从各国网络地位和承担角色看，美国、德国、日本等核心国家在网络中具有绝对引领作用，南亚为贸易低值集聚区，空间上呈现以欧洲、亚洲、北美为主导的格局；中国、印度的节点度中心性逐渐提高，新兴经济体网络地位明显增强；新加坡是海运服务贸易枢纽中心，德国和美国是海运服务贸易的重要输出国，日本、英国和泰国倾向于承担进口发起国角色，中国作为核心国和中间节点起着重要的传输作用。,"['海运服务贸易', '社会网络分析', '出口结构', '网络模体', '层级结构', '贸易匹配']",T43,T01,4.0,0.8117817855045065,关键词:社会网络分析；摘要:中心性,0.7489699671413134,0.655584182175047,0.8422222222222222,T43,A50,A09,11.5,0.7300591272815996,标题:贸易；关键词:贸易；摘要:贸易；关键词:出口；摘要:出口,0.1569881893110383,0.0718509091542831,0.98,A50,False,False,False,high,high,high
ZH_0159,被低估的边缘：边缘区域创新研究综述,经济地理空间的不均衡分布和集聚是常态，核心区域的集聚优势使得核心区创新研究成为主流，边缘区域创新则往往被忽视和低估。然而，近年来，边缘区域创新活动日益频繁，引起学术界关注并对其进行解释。现有研究从多学科视角对边缘区域创新进行探讨，但对其概念界定、路径探讨等尚未形成统一理解，且未形成系统性文献梳理和机制解释。文章在对边缘区域创新进行文献分析的基础上，梳理了“边缘区域”内涵，界定了“边缘区域创新”行为，并创造性地构建了理解边缘区域创新途径的“内部、外部和系统创新”分析框架；同时指出边缘区域创新需要区域能动性、外部环境和区域能力的协调匹配，在挖掘自身需求和潜力、发挥能动性获得内部创新时，也需要建立外部联系获得外部创新和嵌入系统，才能实现多尺度系统创新。,"['创新', '边缘区域', '创新路径', '分析框架', '系统创新', '区域创新体系', '中国']",T06,T05,3.5,0.7371965648420911,标题:综述,0.277980959535857,0.1228326060149358,0.8144444444444445,T06,A30,A40,0.0,0.0013583743526686,,0.1823164189462957,0.009702673947633,0.4814942117879355,A30,False,False,False,needs_review,high,needs_review
ZH_0166,借用规模视角下中国城市收缩时空特征及其空间溢出效应,近年来中国城市收缩现象日益突出，客观准确识别城市收缩现象并探究其影响因素，对于新型城镇化建设具有重要意义。文章以2011—2018年中国286个地级及以上城市为研究对象，通过构建城市收缩指数测度指标体系，从功能规模借用和绩效规模借用的视角，对城市面板数据采用双固定效应模型、空间杜宾模型和面板门限模型等方法，实证检验了城市收缩的影响因素。研究发现：(1)中国城市在时间维度和空间维度上都出现增长与收缩并存现象，不同类型收缩城市数量、收缩程度和区域分布都存在显著差异。(2)功能规模借用和绩效规模借用2种效应在城市群和非城市群中均表现出异质性，并存在“空间溢出效应”现象。功能层面以规模借用形式存在，在全国范围内效应都显著；绩效层面则以集聚阴影形式存在，在非城市群中效应不显著。(3)借用规模因城市规模不同对城市收缩呈现非线性影响，功能规模借用水平表现为大城市>小城市>中型城市，而在绩效层面中小城市表现为集聚阴影，大城市则表现为绩效规模借用。,"['城市收缩', '借用规模', '城市群', '功能规模借用', '绩效规模借用', '集聚阴影']",T42,T41,3.0,0.5195824152270274,摘要:面板数据；摘要:固定效应；摘要:空间杜宾模型,0.3449627280611032,0.2827315373359106,0.7866666666666666,T42,A41,A39,1.0,-0.5434276283636408,摘要:城镇化,0.1739820582842514,-0.0244830597402911,0.4755555555555555,A39,False,False,False,needs_review,high,needs_review
ZH_0174,低碳转型下煤电多路径改造与新能源组合决策方法,"煤电与新能源协同发展是我国能源电力行业低碳转型的重要路径。为实现煤电升级改造与新能源配储的路径优化，该文提出一套煤电与新能源组合优化决策方法。首先，构建了考虑多时间尺度电力电量平衡和安全性的组合优化模型，并通过模型解耦求解实现多类型资源在不同时间尺度的配合，从而给出煤电灵活性改造、碳捕集与封存(carbon capture and storage,CCS)改造、退役及长-短期储能的协同配置的组合方案；在此基础上，构建了综合考虑经济-安全-环境的评价指标，建立了能够反映指标间关联关系的DEMATEL(decision-making trial and evaluation laboratory)-CRITIC(criteria importance though intercriteria correlation)-TOPSIS(technique for order preference by similarity to ideal solution)综合评价方法，实现对不同组合方案的优选。最后，对我国省级电力系统进行分析，结果表明，所提方法能给出不同类型资源的组合方案，并实现方案的优选。综合来看，煤电灵活性及CCS改造配合长短期储能为最优的组合方案，在保证多时间尺度电量充裕性均衡的前提下，能降低系统碳排放和低碳转型成本、提升新能源消纳水平。","['低碳转型', '煤电改造', '多时间尺度储能', '组合决策', '综合评价']",T41,T05,5.0,0.7430363793500323,关键词:综合评价；摘要:综合评价；摘要:TOPSIS,0.3980677185077976,0.1645455667859459,0.8977777777777778,T41,A35,A44,4.0,-0.4055932733019097,关键词:储能；摘要:储能,0.0269442166648658,-0.1744057336691029,0.6422222222222222,A44,False,False,False,needs_review,high,needs_review
ZH_0178,基于多尺度卷积融合时间序列Transformer的复合电能质量扰动识别,"随着光伏、风电等新能源占比不断增加，以及大量新型电力电子设备等非线性负载接入电网，电力系统中的电能质量扰动事件(power quality disturbances,PQDs)频发。为了提高复合电能质量扰动识别准确率，该文提出一种多尺度卷积融合时间序列Transformer模型(multi-scale convolution fusion time series transformer,MCF-TST)。首先，使用3个不同尺度的卷积核对输入的原始电能质量扰动一维时序信号进行多通道卷积操作，初步提取扰动信号在不同时间尺度的多维特征；然后经过时间序列Transformer中的多头注意力机制提取扰动信号更加深层次的暂态局部特征和周期性全局特征；最后通过全连接层和softmax分类器输出识别结果。仿真和硬件实验结果表明，该文所提模型能够在保留信号的原始一维时序特征的同时提取更高维度的深层特征，对多种复合电能质量扰动识别准确率高，具有良好的抗噪能力和泛化性能。","['电能质量扰动', '多尺度卷积', '多头注意力机制', '扰动识别']",T01,T02,8.5,0.7196136575466915,标题:Transformer；摘要:Transformer；关键词:多头注意力；摘要:多头注意力,0.6755432278143029,0.6022824278545192,0.98,T01,A34,A38,2.0,0.7181087534024055,摘要:光伏；摘要:风电,0.0708335723897275,-0.0135089042685316,0.6711111111111111,A38,False,False,False,medium,high,medium
ZH_0181,附加储能的直驱型风电机组的构网型控制与小信号稳定性分析,为使风电具备常规电源的惯量支撑、一次调频功能，面向直流侧附加储能的直驱型风电机组，提出一种构网型控制架构。然后，根据“频域模态分析法”，给出计及机侧、网侧以及储能变换器动态交互作用的小信号稳定裕度量化方法。在此基础上，采用“复功率系数法”揭示动态交互机理，对比依靠风轮动能、电池储能2种惯量支撑方式对机组稳定性的影响规律。研究结果表明，储能变换器的下垂控制不仅可实现一次调频，还能够引入正阻尼、增强风电机组的小信号稳定性；利用风轮动能提供惯量支撑会引入负阻尼，而依靠储能实现惯量支撑可以引入正阻尼。最后，为进一步增强附加储能的构网型风电机组的稳定性，提出一种主动阻尼控制策略。搭建了基于PSCAD/EMTDC的仿真模型，验证了所提控制方法的可行性以及理论分析的正确性。,"['直驱型风电机组', '构网型控制', '交互稳定性', '储能', '一次调频']",T49,T14,6.5,0.5679144721340251,摘要:控制策略；摘要:下垂控制；标题:稳定性分析；摘要:阻尼控制,0.4903385359838012,0.4960923833749047,0.98,T49,A35,A38,7.5,-0.1174241177596364,标题:储能；关键词:储能；摘要:储能,0.0715133223560327,-0.233701681476394,0.8,A38,False,False,False,high,high,high
ZH_0182,基于有限混合模型的规模化电动汽车充电负荷在线预测方法,"在“双碳”目标下，规模化电动汽车接入将对配电网产生较大影响，准确预测电动汽车充电负荷是调控的基础。针对目前充电负荷预测方法中充电行为描述较为主观、精度较差，且缺乏对实时测量数据的利用等问题，提出了一种基于有限混合模型(finite mixture model,FMM)的规模化电动汽车充电负荷在线预测方法，FMM是将有限多个随机分布加权混合的统计学方法。该文从影响充电负荷的关键随机分布出发，提出使用FMM描述车辆起始充电时间随机分布，建立了规模化电动汽车充电负荷概率模型。在此基础上，提出了基于实测数据驱动的电动汽车负荷在线预测方法，该方法采用两阶段式算法对不同类型日的负荷模型参数进行辨识，并以时间驱动的方式在线更新负荷模型参数进而实现电动汽车充电负荷预测。最后，以某充电运营商的实测充电数据为例，持续辨识了运营区域内的充电负荷模型参数，并基于所辨识模型预测了该区域电动汽车充电负荷，通过分析模型参数辨识效果和充电负荷预测结果，验证了所提预测方法的有效性和可行性。","['电动汽车', '负荷预测', '数据驱动', '有限混合模型', '在线辨识']",T35,T26,4.0,0.7218670836999184,关键词:负荷预测；摘要:负荷预测,0.1606969348153062,0.0133363121422741,0.8422222222222222,T35,A31,A35,1.0,-0.6908711551405201,摘要:配电网,0.0285056364665868,-0.477651108146572,0.4755555555555555,A35,False,False,False,needs_review,high,needs_review
ZH_0184,表后光伏发电辨识方法综述,"由于大量分布式光伏发电系统安装在表后(behind-the-meter,BTM)，只测量净负荷数据，电力系统运行人员无法获得光伏发电信息和负荷信息，造成配电系统出现规划和调度困难等问题。随着分布式光伏渗透率逐渐升高，研究表后光伏发电辨识方法对电力系统的运行规划愈发重要。综述了表后光伏发电辨识方法的研究成果。首先介绍表后光伏发电辨识方法的3个主要方向的研究现状，包括光伏发电系统存在性检测、容量估计以及输出功率辨识；然后从光伏功率预测、净负荷预测、需求响应基线负荷估计、停电恢复方案4个方面介绍了表后光伏发电辨识方法的应用；最后讨论了未来的发展方向。","['表后', '光伏发电系统', '存在性检测', '容量估计', '输出功率辨识']",T06,T35,4.5,0.3784328240691939,标题:综述；摘要:综述,0.1660369913151681,-0.1540512566486154,0.8099999999999999,T35,A31,A34,1.0,-0.6342956782053698,摘要:配电系统,0.1006618210224533,-0.0735405586097845,0.4755555555555555,A34,False,False,False,needs_review,high,needs_review
ZH_0185,一种多虚拟同步机并联系统虚拟动态互阻尼控制方法,"在个多分布式源构成的微电网系统中，常采用虚拟同步机(virtual synchronous generator,VSG)技术来模拟同步电机特性以提供惯量支撑。但由于各VSG惯量、阻尼、阻为此，提出了一种虚拟动态互阻尼控制方法，通过在各VSG中引入附加互阻尼转矩，动态调节VSG虚拟转矩，缩小各VSG虚拟转矩和角速度的差距，从而抑制系统暂态过程中的功率振荡问题。同时，建立了多虚拟同步机的并联模型，分析了系统有功功率振荡机理，利用李亚普诺夫定理分析了所提控制下的系统稳定性，并设计了虚拟互阻尼参数。最后在基于RT-LAB的硬件在环仿真平台中验证了所提控制方法的正确性和有效性。","['功率振荡', '动态互阻尼', '虚拟阻尼', '虚拟惯性', '虚拟同步机']",T49,T47,12.0,0.7126792575192588,标题:虚拟同步机；关键词:虚拟同步机；摘要:虚拟同步机；标题:阻尼控制；摘要:阻尼控制,0.4694290141361316,0.3762804108518485,0.98,T49,A33,A38,1.0,-0.660706071994122,摘要:微电网,0.0680572830324135,-0.2621862285294427,0.4755555555555555,A38,False,False,False,needs_review,high,needs_review
ZH_0186,大语言模型在电力系统中的应用初探,大语言模型在电力系统中的应用研究正在广泛深入地开展。该文初步探讨了大语言模型在电力系统中的应用，分析了其在提示工程、多模态处理、模型微调等方面的技术优势和实践价值。通过实验验证了大语言模型在电力系统辅助运行中的潜力和能力，并分析了其在不同任务中的表现。研究结果表明，大语言模型结合提示词框架设计和模型微调，可以解决电力系统中如功率预测、最优潮流计算和专业知识问答等问题，给为电气工程师利用大语言模型解决实际问题提供了参考，也为未来更广泛的应用探索提供了良好基础。,"['大语言模型', '电力系统', '提示词工程', '微调', '功率预测', '最优潮流']",T35,T40,4.0,0.5308055048132597,关键词:功率预测；摘要:功率预测,0.3193667755923564,-0.0656749656195733,0.7822222222222223,T40,A30,A09,0.0,0.0134795576119918,,0.1341950760308798,0.0962825543713703,0.494827513373191,A30,False,False,False,needs_review,high,needs_review
ZH_0187,基于稳态信息和条件分布自适应的风电场阻抗智能辨识和稳定性评估,大规模风电集中并网系统存在潜在的小干扰稳定风险。基于稳态运行数据的在线稳定性评估技术可为振荡预警提供关键支撑。针对风电场稳定性评估需求，基于数据驱动的阻抗稳定评估方法被提出。然而，这类方法需大量数据训练模型，难以应用于实测数据较少的场景。为此，提出一种基于稳态信息和条件分布自适应的风电场阻抗智能辨识和稳定性评估方法。该方法基于稳态数据结合状态估计评估风电场稳定性，避免了直接量测法判断稳定性的滞后问题，并降低了噪声影响。为缓解数据驱动方法所需大量数据与实测量测数据不足的矛盾，应用条件分布自适应方法，结合大量仿真数据和少量实测数据，构建了风机阻抗辨识模型。并利用状态估计得到的相角构建了风电场阻抗模型并实现了在线评估，在不明显降低精度的情况下量测成本。最后，以25机风电场并网系统为例，验证了所提方法的正确性。,"['在线稳定性评估', '阻抗法', '人工神经网络', '条件分布自适应', '状态估计']",T35,T21,4.0,0.7682599210281791,关键词:状态估计；摘要:状态估计,0.5327290786181144,0.3447137216298505,0.8422222222222222,T35,A34,A26,4.5,0.7238089928871098,标题:风电；摘要:风电,0.1359886777382314,0.0272070920507836,0.8699999999999999,A34,False,False,False,high,high,high
ZH_0189,基于Transformer与单分类支持向量机的窃电时间识别方法,"窃电量的追回是窃电检测的最终目的，准确的窃电时间识别是进行窃电量精确估算的重要依据。然而，现有窃电检测方法侧重于识别窃电行为，对窃电时间缺乏深入分析，亟需研究基于窃电用户自身计量数据的窃电时间识别模型，为窃电量的估算提供依据。针对窃电时间识别问题，提出一种基于Transformer与单分类支持向量机(one-classsupport vector machine,OCSVM)的半监督窃电数据分类方法。首先，对用户负荷数据按日进行切割，将窃电时间识别问题转化为窃电日负荷数据判别问题；然后，使用Transformer作为重构模型学习用户的正常用电模式与规律，以重构出基于用户日负荷数据的重构值；最后，将构造重构误差曲线作为OCSVM的输入，构造正常用电行为的决策边界，进而判别出窃电数据，以实现窃电时间识别。根据南方某省智能电表用户数据进行算例分析，验证了该方法的可行性和有效性，实验结果表明该方法具有较好的灵敏性和鲁棒性。","['窃电', '窃电时间识别', '半监督学习', '单分类支持向量机']",T02,T01,7.5,0.2439307268366944,标题:支持向量机；关键词:支持向量机；摘要:支持向量机,0.2821343212092349,-0.3147805225950396,0.94,T01,A09,A48,1.0,0.738332221900297,摘要:CT,0.1872860801689881,0.1309444421449788,0.6755555555555555,A09,False,False,False,medium,high,medium
ZH_0191,基于非线性系统辨识的长距离直流输电线路色散补偿及故障定位方法,对于长距离高压直流输电线路，当故障行波到线路两端传输距离相差较大时，传输色散会导致较大行波波峰平滑及偏移，产生了额外的初始行波时刻误差，降低故障定位的精度。针对以上问题，提出一种基于非线性系统辨识的直流线路色散补偿及定位方法。基于实际故障数据及短路试验数据得到全线路及分段线路响应，利用自适应Volterra滤波器实现对线路传输特性的辨识，以反卷积反演方式恢复信号波形，使得两端信号的波峰非线性偏移趋于一致，实现传输色散的补偿，从而提高直流线路故障定位精度。该文通过仿真及实际数据对该方法进行了验证。,"['高压直流输电', '行波定位', '系统辨识', '色散补偿']",T36,T27,4.5,0.5765933486113348,标题:故障定位；摘要:故障定位,0.23021479877056,0.118523918652391,0.8699999999999999,T36,A32,A37,4.0,0.7394869112216306,关键词:高压直流；摘要:高压直流,0.3421988469543323,0.1391922230116475,0.8422222222222222,A32,False,False,False,high,high,high
ZH_0199,针对非平稳信号和高频噪声的自适应噪声完整集成经验模态分解-双向长短期记忆风功率预测模型,"提出了一种基于改进的自适应噪声完整集成经验模态分解(complete ensemble empirical mode decomposition with adaptive noise,CEEMDAN)和双向长短期记忆神经网络(bidirectional long short-term memory,BiLSTM)的组合预测模型，以提高风电功率预测的准确性和鲁棒性。当前风电功率预测面临非平稳信号和高频噪声的问题，影响了预测的准确性。针对这一问题，通过CEEMDAN分解，将复杂的非平稳信号分解为多个固有模态函数分量(intrinsic mode function,IMF)，在此基础上创新性地通过平均波动幅度(average fluctuation range,AFR)计算IMF的平均波动幅度进行高低频划分，应用经验小波变换(empirical wavelet transform,EWT)对高频分量进行滤波，显著降低信号中的高频噪声，提高数据准确性。随后，分别对高频和低频分量建立Bi-LSTM模型，选取最优参数进行训练和预测，将各分量的预测结果叠加得到最终的风电功率预测值。模型经过不同季节和数据集的验证，展示了其在风电功率预测中的通用性和鲁棒性。研究证明，结合CEEMDAN分解、AFR划分和EWT滤波，通过有效的噪声抑制和数据分解，能够显著提升风电功率预测的准确性和稳定性，弥补了传统方法在处理非平稳信号和高频噪声方面的不足。","['风电功率预测', '双向长短期记忆神经网络', '完全集成经验模态分解', '经验小波变换', '深度学习']",T35,T01,7.5,0.2326206198636271,标题:功率预测；关键词:功率预测；摘要:功率预测,0.2853129343010711,-0.0527098581169488,0.94,T01,A34,A09,4.0,0.5480713261283576,关键词:风电；摘要:风电,0.0546117271216977,0.057652329488269,0.7822222222222223,A16,False,False,False,medium,high,medium
ZH_0201,基于改进反距离加权的山东风资源高分辨率网格化数据集生成方法,"风力发电在我国能源结构中占比逐年攀升。对风能资源进行准确全面的评估是提升风电出力水平和消纳能力的先决条件。基于空间插值方法建立的高分辨率网格化风资源数据集，可对风资源进行大范围、格点化和精细化的有效评估。为提高风资源数据集的准确性，文章提出了一种基于K-means++自适应的改进反距离加权插值方法(K-means++ adaptive inverse distance weighted interpolation method,K-means++AIDW)。使用该方法对山东地区2022年全年109个国家级气象观测站点的风速实测数据进行处理，构建空间分辨率为9km×9km的网格点，使用风速实测数据逐小时对网格点进行插值填补，得到高分辨率的网格化风资源数据集。将插值后的结果与原始观测数据进行比较发现，与传统反距离加权法(inverse distance weighting,IDW)和Kriging插值方法相比，所设计的K-means++AIDW插值方法平均绝对误差较IDW方法降低了5.4%，较Kriging方法降低了7.8%；均方根误差较IDW方法降低了5.9%，较Kriging方法降低了8.1%，显示出其在整体误差控制上的优势。与空间分辨率0.25°×0.25°的再分析回算数据集ERA5(Fifth Generation of European Centre for Medium-range Weather Forecasts Atmospheric Reanalysis of the Global Climate)的风资源要素相比，所设计的K-means++AIDW插值数据集平均绝对误差和均方根误差平均降低了11.95%和10.07%，验证了所设计插值方法的准确有效性，以及生成的高分辨率网格化数据集的精准可靠性，可作为评估山东省的风能资源潜力的可靠数据基础，为风能资源管理和风电场选址等领域提供准确的数据支持。","['高分辨率风资源网格化数据集', '风能资源评估', '改进反距离加权插值']",T25,T08,7.5,0.7297353139781146,标题:数据集；关键词:数据集；摘要:数据集,0.261903641270462,0.0695379569865336,0.98,T25,A34,A09,1.0,0.7238162103113726,摘要:风电,0.1360549546277157,0.0272586450812333,0.6755555555555555,A34,False,False,False,medium,high,medium
ZH_0202,三级调度电磁暂态云仿真资源互济机制设计与实现,针对大规模电网电磁暂态仿真算力需求巨大，国分省三级调度各自算力资源难于满足新型电力系统安全稳定仿真计算需求的情况，设计和实现了一种国分省三级调度电磁暂态云仿真资源互济机制，首先介绍了高效、可靠、灵活三项资源互济原则，然后重点分析了跨域统一计算资源池构建和跨域批量电磁暂态仿真任务调度机制和实现关键技术，分析了三级调度资源互济的电磁暂态云仿真平台的功能架构和主要功能，最后分析了平台在国家电网仿真中心、国家电网华中分部和国网河南省电力公司的落地应用，实际应用数据证明了该文方法的有效性。,"['电磁暂态仿真', '资源互济', '跨域计算资源池', '跨域任务调度']",T14,T47,4.0,0.5398930562401025,关键词:电磁暂态仿真；摘要:电磁暂态仿真,0.1609321655678916,-0.0007638839992673,0.7822222222222223,T15,A21,A13,0.0,0.0105841116125388,,0.2036590926969302,0.0756007972324201,0.4916425227737927,A21,False,False,False,needs_review,high,needs_review
ZH_0203,电力调度元宇宙架构及关键基础技术验证研究（上）：复杂系统设计原理及架构设计,随着我国能源系统进入高质量转型发展阶段，高比例新能源电力系统面临前所未有的复杂性和不确定性，给电网调度运行管理带来挑战。该文探讨了利用元宇宙技术构造电力调度数字化指挥空间(电力调度元宇宙)的总体框架设计及演进路径规划，旨在将电力系统仿真计算、数字孪生、混合现实结合，应用AI来分析和预测、控制电网运行状态，以满足新型电力系统带来的技术挑战，也是前期大数据、云计算、人工智能沉淀在电力系统中的融合应用，为新形势下电网调度运行管理模式进行新探索。该文分析了新型电力系统下调度控制面临的挑战，阐述构建电力调度元宇宙的动因。在电力调度元宇宙定义及内涵基础上，提出构建电力调度元宇宙实现方法。设计电力调度元宇宙体系框架和技术架构，分析元宇宙六大支撑技术在电力调度元宇宙中的应用方向。提出电力调度元宇宙演进路径与运行生态，为实现其工程化应用提供指导与保障。,"['新型电力系统', '元宇宙', '调度元宇宙', '数字孪生', '架构设计']",T32,T47,10.0,0.4025783968189089,标题:系统设计；标题:架构设计；关键词:架构设计,0.2495184173039276,-0.2101543084363653,0.94,T47,A26,A31,1.0,0.7332572829139208,摘要:人工智能,0.2054291694129661,0.0946948779565773,0.6755555555555555,A26,False,False,False,medium,high,medium
ZH_0204,考虑复合指标优化模态分解和Stacking集成的综合能源系统多元负荷预测,"为提高综合能源系统多元负荷分解水平及预测模型的整体性能，提出考虑复合指标优化模态分解和Stacking集成的综合能源系统多元负荷预测方法。首先以排列熵结合互信息为适应度函数，利用金豺优化算法自适应获取变分模态分解的最优参数组合，进而将多元负荷序列分解为本征模态函数集合；其次，通过基于反向传播(back propagation,BP)神经网络扰动的平均影响值(mean impact value,MIV)算法对与多元负荷相关的气象、日期及负荷因素进行特征筛选，从而为多元负荷构建高耦合度的特征矩阵；充分考虑到各单一模型的差异性及优势性，在采用k折交叉验证法减少过拟合的基础上，构建Stacking集成学习模型对多元负荷进行预测；最后采用美国亚利桑那州立大学坦佩校区多元负荷数据集进行实例验证，结果显示所提方法在电、冷、热负荷预测中的平均绝对百分比误差分别达到了0.903%、2.713%和1.616%，预测精度相比其他预测模型具有较大提升。","['多元负荷预测', '综合能源系统', '平均影响值算法', '金豺优化算法', '复合指标']",T35,T25,7.5,0.653862774326223,标题:负荷预测；关键词:负荷预测；摘要:负荷预测,0.2792608361774494,0.2133055309015935,0.98,T35,A33,A09,7.5,0.6937008679910184,标题:综合能源系统；关键词:综合能源系统；摘要:综合能源系统,0.5275222989034876,0.4978633427929881,0.98,A33,False,False,False,high,high,high
ZH_0205,基于数据增强的配电网运行态势预警方法,新型电力系统背景下，配电网运行态势的及时预警是保障其安全稳定运行的重要前提。针对配电网运行态势预警的量测数据不充分问题，该文提出一种基于数据增强的配电网运行态势预警方法。首先，基于支持向量数据描述识别初始预警边界，结合模糊隶属度函数，增强数据样本密度对边界识别的影响，准确识别初始预警边界；其次，建立基于改进深度卷积生成对抗网络的配电网运行状态电气量数据增强模型，其损失函数中引入边界形态偏差量、样本概率分布偏差量以及态势预测回归关系曲线偏差量，以修正配电网的运行态势预警边界；然后，提出态势预警方法的判别依据，得到运行点向边界的行动趋势，在线实现配电网运行态势预警。最后，基于改进IEEE 33节点和IEEE 123节点算例验证了所提方法能够有效提高配电网运行态势预警的速度和精度。,"['配电网', '态势预警', '边界识别', '数据增强', '生成对抗网络']",T01,T45,4.0,0.7547128097705964,关键词:生成对抗网络；摘要:生成对抗网络,0.3520240426719857,0.2479486412185459,0.8422222222222222,T01,A31,A39,7.5,0.7284320675488415,标题:配电网；关键词:配电网；摘要:配电网,0.1390159841276455,0.0602290539202965,0.98,A31,False,False,False,high,high,high
ZH_0209,基于纳什谈判的光伏产消者与共享储能协同参与市场优化策略,文章聚焦分布式光伏快速发展所带来的能源消纳问题，从配电侧电力市场的角度出发，重点关注分布式光伏配储参与市场交易的情景。提出了基于点对点交易的多产消者和共享储能联盟场景，将联盟就地消纳效益纳入联盟成本收益函数，构建联盟协同参与市场的优化模型。为保证市场交易的可行性，采用纳什谈判方法对模型进行改进；为凸显共享储能在联盟协同中的作用，在模型设计中，采用两阶段非对称纳什议价方法进行能量共享。同时，考虑联盟主体数据隐私安全，采用改进交替方向乘子方法进行分布式求解，并通过算例分析验证了模型的有效性。研究结果表明，所构建的产消者与共享储能联盟协同参与市场交易的优化模型，是分布式光伏参与电力市场的可行模式，不仅具有一定的经济成本优势，还有利于促进分布式清洁能源的就近消纳。,"['分布式光伏产消者', '用户侧共享储能', '清洁能源消纳', '非对称纳什议价', '改进交替方向乘子法']",T38,T32,4.5,0.7946666098202951,标题:纳什谈判；摘要:纳什谈判,0.6101742520675852,0.5333329272878227,0.8699999999999999,T38,A35,A34,7.5,-0.0114415225603907,标题:储能；关键词:储能；摘要:储能,0.0121601880347494,-0.0817251611456482,0.8,A36,False,False,False,high,high,high
ZH_0211,计及碳定价的新型电力系统容量优化配置研究,碳定价对构建新型电力系统具有重要的推动作用。该研究旨在通过深入分析碳电耦合下的新型电力系统构建，为探讨碳定价对多元电力资源进行优化配置以实现系统容量的有效利用。该文提出了一种计及碳定价的新型电力系统容量优化配置模型，该模型目标是最小化系统总成本，纳入CO 2 排放外部性成本，同时对应于安全保供和CO 2 减排需求，配置形成高比例可再生能源电力系统资源组合。研究结果显示，计及碳配额和碳成本传导的电力规划模型，能够有效整合不同类型的发电机组和储能设施，以减少对高碳排放的发电设备依赖，显著降低CO 2 排放，并且在经济性上更优于主要由煤电供应灵活性的场景。同时，碳成本增加带来的系统发电成本和边际出清电价上涨，短期看会影响到用户侧的电价提高，但长期会促使电力企业采用更为清洁的能源替代传统的化石燃料，从而降低碳排放。这项研究可以为碳市场的进一步发展提供实证基础，为碳价机制在电力规划中的影响提供有力支持，为推动碳减排目标实现提供有益参考。,"['碳市场', '新型电力系统', '优化配置', '碳减排']",T37,T40,7.5,0.7042071383058097,标题:优化配置；关键词:优化配置；摘要:优化配置,0.1164771108467272,-0.1128061549585018,0.94,T40,A35,A36,1.0,-0.558754830231365,摘要:储能,-0.0198588886388144,-0.1339630730811792,0.4755555555555555,A34,False,False,False,needs_review,high,needs_review
ZH_0214,计及能耗特性的风光制氢碱性质子交换膜混合电解槽多列优化策略,氢能具有巨大的发展潜力，被视为未来能源转型的重要组成部分。利用风光作为可再生能源技术与制氢相结合，为能源可持续发展提出解决方案。为优化碱性-质子交换膜混合电解槽多列运行调度，该文基于风光发电、氧中氢及多种电解槽模型，以系统净收益最大化为目标，提出了一种计及能耗特性的风光制氢碱性-质子交换膜混合电解槽多列优化策略，该系统离网式运行，可再生能源进行发电，配置蓄电池以确保系统稳定连续运行。结果表明：与传统同步运行且不考虑电解槽功率-效率特性的方案相比，使用碱性-PEM混合电解槽多列优化策略调度后，在不改变系统设备容量的前提下系统年收益提高12.47%，同时弃电率降低1.34%。该策略综合考虑两种电解槽之间动态响应差异，达到对风光资源的充分利用。最后，对系统电解槽容量配比进行了分析。研究成果有望为大型制氢项目碱性-PEM混合电解槽制氢生产调度提供一定的指导。,"['可再生能源', '碱性电解槽', '优化调度']",T37,T32,3.0,0.7229935899904427,关键词:优化调度,0.1590523820223355,0.0213827856460191,0.7866666666666666,T37,A34,A14,8.5,0.7696556453652691,关键词:可再生能源；摘要:可再生能源；标题:风光；摘要:风光,0.487041122772996,0.3546831811804933,0.98,A34,False,False,False,high,high,high
ZH_0218,含海上风电制氢的综合能源系统分布鲁棒低碳优化运行,海上风电制氢是实现海上风电完全消纳及综合能源系统低碳经济运行的有效手段。针对海上风电出力不确定性高难以完全消纳，以及氢能利用单一造成系统经济性低和碳排放高等问题，该文提出了一种基于数据驱动分布鲁棒和凸松弛技术的含海上风电制氢综合能源系统低碳优化运行策略。首先，通过研究海上风电制氢及其输氢系统的运行机理，建立了海上风电制氢系统及氢能多元转换与利用的数学模型；其次，构造了基于Wasserstein距离的源荷不确定性模型，并以综合运行成本最低为目标。此外，该文采用强对偶理论，将原始模型转换为混合整数线性规划模型，实现了模型的快速精确求解。最后，对IEEE-33节点电网和23节点热网组成的综合能源系统进行仿真分析，算例结果表明，所提模型能够有效提高系统的风电消纳水平和能源利用效率，具有显著的低碳经济效益。,"['海上风电制氢', '氢能多元利用', '电热综合能源系统', '凸松弛技术', '分布鲁棒']",T39,T37,7.5,0.6185322956229572,标题:分布鲁棒；关键词:分布鲁棒；摘要:分布鲁棒,0.2104494505711853,-0.0390550312645918,0.94,T37,A33,A34,7.5,0.0577751819066796,标题:综合能源系统；关键词:综合能源系统；摘要:综合能源系统,0.5242089613840242,0.4126798707619973,0.9235527000973476,A33,False,False,False,high,high,high
ZH_0219,一种新型单芯移相变压器的差动保护方法研究,移相变压器作为潮流调控设备，能够动态调节输电线路的传输功率，从而大大提高潮流输送的灵活性。然而，由于其特殊的接线形式和内部结构，新型非对称六角接线形式的单芯移相变压器相较于普通电力变压器而言，故障特征更为复杂，给其本体保护配置带来了困难。为了解决这个问题，首先明确了新型单芯移相变压器的拓扑结构和工作原理。在对其磁路结构进行进一步分析的基础上，利用基尔霍夫电流定律、电磁感应定律等基本电路原理，针对这种特殊结构的移相变压器建立了一套完整的差动保护方案。该方案通过两套电平衡和一套磁平衡差动来反映调压绕组和励磁绕组之间的匝间故障、匝地故障以及引线的短路故障，实现了对移相变压器内部故障的全面覆盖，同时能够快速判断故障位置和故障类型。最后，在MATLAB/Simulink仿真平台上构建了新型单芯移相变压器的仿真模型，通过大量仿真验证了该文提出方案的可行性和有效性。,"['移相变压器', '单芯式', '差动保护', '电平衡差动', '故障定位']",T36,T47,3.0,0.4834758544709908,关键词:故障定位,0.0992824528345162,0.0248275319356485,0.7866666666666666,T36,A37,A25,7.5,0.7449677881562627,标题:变压器；关键词:变压器；摘要:变压器,0.2413239817682531,0.1783413439733058,0.98,A37,False,False,False,high,high,high
ZH_0220,考虑配电网全过程韧性提升的多类型韧性资源分布鲁棒机会约束规划,"针对现有配电网韧性提升策略研究侧重于某一阶段、考虑韧性资源单一、刻画线路故障不确定性不全面等问题，提出了考虑配电网全过程韧性提升的多类型韧性资源分布鲁棒机会约束规划方法。首先，构建了基于Wasserstein距离的风场强度与线路故障概率、风机出力阈值之间强耦合下的不确定性模糊集。其次，建立了基于极端灾害时序特性的“预防-应急-抢修”双层三阶段配电网分布鲁棒机会约束规划模型对多类型韧性资源进行联合部署、调度。然后，进一步对模型进行线性化处理，并基于条件风险价值理论(conditional value-at-risk,CVa R)和强对偶理论将所提分布鲁棒模型转化为混合整数二阶锥规划问题。最后，基于算例数字仿真验证了所提方法能够保障强不确定环境下配电网的韧性和供电可靠性。","['配电网规划', '全过程韧性提升', '分布鲁棒机会约束', '条件风险价值理论']",T39,T37,19.0,0.696892266331495,标题:分布鲁棒；关键词:分布鲁棒；摘要:分布鲁棒；标题:机会约束；关键词:机会约束；摘要:机会约束；关键词:条件风险价值；摘要:条件风险价值,0.6119298399644622,0.3762981429693255,0.98,T39,A31,A28,7.5,0.723244309519923,标题:配电网；关键词:配电网；摘要:配电网,0.1102360429299476,0.0231736394280215,0.98,A31,False,False,False,high,high,high
ZH_0221,考虑灾害不确定性和调度过程非预期性的配电网多阶段韧性提升策略,近年来，台风暴雨成为影响沿海城市配电网安全稳定运行的典型自然灾害。为有效应对该极端灾害的影响，提出一种考虑台风暴雨灾害时空不确定性的配电网多阶段韧性提升策略。首先，根据台风历史数据模拟其灾害场景，计算相应场景下的配电线路故障概率，从而构建考虑台风暴雨灾害攻击的不确定集。在此基础上，结合电力系统调度过程的非预期性特点，建立基于上述不确定集的多阶段鲁棒优化模型。其次，提出一种预拓展鲁棒对偶动态规划算法对其进行求解，获取灾前防御策略和训练好的灾中最恶劣情况未来成本函数，据此求解极端灾害发生过程中各时段的紧急响应策略，从而在离线训练和在线应用有机结合的框架下制定最优的配网韧性提升策略。最后，以不同规模的配网为测试系统，验证了所提模型和方法的有效性。,"['韧性提升', '台风暴雨灾害时空不确定性', '多阶段鲁棒优化', '非预期性', '预拓展鲁棒对偶动态规划']",T39,T37,4.0,0.7658033984931081,关键词:鲁棒优化；摘要:鲁棒优化,0.4409966207443135,0.3271671320936291,0.8422222222222222,T39,A31,A28,4.5,0.5238780199782653,标题:配电网；摘要:配电网,0.084888791533694,-0.2580141430123902,0.8099999999999999,A28,False,False,False,high,high,high
ZH_0226,直流微网系统小干扰稳定性分析及有源阻尼控制,直流微电网包含众多变流器，结构复杂。为了简化直流微电网的稳定性分析，该文首先将系统分为各变流器和线路网络两个部分，结合变流器的端口阻抗和线路网络的节点导纳矩阵建立了直流微电网的开环传递函数矩阵，然后基于此开环传递函数矩阵，使用特征值法分析了系统稳定性关于不同变流器的灵敏度，最后根据灵敏度对不稳定贡献最大的变流器进行附加有源阻尼以增强系统阻尼，提升系统稳定性。结合Matlab/Simulink仿真算例，验证了稳定性分析方法及控制策略的有效性。,"['直流微电网', '稳定性分析', '灵敏度分析', '有源阻尼方法', '恒功率负荷']",T49,T03,12.0,0.7668979511343913,摘要:控制策略；标题:稳定性分析；关键词:稳定性分析；摘要:稳定性分析；标题:阻尼控制,0.4134385135830433,0.3349853652456522,0.98,T49,A33,A38,4.0,0.5515125727857693,关键词:微电网；摘要:微电网,0.1330720036569552,0.0822326627554942,0.8422222222222222,A33,False,False,False,high,high,high
ZH_0227,锁相环动态对切换延迟导致的暂态过电压的影响,"随着“碳达峰、碳中和”战略的深入实施，新能源占比不断提升，新能源汇集地区电网强度较弱，交流短路故障后的暂态过电压易引发连锁故障。该文基于电压源型并网变流器(voltagesourceconverter,VSC)低电压穿越切换控制模型，分析了锁相环动态对故障后VSC延迟切换导致的暂态过电压的影响。研究结果表明，短路故障清除时刻并网点电压相位一般向后跳变，由于锁相环动态，使延迟过程中动态无功支撑电流失准，若VSC在低电压穿越期间只注入无功电流，该失准现象有利于暂态过电压改善，若同时注入有功电流，在锁相环参数不合适时可能会恶化暂态过电压水平。此外，该文还提出了锁相环PI参数整定解析方法，以保证利用锁相环动态抑制故障后的暂态过电压水平。通过MATLAB电磁暂态仿真验证了分析结论。","['暂态过电压', '低电压穿越', '锁相环动态', '切换延迟']",T49,T14,4.0,0.5749486477879883,关键词:低电压穿越；摘要:低电压穿越,0.2566233473184553,0.2496331984856305,0.8422222222222222,T49,A38,A44,5.0,0.6252377350536945,摘要:变流器；关键词:低电压穿越；摘要:低电压穿越,0.3978611943535814,0.3516981075263889,0.8977777777777778,A38,False,False,False,high,high,high
ZH_0228,台风灾害下考虑源-网-荷协同优化的SCUC复合决策方法,"随着全球气候变化导致台风灾害事件频发，电力设备的故障率大幅上升，严重威胁到电网的安全可靠运行。为提高电力系统韧性，提出一种台风灾害下考虑源-网-荷协同优化的安全约束机组组合(security-constrainedunit commitment, SCUC)复合决策方法。首先，结合台风历史数据以及Rankine风场模型，构建风机出力以及线路故障模型。在此基础上基于状态抽样法构建待决策故障场景不确定集。然后分别构建SCUC、减载和线路恢复不同应对策略的决策模型。同时采用鲁棒优化处理线路故障的不确定性，并将其作为虚拟主体“台风灾害”引入由上述各决策模型作为博弈主体所构建的多主体博弈模型。最后结合迭代搜索法进行求解。仿真结果验证了所提方法能够在保证系统运行经济性的同时最大限度地减少负荷损失，提升电力系统在台风灾害下的韧性水平。","['韧性提升', '鲁棒优化', '多主体博弈']",T39,T38,4.0,0.5532564686123437,关键词:鲁棒优化；摘要:鲁棒优化,0.453252449520129,0.0946890615167404,0.8422222222222222,T39,A28,A37,1.0,0.7361766935542773,摘要:气候,0.3063494007964613,0.1155478111019809,0.6755555555555555,A28,False,False,False,medium,high,medium
ZH_0229,计及负荷侧频率支持的分布鲁棒频率约束机组组合,“双高”电力系统中惯量与备用资源匮乏，频率安全问题凸显，在调度方案中内嵌频率约束、协调优化异质调频资源是应对上述问题的有效途径。为此，提出了一种计及负荷侧频率支持的分布鲁棒频率约束机组组合方案。首先，分析了电力系统频率响应过程，建立计及负荷侧频率支持的系统频率响应模型，并构造频率安全约束集合。其次，采用基于Wasserstein距离的模糊集表征新能源的不确定性，建立纳入频率约束的分布鲁棒机组组合优化模型。针对所提模型高度非凸的特点，采用两阶段分解算法迭代求解，并提出了一种自适应多方向优化割连接主、子问题。最后，基于修改的IEEE39与IEEE118测试系统进行算例分析。结果表明了在新能源电力系统调度方案中考虑频率约束的必要性与计及负荷侧频率支持的重要性，验证了所提机组组合方案的有效性与求解方法的优越性。,"['频率约束优化调度', '机组组合', '负荷调频', '分布鲁棒优化', '分解算法']",T39,T37,10.5,0.5650686091684263,关键词:鲁棒优化；标题:分布鲁棒；关键词:分布鲁棒；摘要:分布鲁棒,0.5327390254187004,0.3627349634479427,0.98,T39,A16,A28,0.0,0.0006430029814809,,0.0470729573552323,0.0045928784391499,0.4807073032796291,A16,False,False,False,needs_review,high,needs_review
ZH_0232,考虑P2G-CCS-HFC协调运行的园区综合能源系统分布鲁棒优化调度,"为提高低碳园区综合能源系统(regional integrated energy system, RIES)的低碳性和可再生能源消纳率，提出一种考虑电转气(power-to-gas, P2G)、碳捕集装置(carbon capture and storage, CCS)和氢燃料电池(hydrogen fuel cell,HFC)协调运行的RIES低碳经济调度方法。首先，根据传统火电机组集中碳排放的特点，加入CCS打造更具灵活性的碳捕集电厂(carboncapturepowerplant, CCPP)。其次，在两阶段P2G中加入HFC，细化氢能使用，建立P2G-CCS-HFC整体模型，在氢能平衡约束条件下，分析不同设备决策对整体模型优化成本的影响。同时，在供能侧和需求侧分别引入绿证-碳交易和综合需求响应双重市场机制激励。最后，考虑风光不确定性，以风光历史数据为基础，构建考虑场景分析和数据驱动的、以最小化总成本为目标函数的RIES分布鲁棒调度模型。基于算例的仿真结果表明，该方法可有效降低碳排放水平，促进新能源消纳，为区域综合能源系统低碳经济调度等研究提供参考。","['碳捕集电厂', '电转气', '氢燃料电池', '绿证碳交易', '分布鲁棒优化', '区域综合能源系统']",T39,T37,14.0,0.5674810738419642,标题:鲁棒优化；关键词:鲁棒优化；标题:分布鲁棒；关键词:分布鲁棒；摘要:分布鲁棒,0.2490727329240746,0.1962933845854587,0.98,T39,A33,A36,7.5,0.2810318363624768,标题:综合能源系统；关键词:综合能源系统；摘要:综合能源系统,0.3786130630185182,0.2930845454462632,0.98,A33,False,False,False,high,high,high
ZH_0233,基于数字孪生模型的主从博弈掺氢综合能源系统最优决策方法,"建立了一个包含综合能源系统运营商(integratedenergysystemoperator, IESO)、基于碳捕集系统(carbon capture system, CCS)的能源供应商(energy supplier, ES)以及考虑需求响应的负荷聚合商(load aggregator, LA)的综合能源系统(integratedenergysystem, IES)数字孪生模型系统。首先，构建了IES系统模型，针对不同系统类型制定相应的约束条件，同时引入弃风弃光惩罚方法。其次，采用一种基于主从博弈的IES分布式协同优化运行策略，并结合遗传算法和二次规划算法求解模型，得到IES最优调度方案。在该主从博弈的框架中，IESO作为主导者，与CCS的ES和考虑需求侧响应的LA作为跟随者协同优化，优化IESO的定价策略、ES的出力计划和用户需求。通过数字孪生系统获得实时的IES数据，对不同维度、不同格式的数据进行统一处理分析后，再利用所提方法进行优化，得到IES最优决策方案。最后，通过数字孪生模型获得IES基础运行数据并基于扩展的IEEE39节点系统和6节点供暖系统仿真实验得到了IESO最优价格策略、ES最佳出力计划及LA最佳用能计划，使得供能更加经济、用能更加合理。基于数字孪生模型的主从博弈的决策方法能够使电网摆脱对历史运行数据的强依赖，降低决策的外推误差，实现IES优化决策技术升级。","['综合能源系统', '主从博弈', '数字孪生', '碳捕集系统', '需求侧响应']",T38,T47,7.5,-0.0074483527394274,标题:主从博弈；关键词:主从博弈；摘要:主从博弈,0.1943940711092942,-0.053202519567339,0.8,T47,A33,A36,7.5,0.6582902083781373,标题:综合能源系统；关键词:综合能源系统；摘要:综合能源系统,0.3320832929702128,0.2449300598438382,0.98,A33,False,False,False,high,high,high
ZH_0234,“源-网-荷-储”协调控制低碳经济优化及降碳效果分析,在“双碳”目标背景下，针对实现配电网低碳经济运行问题，提出了一种“源-网-荷-储”协调控制的配电网低碳经济优化方法。首先，以考虑弃风弃光成本、柔性负荷与储能装置调度成本、碳排放成本等的配电网综合成本最小为目标函数进行建模。其次，通过二阶锥松弛技术，将其转变为混合整数凸规划模型，进一步提高计算速率。然后通过修改的IEEE 33节点配电系统证明了该方法在降低配电网经济成本和碳排放方面的优越性。最后，对“源-网-荷-储”协调优化中不同降碳措施的效果进行了灵敏度分析，并以此为基础研究了协调低碳经济运行与传统经济运行之间矛盾与统一的博弈关系，得出了在不同环境条件下两种运行方式之间的相同点与差异点。,"['配电网低碳经济运行', '“源-网-荷-储”协同优化', '混合整数二阶锥规划', '降碳效果分析']",T37,T12,7.0,0.6757468888851665,关键词:混合整数；摘要:混合整数；关键词:二阶锥规划,0.4916778605924062,0.4186002267307822,0.98,T37,A31,A44,5.0,0.5812779763438172,关键词:配电网；摘要:配电网；摘要:配电系统,0.1544764874521646,0.0376998310272652,0.8977777777777778,A31,False,False,False,high,high,high
ZH_0235,新能源经柔直外送系统的暂态同步稳定性分析,"针对变换器并联系统在大扰动下的暂态同步稳定性问题，当前的研究因缺乏有效的非线性动力学系统分析方法而面临着巨大挑战。为此，将新能源经柔直外送系统作为研究场景，建立系统的暂态交互模型，构造解析的李雅普诺夫函数，再利用直接法估计系统的稳定域。据此，进一步给出基于临界能量的系统暂态同步稳定判据。根据理论推导，揭示了新能源侧并网变换器和柔直送端变换器之间的耦合关系。从能量的角度分析了控制参数对同步稳定性的影响，以及控制方式对判定结果的影响。最后，在Matlab/Simulink中搭建基于模块化多电平换流器高压直流输电(modular multilevel converter based high voltage direct current transmission, MMC-HVDC)送出的新能源外送系统仿真模型，验证了所提方法的有效性和分析结果的正确性。","['新能源', '并网变换器', '锁相环', '李雅普诺夫函数', '暂态同步稳定性']",T49,T11,3.5,0.5213785555181977,标题:稳定性分析,0.1073173622168777,0.050663151660596,0.8144444444444445,T49,A32,A09,3.0,0.4994973203549957,摘要:高压直流；摘要:HVDC；摘要:换流器,0.2056899458245966,0.1392665739642553,0.7866666666666666,A32,False,False,False,medium,high,medium
ZH_0236,基于卷积功率能量比的全直流风电系统汇集线路故障选线方法,全直流风电系统能够有效地解决交流电缆对地电容导致的无功功率及电压波动等问题，逐渐成为研究热点之一。针对全直流风电系统汇集支路多，相邻线路间的故障特征差异小和阈值整定等问题，提出一种基于卷积功率能量比的全直流风电系统汇集线路故障选线方法。首先，分析了故障线路与非故障线路的频域暂态功率幅值特征，发现在特征频带下，故障线路的暂态功率大于非故障线路。其次，构造了一种时域故障特征量——卷积功率，对频域暂态功率特征进行有效提取。同时，为了提高耐受过渡电阻能力，提出了各汇集线路与汇流母线出口处时域卷积功率能量比，分析发现在特征频带内时域卷积功率能量比可以有效识别故障线路。结合故障启动判据、选极判据构成故障选线识别方案。最后，PSCAD/EMTDC仿真结果表明：所提选线方法可以正确识别全直流风电系统汇集线路中的故障线路，在80?过渡电阻和20 dB的噪声干扰下仍能有效识别故障，且无需仿真整定。,"['全直流风电系统', '故障选线', '特征频带', '卷积功率能量比']",T36,T14,7.5,0.6761178203191138,标题:故障选线；关键词:故障选线；摘要:故障选线,0.3955638553233263,0.372270145136528,0.98,T36,A34,A50,7.5,0.6269462498835296,标题:风电；关键词:风电；摘要:风电,0.0443992426780962,0.0210446420252122,0.94,A36,False,False,False,high,high,high
ZH_0238,基于RPCA-GELM数据驱动的保护测量回路误差评估,"保护测量回路是电力系统继电保护的基石，其误差评估对电网安稳运维举足轻重。针对保护测量回路静态隐藏误差可能诱发保护误动/拒动的风险且难以在线监测问题，提出了一种基于递推主元分析和改进灰狼算法优化极限学习机(recursive principal component analysis and extreme learning machine optimized by grey wolf optimization,RPCA-GELM)数据驱动的保护测量回路误差评估方法。首先基于电力系统正常运行下历史数据与实时数据，应用RPCA技术在线更新主元特征模型以缩短评估时间，进一步引入4种统计算法生成4类误差监测特征量，构建误差综合评判方法进行特征优选，提升误差评估准确率。然后针对模型评估精度取决于关键参数C、σ，引入国际无限折叠混沌映射策略对灰狼算法进行优化，以提升参数寻优精度和收敛速度，在此基础上结合ELM算法提出了基于GELM的保护测量回路误差评估方法。最后通过多组对比实验验证了所提方法能实现模型性能优化，且相对其他方法有效提升了保护测量回路误差评估准确率与精度。","['保护测量回路', '误差评估', '递推主元分析', '灰狼算法', '极限学习机']",T02,T27,4.0,0.7014471718541198,关键词:极限学习机；摘要:极限学习机,0.0209778357764803,-0.1325202010420016,0.7822222222222223,T27,A37,A09,1.0,0.7072400024644137,摘要:继电保护,0.089055269626635,-0.0911428395399023,0.6155555555555555,A09,False,False,False,needs_review,high,needs_review
ZH_0239,基于深度自适应K-means++算法的电抗器声纹聚类方法,"在高压并联电抗器声纹信号监测系统中，长时海量无标签声纹的高维非平稳性导致特征提取困难、无监督聚类适应性差。由此提出了一种基于深度自适应K-means++算法(deepadaptiveK-means++clusteringalgorithm,DAKCA)的750 kV电抗器声纹聚类方法。首先通过采用两阶段无监督策略微调的改进堆叠稀疏自编码器(stacked sparse autoencoder, SSAE)，对快速傅里叶变换后的归一化频域数据提取电抗器原始声纹32维深度特征。进一步提出了依据最近邻聚类有效性指标(clustering validation index based on nearest neighbors, CVNN)的自适应K-means++聚类算法，构建了能自适应确定最优聚类个数的电抗器声纹聚类模型。最后通过西北地区某750 kV电抗器实测声纹数据集进行了验证。结果表明，DAKCA算法对无标签声纹数据在不同样本均衡程度下能够稳定提取32维深度特征，并实现最优聚类，为直接高效利用电抗器无标签声纹数据提供了参考。","['声纹聚类', '自适应聚类算法', '稀疏自编码器']",T34,T27,4.0,0.5494702022169042,关键词:聚类算法；摘要:聚类算法,0.2697937113525804,0.0676443015493167,0.8422222222222222,T34,A35,A09,0.0,0.000350510717564,,0.0609716727875891,0.0025036479826006,0.4803855617893204,A35,False,False,False,needs_review,high,needs_review
ZH_0241,基于事件触发的动态一致性馈线负载均衡控制策略,随着大规模间歇式新能源和多元化柔性负荷的接入，加剧了馈线间负载不平衡程度。为实现馈线负载均衡并稳定直流电压，提出基于事件触发的动态一致性馈线负载均衡控制策略。首先，设计基于事件触发的动态一致性算法计算相关状态量，避免信息集中化处理。其次，设计馈线负载均衡控制的功率计算模块和功率更新模块，以实现分布式馈线负载均衡控制。然后，基于电压下垂控制对下垂特性曲线和功率参考值进行改进，以达到直流电压无差跟踪。最后，在PSCAD/EMTDC平台搭建四端MMC柔性互联配电网验证所提控制策略的有效性。仿真结果表明：所提控制策略能快速均衡馈线负载，提高直流电压控制可靠性，降低系统通信量。,"['柔性互联配电网', '改进电压下垂控制', '事件触发', '动态一致性算法', '负载均衡']",T49,T14,8.5,0.6831005791557152,标题:控制策略；摘要:控制策略；关键词:下垂控制；摘要:下垂控制,0.3024867986561165,0.3414747250618308,0.98,T49,A31,A38,8.5,0.3742179582123088,关键词:配电网；摘要:配电网；标题:馈线；摘要:馈线,0.1438650689829625,-0.0497036598280455,0.94,A38,False,False,False,high,high,high
ZH_0247,宽短路比工况下构网型逆变器功率自同步控制的稳定性分析,"基于功率同步控制(power synchronization control, PSC)的构网型(grid-forming, GFM)电压源型逆变器(voltage source converter, VSC)通过模拟同步机功角特性以实现电网支撑，但其在宽短路比(short-circuit ratio, SCR)运行工况下存在振荡风险。为分析构网型逆变器在宽短路比工况下的稳定情况，首先建立了PSC-VSC小信号模型，得到了有功、无功功率的传递函数，并以此揭示了GFM逆变器在宽短路比工况下小干扰失稳机理。结果表明，PSC-VSC在强电网下面临小信号失稳风险。进而提出基于功率自同步控制(power self-synchronization control, PSSC)的VSC控制策略，通过限制有功功率传递函数的增益，增强构网型逆变器强电网下的稳定性。然后分析了基于PSSC的GFM逆变器在电网故障下的稳定性。最后通过半实物实时仿真验证了所提分析方法的正确性和有效性。","['宽短路比', '构网型逆变器', '功率自同步', '稳定性分析', '半实物实时仿真']",T49,T26,7.5,0.7655674806102155,摘要:控制策略；标题:稳定性分析；关键词:稳定性分析,0.4612998136443744,0.3254820043586826,0.98,T49,A38,A07,15.0,0.7441448551904702,标题:逆变器；关键词:逆变器；摘要:逆变器；标题:构网型；关键词:构网型；摘要:构网型,0.3420816141803185,0.1724632513605016,0.98,A38,False,False,False,high,high,high
ZH_0248,应对极温天气电力电量双缺的城市电网日前负荷管理优化,极端高温天气下，用电需求急剧变化加上一次能源发电能力的下降，导致电力供应能力和电量储备将大幅度减少。针对极端高温天气下电力电量双缺的情况，开展城市电网日前负荷管理优化研究。首先，极端高温天气下居民空调负荷急剧增加，采用激励型需求响应引导居民降低空调功率。考虑不同居民的舒适度需求差异，分析了居民空调负荷可调节潜力。其次，分析了不同负荷管理措施对电力和电量短缺的影响，从经济管理和行政管理两方面建立了极端高温天气下的城市电网负荷管理模型。然后，考虑需求响应的不确定性，并协调电网重构与移动储能接入，构建了二阶段鲁棒优化模型。以最小化居民负荷损失影响和工商业经济损失影响为目标，制定应对电力电量双缺的城市电网日前负荷管理优化策略。最后，通过算例仿真验证了所提优化模型的有效性和可行性。,"['极端高温天气', '电力电量双缺', '需求响应', '有序用电', '鲁棒优化']",T39,T27,4.0,0.7526684723145162,关键词:鲁棒优化；摘要:鲁棒优化,0.3332568923349333,0.233346230817973,0.8422222222222222,T39,A35,A36,1.0,-0.5857698677564951,摘要:储能,0.0482861388409524,-0.3269276268321074,0.4755555555555555,A36,False,False,False,needs_review,high,needs_review
ZH_0251,基于海马优化深层极限学习机的电力信息物理系统FDIA检测,"虚假数据注入攻击(false data injection attack, FDIA)严重威胁电力信息物理系统的安全稳定。针对已有FDIA检测算法无法精确定位受攻击位置的局限性，提出了一种基于精英余弦变异融合的海马优化算法优化深层极限学习机(deep extreme learning machine, DELM)的FDIA检测定位算法。首先，该算法将极限学习机和极限学习机自编码器相结合得到了具备强特征表达能力的DELM。然后，通过海马优化算法对DELM的偏置和输入权重进行择优，用于改善算法指标不稳定的问题。同时在捕食阶段引入精英余弦变异算法以提升海马的收敛速度与DELM的精度。最后，将系统量测数据作为输入特征，利用DELM得到节点状态标签，从而实现污染状态量的定位。通过在IEEE14节点系统和IEEE57节点系统进行大量仿真对比分析，验证了所提算法在准确率、精确率、召回率及F1值等检测定位性能方面均具有明显优势，能够实现FDIA的精确定位。","['电力信息物理系统', '虚假数据注入攻击', '海马优化算法', '深层极限学习机']",T02,T11,7.5,0.6211288333396039,标题:极限学习机；关键词:极限学习机；摘要:极限学习机,0.0199922686057307,-0.0205083332885436,0.94,T27,A09,A27,1.0,-0.6278492611108955,摘要:CT,0.0643180611439464,-0.027494722220682,0.4755555555555555,A25,False,False,False,needs_review,high,needs_review
ZH_0264,适用于光伏接入中压直流配电网的改进型LADRC恒压控制策略,"在外界扰动出现时，含光伏的中压直流配电系统的母线电压会发生波动，给电力系统的稳定运行带来挑战。针对传统光伏恒压控制策略抗扰性不足的问题，提出了基于改进型线性自抗扰控制(linearactivedisturbance rejection control, LADRC)的光伏恒压控制策略。对于两级集成式的DC/DC变换器，采用基于微分反馈的线性扩张状态观测器(linear extended state observer, LESO)，设计改进型LADRC结构，并详细分析了控制器的参数整定、抗扰性和稳定性。在仿真平台中将采用PI控制、传统LADRC和改进型LADRC的光伏恒压控制效果进行对比。结果表明，基于改进型LADRC的光伏恒压控制策略具有优秀的抗干扰能力，能够以更小的超调量和更快的响应速度使直流母线电压恢复稳定。","['光伏发电系统', '中压直流系统', '线性自抗扰控制', '抗干扰能力']",T49,T11,4.5,0.5705361336593427,标题:控制策略；摘要:控制策略,0.1238168078485828,0.0752580975667339,0.8699999999999999,T49,A31,A34,4.5,-0.2832745749620824,标题:配电网；摘要:配电系统,0.0835020285582725,0.0337530359851261,0.6699999999999999,A32,False,False,False,medium,high,medium
ZH_0269,基于重复控制的MMC交直流阻抗建模与稳定性分析,"目前针对模块化多电平换流器(modular multilevel converter, MMC)系统的稳定性研究主要围绕在传统的双闭环控制，如何拓展到其他控制成为了难点。针对此问题，首先，基于多谐波线性化法提出了一种采用嵌入式重复控制器的MMC系统精确阻抗计算方法，建立了MMC的交直流侧阻抗模型，实现了嵌入式重复控制器交直流阻抗的准确计算。其次，分析了控制参数对MMC交直流侧阻抗特性的影响，研究得出嵌入式重复控制器的比例系数、内膜系数、增益系数及其他环节参数等因素对系统稳定性的影响。进而解析各参数对系统稳定的影响趋势和程度，为并网MMC系统嵌入式重复控制的参数设计提供了指导。最后，对比了接入不同强度电网时的系统稳定性。仿真结果验证了嵌入式重复控制系统在弱电网下的可行性，保障了MMC的稳定运行。","['重复控制', '多谐波线性化', '阻抗建模', '稳定性分析']",T49,T40,6.5,0.011542445794739,标题:稳定性分析；关键词:稳定性分析,0.2200204631925346,0.0824460413909933,0.8538078014853241,T49,A32,A38,1.0,0.7160494301701283,摘要:换流器,0.0460575022423023,-0.0282183559276543,0.6155555555555555,A38,False,False,False,needs_review,high,needs_review
ZH_0270,声信号下基于双通道特征融合网络的电抗器故障诊断方法,"目前，干式电抗器故障诊断方法主要围绕在基于振动信号的机械故障展开，故障类型单一，并且存在传感器安装困难等问题。为此，搭建了基于声信号下的干式电抗器故障试验平台，设置了多种故障类型。为了提升小样本下故障识别的准确率，提出一种基于双通道特征融合网络的干式电抗器故障诊断方法。首先，采用格拉姆角场(Gramian angle field, GAF)进行编码，将一维时序转化为二维图像。其次，采用双通道并行的CNN-Res Net网络结构，引入高效通道注意力机制(efficientchannelattention, ECA)来获取二维关键信息，将二维图像特征与一维时序特征进行深度提取与融合。最后，基于有限元仿真来获取源域数据，采用迁移学习方法来获取目标域最优网络参数。试验对比表明：所提方法相比其他方法有着较强的特征提取能力，能够将故障特征显著分离，在小样本下的故障识别准确率最高可达99.5%，同时具有良好的泛化性和收敛速度。","['电抗器', '声信号', '故障', '特征']",T36,T27,4.5,0.6001189057354605,标题:故障诊断；摘要:故障诊断,0.5054800410639925,0.2865636123961456,0.8699999999999999,T36,A16,A37,1.0,0.6819743192904221,摘要:传感器,0.0784843326174753,-0.2716120050684134,0.6155555555555555,A37,False,False,False,needs_review,high,needs_review
ZH_0277,基于锁相环相位补偿的光伏逆变器低电压穿越快速无功控制,在低电压穿越故障恢复阶段，针对弱网下光伏并网系统无功回撤速度慢易导致暂态过电压的问题，提出了基于锁相环相位补偿的光伏逆变器低电压穿越快速无功改进控制策略。首先从相位跳变、锁相环动态、电网强度几个方面分析了常规光伏逆变器无功回撤速度不足的原因。然后根据光伏逆变器出口内电势与锁相环相角关系的机理分析，提出了基于相位补偿的锁相环改进控制策略。从无功控制需求出发推导了补偿相位的确定方法，并建立光伏并网系统单机电磁暂态仿真模型，验证了所提出的改进控制策略在三相对称、不对称、线路切除等故障场景下的有效性。最后基于RT-Lab搭建光伏发电并网系统半实物仿真平台，进一步验证了改进控制策略的有效性。该控制策略使光伏逆变器获得了更快的无功回撤能力，可有效抑制低电压故障恢复阶段的暂态过电压问题。,"['光伏逆变器', '锁相环', '相位补偿', '前馈控制', '低电压穿越', '暂态无功特性']",T49,T14,8.5,0.5961671222736376,摘要:控制策略；标题:低电压穿越；关键词:低电压穿越；摘要:低电压穿越,0.3361568560721047,0.325563478425142,0.98,T49,A38,A34,15.0,0.4375391073118448,标题:逆变器；关键词:逆变器；摘要:逆变器；标题:低电压穿越；关键词:低电压穿越；摘要:低电压穿越,0.5428609846226631,0.553850766513177,0.98,A38,False,False,False,high,high,high
ZH_0278,应用多参数协同自适应方法的虚拟同步发电机控制策略,"应用虚拟同步发电机(virtual synchronous generator, VSG)技术的光储系统在并网运行工况发生改变时，VSG输出功率和频率会发生较大波动。为了减缓功率-频率振荡，提出一种多参数协同自适应控制策略，该策略能有效抑制系统波动。首先根据VSG小信号模型，推导出系统满足相角稳定裕度条件下虚拟惯量J和阻尼系数D的取值范围。其次考虑到有功下垂系数Kf会改变系统功率-频率特性的敏感程度，设计了包含J、D、Kf的三参数协同自适应变化函数，为实现阻尼系数在第二阶段缓慢减小和第四阶段进一步增大，引入了频率差值积分项。然后，为进一步验证此方法在系统受大扰动时的适用性，在小信号分析的基础上进行VSG暂态稳定性分析。最后，在Matlab/Simulink平台的仿真模型中针对不同工况进行验证。仿真结果表明，无论在大扰动还是小扰动工况，采用改进后的方法都能够很好地增强系统稳定性。","['虚拟同步发电机', '小信号模型', '虚拟惯量', '阻尼系数', '下垂系数', '自适应控制']",T49,T14,6.5,0.6648858836082034,标题:控制策略；摘要:控制策略；摘要:稳定性分析；摘要:暂态稳定,0.43443382122535,0.3975365312673873,0.98,T49,A38,A33,0.0,0.0363762468951334,,0.3081363162942221,0.2598303349652391,0.5200138715846467,A38,False,False,False,needs_review,high,needs_review
ZH_0283,细胞工厂设计数字化赋能绿色生物制造,绿色制造是一种综合考虑环境影响与资源效益的现代化制造模式，而绿色生物制造是绿色制造的重要方式之一，是新质生产力的重要组成部分。绿色生物制造以细胞工厂为核心，利用可再生资源，实现化学品的低碳、绿色、可持续的高效生产。其中，高性能细胞工厂的设计是实现高效绿色生物制造的重中之重。传统细胞工厂设计过程复杂，耗时耗力。随着人工智能领域的发展，数字化辅助细胞工厂设计节约了时间和成本。通过数据库构建与更新、代谢流调控数字化设计、目标分子逆合成途径数字化设计、基因线路数字化设计、发酵工艺数字孪生等技术的组合可实现全生命周期数字化细胞工厂的设计，指导高性能细胞工厂的快速构建与优化，赋能绿色生物制造。,"['新质生产力', '绿色生物制造', '细胞工厂', '数字化', '合成生物学']",T12,T47,4.0,0.5389819345472784,关键词:合成；摘要:合成,0.2552178668336336,-0.0072718960908685,0.7822222222222223,T23,A26,A22,1.0,-0.0420354717068373,摘要:人工智能,0.1579699178235839,-0.3002533693345516,0.4755555555555555,A22,False,False,False,needs_review,high,needs_review
ZH_0284,微生物制造饲用氨基酸助力豆粕减量替代,在豆粕减量替代及低蛋白日粮技术推广的背景下，我国已经成为全球饲用氨基酸的主要生产国。然而，我国的氨基酸工业菌种自主研发起步较晚，面临经济技术指标相对滞后、知识产权布局不够坚实的挑战。合成生物学的蓬勃发展，为氨基酸工业生产菌种的设计与优化开辟了前所未有的技术路径，为氨基酸发酵产业在全球市场竞争中带来了新的机遇。文章深入分析了饲用氨基酸在国内外的市场需求现状，系统列举了微生物制造氨基酸领域的关键技术突破，剖析了国内氨基酸行业面临的主要问题。此外，进一步展望了微生物制造氨基酸的未来发展趋势及挑战，并提出了一系列针对性的解决方案，旨在为促进氨基酸发酵行业的稳健、快速发展提供更为全面、深入的洞察与指导。,"['饲用氨基酸', '生物制造', '豆粕替代', '生产菌种', '合成生物学']",T12,T23,4.0,0.7081330712203464,关键词:合成；摘要:合成,0.2727094936144761,-0.0847637769975255,0.7822222222222223,T23,A22,A24,1.0,0.0941944132745166,摘要:蛋白,0.6643209323202753,0.6728172376751191,0.6391694101575238,A22,False,False,False,needs_review,high,needs_review
ZH_0305,低温寒潮天气下的风电短期功率预测技术研究,"随着风电等新能源占比的不断提升，电力系统的气候依赖性日趋凸显。低温寒潮天气易导致大规模风电机组非计划停运，而现有风电功率预测方法难以预测，基于此，文章提出了一种基于极端场景划分的低温寒潮天气风电功率短期组合预测方法。根据低温寒潮影响风电停运的机理不同，划分了低温停机、大风切机和覆冰减载3种场景，优选各场景关键气象参量并采用隐马尔科夫模型(hidden Markov model,HMM)进行修正，分别建立了低温停机预估模型、大风切机预测模型和覆冰场景减载预测模型，通过与基于正常天气样本建立的常态化功率预测模型组合，最终实现低温寒潮天气风电出力的准确预测。将低温寒潮天气下3种场景预测结果与常态化功率预测进行对比，验证所提方法的有效性。","['低温寒潮天气', '场景预测', '小样本扩充', '状态预测', '组合预测']",T35,T02,4.5,0.7609091936489766,标题:功率预测；摘要:功率预测,0.3903235594005385,0.2922085260641188,0.8699999999999999,T35,A34,A28,4.5,0.57678150517518,标题:风电；摘要:风电,0.1541087071505363,0.1198678941084291,0.8699999999999999,A34,False,False,False,high,high,high
ZH_0306,基于物理机理引导的数据驱动潮流计算方法,随着电力系统可再生能源波动性、负荷随机性等不确定因素的增加，特别是在N-1故障场景下，高效大规模重复潮流计算对于实时安全分析愈发重要。然而，基于物理机理的传统潮流计算方法计算成本较高，运算速度较慢，无法满足实时风险评估需求；数据驱动潮流计算方法运算速度较快，但严重依赖数据质量，预测结果与物理机理缺乏一致性，难以应用于实际工业场景。对此，该文在数据驱动模型上引入电力系统领域知识，构建符合物理约束的深度学习模型，提高了模型性能；采用门控机制和正则化策略，将电力系统拓扑结构和物理公式嵌入到深度神经网络结构，使模型能够适应N-1故障场景下网络拓扑结构的变化。该文采用接入新能源的IEEE 14、IEEE 39以及IEEE 300节点系统进行仿真实验，在正常和N-1故障场景中验证模型效果。实验结果表明，该文方法在误差精度和遵守物理约束的程度上，较传统深度学习潮流计算方法均有提升，可以有效地评估系统在不同故障情况下的运行状态，验证了所提方法的有效性。,"['潮流计算', '数据驱动', '深度学习', '物理机理引导', '拓扑门控']",T40,T01,7.5,0.2435318954540365,标题:潮流计算；关键词:潮流计算；摘要:潮流计算,0.3160738610024095,0.0252278246716894,0.98,T40,A27,A34,7.5,0.6136957003213528,标题:物理；关键词:物理；摘要:物理,0.0745200315084802,-0.0736021405617657,0.94,A34,False,False,False,high,high,high
ZH_0310,多分区异步互联电力系统频率稳定分析与控制研究综述,"随着可再生能源装机的快速增长，以及电网由大同步电网向多分区异步互联电网的架构转变，使得分区电网逐步呈现“低惯量+调频资源匮乏”的特性，频率安全问题日益凸显。利用高压直流输电系统(highvoltagedirectcurrent,HVDC)的快速功率控制能力可实现对异步互联分区电网之间调频资源的共享，抑制大频率扰动后的频率变化率及频率极值点，提升异步互联电网的频率稳定性。首先，介绍了国内外基于直流系统的调频控制方法以及直流参与调频后异步互联系统频率稳定分析的研究现状。然后，详细阐述了基于电网换相换流器和基于电压源型换流器两种类型HVDC频率控制方法的基本原理，以及HVDC参与频率支撑后异步互联系统的频率稳定分析方法。最后，对多分区异步互联系统频率稳定分析和直流调频控制目前存在的问题以及未来发展方向进行了总结和归纳。","['高压直流输电', '异步互联系统', '直流频率控制', '频率稳定分析']",T06,T11,3.5,0.5240010462854078,标题:综述,0.0886488669496674,0.0693952285692388,0.7544444444444445,T31,A32,A34,6.0,0.6507471256904687,关键词:高压直流；摘要:高压直流；摘要:HVDC；摘要:换流器,0.4742144636448333,0.3624794692176338,0.9533333333333334,A32,False,False,False,high,high,high
ZH_0312,基于滑模一致性的多并联互联变流器分布式鲁棒功率控制策略,"针对现有交直流混合微电网分布式控制策略未充分考虑多并联互联变流器(interlinkingconverter,IC)场景、通信拓扑结构复杂、易受通信干扰以及运行工况变化等内外扰动影响等问题，该文提出了基于滑模一致性的多并联IC分布式鲁棒功率控制策略，通过系统期望的动态特性以及滑动模态设计分布式滑模控制器，确保多并联IC的传输功率于有限时间收敛至一致性目标稳态值，并通过理论分析证明了其在未知扰动下的稳定性以及有限时间收敛性能。该策略能够降低滑模增益系数，抑制滑模控制的抖振现象，并实现对未知干扰的动态补偿，确保多并联IC传输功率协调控制以及高精度分配。仿真算例验证了所提控制策略的可行性与有效性。","['交直流混合微电网', '多并联互联变流器', '分布式滑模控制', '功率协调控制', '干扰补偿']",T49,T45,4.5,0.7381277301841958,标题:控制策略；摘要:控制策略,0.1870644291672195,0.1294837870299701,0.8699999999999999,T49,A33,A38,4.0,-0.3361139949358294,关键词:微电网；摘要:微电网,0.0773794944242231,-0.0008142495416385,0.6422222222222222,A07,False,False,False,needs_review,high,needs_review
ZH_0313,针对电力系统人工智能算法的数据投毒后门攻击方法与检测方案,"人工智能(artificial intelligence,AI)算法已经成为应对新型电力系统不确定性和复杂性的重要手段，其利用历史或仿真数据拟合特征与问题间的关联关系，避免了对复杂物理机理的建模分析，从而可以降低问题维度并提高计算效率。然而，AI的黑箱运行模式亦存在安全风险，攻击者可通过恶意手段影响算法模型的训练过程，在模型中植入后门，从而控制算法的输出结果，最终影响电力系统相关业务。该文分析了对电力系统AI植入后门的可行性，设计了一种针对电力系统基于数据投毒的后门攻击方法，根据系统节点入侵难度构造后门触发器致使AI对特定场景样本产生错误判别；为防御此类攻击，在模型层面和样本层面设计了后门攻击的检测方案。最后在AI驱动的暂态稳定评估案例中测试了所提攻击与检测效果。","['人工智能', '深度学习', '数据投毒', '后门攻击']",T01,T49,3.0,0.4860501205808287,关键词:深度学习,0.1549310961509127,0.0432151470059199,0.7866666666666666,T01,A26,A27,7.5,0.6941961830884763,标题:人工智能；关键词:人工智能；摘要:人工智能,0.52292902715453,0.5014013077748313,0.98,A26,False,False,False,high,high,high
ZH_0316,基于时段主导特征的三相不平衡台区识别及治理,间歇性家庭新能源及汽车充电桩的单相接入，加剧了台区三相不平衡问题。台区数量巨大且负荷随机性大，导致不平衡台区识别复杂，不平衡治理的人力及物力成本巨大。为减小成本和提高治理效果，该文提出了任选时段(如前日)的主导不平衡度评估及主导相分量平衡的优化方法，以筛选出严重不平衡台区，得到相间负荷转供的方案。研究发现，台区总表三相电流的时序矩阵经奇异值分解后，主导阵为原矩阵的主要成份；由其左奇异向量可表征任选时段内唯一的主导不平衡度、相间转供的方向及主导分量占比；根据右奇异向量的时序特征，可提取重载相的各单相负荷主导及次要分量。故以主导相分量平衡及次要相分量相抵为目标的优化，可避免随机组合寻优的灾难计算量，得到相间转供的单相负荷组合的有效方案。算例验证了所提方法的有效性。该文思路不追求每一时刻的精准，旨在寻求任选时段的总体最优；提出的严重不平衡台区识别及治理方法，具有较好的可行性，对提高配网的供电质量和设备安全性具有实际意义。,"['台区三相不平衡度', '奇异值分解', '主导特性', '严重不平衡台区识别', '相间负荷转供']",T27,T13,4.0,0.5174096884142543,关键词:奇异值分解；摘要:奇异值分解,-0.003376173002262,-0.1613593684696119,0.7822222222222223,T36,A31,A35,7.5,0.6131645051790484,标题:台区；关键词:台区；摘要:台区,0.0616635630534487,-0.077396391578226,0.94,A35,False,False,False,high,high,high
ZH_0317,电池储能参与传统第三道防线频率调整的协调控制策略,针对传统第三道防线难以应对低惯量电力系统频率突变的问题，提出一种电池储能参与传统第三道防线频率调整的协调控制策略。通过分析不同惯量水平下第三道防线触发条件的变化，揭示系统惯量水平对传统第三道防线频率调整的影响。建立含触发、功率分配和荷电状态限制3个模块的储能系统参与第三道防线的频率调整控制模型。利用功率分配协调控制模块对不同状态的储能组进行频率响应信号分配，充分利用各组储能的可调节容量。通过荷电状态限制模块对储能的实际充放功率进一步优化，减缓储能到达容量阈值限制的速度。案例分析表明，所提控制策略可有效提高传统第三道防线频率调整的响应效果，并为传统第三道防线的触发条件优化提供了理论参考。,"['电池储能', '第三道防线', '频率调整', '控制策略']",T49,T40,7.5,0.7277722377050673,标题:控制策略；关键词:控制策略；摘要:控制策略,0.13972671477241,0.0555159836076234,0.98,T49,A35,A14,7.5,0.713709398478878,标题:储能；关键词:储能；摘要:储能,0.104889095827664,-0.0449328680080137,0.94,A14,False,False,False,high,high,high
ZH_0319,计及占用影响的集成楼宇暖通空调负荷群配电网优化方法,"提出了一种考虑人员占用影响的集成楼宇暖通空调(heating,ventilation and air conditioning,HVAC)负荷群配电电网优化方法。首先,依据建筑围护热阻热容网络和配电网支路潮流方程构建了集成暖通空调负荷群配电网数学模型。其次,利用梯形隶属度函数模糊化占用人数并考虑其对暖通空调负荷温度调控的影响,形成包含占用松弛函数约束的暖通空调负荷群与配电网联合优化方法。最后,通过模型预测控制方法实现了集成楼宇暖通空调负荷群配电网的滚动优化控制。改进的IEEE33节点配电网系统仿真结果表明,所提出的计及占用影响的联合优化模型,在楼宇侧能够满足人员热舒适性,同时减少楼宇暖通空调负荷能耗,在电网侧则减少配电网线路损耗和节点电压的波动,有效提高楼宇侧和电网侧整体的节能水平。","['楼宇暖通空调', '配电网', '联合优化', '占用影响', '模型预测控制']",T26,T37,4.0,0.7956768996481474,关键词:模型预测控制；摘要:模型预测控制,0.6862875615126037,0.5405492832010531,0.8422222222222222,T26,A31,A27,7.5,0.6329186668536619,标题:配电网；关键词:配电网；摘要:配电网,0.112355512841765,0.0637047632404425,0.98,A31,False,False,False,high,high,high
ZH_0320,多级多分支配电线路雷击故障定位方法,"针对监测终端受多级多分支配电线路负荷小,无法布置在线路末端导致监测范围小的问题,以及雷击次级分支时缺乏有效识别方法的现状,提出一种适用于多级多分支配电线路的雷击故障定位方法。首先通过电流极性判断矩阵识别监测区段内外故障,并针对区段外故障采用改进型双端行波定位方法进行故障定位。然后,针对监测区段内故障,基于改进型双端行波原理形成故障支路判断矩阵实现一级多分支线路的故障定位,而针对多级多分支线路,需要先采用矩阵变换将多级多分支变换为一级多分支线路。最后,PSCAD/EMTDC仿真结果表明,该方法可以有效定位监测区段外故障,并能有效定位多级多分支配电线路中次级线路雷击故障,扩大分布式监测系统的监测范围,对于示范线路目前的布点方案,将监测范围扩大了57.46%。","['行波法', '山区复杂配电线路', '故障支路判断矩阵', '拓扑变换']",T36,T14,4.5,0.6195381602801405,标题:故障定位；摘要:故障定位,0.3748926191136058,0.4252725734295756,0.8699999999999999,T36,A37,A09,0.0,0.0245294942322429,,0.2903729884424803,0.1752106730874493,0.5069824436554672,A37,False,False,False,needs_review,high,needs_review
ZH_0321,采用双二阶广义积分器锁相环的MMC多谐波线性化阻抗建模与分析,"与传统单同步坐标系锁相环相比,双二阶广义积分器锁相环(dual ge neralized integrator phase-locked loop,D SOGIPLL)能够在三相电压不平衡、畸变和谐波复杂情况下快速、准确锁相。然而,目前鲜有关于采用DSOGI-PLL的模块化多电平换流器(modular multilevel converters,MMC)阻抗模型。基于多谐波线性化法建立了采用DSOGI-PLL的MMC阻抗模型,并验证了所建立模型的准确性。基于此模型,分析了控制参数对MMC阻抗特性的影响,并对比分析了接入不同强度电网时的系统稳定性。结果表明,与传统锁相环相比,DSOGI-PLL特有的阻尼系数会对MMC阻抗特性产生影响,阻尼系数的减小有利于提高系统稳定性,在其他控制器参数变化或电网强度变化导致并网MMC不稳定时,可通过减小阻尼系数使系统达到稳定状态。","['模块化多电平换流器', '双二阶广义积分器锁相环', '多谐波线性化', '阻抗建模', '稳定性分析']",T40,T49,6.5,0.3808727913404313,标题:阻抗建模；关键词:阻抗建模,0.0901872365786729,-0.0487108310848314,0.9211111111111112,T49,A32,A16,4.0,0.7144139168550961,关键词:换流器；摘要:换流器,0.0272278999484153,-0.03990059389217,0.7822222222222223,A16,False,False,False,medium,high,medium
ZH_0324,沿海区域综合能源生产单元随机优化调度,"为实现沿海区域的海上风电场、海上采气平台和陆上热电联供燃气电厂等多种能源生产子单元的协同化运行，考虑可再生能源出力和氢负荷的随机波动，提出沿海区域综合能源生产单元(coastal integrated energy production units,CIEPU)随机优化调度模型。采用参数化代价函数近似(parametric cost function approximation,PCFA)的动态规划算法求解随机优化调度模型。通过一种基于梯度下降的求解方法——Adadelta法，获得策略函数的一阶信息，并计算梯度平方的指数衰减平均值，以更新策略函数的迭代步长；对随机优化调度模型进行策略参数逼近，从而得到近似最优的策略参数，并逐一时段求解出CIEPU的最优调度计划。最后，以某个CIEPU为例，分析计算结果表明，所提出方法获得的优化调度方案可以提高CIEPU运行的经济性并降低碳排放量，验证了所提方法的准确性和高效性。","['综合能源生产单元', '随机优化调度', '近似动态规划', '参数化代价函数近似']",T37,T39,7.5,0.0136726813094186,标题:优化调度；关键词:优化调度；摘要:优化调度,0.2896047913486611,0.097662009352991,0.8750399494403607,T37,A34,A09,2.0,0.3635273078891725,摘要:风电；摘要:可再生能源,0.1665130129660735,0.025195056351233,0.6711111111111111,A33,False,False,False,medium,high,medium
ZH_0328,构网型柔性直流系统阻尼环节控制策略优化研究,采用构网控制的柔性直流输电系统可模拟同步电机运行特性，为电网提供频率和电压支撑，而传统的功率同步型构网控制阻尼环节引入了调频功能，使柔直功率输出随电网频率变化而波动。该文基于同步发电机调频和阻尼环节的机理辨析，提出了功率同步型构网控制阻尼环节改进方法，可同时满足并网运行稳态功率精准控制和频率突变的阻尼需求，并基于小信号稳定分析给出了控制参数设计原则，基于电磁暂态仿真平台以及渝鄂柔性直流工程现场试验验证了改进策略的有效性。,"['构网控制', '柔性直流', '阻尼环节', '小信号分析']",T49,T47,3.5,0.5638173235866534,标题:控制策略,0.4264662192444987,0.3537972092924222,0.8144444444444445,T49,A38,A32,3.5,-0.3626648686042485,标题:构网型,0.4452684031697815,0.152393795683939,0.6744444444444444,A38,False,False,False,medium,high,medium
ZH_0329,柔性直流换流站供电无源交流线路电压单环控制策略研究,高比例新能源经柔性直流并网送出时无源交流线路空载加压是必不可少的环节，换流站闭环运行控制存在谐振失稳风险。针对该应用场景，提出了一种具备故障限压限流和谐振抑制能力的电压单环控制策略。首先，在考虑换流站链路延时的基础上，采用常规电压单环控制方式，分析了该场景下诱发谐振失稳的关键因素。其次，考虑故障限压限流和谐振抑制需求，提出了电压前馈和电流前馈补偿控制策略，推导了故障电流与电压单环控制器限幅和电流前馈补偿等效直流增益之间的数学关系。再次，以抑制谐振为目标，从不同频率段实现了前馈补偿器参数选择范围的解析计算和优化设计。最后，采用电磁暂态仿真模型验证所给控制策略和参数解析计算与优化设计的有效性。,"['无源交流线路', '柔性直流输电', '电压单环', '谐振振荡', '补偿控制']",T49,T14,4.5,0.4125582597414278,标题:控制策略；摘要:控制策略,0.1480346811232369,0.089701855295913,0.8699999999999999,T49,A32,A27,12.0,0.7104171261064663,标题:柔性直流；关键词:柔性直流；摘要:柔性直流；标题:换流站；摘要:换流站,0.338097775371982,0.3601223293319021,0.98,A32,False,False,False,high,high,high
ZH_0331,提升特高压直流系统送端频率稳定性的协调控制策略,随着特高压直流输电系统送端电网新能源渗透率的日益提高，系统惯量水平大幅降低，频率稳定问题日趋突出。该文综合考虑特高压直流系统与传统同步电源的频率响应特性，提出了一种主动支撑送端系统频率的多时间尺度协调控制策略，在提升系统频率稳定性的同时实现调频资源的合理利用。结合送端系统最大调频备用容量和扰动后的不平衡功率，分析了不同场景下的系统调频需求，提出了特高压直流系统的多时间尺度调频控制策略，使其同时具备惯量支撑与一次调频的能力；结合同步机一次调频最大备用容量，设计了特高压直流系统调频控制策略的死区值，实现了不同场景下特高压直流系统惯量支撑与一次调频作用的自适应切换，在保证送端交流系统频率稳定的同时实现同步机调频能力的充分利用；在此基础上，分析了不同场景下频率支撑协调控制策略的动态响应特性，进一步凸显了其相比于现有控制策略的优越性。最后，基于RTLAB实时数字仿真平台搭建了新能源基地经特高压直流送出系统的仿真模型，验证了所提频率主动支撑协调控制策略的有效性。,"['特高压直流系统', '惯量支撑', '一次调频', '协调控制', '频率稳定性']",T49,T47,4.5,0.5818841466681288,标题:控制策略；摘要:控制策略,0.2134522395928657,0.1563153333437769,0.8699999999999999,T49,A32,A37,15.0,0.770810729928425,标题:高压直流；关键词:高压直流；摘要:高压直流；标题:特高压；关键词:特高压；摘要:特高压,0.4307067656231237,0.3629337852030359,0.98,A32,False,False,False,high,high,high
ZH_0336,基于融合少数类过采样均衡多分类数据的改进极限学习机的变压器故障诊断方法,"针对变压器小概率故障事件导致数据集不均衡时，严重影响故障识别能力的问题，提出一种基于融合少数类过采样(synthetic minority over-sampling technique,SMOTE)算法均衡多分类数据的改进麻雀搜索算法(improved sparrow search algorithm,ISSA)优化极限学习机(extreme learning machine,ELM)的变压器故障诊断方法。首先，利用K-means算法对样本空间进行聚类，基于不平衡度选择聚类中心，利用SMOTE算法向聚类簇合成新样本以增强类内特征的聚合性；其次，针对边界区的样本，利用基于不同策略的Borderline-SMOTE算法向聚类簇合成新样本以增大类间特征的差异性；最后，利用基于Tent混沌映射的麻雀搜索算法(sparrow search algorithm,SSA)对极限学习机(extreme learning machine,ELM)模型中的输入权值和隐藏层偏置进行优化，以提高算法的全局搜索能力和模型的诊断精度。基于变压器油色谱数据的故障诊断实验结果表明：所提基于融合SMOTE均衡多分类数据的ISSA-ELM变压器故障诊断方法能够有效改善诊断模型对多数类的偏向问题，进一步提升模型的诊断精度、收敛速度和稳定性，适用于变压器非均衡数据集的多分类故障诊断。","['变压器', '故障诊断', '非均衡数据', '合成少数类过采样', '麻雀搜索算法', '极限学习机']",T36,T02,7.5,0.0133567366377322,标题:故障诊断；关键词:故障诊断；摘要:故障诊断,0.2248249931131672,0.0954052616980885,0.8746924103015055,T36,A37,A09,7.5,0.7224040718668914,标题:变压器；关键词:变压器；摘要:变压器,0.213129224177697,0.0171719419063673,0.98,A37,False,False,False,high,high,high
ZH_0338,考虑风光不确定与碳交易的区域综合能源系统双层博弈优化运行,"随着“双碳”目标的提出，多能源交互和新能源消纳的区域综合能源系统(region integrated energy system,RIES)成为研究热点。为兼顾RIES中各主体利益，文中提出一种考虑风光不确定和碳交易的RIES双层博弈优化运行策略。首先，基于多智能体技术，建立以能源销售代理商(energy sales agent,ESA)、能源运营代理商(energy operation agent,EOA)和用户代理商(energy use agent,EUA)为主体的双层多智能体系统模型；其次，针对风光出力不确定性，采用蒙特卡洛法进行随机场景生成并通过k-means聚类和同步回代消除技术进行场景削减；然后，在考虑源侧各主体运行收益、碳交易成本以及负荷侧综合需求响应基础上，搭建纵向Stackelberg博弈嵌套横向EOA非合作博弈竞价的双层博弈框架并证明Nash均衡；最后，利用改进双变异差分进化算法结合YALMIP工具箱和商业软件CPLEX在MATLAB中进行仿真分析，算例结果表明所提优化策略可有效实现各主体利益提升的同时减少弃风光率和碳排放量。","['区域综合能源系统', '多智能体', '风光不确定性', '非合作博弈', '碳交易', '综合需求响应']",T38,T39,4.0,0.5488673661064549,关键词:合作博弈；摘要:合作博弈,0.2127480217768433,0.0633383293318207,0.8422222222222222,T38,A33,A34,7.5,0.046225542883639,标题:综合能源系统；关键词:综合能源系统；摘要:综合能源系统,0.3737005219200776,0.3301824491688498,0.910848097172003,A33,False,False,False,high,high,high
ZH_0339,基于热-电-流耦合的芯棒碳化复合绝缘子发热特性研究,该文基于有限元原理，建立了110 kV复合绝缘子热–电–流多物理场仿真模型，重点研究复合绝缘子芯棒碳化缺陷下，环境风速、缺陷位置及缺陷程度对复合绝缘子表面热场分布的影响。然后对仿真数据进行分析，建立了芯棒碳化通道长度与复合绝缘子表面温升之间的三次函数关系，空气流速与缺陷部位表面热量流失之间的幂函数关系，同时提出了考虑空气流动下的复合绝缘子缺陷部位发热仿真计算模型。最后利用该文仿真模型计算结果与现场实际劣化下的复合绝缘子红外测试结果进行对比验证，得到本模型温升相对误差为1.48%，缺陷部位温度相对误差为0.39%，验证了仿真模型的有效性。研究结果可为对现行的复合绝缘子红外诊断方法提供补充和参考。,"['复合绝缘子', '发热', '有限元', '多物理场耦合', '空气对流']",T14,T15,5.0,0.7279294380718404,关键词:有限元；摘要:有限元；摘要:仿真模型,0.2559964883054186,0.0566388433702883,0.8977777777777778,T14,A27,A07,4.0,0.7134644513853048,关键词:物理；摘要:物理,0.0954399519761911,-0.0466824901049656,0.7822222222222223,A07,False,False,False,medium,high,medium
ZH_0341,考虑三段式线路保护主保护范围的电网故障诊断解析模型,"当电力系统中的线路发生故障时，如果线路主保护没有发生动作，则会被认为拒动，系统将付出主保护拒动的代价。为避免主保护被认为拒动的情况，准确判断主保护的动作，提出了一种考虑三段式线路保护主保护范围的电力系统故障诊断解析模型。该模型依据线路首末两端主保护的保护范围，将线路分成3部分，并对这3部分的保护动作逻辑表达式进行细化描述，再与母线和变压器的解析模型相结合建立完整的电力系统故障诊断解析模型。并利用改进后的粒子群优化算法(particle swarm optimization,PSO)对电网中实际的故障案例进行仿真验证，证明该模型能够有效地解决线路主保护被认为拒动的情况，且实现了对电力系统故障的准确诊断。","['线路', '主保护', '保护范围', '故障诊断', '解析模型']",T36,T16,7.5,0.0617026048168422,标题:故障诊断；关键词:故障诊断；摘要:故障诊断,0.4976019276799145,0.4407328915488727,0.9278728652985264,T36,A37,A09,5.5,0.7583957649463472,摘要:变压器；标题:线路保护；摘要:线路保护,0.5213497016916148,0.2742554639024801,0.9255555555555556,A37,False,False,False,high,high,high
ZH_0344,考虑电动汽车灵活储能的交直流混合微电网功率协调控制策略,孤立交直流混合微电网集中储能荷电状态趋近充、放电临界值，容易引发微电网及其子网功率越限，从而导致系统供电不可靠。在此背景下，该文提出了一种考虑电动汽车灵活储能的交直流混合微电网功率协调控制策略。首先，根据交直流混合微电网及其子网功率盈缺状态，同时考虑混合储能中传统集中和灵活储能之间协调配合，将交直流混合微电网运行模式划分为正常、临界平衡和功率越限3种。在此基础上，根据储能荷电状态不均衡或异常、子微网越限等非正常状态进一步划分工况，以将控制目标进行细分。接着，通过分析电动汽车灵活储能、传统集中储能与互联接口变换器在同一时间尺度下的响应优先级，设计混合储能功率分配和互联接口变换器功率传输原则，并提出系统运行模式及工况间平滑切换方法。最后，基于MATLAB/Simulink搭建的交直流混合微电网仿真模型验证了所提控制策略的有效性。,"['交直流混合微电网', '电动汽车', '灵活储能', '优先级响应', '模式划分', '协调控制']",T49,T14,4.5,0.5806005760926651,标题:控制策略；摘要:控制策略,0.1250653287130246,0.147146972090465,0.8699999999999999,T49,A33,A35,7.5,-0.3932944639655584,标题:微电网；关键词:微电网；摘要:微电网,0.0489216107759714,-0.2378175997539883,0.8,A35,False,False,False,high,high,high
ZH_0347,基于自适应插值强跟踪扩展卡尔曼滤波的电力系统动态状态估计研究,"针对扩展卡尔曼滤波(extended Kalman filter,EKF)算法在电力系统状态估计时存在鲁棒性差，精度被非线性系统的非线性程度制约大等缺点，提出一种自适应插值强跟踪扩展卡尔曼滤波(adaptive interpolation strong tracking extended Kalman filter,AISTEKF)算法，用于电力系统的动态状态估计。新算法利用自适应插值在两个连续采样点之间增加伪量测值，减小了EKF的线性化误差，有效提高了算法估计的精度；此外，该方法在EKF算法基础上引入强跟踪理论，增强了算法估计的鲁棒性。为验证所提出方法的有效性，分别运用EKF算法、自适应插值扩展卡尔曼滤波(adaptive interpolation extended Kalman filter,AIEKF)算法和AISTEKF算法对IEEE-5节点系统和IEEE-30节点系统进行动态状态估计。实验结果表明，与EKF和AIEKF算法相比，无论在高斯噪声环境下还是3种有偏噪声环境下，AISTEKF算法的电压幅值估计精度和电压相角估计精度都有显著性提高。所提出的新算法是一种鲁棒性好且估计精度高的电力系统状态估计方法。","['电力系统', '动态状态估计', '自适应插值强跟踪扩展卡尔曼滤波', '电压幅值', '电压相角']",T35,T27,7.5,0.0429440541664496,标题:状态估计；关键词:状态估计；摘要:状态估计,0.4322349779870698,0.3067432440460693,0.9072384595830948,T35,A01,A49,0.0,5.322324173143156e-05,,0.0640338201722575,0.0003801660123672,0.4800585455659045,A01,False,False,False,needs_review,high,needs_review
ZH_0348,基于相似日与多模型融合的短期负荷预测,"为提高负荷预测精度，以相似日思想为基础，构建了一种基于相似日与多模型融合的短期负荷预测框架。首先，通过Pearson相关系数确定负荷的气象影响因素，并结合气象因素及负荷日期类型进行相似日选取，构造历史数据集；其次，采用互补集合经验模态分解(complementary ensemble empirical mode decomposition,CEEMD)技术将历史数据集分解为不同频率下的固有模态函数(intrinsic mode function,IMF)分量；然后，采用长短期时序网络(long short term time-series network,LSTNet)及极限学习机(extreme learning machine,ELM)模型分别对高频及低频IMF分量进行预测，经过结果的融合得到最终的负荷预测结果；最后，经过实际电力负荷验证，所提出模型具有较高的负荷预测精度。","['短期负荷预测', '相似日']",T35,T13,7.5,0.6357080557984205,标题:负荷预测；关键词:负荷预测；摘要:负荷预测,0.1959616909423241,0.0836289699887181,0.98,T35,A09,A07,1.0,0.7058381393292417,摘要:CT,-0.0180772144168412,-0.1011561476482732,0.6155555555555555,A07,False,False,False,needs_review,high,needs_review
ZH_0351,基于改进秃鹰算法优化极限学习机的谐波发射水平估计,,"['谐波发射水平', '秃鹰搜索优化', '柯西变异算子', '极限学习机']",T02,T27,6.5,0.6866234348680693,标题:极限学习机；关键词:极限学习机,0.0450341234304585,-0.2384040366566471,0.8211111111111111,T27,A25,A26,0.0,0.0066527669209405,,0.1288354548037208,0.0475197637210037,0.3873180436130345,A25,True,False,False,needs_review,high,needs_review
ZH_0352,基于抗频率偏移电感辨识的并网逆变器模型预测控制,电感参数对实现并网逆变器高精度模型预测控制至关重要，而传统电感辨识方法易受到电网频率偏移的影响，且在有功功率为零时无法使用。为提高模型预测控制中电感参数的频率鲁棒性，提出了一种基于模型参考自适应的电感在线辨识方法。首先，设计了一种二阶滑模观测器观测电网电压。其次，在不补偿低通滤波器造成观测电压幅值和相位偏差的情况下，令实际电网电压也产生相同的幅值和相位偏差，而后利用二者之间的误差与电感误差的关系建立电感辨识模型，从而克服了电网频率偏移对电感辨识结果的影响，且在有功功率为零时也可实现电感辨识。最后，将辨识出的电感参数代入模型预测控制算法，即可实现对逆变器更准确地控制。实验研究验证了所提电感辨识方法的有效性和准确性。,"['并网逆变器', '电感辨识', '模型预测控制', '滑模观测器', '频率鲁棒性']",T26,T27,7.5,0.695387002779849,标题:模型预测控制；关键词:模型预测控制；摘要:模型预测控制,0.527601099603943,0.5099071627132076,0.98,T26,A38,A25,7.5,0.7319751249343872,标题:逆变器；关键词:逆变器；摘要:逆变器,0.1436880302248383,0.0855366066741948,0.98,A38,False,False,False,high,high,high
ZH_0353,基于MMC的光伏直流升压并网系统故障分析及限流控制策略,"基于模块化多电平换变流器(modular multilevel converter, MMC)的光伏直流升压并网系统为大容量并网提供了更多的可能。而光伏升压系统直流侧发生故障时暂态过程复杂，故障电流上升迅速且峰值过高。针对此问题，首先对系统直流侧双极短路故障时的直流升压变换器与MMC换流站进行了故障过程分析，并通过故障回路分别计算出了可靠闭锁下流经短路点的故障电流。然后针对MMC换流站的故障电流，依据其控制原理，提出基于电压变化的主动限流控制策略。该控制通过引入电压变化量动态改变桥臂参考电压，从而限制故障电流。最后通过PSCAD仿真模型验证了故障分析结果与限流效果，经检验，该控制策略可以有效减小断路器的开断电流以及桥臂过流峰值。","['光伏', '双极短路', '直流变换器', '限流控制']",T49,T14,4.5,0.4336284967480805,标题:控制策略；摘要:控制策略,0.2417245107030055,0.240203548200575,0.8699999999999999,T49,A32,A34,1.0,-0.6182334720253764,摘要:换流站,0.0807579885202761,0.0411894855330255,0.4755555555555555,A38,False,False,False,needs_review,high,needs_review
ZH_0355,基于电动汽车两阶段充电站分配的聚合商定价方法,随着“双碳”目标的提出，电动汽车数量与日俱增，充电桩数量不足导致电动汽车充电排队时间增加、聚合商定价等问题日益凸显。针对上述问题，提出电动汽车两阶段充电站分配的聚合商定价方法。首先将聚合商与电动汽车签约模式分为完全调度、奖罚机制调度和自由调度三类，考虑外部因素对电动汽车能耗影响并建立路网模型。然后采用改进A*算法求解最短路径，在A*算法的估价函数中引入时间因子。同时根据交通能耗、不间断行驶时间、红绿灯等待时间等因素改进估价函数。聚合商根据电动汽车的充放电需求、库伦定律得到充电站对电动汽车的吸引力。再建立电网-聚合商-电动汽车供应链，并进行两阶段的合理定价及充电站分配。最后通过算例验证聚合商定价方法可以显著提高调峰效率和聚合商利润，减少电动汽车排队时间及交通能耗。,"['改进A*算法', '库伦定律', '吸引力', '充电站分配', '两阶段', '供应链']",T12,T31,4.5,0.71575642013182,标题:聚合；摘要:聚合,0.0735901155352176,-0.030311284772714,0.8099999999999999,T31,A35,A46,5.5,0.6721761724152107,标题:电动汽车；摘要:电动汽车；摘要:充电桩,0.6452154715763512,0.5934661666021548,0.9255555555555556,A35,False,False,False,high,high,high
ZH_0357,孤岛光伏并联逆变器系统的固定时间模糊反步控制策略,针对孤岛光伏并联逆变器系统存在固有的建模不确定性以及动态性能差的问题，提出一种固定时间模糊反步控制策略。首先，将滤波器参数和输出电流作为未知项，建立含有滤波器参数摄动和输出电流扰动的单台逆变器等效数学模型。其次，将固定时间Lyapunov稳定性原理、模糊逻辑控制理论和反步控制理论相结合，利用固定时间模糊反步控制器逼近系统中的未知项，以改善逆变器的输出电压。然后，基于严格的Lyapunov定理证明所提控制策略下的系统是固定时间稳定的，且稳定时间的上界与系统的初始状态无关。最后，通过两台20 kW样机验证了所提控制策略的有效性。,"['孤岛模式', '并联逆变器', '固定时间控制', '模糊控制', '反步控制']",T49,T17,4.5,0.5966880812605505,标题:控制策略；摘要:控制策略,0.2832568174608305,0.2620577232896463,0.8699999999999999,T49,A38,A34,7.5,0.3331694959248219,标题:逆变器；关键词:逆变器；摘要:逆变器,0.2765384202633725,0.3226392566058711,0.98,A38,False,False,False,high,high,high
ZH_0360,考虑电池储能老化和需求侧响应的交直流混合配电网动态重构方法,现有的电池储能模型一方面认为电池的充放电功率和效率为固定不变的，另一方面有关电池储能的充放电过程对循环老化的影响缺少考虑，这与电池单元本体的非线性等效电路模型相违背。因此，考虑电池储能的循环老化成本、需求侧响应，提出了交直流混合配电网动态重构方法。通过对实际电池储能的充放电功率的运行区域进行采样，在凸包络的采样点集合中将非理想状态下的电池储能模型重构为线性模型。在此基础上，分别建立了基于累积吞吐电量和放电深度的循环老化成本模型，构建了综合成本最小化的交直流混合配电网动态重构模型。并采用混合整数二阶锥规划方法求解。在改进的33节点算例上仿真验证了所提基于放电深度的循环老化成本模型的经济性，分析了交直流混合配电网重构方法经济性的影响因素。,"['电池储能', '非理想线性模型', '交直流混合配电网', '动态重构', '混合整数二阶锥规划']",T37,T12,8.0,0.6827216379765856,关键词:混合整数；摘要:混合整数；关键词:二阶锥规划；摘要:二阶锥规划,0.4541165369067577,0.3765831284041829,0.98,T37,A31,A35,7.5,-0.0045893821000388,标题:配电网；关键词:配电网；摘要:配电网,0.0708601427905634,-0.0327813007145636,0.8,A14,False,False,False,high,high,high
ZH_0362,基于抖音数据的浙江省景区村庄网络关注度的空间分异及其影响因素,文章基于抖音数据，运用位序—规模、核密度、最邻近指数等方法揭示了浙江省景区村庄网络关注度的空间分布格局和结构特征，并运用地理探测器探究了景区村庄网络关注度空间分布的影响因素。研究发现：(1)网络关注度头部景区村庄优势明显，中部和尾部景区村庄发育较差；(2)景区村庄网络关注度核密度分布整体呈现“T”字形空间聚集结构，并且在“T”字形内部呈现出五大核心集聚区；(3)三类景区村庄网络关注度核密度分布整体呈现“一低两高、分异鲜明”的空间格局；(4)地区经济水平、服务业支撑是影响整体景区村庄网络关注度空间分布的重要因子，其次是植被覆盖率、农村居民生活水平和网络普及水平等，而且影响因子交互探测结果表明，多因子作用强于单因子；(5)三类景区村庄驱动力因子影响程度各不相同，其中网络普及水平是特色休闲类景区村庄网络关注度空间分布的最大影响因子，地区经济水平是民俗文化类和自然生态类景区村庄网络关注度空间分布的最大影响因子，但植被覆盖率和空气质量是自然生态类景区村庄网络关注度空间分布作用较大的影响因子。,"['景区村庄', '网络关注度', '乡村旅游', '高质量发展', '影响因素', '抖音数据']",T48,T30,5.5,0.7419717514227883,摘要:空间格局；标题:空间分异；摘要:地理探测器,0.2735387549826252,0.1569410815913449,0.9255555555555556,T48,A45,A42,6.0,0.5946753517343935,关键词:旅游；关键词:乡村旅游,0.0690009115364725,-0.038033201897189,0.8933333333333333,A42,False,False,False,high,high,high
ZH_0371,基于自适应虚拟阻抗的构网型变流器暂态稳定性提升策略研究,"在电网故障期间，构网型变流器(grid-forming converter, GFC)切换至限流模式将引起功率输出不可控，并可能导致暂态失稳。为了确保GFC在故障期间能够同时满足电流限制并保持与系统同步稳定的要求，同时解决故障清除后出现的暂态过电流问题，提出了一种提升暂态稳定性的自适应虚拟阻抗控制策略。首先，基于GFC暂态运行的功角曲线分析，提出了GFC的暂态稳定运行条件。其次，分析暂态过程中虚拟阻抗对故障过电流限制和同步稳定性的影响规律，提出了一种自适应虚拟电感的闭环控制策略来提高同步稳定性，并采用自适应虚拟电阻限制故障过电流。最后，通过单机无穷大系统硬件在环实验测试和8总线系统仿真，验证了所提控制策略在故障期间不仅可以有效限制故障过电流和稳定输出功率，并在故障恢复瞬间不产生峰值功率和电流。","['构网型变流器', '暂态稳定性', '虚拟阻抗', '电流限制', '同步稳定性']",T49,T13,8.5,0.7774780212226062,摘要:控制策略；标题:暂态稳定；关键词:暂态稳定；摘要:暂态稳定,0.5251426032905883,0.410557294447187,0.98,T49,A38,A37,15.0,0.7141000459182876,标题:构网型；关键词:构网型；摘要:构网型；标题:变流器；关键词:变流器；摘要:变流器,0.4187456501888835,0.3007146137020545,0.98,A38,False,False,False,high,high,high
ZH_0373,基于护层接地线电流和分段TKEO的电缆早期故障检测方法,"电缆早期故障放电持续时间短，故障特征微弱，难以触发常规的过电流保护，故障查找困难。若不及时检测和处理，故障会逐步恶化，并在一定时间内发展成永久性故障。针对中压配电网极易发生电缆早期故障且难以灵敏可靠地检测故障的问题，提出了一种基于护层接地线电流和分段Teager-Kaiser能量算子(Teager-Kaiser energy operator, TKEO)的电缆早期故障检测方法。首先，采用最优变分模态分解(optimal variational mode decomposition,OVMD)对护层接地线电流信号进行分解，利用中心频率法确定最优分解数，获得本征模态函数(intrinsicmode function, IMF)。然后，计算各模态的脉冲因子和余弦相似度，遴选出最具故障特征的模态分量。其次，结合分段TKEO的导数分析信号的能量变化特征。最后，计算每段TKEO的导数最大值与前一段TKEO导数最大值的比值，设置合理阈值进行故障检测。仿真结果表明，该方法能准确检测电缆状态，实现早期故障检测，保证了检测的灵敏性与可靠性。","['早期故障', '脉冲因子', '余弦相似度']",T36,T11,4.5,0.570912691199122,标题:故障检测；摘要:故障检测,0.1355723150770872,0.0779477942794428,0.8699999999999999,T36,A31,A09,1.0,0.0102413421994826,摘要:配电网,0.0111437010394529,0.0731524442820192,0.4868210319749865,A37,False,False,False,needs_review,high,needs_review
ZH_0374,基于小波变换与TKEO的故障识别与定位方法研究,"在含有储能的光伏制氢系统中，故障类型的准确识别及精确定位对其安全稳定运行具有重要意义。针对短距离直流输电系统故障识别与定位精准度低、快速性差的问题，提出一种基于小波变换(wavelet transform, WT)和Teager-Kaiser能量算子(Teager-Kaiserenergyoperator, TKEO)的双端行波故障测距方法。首先对故障信号进行小波变换，使用软阈值进行去噪并重构信号。提取并分析每个小波分解层的特征信息，根据高低频分解层能量的比值判定故障类型。其次采用TKEO法提取出经小波分解后的瞬时能量谱，精确标定首个波头到达直流线路两端的采样点。然后采用双端测距法精确求解出故障距离。最后在Matlab/Simulink中搭建光伏直流制氢系统进行仿真验证。结果表明，所提方法对故障类型的识别和定位具有较高的准确性。","['直流微电网', '故障识别', '故障定位']",T36,T01,4.0,0.7237225664279607,关键词:故障定位；摘要:故障测距,0.272199674170929,0.0265897601997188,0.8422222222222222,T36,A33,A34,3.0,0.4779451418752634,关键词:微电网,0.0368337564771152,-0.0146775580338332,0.7266666666666667,A37,False,False,False,medium,high,medium
ZH_0376,基于构网变流器的新能源场站暂态电压分散协同控制策略,"为充分利用构网控制的电压源特性，协同场站内多无功源进一步提升新能源场站对高比例新能源电力系统的暂态电压主动支撑能力，提出了基于构网变流器的新能源场站暂态电压分散协同控制策略，包括多无功源暂态电压控制改进策略和容量配置方法两方面。首先，对场站无功源的基本特性进行分析。然后，构网变流器增加了基于无功补偿的暂态控制，提高暂态内电势电压。跟网变流器和静止同步补偿器(static var generator, SVG)分别通过暂态有功/无功自适应变化控制策略、暂态参考值变化策略，增大两者的暂态无功出力。静止无功补偿器(static var compensator, SVC)采用暂稳态切换控制策略，由稳态的无功控制切换为电压控制，以进一步提高电压调节水平。同时基于最大暂态电流和补偿容量需求提出多无功源的容量配置方法。最后，构建弱电网下暂态电压主动支撑典型场景，验证了所提分散协同控制策略提高了场站的暂态电压支撑能力，挖掘了构网控制在场站主动暂态电压支撑方面的作用。","['构网', '暂态电压', '主动支撑', '新能源', '分散协同控制']",T49,T24,4.5,0.7340940079617112,标题:控制策略；摘要:控制策略,0.1918192786155497,0.1006714854407944,0.8699999999999999,T49,A38,A34,5.5,0.7546979761941683,摘要:SVG；标题:变流器；摘要:变流器,0.3320749716986445,0.247842687101203,0.9255555555555556,A38,False,False,False,high,high,high
ZH_0381,战略性新兴产业集聚与新质生产力耦合协调的时空特征及其驱动因素,文章基于高德地图提取的2010—2023年158197个微观企业点位数据，运用博弈论组合赋权法、耦合协调度模型、地理探测器等方法，考察了中国战略性新兴产业集聚与新质生产力耦合协调的时空特征及其驱动因素。研究发现：(1)中国战略性新兴产业集聚与新质生产力的耦合协调度呈现“协调性增长—阶段性回调”的演进趋势，不同地区耦合协调度的回调时点不同。(2)耦合协调的空间分异特征明显，东部地区耦合协调度明显高于其他地区，浙江、江苏、广东等省份一直处于良好协调和优质协调状态，中部地区省份崛起优势明显，西部地区大部分省份则被锁定在严重失调和中度失调状态。(3)从驱动因素来看，耦合协调与经济基础、政策环境、区位条件等因素密切相关，随着战略性新兴产业不断发展，其主要影响因素由早期的“经济基础”因素为主向“创新驱动”“需求牵引”等多重因素驱动转变，社会消费水平、区域创新能力等因素的驱动作用逐渐增强，多因素的共同作用强化了两者耦合协调的时空分异。因此，未来促进战略性新兴产业集聚与新质生产力耦合协调发展需要基于区域差异从产业协同、政策支持、要素支撑等多方面综合发力。,"['产业集聚', '战略性新兴产业', '新质生产力', '耦合协调模型', '创新驱动', '市场需求', '产业协同']",T44,T48,4.0,0.4000926250372012,摘要:耦合协调度；关键词:耦合协调模型,0.3774637218714147,0.2863758931228665,0.8422222222222222,T44,A39,A43,1.0,0.7120649296158335,摘要:区域差异,0.0569152412331115,-0.0566790741726182,0.6155555555555555,A43,False,False,False,needs_review,high,needs_review
ZH_0387,民营经济强镇的企业空间格局及其影响因素——以晋江市陈埭镇鞋服企业为例,文章以“中国鞋都”——晋江市陈埭镇为例，基于全域鞋服企业和相关建成环境、社会经济数据，综合采用核密度估计、标准差椭圆、空间自相关和地理加权回归模型等方法，系统解析了陈埭镇鞋服企业空间格局及其影响因素。研究发现：(1)陈埭镇鞋服企业呈现出“多点集聚、少量带状分布”的空间特征，不同产业链环节企业空间分异明显。(2)建成环境主要影响制造环节，社会经济、设施条件主要影响上游设计研发、下游包装销售环节，营商环境主要影响上游设计研发、中游成品制造环节，上述因素的影响呈现明显的空间异质性。研究结论可为民营经济强镇产业空间优化、经济健康可持续发展提供借鉴。,"['民营经济强镇', '企业空间格局', '晋江模式', '鞋服企业', '产业集聚', '产业链', '建成环境']",T48,T44,9.5,0.733825328332658,摘要:空间自相关；标题:空间格局；关键词:空间格局；摘要:空间格局；摘要:空间分异,0.1829869116970885,0.0987523452332716,0.98,T48,A43,A19,4.0,0.736252148474984,关键词:产业链；摘要:产业链,0.204875912286071,0.1160867748213144,0.8422222222222222,A43,False,False,False,high,high,high
ZH_0388,基于MIGDT的工业园区综合能源系统鲁棒运行优化,"需求响应和可再生能源接入给综合能源系统(integrated energy systems, IES)运行带来了诸多不确定性和灵活性，增加了系统运行优化的复杂度。为提高含可再生能源的IES运行经济性和可靠性，研究了集成装配制造系统的工业园区IES鲁棒运行问题。首先，深入分析了工业园区中集成装配制造系统的需求响应特性，构建了以系统运行成本最小化为目标的工业园区IES优化模型。其次，针对风光出力的不确定性，提出了一种基于多目标信息间隙决策理论(multi-objective information gap decision theory, MIGDT)的鲁棒双层运行模型，并设计了一种结合随机二分法与GUROBI求解器的双层求解算法。最后，通过算例对所提模型和不确定处理算法的有效性进行验证，并与确定性优化和随机优化方法进行对比，验证了所提模型和方法的有效性。","['综合能源系统', '运行优化', '需求响应', '鲁棒优化', '不确定性']",T39,T13,4.0,0.5533756625556201,关键词:鲁棒优化；摘要:随机优化,0.2205697429406413,0.0955404468258573,0.8422222222222222,T39,A33,A36,7.5,0.351861656724885,标题:综合能源系统；关键词:综合能源系统；摘要:综合能源系统,0.2908034727247108,0.1132975480348932,0.98,A33,False,False,False,high,high,high
ZH_0389,基于时域阻抗法的35 kV配电线路相间短路故障测距,"为了解决35 kV高压配电网因感知量测手段不足和分支线路复杂性引起的故障测距难题，提出一种基于单端信息的时域阻抗法。首先，针对35 kV有分支线路配电网的相间短路故障特性，建立了基于单端信息的故障测距模型，并由故障后故障回路时域微分方程构成测距方程。然后，将测距方程中的故障距离、分支电流和过渡电阻作为未知参数，采用列文伯格-马夸尔特算法(Levenberg-Marquardt algorithm, LMA)进行非线性求解。并通过逐次搜索方法，依次对线路各区段和分支进行故障定位，确定故障所在位置。最后，利用PSCAD搭建35 kV电网模型，通过算例验证所提算法的可靠性和准确性。此方法只需要变电站出口测量的相电流和相电压作为输入，无需增加额外设备，就能够实现故障距离的精确计算和故障分支的有效识别。","['时域阻抗法', '单端信息', '故障测距', '阻尼最小二乘法']",T36,T14,8.5,0.7028243775299625,摘要:故障定位；标题:故障测距；关键词:故障测距；摘要:故障测距,0.3863128631160451,0.4823589991635983,0.98,T36,A31,A50,1.0,0.012239132178896,摘要:配电网,0.0849442928690139,0.0874223727064009,0.5490186009523412,A31,False,False,False,needs_review,high,needs_review
ZH_0400,基于影子价格和空间误差面板数据模型的配电网投资优化方法,"针对目前配电网的投资分配忽略地理邻接及电网互联影响的问题,提出了一种基于影子价格和空间误差面板数据模型的配电网投资优化方法。首先建立由底层指标和目标层指标构成的评价体系,利用最优化问题的求解方法求解各底层指标的影子价格和最优解。据此,结合各层指标权重得出配电网综合评分。引入空间误差面板数据模型,根据综合评分结果,构建投资效益测算模型。以综合评分最高为目标,通过寻优得出效益最大化的投资额分配方案。以贵州省五个地区配电网的实际数据为例进行投资分配。算例分析结果表明,所得投资分配方案符合各地区配电网的发展情况,可以实现投资效益的最大化。","['配电网', '综合评价体系', '影子价格', '空间误差面板数据模型', '投资效益']",T42,T41,7.5,0.4325272251519524,标题:面板数据；关键词:面板数据；摘要:面板数据,0.2270185186147645,0.0037658939425169,0.98,T42,A31,A50,7.5,0.0119176065841828,标题:配电网；关键词:配电网；摘要:配电网,0.149874939949069,0.0851257613155912,0.8731093672426011,A31,False,False,False,high,high,high
ZH_0404,政府主导型区域经济一体化对周边城市发展的影响差异分析——基于工业水平视角的PSM-DID实证研究,"以政府主导型区域经济一体化对周边城市经济增长的影响及机制作为研究内容,采用2000—2016年中国277个城市面板数据,运用双重差分倾向得分匹配法(PSM-DID)进行实证检验。研究发现:①政府主导型区域经济一体化能够促进周边城市的经济增长,对工业水平中等的周边城市的经济增长效果最大,工业水平较高的周边城市效果次之,工业水平较低的周边城市效果最低。②政府主导型区域经济一体化促使周边城市政府增加财政投入和提高第二产业就业比来增强其城市竞争力。③政府主导型区域经济一体化对于不同工业水平周边城市的全社会固定资本投资和劳动力流动的作用具有异质性。","['区域经济一体化', '周边城市', '政府干预']",T42,T10,10.0,0.7412943525331568,摘要:面板数据；标题:DID；摘要:DID；标题:PSM；摘要:PSM,0.2445729349156284,0.1521025180939769,0.98,T42,A39,A50,7.5,0.660320122256392,标题:区域经济；关键词:区域经济；摘要:区域经济,0.2754326467953918,0.2594294446885146,0.98,A39,False,False,False,high,high,high
ZH_0406,基于分层定位模型的含DG配电网故障定位方法研究,针对现有配电网故障定位算法在含DG的故障定位中存在耗时长、准确率低等问题，提出了一种将分层模型与改进免疫算法相结合用于含DG的配电网故障定位方法。简化配电网模型，使用改进的免疫算法定位故障区域，并使用改进的免疫算法对故障区域进行二次定位。通过试验对单点故障和多点故障进行分析，验证了所提方法的优越性。试验结果表明，相比于传统的故障定位方法，所提方法引入了分层理论，有效降低了故障节点的搜索维数，在保证速度的情况下，具有较高的故障定位精度。,"['配电网', '分布式电源', '故障定位', '分层模型', '免疫算法']",T36,T10,7.5,0.7561074083067587,标题:故障定位；关键词:故障定位；摘要:故障定位,0.375261848708592,0.2579100593339908,0.98,T36,A31,A37,10.5,0.705806121300632,标题:配电网；关键词:配电网；摘要:配电网；关键词:分布式电源,0.1928142048029293,-0.101384847852628,0.94,A37,False,False,False,high,high,high
ZH_0410,基于可达性的医疗服务功能空间分异特征及其服务强度研究——以河北省张家口市为例,"基于张家口市诊所、专科医院、综合医院三种类型的医疗服务点、交通网络、城镇村建设用地数据,采用GIS可达性空间分析与统计方法,对张家口市医疗服务功能空间分布特征进行制图,系统分析了张家口市医疗服务功能空间分异特征及其服务强度。结果表明:张家口市医疗机构点均呈现集聚分布态势,集聚程度由强到弱依次为专科医院>综合医院>诊所。专科医院与综合医院服在不同等级功能区的服务功能分布特征及服务强度分布趋势基本一致,而诊所医疗机构的服务功能及其服务强度远大于前两者,但仍存在9.46%和0.53%的建设用地面积诊所医疗服务可达性时间分别超过30 min和60 min。医疗服务总功能及其服务强度以中部市区为中心,以及各区、县城中心为次中心向外围逐渐减小,边远山区医疗服务较低。张家口市医疗服务资源配置区域分配不均衡,尤其在赤城县、沽源县、康保县、尚义县和张北县等乡村地区服务功能较弱。","['医疗服务功能', '服务强度', '空间分异', '可达性', '张家口市']",T48,T30,8.5,0.7362738656826564,摘要:GIS；标题:空间分异；关键词:空间分异；摘要:空间分异,0.24848881143511,0.1162418977332602,0.98,T48,A46,A36,8.5,0.7266982134301865,摘要:交通；标题:可达性；关键词:可达性；摘要:可达性,0.185840660366526,0.0478443816441894,0.98,A46,False,False,False,high,high,high
ZH_0420,基于频率稳定性提升的虚拟惯性优化控制策略,基于传统一阶虚拟惯性的新能源逆变器并联弱电网时，其有功稳态和动态特性调节存在矛盾。首先，总结了基于各种改进结构虚拟惯性算法的新能源逆变器并、离网时的特性及存在问题。然后，针对此问题，以频率稳定性提升为目标，通过调整二阶虚拟惯性算法中一阶微分补偿环节和一阶惯性环节在功率外环前向通道的位置，提出了二阶虚拟惯性优化控制策略。最后搭建了一台100 kW新能源逆变器并网仿真平台，对理论分析结果进行仿真验证。理论分析与仿真结果表明，该算法在保证逆变器有功稳态特性和功率振荡抑制能力的同时，有效减小了动态响应初始阶段的频率变化率，提高了系统频率稳定性。,"['虚拟惯性', '有功振荡', '频率稳定性', '虚拟同步发电机']",T49,T47,4.5,0.6052575082396168,标题:控制策略；摘要:控制策略,0.3898421260195468,0.3232679159972622,0.8699999999999999,T49,A38,A34,1.0,0.7540382078187537,摘要:逆变器,0.3231977396954887,0.2431300558482413,0.6755555555555555,A38,False,False,False,medium,high,medium
ZH_0425,湘江流域县域发展水平的综合评价及特征分析,"从经济、产业、社会和资源四个方面,构建湘江流域县域发展水平的综合评价指标体系。基于熵值法,选取1991和2008年为研究截面,对湘江流域县域发展水平进行综合评价,划分县域发展动态类型,分析其变化特征,揭示其格局变化的影响机制。依据2008年县域综合发展水平和1991—2008年县域综合发展水平排名变化,将湘江流域县域划分为高水平增长、高水平下降、一般水平增长、低水平增长、低水平下降等15个基本类型。1991—2008年,湘江流域县域发展水平变化各异,随时间变化,县域发展水平差距有不断扩大的趋势,空间分布趋向集中。区位条件、资源禀赋、历史基础、特色产业以及区域发展政策是影响县域发展水平变化的主要因素。在此基础上,提出湘江流域不同类型县域的发展对策。","['县域', '发展水平', '类型', '湘江流域']",T41,T21,5.5,0.7519830973605006,摘要:指标体系；标题:综合评价；摘要:综合评价,0.4458840003076539,0.2284506954321472,0.9255555555555556,T41,A39,A30,0.0,-0.0257791697040677,,0.0407107553681443,-0.1841369264576264,0.26,A30,False,False,False,needs_review,high,needs_review
ZH_0429,基于协同发展的长三角城市群空间格局研究,"利用协同发展的相关理论,从长三角22城市之间的经济能级、经济联系以及产业协同发展三个方面对长三角城市群的空间格局进行研究,并提出了建设性的评论。研究发现,长三角区域正在逐渐从单一中心向多中心化模式转变,基本形成以上海为核心的圈层和以苏州、杭州、宁波、无锡、南京为次核心的多核心圈层结构,总体上可划分为上海凝聚团、南京凝聚团和杭甬凝聚团三大凝聚子团。研究认为,通过组团式协同实现""多中心""的城市空间格局是未来长三角城市群发展的必然趋势,助推整个城市群系统向更为有序的宏观自组织结构演化。","['城市群', '协同发展', '空间格局', '长三角']",T48,T06,7.5,0.728734838088978,标题:空间格局；关键词:空间格局；摘要:空间格局,0.1192677895776866,0.0623917006355576,0.98,T48,A39,A41,15.0,0.7224575753393383,标题:城市群；关键词:城市群；摘要:城市群；标题:长三角；关键词:长三角；摘要:长三角,0.4051831771485515,0.360411252423845,0.98,A39,False,False,False,high,high,high
ZH_0430,省会城市旅游中心性聚类研究,"城市的中心性是城市地理学研究的主要内容。采用反映旅游业发展水平的指标,定量研究了27个省会城市的旅游中心性特征及其差异;用SPSS聚类分析功能将27个省会城市分成7类,并分析各自的特征。最后对省会城市旅游中心性的发挥及在省域旅游业中的带动作用提出了建议。","['省会城市', '旅游中心性', '聚类分析']",T43,T41,7.5,0.7230315657164115,标题:中心性；关键词:中心性；摘要:中心性,0.1351203369581526,0.0216540408315113,0.98,T43,A45,A30,7.5,0.7292924188042279,标题:旅游；关键词:旅游；摘要:旅游,0.164525898839947,0.0663744200301996,0.98,A45,False,False,False,high,high,high
ZH_0431,县域经济差异总体特征与空间格局演化研究——以浙江为实证,"以浙江为实证,采用探索性空间数据分析方法分析了县域经济差异及其空间格局演化,得出以下结论:2001—2011年,浙江省县域经济差异虽有波动,但整体趋于平稳;浙东北各县域经济差异变化幅度较小,浙西南各县域经济差异逐年减小,而这两个区域间的经济差异逐年增大;浙江省县域经济水平呈现空间集聚态势,""杭—绍—甬""城市带已成为浙江经济的核心发展区域;浙江省县域经济增长空间格局也呈现集聚态势,浙东北地区,尤其是杭州市辖区与绍兴县,始终是浙江省县域经济增长的热点区域,而浙西南地区经济增长水平相对较低。研究还从经济发展基础、区位、政策和空间邻近效应这四个方面探讨了浙江县域经济空间差异的动因及其对策建议。","['县域经济', '人均GDP', '总体特征', '空间演化', '浙江']",T48,T13,4.5,0.7214798481480403,标题:空间格局；摘要:空间格局,0.0947515394711642,0.010570343914574,0.8699999999999999,T48,A39,A23,0.0,0.0269718414043411,,0.2614886686771662,0.192656010031008,0.5096690255447752,A39,False,False,False,needs_review,high,needs_review
ZH_0441,基于风险分摊的多风电场机会约束机组组合求解方法,在含风功率等新能源出力不确定性的联合机会约束机组组合问题中，如何将多维联合机会约束转化为确定性约束是求解此问题的关键。含多维随机变量的联合机会约束规划问题是非凸问题，难以直接求解。提出了一种考虑风电功率不确定性的基于改进风险分摊的联合机会约束机组组合问题求解方法。首先，建立了基于联合机会约束的考虑风电功率不确定性的机组组合模型，将机组组合的多维联合机会约束的风险水平(违反概率)按权重分摊给每个单维机会约束的风险水平，再利用散度函数和散度容差去修正每个单维机会约束的风险水平。然后，利用自适应带宽核密度估计拟合每个单维机会约束中随机变量的概率密度函数。最后，通过随机变量累积分布函数求逆的方法将这一系列的单维机会约束转化为确定性约束，从而实现将难以求解的联合机会约束转化为易于求解的确定性约束。仿真结果验证了上述方法的有效性以及相对于传统多维联合机会约束求解方法的优越性。,"['机组组合', '联合机会约束', '风险水平', '核密度估计', '风电场']",T39,T31,7.5,0.7683054875998413,标题:机会约束；关键词:机会约束；摘要:机会约束,0.4786658636076139,0.3450391971417241,0.98,T39,A34,A16,7.5,0.7310394156515089,标题:风电；关键词:风电；摘要:风电,0.1728017880130809,0.0788529689393488,0.98,A34,False,False,False,high,high,high
ZH_0445,南京市游客路径轨迹空间特征研究——以地理标记照片为例,"地理信息系统与通讯技术和网络技术的发展和融合,为游客追踪数据生产和采集提供了技术支持。本文借助于Panoramio这一新兴网络媒介与互动平台,利用社会网络挖掘技术,发现、提取Panoramio中游客地理标记照片信息数据,运用Arcgis的空间热点分析技术、追踪分析技术对采集的数据进行空间信息的处理和表达,探索基于地理标记照片的南京市游客空间分布格局和路径轨迹模式。研究发现:①南京市游客地理标记照片呈现出高度的地理集聚特征,形成""大分散、小集聚""圈层式空间分异模式。南京城市核心区占主导,近郊区整体上弱于核心区,体现了中心-外围逐渐递减的特点,说明南京市游客空间选择具有明显的向心性。②通过Getis-Ord Gi*分析,识别了核心热点区,热点区具有倾向于重点旅游景区集聚、城市中央商务区集聚、重要文化空间集聚、重要交通设施集聚等特征,充分说明了照片空间分布和城市地域的旅游资源引力、商业集聚状况、重要文化设施、交通枢纽地区等因素密切相关。③借助追踪分析方法,挖掘出单节点轨迹、区域内部轨迹、区域间路径轨迹3种路径方式。62.69%游客选择单节点轨迹方式,13%游客选择区域内部路径轨迹方式,24.31%游客选择区域间路径轨迹方式。④识别了110种不同路径轨迹序列,形成7类区域间路径轨迹模式,游客路径轨迹中存在着明显的结构分层,形成了强中心线型结构。","['游客', '路径轨迹', '空间特征', '地理标记照片', '南京']",T48,T47,3.0,0.5248828946435986,摘要:ArcGIS；摘要:GIS；摘要:空间分异,0.4630075997280518,0.3205921045971335,0.7866666666666666,T48,A45,A46,1.0,0.014601664528835,摘要:旅游,0.1410137489291813,0.1042976037773933,0.551617386537274,A45,False,False,False,needs_review,high,needs_review
ZH_0446,黄河下游水土匹配系数与粮食生产协调发展测度及影响因素,黄河下游水土资源对粮食生产能力的硬约束日益趋紧，厘清黄河下游水土匹配与粮食生产的协调程度及其影响因素，对稳定黄河下游粮食生产能力具有重要意义。文章基于2010—2020年黄河下游17个城市的面板数据，测度了水土匹配系数与粮食单产水平耦合协调度，借助核密度估计和空间计量模型揭示了水土匹配系数与粮食单产水平协调发展特征及影响因素。结果表明：(1)时间维度上，黄河下游水土匹配系数与粮食单产水平耦合协调度较高，整体呈波动下降趋势。粮食单产水平稳定增长，水土匹配系数持续降低已成为制约二者耦合协调发展的关键因素。(2)空间维度上，水土匹配系数与粮食单产水平耦合协调度呈现“东中高—西低”的分布特征，极化现象初显，变异系数呈现“东西高—中间低”的分布特征。(3)农林水投入、机械化水平、耕地质量对耦合协调度有正向影响，城镇化水平、种植结构对耦合协调度有负向影响。,"['黄河流域', '水土资源', '粮食安全', '城镇化', '农林水投入', '耦合协调度', '空间计量']",T44,T42,4.0,0.4093427519600144,关键词:耦合协调度；摘要:耦合协调度,0.4119562578830523,0.3524482282858185,0.8422222222222222,T44,A42,A41,8.5,0.3759381553126478,摘要:耕地；标题:粮食；关键词:粮食；摘要:粮食,0.0342455064907471,-0.0374165376827675,0.94,A41,False,False,False,high,high,high
ZH_0453,基于城市联系网络的城市群等级结构对比,"城市群已成为中国新型城镇化发展的主体形态,基于城市联系网络分析城市群城市等级结构为当前研究热点。文章以长三角、珠三角、京津冀和成渝4个城市群为研究区,通过获取公路客运的日均发车班次数据构建城市群的城市联系网络,基于城市联系强度划分出不同层级的联系子网,利用复杂网络中度和特征向量指数对比分析城市群等级结构特征。结果表明:各城市群城市之间的联系强度均呈现出明显的重尾分布特征,基于重尾分级法可将城市联系网络及城市节点划分成不同层级。城市联系网络的层级结构和城市节点的等级结构特征形成明显的映射关系,等级较高的联系线以中心城市为核心形成辐射状结构,而中等水平的联系线以地方中心城市间的联系形成网络状结构,对城市群的发展轴线或经济密集区有一定指示作用。长三角城市群与珠三角城市群的等级结构较为合理,不同等级的中心城市在对应的联系子网中占据首要地位。京津冀城市群和成渝城市群处于中心城市快速发展阶段,中心城市与周边城市形成较为明显的""断层""现象,且以成渝城市群最为明显。","['城市群', '城市联系网络', '等级结构', '引力模型', '复杂网络']",T43,T01,4.0,0.7612189878386744,关键词:复杂网络；摘要:复杂网络,0.3548632287761621,0.2944213417048175,0.8422222222222222,T43,A41,A39,1.0,-0.6903704727892424,摘要:城镇化,0.1827116901558223,-0.2781564382905069,0.4755555555555555,A39,False,False,False,needs_review,high,needs_review
ZH_0458,风电场群联合共享储能两阶段协同并网优化,"风电场合作并网可降低风电不确定性影响,该文针对风电场群联合共享储能协同并网机制展开研究。首先,结合改进Shapley值法建立了风电场群不确定性成本分摊机制;其次,基于纳什谈判模型和合作成本分摊机制建立了多风电场联合共享储能日前调度优化模型,结合日前调度结果与偏差成本,进一步考虑风电预测误差影响建立了实时调度滚动优化模型;最后,通过算例分析对风电场群联合共享储能两阶段协同并网优化的合理性进行验证。结果表明,协同并网能有效降低风电场集群运营成本,且风电场群各成员在该协同并网优化机制下所分得的两阶段调度结果客观公正,依此调度结果所结算的合作收益受到充分保障,从而有效提升了各成员运营收益。","['风电场群', '共享储能', '合作博弈', '两阶段优化', '改进Shapley值法']",T38,T27,4.0,0.7742351430515815,摘要:纳什谈判；关键词:合作博弈,0.504126308823975,0.387393878939868,0.8422222222222222,T38,A35,A34,7.5,-0.0217725269739496,标题:储能；关键词:储能；摘要:储能,0.0365673814934257,-0.1555180498139259,0.8,A34,False,False,False,high,high,high
ZH_0460,考虑夏普比率的虚拟电厂日前投标策略,由于风电、光伏机组出力不确定性及负荷等预测误差的存在，虚拟电厂日前投标行为面临风险，而目前应用于日前投标的风险–收益多目标优化方法仍需主观决策风险厌恶系数。夏普比率能够同时衡量收益与风险，可在无需决策风险厌恶系数的同时实现风险和收益的帕累托最优，目前已被广泛地用于评价投资组合的业绩、评判资本市场的运行效率等方面。该文将虚拟电厂日前投标行为类比于投资组合，以最大夏普比率为目标，采用场景生成法刻画风电光伏出力、负荷及电价的不确定性，并引入场景评价指标，提出考虑夏普比率的虚拟电厂日前–实时随机优化投标策略。结果表明，以最大夏普比率为目标的投标策略能够降低决策的主观性，在设备参数改变时自主修正风险厌恶系数，与传统风险管理方法的计算结果对比验证了模型有效性。,"['虚拟电厂', '电力现货市场', '随机优化', '条件风险价值', '夏普比率']",T39,T37,7.0,0.674639968428127,关键词:随机优化；摘要:随机优化；关键词:条件风险价值,0.4867227942016901,0.4106936520376422,0.98,T39,A34,A33,2.0,-0.5314318754623705,摘要:光伏；摘要:风电,0.1657583669458893,-0.0245133961597892,0.5311111111111111,A33,False,False,False,needs_review,high,needs_review
ZH_0476,基于阻抗模型闭环极点的双馈风电系统次同步振荡稳定性分析,"近年来,电网的运行中发生了多起由风电并网引发的新型次同步振荡事故,其机理和振荡的影响因素错综复杂。基于频域阻抗模型的阻抗分析法是研究该问题的有效方法,基于考虑电力电子变换器和锁相环动态过程的双馈风电机组阻抗模型,提出了适用于系统次同步振荡稳定性分析的闭环极点稳定性判据,与目前广泛使用的等效电路阻尼稳定性判据进行对比。并将所提判据与灵敏度分析相结合,建立了闭环极点相对灵敏度,研究了关键参数对于系统次同步振荡特性的影响。最后通过时域仿真验证了所提判据与灵敏度在系统次同步振荡分析中的有效性与准确性。","['双馈风电机组', '次同步振荡', '阻抗模型', '闭环极点', '灵敏度分析']",T49,T20,4.5,0.7483494564112712,标题:稳定性分析；摘要:稳定性分析,0.3034815218982708,0.2024961172233662,0.8699999999999999,T49,A34,A38,7.5,0.717817931240365,标题:风电；关键词:风电；摘要:风电,0.068636015087929,-0.015586205425964,0.94,A38,False,False,False,high,high,high
ZH_0482,基于深度学习的无人机电网巡检缺陷检测研究,由于无人机电网巡检存在检测区域面积小、背景复杂、计算量大等特点，导致深度学习算法的准确率和实时性难以实现。为实现无人机电网巡检的准确、快速识别，分析了各类深度学习算法在复杂环境下对绝缘子的检测效果，提出了一种基于YOLO v3的目标检测算法。首先选用ResNet18作为主干网络结构，然后构建一个多尺度特征金字塔，将其与主干网络进行融合，形成深度融合的电网巡检绝缘子检测模型，可在提高检测准确率的同时，满足实时性的检测要求。实验结果表明，YOLO v3网络的均值平均精度(m AP)达98.10%，相比于Faster R-CNN提高了6.71%；其每秒检测帧数高达47.52帧，分别是R-CNN和Faster R-CNN的25倍和12倍。所提的YOLO v3网络具有更优的识别精度和检测速度。,"['无人机巡检', '深度学习', '绝缘子']",T01,T24,7.5,0.7301635229136707,标题:深度学习；关键词:深度学习；摘要:深度学习,0.2424050136820524,0.0725965922405051,0.98,T01,A26,A34,0.0,0.0051801594948518,,0.103007454970202,0.0370011392489418,0.485698175444337,A26,False,False,False,needs_review,high,needs_review
ZH_0484,基于多智能体深度强化学习的分布式电源优化调度策略,"针对分布式电源集中优化调度难以解决隐私保护的问题,提出一种基于多智能体深度强化学习的分布式优化调度方法。该方法可自适应源荷不确定性,在源荷随机波动的情况下实时给出优化调度策略。首先,阐述了基于通信神经网络架构的多智能体深度强化学习方法原理。然后,提出基于多智能体深度强化学习的分区分布式优化调度框架,以日运行成本最低为目标构建日前优化调度模型,并考虑各种运行约束。继而,采用近端策略优化算法对该模型进行离线训练,利用训练好的模型进行在线优化调度决策。最后通过改进IEEE33节点算例进行仿真验证,结果表明,各自治区域在仅利用局部通信的情况下即可计算出各自的近似全局最优解。","['分布式电源', '分布式优化调度', '多智能体', '深度强化学习']",T37,T39,7.5,0.7361800581109401,标题:优化调度；关键词:优化调度；摘要:优化调度,0.2794010380323292,0.1155718436495717,0.98,T37,A31,A21,7.5,0.7327502395340463,标题:分布式电源；关键词:分布式电源；摘要:分布式电源,0.2081803314258971,0.0910731395289014,0.98,A31,False,False,False,high,high,high
ZH_0488,基于正交多项式拟合的PMU现场测试参考值计算方法,"为给现场运行的同步相量测量装置(phasor measurement unit, PMU)性能分析提供准确的相量参考值，保证其数据质量，提出了基于正交多项式拟合的高精度相量测量方法。该方法利用Legendre多项式的正交性特点，对信号模型进行Legendre多项式拟合，以此来构建一种基于Legendre多项式的正交拟合相量模型。在此基础上，通过分析对比不同拟合参数求解方法的复杂度，提出了基于Cholesky分解的相量参考值计算方法，为非线性拟合参数求解计算量大的问题提供一种新的解决方法，并通过迭代修正来保证测量精度。进一步地，根据分析揭示的最优窗长和拟合阶数，实现算法的高精度测量和高效率计算。仿真与硬件测试表明，测量精度均满足标准要求10倍及以上，可在硬件中实时稳定运行，并为PMU现场测试校准提供参考值。","['同步相量测量装置', 'PMU现场测试', 'Legendre多项式拟合', 'Cholesky分解', '相量测量方法']",T17,T13,8.5,0.6718549309032162,标题:现场测试；关键词:现场测试；摘要:现场测试；摘要:硬件测试,-0.087911618637257,-0.3438933506913122,0.94,T13,A09,A10,0.0,0.0048280896489226,,0.1029805433356712,0.034486354635162,0.4853108986138149,A09,False,False,False,needs_review,high,needs_review
ZH_0492,阶梯式碳交易下考虑源荷不确定性的储能优化配置,双碳愿景下，维持高比例新能源电力系统的稳定性和灵活性，配置储能是关键。建立了考虑阶梯式碳交易和分时电价的储能鲁棒模型。在模型中考虑了源荷双侧的不确定性影响，利用时间平滑约束和空间集群约束来缩小源荷不确定性集边界，降低模型的保守性。通过拉格朗日推理把不确定性约束转换为确定性约束，并用改进的麻雀算法对模型进行求解。算例表明，时空耦合效应下系统经济性将得到显著提升，决策者可通过选择不确定性的置信概率来平衡系统经济性与鲁棒性。针对不同灵活性改造阶段提出了不同的储能规划方案，指出区域内火电存量低于43%时，系统开始具有碳收益。,"['储能规划', '鲁棒模型', '不确定性集', '阶梯式碳交易', '灵活性改造']",T37,T32,3.5,0.526602213332353,标题:优化配置,0.145475816068512,0.0879749931902769,0.7544444444444445,T39,A35,A23,7.5,0.7072223036371481,标题:储能；关键词:储能；摘要:储能,0.0083252810836494,-0.0912692597346564,0.94,A23,False,False,False,high,high,high
ZH_0493,北京市Airbnb房源价格影响因素计量分析,文章以2021年北京市Airbnb数据为基础，综合运用OLS回归和空间计量模型方法对北京市Airbnb房源价格影响因素进行研究。结果表明：(1)不同类型特征变量对房源价格的解释力从高到低依次为：房源特征、声誉特征、房东特征、邻里特征，房源物理属性是消费者支付意愿和Airbnb房价的决定因素；(2)房东特征是房源价值的重要组成部分，更多的身份验证信息和更短的回复时间有助于实现Airbnb房源溢价；(3)不同项目评分对价格的影响存在显著差异，其中性价比和干净整洁的评分影响最为显著；(4)交通可达性、旅游景点、周边酒店供应量对价格有显著积极影响；(5)空间计量模型的拟合优度优于传统OLS模型，Airbnb房价存在显著的空间溢出效应。,"['共享住宿', '共享经济', '价格', '空间计量模型', '房东特征', '旅游景点']",T42,T28,4.0,0.724905400820446,关键词:计量模型；摘要:计量模型,0.1604883682378433,0.0350385772888998,0.8422222222222222,T42,A45,A46,4.0,0.3688978952643107,关键词:旅游；摘要:旅游,0.0664245076840947,0.0635563947450769,0.8422222222222222,A45,False,False,False,high,high,high
ZH_0498,关键信息缺失下基于相空间重构及机器学习的电力负荷预测,随着碳交易系统的发展，准确预测电力能源消耗对于能源管理是至关重要的。为实现在缺失天气等多种关键信息下的电力负荷预测，首先采用混沌理论中的相空间重构技术对历史负荷时间序列进行处理，根据排列熵验证混沌特性。并利用8种机器学习模型进行预测与比较，其中包括4种以神经网络为基础的机器学习模型、3种以统计学习为基础的机器学习模型及1种基准模型。其次采用灰色关联度法对预测精度较高的极限学习机(ELM)和极端梯度提升(XGBoost)进行组合，构建了ELM-XGBoost模型。最后将ELM-XGBoost应用于一日至一周内不同时间尺度的负荷预测。结果表明，预测精度随预测时间尺度增加而呈现降低的趋势，且在日负荷预测中，所构建的ELM-XGBoost模型预测精度得到提升，应用效果良好。,"['电力负荷预测', '关键信息', '极限学习机', '极端梯度提升', '相空间重构', '排列熵']",T35,T02,7.5,-0.087765365087662,标题:负荷预测；关键词:负荷预测；摘要:负荷预测,0.3233235478746384,-0.0218534481051487,0.8,T02,A39,A26,0.0,-0.7579781531301457,,0.0177938238411795,-0.2712725223581836,0.26,A26,False,False,False,needs_review,high,needs_review
ZH_0502,生产性服务业集聚空间效应与城市技术创新——基于长江经济带108个城市面板数据的实证分析,"采用长江经济带108个城市2003—2016年的面板数据,通过构建生产性服务业的空间集聚测度模型,绘制专业化集聚、多样化集聚及城市技术创新的时空演化趋势图,检验长江经济带城市群创新的空间关联性,采用空间杜宾面板计量模型实证研究生产性服务业集聚对城市技术创新的直接效应与空间溢出效应,得到如下结果:(1)长江经济带各城市生产性服务业专业化、多样化集聚程度以及技术创新水平均呈现出明显的空间异质性与非均衡性,并且存在显著的空间自相关性。(2)生产性服务业专业化集聚对本地城市技术创新具有显著正向作用,并通过空间关联对其邻近城市创新产生了正向空间溢出效应。多样化集聚不利于本地城市技术创新发展,也对其邻近城市创新存在负向空间溢出。(3)从地理区位差异视角来看,生产性服务业专业化集聚显著推动了内陆城市技术创新进步,而多样化集聚对其邻近城市创新产生了负向空间溢出效应;从经济发展地区差异视角来看,生产性服务业专业化集聚显著推动了经济发达城市创新发展,但多样化集聚对经济发达城市创新产生了明显抑制作用。文章对于城市依托生产性服务业集聚促进自身技术创新水平提升、推动城市群跨地域创新活动开展,进而实现长江经济带高质量发展具有重要意义。","['生产性服务业集聚', '空间溢出', '技术创新', '长江经济带', '专业化集聚', '经济发展水平', '高质量发展']",T42,T48,5.5,0.6026130793093027,标题:面板数据；摘要:面板数据；摘要:计量模型,0.2042423099289288,0.0965869301313831,0.9255555555555556,T42,A39,A40,1.0,-0.6373365794776831,摘要:城市群,0.0639922153781919,-0.0952612819834509,0.4755555555555555,A40,False,False,False,needs_review,high,needs_review
ZH_0506,“空间的生产”理论、研究进展及其对中国城市研究的启示,"空间的生产是新马克思主义城市学派和马克思主义地理学的一个关键概念。城市空间的生产指资本、权力和阶级等政治经济要素和力量对城市的重新塑造,从而使城市空间成为其介质和产物的过程。通过文献分析和比较可以得出,空间的生产理论在批判传统的将空间视为容器和无价值判断的空间观的基础上产生;借助马克思主义理论并将之与空间问题相结合,西方地理学界和城市学界在空间的生产问题上已经积累了丰富的理论成果和实践经验;国内学界对它的研究较为迟滞,缺乏突出的案例研究,目前还处在引介和初步应用的起步阶段,但在近5年也兴起了一个以多学科共同研究为特征的风潮。1990年代以来,城市空间的生产问题在中国逐渐变得突出,预示着它将是一个重要而有潜力的研究方向。","['城市', '空间的生产', '新马克思主义城市学派', '马克思主义地理学']",T06,T07,3.5,0.7194435083397659,标题:研究进展,0.0826084340196313,-0.0039749404302431,0.7544444444444445,T07,A41,A30,1.0,0.7079538130882679,摘要:城市空间,0.1511747936108693,-0.0860441922266583,0.6155555555555555,A30,False,False,False,needs_review,high,needs_review
ZH_0509,高比例水电系统AGC稳定性分析及控制策略优化,"云南电网是一个典型的高比例水电大规模直流送出系统,运行中多次发生自动发电控制(automaticgeneration control,AGC)过程不稳定导致的频率振荡现象。结合云南电网实际,建立包含AGC控制环节的频率稳定性分段线性化分析模型,通过特征值分析方法研究云南电网运行方式变化对系统小干扰稳定性的影响,揭示在水电机组一次调频死区以内AGC系统超调是引起云南电网分钟级频率振荡的原因。提出高比例水电系统AGC频率偏差系数的整定方法,通过设置次紧急区区域控制偏差(area control error,ACE)反向抑制策略和紧急区恒定频率控制(flatfrequencycontrol,FFC)切换策略,兼顾小干扰下的稳定性以及大扰动下的速动性。研究成果已在云南电网实际运行中验证,云南电网频率合格率显著提高。","['高比例水电系统', '自动发电控制', '一次调频', '频率振荡', '控制策略']",T49,T26,10.0,0.7382948648786973,标题:控制策略；关键词:控制策略；标题:稳定性分析,0.221105353090109,0.1306776062764092,0.98,T49,A20,A34,0.0,0.0014195953684854,,0.0828048155535451,0.0101399669177528,0.4815615549053339,A20,False,False,False,needs_review,high,needs_review
ZH_0510,基于改进无迹卡尔曼滤波的短线路同杆并架双回线参数辨识,"由于短线路同杆并架双回线通常不采用换位架设,存在线路参数不对称以及参数难以估计的问题。针对该问题,提出了一种基于改进无迹卡尔曼滤波法的短线路同杆并架双回线的参数辨识方法。首先根据短线路同杆并架双回线的特点,建立对应的阻抗模型、导纳模型和量测方程。然后根据量测误差修正量,在线校正量测值和误差方差阵补偿量测噪声。相比于其他参数辨识方法,所提方法考虑了短线路参数不对称性,因此更符合电网实际运行情况,且引入了量测误差修正量能够进一步提高参数辨识精度和稳定性。仿真结果验证了该方法的有效性。","['无迹卡尔曼滤波', '误差校正', '同杆并架双回线', '参数辨识']",T27,T34,7.5,0.711588549972151,标题:滤波；关键词:滤波；摘要:滤波,0.1111603702934259,-0.0600817859132063,0.94,T34,A49,A19,0.0,0.0007952009074912,,0.1167614285842186,0.00568000648208,0.4808747209982403,A49,False,False,False,needs_review,high,needs_review
ZH_0526,中缅铁路工程建设中风险监测模型构建与实证检验,"""一带一路""倡议自提出以来,中国企业承建海外基础设施项目日益增加。由于海外工程项目参与者众多、投资巨大、施工难度高,存在众多风险因素,现有的文献对于工程风险评估的研究大多存在数据主观性过大和无法逆向推理等问题。针对上述问题,文章提出了将三角模糊数与贝叶斯网络法相结合的风险评估方法。选取中缅铁路项目为研究对象,首先通过三角模糊数法将专家的评估数据转换为所需的模糊数语言,然后在构建贝叶斯网络后利用联合树法得出工程发生风险的概率,再通过正向和逆向推理,测算各风险因素对工程风险的影响程度,最终利用敏感性分析对各风险因素进行排序,确定影响工程风险的敏感因素。发现其政治风险、社会文化风险较高,自然风险、经济风险、技术风险较低,符合工程实际情况。与其他评估方法相比,该方法有效降低了数据主观性并且考虑了风险因素之间的相互作用与传递路径,使得评估结果具有更高的可靠性,有效完善了海外重大工程项目的风险评价体系。","['海外重大工程', '三角模糊数', '风险评估', '贝叶斯网络“', '一带一路”倡议']",T30,T25,4.0,0.7490278379490141,关键词:风险评估；摘要:风险评估,0.5728147976573599,0.2073416996358151,0.8422222222222222,T30,A46,A50,5.5,0.0219443850370968,标题:铁路；摘要:铁路；摘要:基础设施,0.1709422529418314,-0.3107868601246325,0.749694379096362,A50,False,False,False,medium,high,medium
ZH_0534,基于六普数据的湖南省人口老龄化发展态势与对策研究,"基于2010年第六次人口普查数据,运用人口统计及人口分析的方法对湖南省人口老龄化发展现状进行了分析。然后,采用中国人口预测(CPPS)软件对2011—2100年湖南省人口增长进行了预测。研究表明:自1996年湖南省迈入老龄化社会后,老龄化程度在不断加深;主要特征有:人口老龄化明显是""未富先老"",老年人口基数大,增长速度加快,高龄化、空巢化,失能与半失能老人多。在此基础上,就湖南省应对人口老龄化提出了相应的对策与建议。","['人口老龄化', '发展态势', '特征', '湖南省']",T45,T10,6.5,0.7467502683695233,标题:发展态势；关键词:发展态势,0.2685309178427216,0.1910733454965952,0.98,T45,A07,A09,0.0,0.0019219678462594,,0.0863089863653396,0.0137283417589963,0.4821141646308854,A07,False,False,False,needs_review,high,needs_review
ZH_0535,电力市场环境下工业需求响应技术的应用与研究综述,"工业需求响应(industrial demand response,IDR)的巨大潜力将更有助于可再生能源在新型电力系统建设中发挥关键作用。因此，将从资源、市场和策略三方面系统回顾电力市场环境下IDR的应用与研究。首先，对工业需求响应的贡献与基本概念进行了介绍，阐述了电力市场环境下工业需求响应的总体框架；并在此基础上建立IDR资源库，考虑生产流程与需求响应方式，总结了具有需求响应潜力的主要工业类型。然后，理清了IDR的可用范围，包括电能量、调频、备用及调峰市场，并整理了IDR领域的运行优化策略与风险管理手段，以管理工业用户的潜在风险。最后，选取美国PJM和澳大利亚地区的电力市场，总结其需求响应发展现状及最新政策，并结合我国各省市的工业需求响应特点及差异，分析了IDR发展的挑战。","['工业需求响应', '电力市场', '运行优化策略', '风险管理']",T06,T40,3.5,0.7153881302391276,标题:综述,0.1601098180031795,-0.032941926863373,0.7544444444444445,T40,A36,A34,15.0,0.7466041279403328,标题:电力市场；关键词:电力市场；摘要:电力市场；标题:需求响应；关键词:需求响应；摘要:需求响应,0.6869205117667919,0.532886628145235,0.98,A36,False,False,False,high,high,high
ZH_0539,基于深度学习的安全帽识别算法研究与模型训练,"针对作业人员不按规定佩戴安全帽和非作业人员误入作业现场的问题,设计了基于深度学习的安全帽和语音识别智能终端算法。对于安全帽的检测,采用了人体关键点检测模型和基于深度学习的YOLO3算法。将智能摄像头得到的视频文件,先利用人体关键点模型提取现场人员图像,再结合YOLO3算法检测现场作业人员佩戴安全帽的情况,对于未正确佩戴安全帽的人员发出告警信息。通过模型训练验证了所提模型的实用性。","['深度学习', '安全帽', 'YOLO3算法', '模型训练']",T01,T24,7.5,0.7351373123807903,标题:深度学习；关键词:深度学习；摘要:深度学习,0.2707679948598327,0.1081236598627878,0.98,T01,A26,A17,0.0,0.016764208091668,,0.2102650082665259,0.1197443435119149,0.4984406289008348,A26,False,False,False,needs_review,high,needs_review
ZH_0541,中国机器人产业发展现状与展望,"文章分析了国内外机器人产业发展现状,介绍了新松机器人产业布局,并对机器人与工业4.0、互联网+融合产生的影响进行了展望。","['机器人', '智能制造', '工业4.0']",T26,T02,7.5,0.7590707429537571,标题:机器人；关键词:机器人；摘要:机器人,0.4399731891098961,0.2790767353839789,0.98,T26,A20,A19,7.5,0.8036887554633803,标题:机器人；关键词:机器人；摘要:机器人,0.7985647464478853,0.5977768247384305,0.98,A20,False,False,False,high,high,high
ZH_0546,基于ABC-RFEKF算法的锂电池SOC估计,准确、可靠的荷电状态(SOC)估计可以为电池管理系统的安全高效使用提供保障。针对锂电池SOC估计精度不足的问题，提出人工蜂群算法(ABC)和随机森林优化EKF算法(RFEKF)分别实现电池模型的参数辨识和SOC估计。在建立双极化模型的基础上，为解决在线辨识初始误差累积的问题，采用ABC算法搜索最小模型电压误差下的全局最优阻抗参数值，实现模型参数的精确辨识。在获得精确的模型参数基础上，使用随机森林(RF)对SOC后验估计误差进行在线补偿，达到弥补传统EKF算法高阶项误差的目的，进而实现SOC高精度估计。联合半实物仿真系统和电池测试平台，在EPA城市动力工况下对SOC估计算法实现快速控制原型验证。结果表明：基于ABC-RFEKF的锂电池SOC估计算法各项误差指标均低于传统SOC估计算法，平均误差在1%左右，满足实际工程需求。,"['荷电状态', '人工蜂群算法', '随机森林', '扩展卡尔曼滤波', '快速控制原型']",T02,T27,4.0,0.1960554379142501,关键词:随机森林；摘要:随机森林,0.2136485696856339,0.1146816993875012,0.7822222222222223,T35,A35,A14,4.5,0.7316401300849162,标题:SOC；摘要:SOC,0.1851847728662109,0.083143786320831,0.8699999999999999,A35,False,False,False,high,high,high
ZH_0548,基于异质聚类与Stacking的双集成光伏发电功率预测,"光伏功率预测是实现能源优化分配与电网稳定运行的关键基础。然而传统方法中数据预处理不精细以及预测算法对数据挖掘不到位的问题，往往致使准确率不足。针对上述问题，该文提出基于聚类集成和预测集成的双集成光伏功率预测方法，以异质集成的方式提升了气象分类和功率预测的精度。首先，基于重标记法和投影法，构建了融合Kmeans、高斯混合模型(gaussianmixturemodel, GMM)、AGNES(agglomerativenesting)和BIRCH(balancediterative reducing and clustering using hierarchies)4种异质算法的聚类集成框架，并依据滑动时间窗口筛选离群日，建立典型气象模型。其次，基于Stacking集成学习框架，在采用k折交叉验证法规避过拟合的基础上，构建由门控循环单元(gated recurrent unit,GRU)、随机森林(random forest,RF)、XGBoost和Light GBM组成的预测集成模型，深度挖掘光伏数据的潜在规律。最后以澳大利亚某光伏电站为例进行仿真，结果表明双集成功率预测的准确性比传统模型有较大提升，证明了聚类集成和预测集成的有效性。","['光伏功率预测', '聚类集成', '异质集成', 'k折交叉验证法']",T35,T02,7.5,0.6427628672412536,标题:功率预测；关键词:功率预测；摘要:功率预测,0.3094380887230469,0.1340204802946688,0.98,T35,A34,A23,7.5,0.7257464786640017,标题:光伏；关键词:光伏；摘要:光伏,0.0946163725665334,0.0410462761714406,0.98,A34,False,False,False,high,high,high
ZH_0559,中国城市旅游信息流空间网络格局及其复杂性,以2021年国内286个地级及以上城市间旅游信息流数据为基础，构建我国城市旅游信息流空间网络，采用ArcGIS空间可视化分析法和社会网络分析法探析中国城市旅游信息流空间网络格局及其复杂性。研究发现：(1)中国城市旅游信息流量空间异质性显著。中国城市旅游信息流网络联系呈现立体菱形的空间结构，Top5‰的网络联系呈现明显的地理近邻和旅游资源吸引特征。(2)区域旅游信息流空间网络表现出以高级别行政中心为集聚点的“核心—外围”放射状结构。(3)Top3城市旅游信息流出与流入空间网络非均衡性特征显著，流出与流入空间网络交叠分布形成我国城市旅游信息流立体菱形空间网络。(4)Top3城市旅游信息流出空间网络季节同质性显著，而流入空间网络季节异质性显著。春夏两季城市旅游信息流出与流入空间网络的聚类系数都相对较高，而秋冬两季聚类系数都相对较低，表明随着时间的推移，网络呈发散外扩发展趋势。研究以期深刻理解城市旅游信息流空间网络复杂性，为有效利用城市旅游信息的管理实践提供理论启示。,"['旅游信息流', '空间网络', '空间异质性', '复杂网络分析', '地级以上城市']",T43,T48,4.0,0.4054068988898466,摘要:社会网络分析；关键词:复杂网络,0.5405389002310864,0.3243349920703333,0.8422222222222222,T43,A45,A16,7.5,0.7185667597398967,标题:旅游；关键词:旅游；摘要:旅游,0.0859272293353803,-0.0102374304293087,0.94,A16,False,False,False,high,high,high
ZH_0565,基于复杂网络的长江中游城市群人口迁徙网络空间结构,"以2016年腾讯位置大数据人口迁徙数据为基础,通过节点指标、网络指标、空间结构三方面,分析长江中游城市群人口迁徙网络空间结构特征,得出主要结论:①通过节点对称性与节点重要度分析,得出城市群节点等级性明显。武汉城市圈节点等级联系特征为""强核心城市—边缘城市"",环长株潭城市群为""核心城市—次级城市—边缘城市"",环鄱阳湖城市群为""弱核心城市—边缘城市""+""非核心城市—边缘城市""。②通过平均点权与网络结构熵分析,得出城市群网络连通性存在差异。三子城市群分别表现出鲁棒性、持续性、脆弱性特征。③通过人口迁徙空间网络变迁图,分析城市群空间结构,得出各城市群空间结构呈现多样化。三子城市群空间结构分别呈现■+触角发散状""""■+触角发散状""""■+触角发散状""。","['复杂网络', '人口迁徙', '空间结构', '长江中游城市群', '武汉城市圈', '环长株潭城市群', '环鄱阳湖城市群']",T43,T45,6.5,0.7368133782070788,标题:复杂网络；关键词:复杂网络,0.1974640063119251,0.120095558621992,0.98,T43,A39,A05,7.5,0.7380189900010724,标题:城市群；关键词:城市群；摘要:城市群,0.1699768754462414,0.1287070714362316,0.98,A39,False,False,False,high,high,high
ZH_0575,考虑CT饱和干扰的电力变压器励磁涌流识别方法,"为了进一步提升励磁涌流识别技术,减少电流互感器(current transformer,CT)饱和干扰下电力变压器差动保护的误动与拒动情况,分析了CT饱和对传统方法的干扰问题,提出了一种基于特征数据判定的励磁涌流识别方法。首先,根据差动电流波形变化率差异,采用特征数据识别常规故障电流。其次,针对部分励磁涌流波形呈现单向性这一区别于故障电流的特性,通过辨识电流形式,识别单向励磁涌流。然后,针对饱和故障电流的识别问题,借助特征数据剔除干扰波形区段后,对特定取值区域内的波形数据进行多元线性回归拟合,利用判定系数区分饱和故障电流与双向励磁涌流。最后,仿真测试结果与录波数据测试结果均验证了所提方法的可行性,同时表明该方法相比于传统方法更具抗CT饱和干扰能力。","['励磁涌流', '故障电流', '电流形式', '特征数据', '判定系数']",T11,T01,4.5,0.5222600587849322,标题:CT；摘要:CT,0.0427932045175437,-0.2695710086790558,0.8099999999999999,T01,A09,A37,4.5,-0.0029086348931415,标题:CT；摘要:CT,0.1181425935968241,-0.0207759635224393,0.6699999999999999,A37,False,False,False,medium,high,medium
ZH_0577,城市居民环境友好行为意向形成机制的性别差异,"利用在海口市的调查数据,分析环境友好行为意向形成的性别差异。结果发现:①女性报告的环境友好行为意向强于男性;②影响男女环境友好行为意向形成的因素不同,产生机制也不同。环境敏感度、环境态度、反应效能感是男性环境友好行为意向的预测因子,后果意识对男性的环境友好行为意向形成具有调节作用;环境敏感度、环境行动知识、反应效能感与后果意识是女性环境友好行为意向的预测因子;在特定条件下,环境行动知识对女性的环境友好行为意向形成具有调节作用。研究结果能为居民环境教育,尤其是进行性别差异化教育提供科学依据。","['环境友好行为', '意向', '性别', '环境教育']",T46,T20,3.5,0.7100650222057041,标题:形成机制,0.2091241377489343,-0.0709641271021125,0.7544444444444445,T20,A25,A24,4.0,0.7075438767461496,关键词:教育；摘要:教育,0.0647746194334105,-0.0889723089560747,0.7822222222222223,A24,False,False,False,medium,high,medium
ZH_0578,基于敏感气温空间分布的度夏度冬日最大负荷预测与应用研究,"随着电气化率的提升，新型电力系统“双高双峰”特性愈发明显，准确预测度冬度夏日最大负荷对电力平衡安排、迎峰保电保供的重要性也更加突出。采用负荷分解理论，提出了基于敏感气温空间分布的夏季和冬季日最大负荷预测方法。利用社会发展因素，建立基础负荷与国内生产总值(gross domestic product,GDP)、居民消费价格指数(consumer price index,CPI)关联模型，为基础负荷的估算提供更客观、严谨的理论依据。根据各区域电网负荷占比识别重点分区，采用M-K(Mann-Kendall)检验确定分区敏感气温并统计各分区温变负荷范围，结合聚类分析方法构建分档位温变负荷预测模型。以国家电网有限公司经营区2021年度冬度夏日最大负荷预测为例，预测结果相比ARIMA(autoregressive integrated moving average)时序预测法、支持向量回归法(support vector regression,SVR)的结果更具优势。结合2022年度夏日最大负荷预测算例，进一步验证了所提方法和模型的有效性。","['日最大负荷预测', '基础负荷', '温变负荷', '敏感气温空间分布']",T35,T11,7.5,0.6577508084569609,标题:负荷预测；关键词:负荷预测；摘要:负荷预测,0.3408285166226684,0.241077203264006,0.98,T35,A09,A19,1.0,0.7268860817207538,摘要:CT,0.1610275631508137,0.0491862980053842,0.6755555555555555,A09,False,False,False,medium,high,medium
ZH_0581,基于混沌CSO优化时序注意力GRU模型的超短期风电功率预测,"高精度的风电功率预测对风电的并网运营至关重要。为提取风电功率输入序列隐含的时间信息,建立以门控循环单元为基础的预测模型;并在模型输入侧引入时序注意力机制,通过与输入进行加权的方式提高模型对关键历史时间节点的敏感性。为加速模型收敛,在训练的早期利用动态混沌纵横交叉算法优化预测模型的权值和阈值;同时,通过构造多指标共同作用并联合待优化参数的正则项作为目标适应度函数,以避免优化过程中模型泛化性问题的出现。以某风电场采集间隔为1h和10min的实测数据进行实验,结果表明所提组合预测方法性能优于其他对比模型,并对其有效性进行了验证。","['风电功率预测', '门控循环单元', '时序注意力机制', '动态混沌纵横交叉算法', '正则化']",T35,T02,7.5,0.7740393470029846,标题:功率预测；关键词:功率预测；摘要:功率预测,0.4795763126186974,0.3859953357356049,0.98,T35,A34,A23,7.5,0.7191609329460042,标题:风电；关键词:风电；摘要:风电,0.0802713857181126,-0.0059933360999696,0.94,A23,False,False,False,high,high,high
ZH_0591,含高比例风电系统随机备用调度研究,"高比例风电并网对电力系统备用容量调节能力提出极大的挑战。为弥补风电场计划出力与实际出力之间的偏差，电力调度须额外预留上、下旋转备用容量。利用随机机会约束优化理论，计及违反安全约束风险，提出了一种考虑风电出力不确定性与自动发电控制(automatic generation control,AGC)机组出力特性的日前随机备用调度模型。首先，基于马尔可夫链蒙特卡洛(Markov chains Monte Carlo,MCMC)法生成风电出力场景，并利用违反机会约束的概率及置信参数自动确定所需生成场景数量。其次，全面考虑了AGC机组备用出力特性及运行约束，并将备用成本纳入目标函数，可同时得到常规机组最优出力计划与AGC机组备用容量的最优分配系数。最后，将所构造的随机备用调度模型等效为半定规划(semidefiniteprogramming,SDP)问题进行直接求解。通过IEEE 30节点系统进行算例分析，验证了所构造的随机备用调度模型的有效性。","['风电不确定性', '随机备用调度', '备用容量', '马尔可夫链蒙特卡洛法', '半定规划']",T39,T13,5.0,0.6219025677658141,摘要:机会约束；关键词:蒙特卡洛；摘要:蒙特卡洛,0.2758224845216919,0.3278754840415294,0.8977777777777778,T39,A34,A09,7.5,0.7206778964542646,标题:风电；关键词:风电；摘要:风电,0.0789358396131595,0.0048421175304619,0.98,A34,False,False,False,high,high,high
ZH_0599,高速铁路客货混跑车网耦合系统电气稳定性研究,"高速铁路客运机车与货运机车混合运行可能成为未来运输的趋势,该文首次针对客货混跑时车网耦合系统的电气稳定性问题开展研究,在考虑牵引逆变器模型的前提下,建立了客车(CRH3型动车组)和货车(HXD2B型电力机车)在混跑状态下的阻抗模型,详细分析牵引网参数和控制器参数对车网耦合系统电气稳定性的影响。首先,基于状态空间模型,在数学建模时将逆变器和牵引电动机等效为中间直流环节的电阻并联电流源,并基于瞬态电流控制,分别建立了CRH3和HXD2B在dq轴下的整流器小信号阻抗模型;接着,基于广义Nyquist判据,利用""源–荷""车网级联系统的阻抗回比矩阵,对影响车网耦合系统的牵引网参数和控制器参数进行稳定性分析;最后,结合仿真测试和StarSim硬件在环实时仿真平台,验证了该文对客货混跑车网耦合系统电气稳定性研究的有效性和正确性。","['高速铁路', '客货混跑', '车网耦合', '小信号模型', '稳定性分析']",T49,T47,4.0,0.5774661072112466,关键词:稳定性分析；摘要:稳定性分析,0.3689042969131352,0.2676150515089037,0.8422222222222222,T49,A38,A46,1.0,-0.6032185601232908,摘要:逆变器,0.1983109122927374,0.1484388562622087,0.5355555555555556,A38,False,False,False,needs_review,high,needs_review
ZH_0601,郑州都市区镇域经济差异的空间分析,"以镇域为研究单元,以经济综合发展指数为测度指标,采用GIS空间分类、ESDA等空间分析技术,根据区域经济差异的相关理论,分析2006—2010年郑州都市区镇域经济空间格局变化特征。结果表明:经济空间格局总体呈""轴带+市区""的空间扩散态势;第一、第四级水平的乡镇变动幅度大,中等层级水平的乡镇变动不明显;经济发达地区和落后地区存在空间集聚效应,2006—2010年之间High-High区、Low-Low区分别增加6、7个,High-Low区由18个骤减至9个,Low-High区小幅减至14个,乡镇经济整体与局部协调发展的局面尚未形成。基于研究结果从区位条件、宏观政策、经济社会发展条件、中心城区的规模与竞争力等方面进行驱动因素分析,进而提出突出乡镇主导优势产业、实施差别化发展政策、加强集镇区规划建设、促进城乡一体化发展、提升中心城区竞争力等具体对策建议。","['经济差异', '空间格局', '镇域', '郑州都市区']",T48,T30,5.0,0.7400908215274248,摘要:GIS；关键词:空间格局；摘要:空间格局,0.2147572340577124,0.1435058680530342,0.8977777777777778,T48,A39,A48,1.0,0.7232112858825801,摘要:区域经济,0.1685355625012255,0.0229377563041432,0.6755555555555555,A39,False,False,False,medium,high,medium
ZH_0602,一种基于故障支路判定和迭代计算的单回T型输电线路故障测距新方法,针对单回T型输电线路，根据其在故障情况下的正序网络提出了一种基于集中参数模型的故障测距新方法。该方法包括故障支路判定和故障测距两部分。在故障支路判定阶段，为简化故障支路判定函数，在不考虑线路对地电容作用的情况下，推导并设计了故障支路判定函数，根据该函数在各支路首末端函数值是否异号的特征，即可实现故障支路判定。另外，为保证支路首端附近和T节点附近发生故障时故障支路判定的准确性，给出了故障支路判据。在故障测距阶段，为保证测距精度，计及了输电线路对地电容作用，给出了基于正序分量和正序故障分量的故障距离解析表达式，根据该表达式只需数次迭代即可求解出故障距离。所提方法适用于各种故障类型，在T节点附近发生高阻故障时故障支路判别不存在死区，且计算量小、易于编程实现。理论分析和仿真测试表明，该方法的有效性和准确性不受故障位置、过渡电阻以及T接位置等因素的影响。,"['T型输电线路', '故障支路判定', '故障测距', '迭代计算']",T36,T11,7.5,0.7558048358580454,标题:故障测距；关键词:故障测距；摘要:故障测距,0.3781762161648551,0.2557488275574667,0.98,T36,A37,A30,0.0,0.0062609360713004,,0.1194638771351397,0.0447209719378601,0.4868870296784304,A37,False,False,False,needs_review,high,needs_review
ZH_0606,中国省级以上开发区空间分布特征及影响因素,"开发区作为塑造中国经济地理格局的重要力量,其空间布局的外部特征和内在机理亟待研究。运用最邻近点距离指数、核密度估计与地理探测器等方法,探究了中国2 527个省级以上开发区空间分布规律及其影响因素。研究表明:(1)开发区总体上呈""东密西疏""的空间分布特征,与""胡焕庸线""和三大自然区划高度耦合。(2)开发区在空间上具有以""城市群—中心城市""为依托的多核心连片集聚特征,且存在着显著的级别、类型异质性。(3)开发区整体空间分布是自然本底、经济因素和政策因素综合作用的结果,影响开发区空间分布的因子因开发区级别、类型不同而表现出一定的共性和差异性。城市劳动力资源和行政级别是影响开发区分布最为重要的因素;城市经济实力、信息化、地方政府竞争是次级核心因子。","['开发区', '空间集聚与优化', '地理探测器', '行政级别', '产业规模', '科技创新', '中国']",T48,T30,4.0,0.7381311646813845,关键词:地理探测器；摘要:地理探测器,0.281622924454908,0.1295083191527462,0.8422222222222222,T48,A40,A39,3.0,0.4767476479286811,关键词:科技创新,0.0717468631875313,-0.0232310862237064,0.7266666666666667,A39,False,False,False,medium,high,medium
ZH_0611,考虑广义储能的微电网主动能量管理优化算法研究,"构建新型电力系统是促进能源转型和实现碳达峰、碳中和的重要支撑，微电网技术是构建新型电力系统的重要环节。如何提高微电网可再生能源的消纳水平和应对其不确定性具有重要研究意义。该文强调微电网的“主动”能量管理。首先，从势博弈视角，建立微电网可再生能源局中人、广义储能局中人和柴油机组局中人模型；然后，构建广义储能模型，让作为“虚拟储能”的柔性负荷和储能单元协调运行，在分时电价激励下制定柔性负荷的详细调度计划并参与优化；最后，针对可再生能源的波动性和间歇性，引入条件风险价值(conditional value at risk,CVaR)模型，量化评估风光不确定性所导致的风险成本，以追求风险和收益的平衡。仿真结果表明，所提出的方法在保证微电网个体的自主性和自利性的基础上，可有效改善柔性负荷用电曲线，所提出的CVaR模型具有较好的鲁棒性，可为可再生能源运营商在收益和风险之间的平衡提供参考方案。","['微电网', '广义储能', '条件风险价值模型', '势博弈', '主动能量管理']",T39,T34,4.0,0.7819974090890025,关键词:条件风险价值；摘要:条件风险价值,0.5575798735320815,0.4428386363500181,0.8422222222222222,T39,A33,A35,7.5,0.0122102687757619,标题:微电网；关键词:微电网；摘要:微电网,0.132527005333275,0.0872162055411565,0.8134312956533382,A34,False,False,False,high,high,high
ZH_0614,基于PCA-ESDA的中国省域旅游经济时空差异分析,"以中国大陆31个省级区域为研究单元,选取1999—2008年反映旅游经济的相关指标,利用SPSS16.0软件对数据进行主成分分析,计算出每个省份旅游经济的综合得分,然后对综合得分进行空间自相关分析。结果表明:中国旅游经济的发展水平总体上呈现从""长三角""及""珠三角""向内陆逐渐降低的特征。1999—2008年中国旅游经济发展全局空间自相关不显著,但局部空间自相关却表现出一定的规律性:沿海省份位于HH区,西部省份位于LL区,西南、部分东部和中部省份位于LH区和HL区。中国省域旅游经济发展呈现出一种持续的非均衡态势,1999—2008年中国省域旅游经济的总体空间格局并没有发生根本性的变化。省域旅游经济集聚的空间依赖性、省域经济发展水平、区位与资源禀赋、政府政策是影响中国省域旅游经济空间差异的主要原因。","['旅游经济', '时空差异', '主成分分析', '空间自相关']",T48,T02,5.0,0.7210283061857298,关键词:空间自相关；摘要:空间自相关；摘要:空间格局,0.2295348915420975,0.0073450441837844,0.8977777777777778,T48,A45,A39,15.0,0.6434870284090182,标题:旅游；关键词:旅游；摘要:旅游；标题:旅游经济；关键词:旅游经济；摘要:旅游经济,0.2236154961570141,0.1391930600644164,0.98,A45,False,False,False,high,high,high
ZH_0618,基于农业产业集群的农业创新体系结构分析——以河南省鄢陵县花木产业集群为例,"基于创新体系理论构建了农业创新体系的结构分析框架,通过对河南省鄢陵县花木产业集群91家农户和46家农业企业的实地调查,借助社会网络分析法对农业创新体系的结构进行了实证分析。研究发现:农业创新体系可以看做是由创新主体、创新网络以及创新内容三个部分组成。外地同行企业对农业集群创新起主导作用,而传统农户仅仅是用祖传技术或模仿;本地企业中创新地位异质性较高;政府在农业集群创新中的直接作用较小,但紧密的产学研结合,能显著提高企业的创新能力。相对于合作网络来说,知识网络呈多核心结构,网络集中度和密度均较高。与农区制造业集群相比,农业创新更加依赖外地同行企业和市场需求,更重视与大学、科研机构的联系。","['农业创新体系', '农业产业集群', '社会网络分析法', '鄢陵县花木产业集群']",T43,T41,6.0,0.7821529175748131,关键词:社会网络分析；摘要:社会网络分析；摘要:创新网络；摘要:合作网络,0.5291194165940284,0.4439494112486652,0.9533333333333334,T43,A42,A43,8.5,-0.0403305011279689,标题:农业；关键词:农业；摘要:农业；摘要:农户,0.0961876639239796,-0.2880750080569217,0.8,A43,False,False,False,high,high,high
ZH_0631,中国生物多样性科学研究进展评述,"近20年来,我国生物多样性研究快速发展,在生物多样性志书编研、生物多样性起源与演化、生物多样性维持机制及与生态系统功能和服务的关系、生物多样性威胁因素及对全球变化的响应、生物多样性与生态安全,以及生物多样性研究平台建设等方面都取得了长足进步,但生物多样性科学方面的理论性突破仍较少。为促进生物多样性研究的进一步发展,我们建议:(1)加强生物多样性科学与生物多样性保护实践及可持续利用的结合;(2)加强新技术与新方法在生物多样性研究中的应用;(3)加强与扩大国际合作。","['物种编目', '起源', '演化', '生物多样性维持机制', '生态系统功能', '生态系统服务', '因素威胁', '生态安全']",T06,T29,3.5,0.7074419057702521,标题:研究进展,0.0945725467560725,-0.0897006730696271,0.7544444444444445,T29,A12,A07,7.5,0.7755560108713841,标题:生物多样性；关键词:生物多样性；摘要:生物多样性,0.5680788016973959,0.3968286490813149,0.98,A12,False,False,False,high,high,high
ZH_0634,基于深度神经网络的变电站继电保护装置状态监测技术,"监测变电站中继电保护装置的实时状态对避免设备损坏或故障,维持电网稳定运行有重要意义。传统的状态监测依赖于定期的人工检查,在耗费大量人力的同时,也难以做到不间断实时监测,且检测精度容易受到主观因素的限制。针对这一困境,提出基于深度神经网络与计算机视觉技术的变电站继电保护设备状态监测技术。利用平移变焦摄像机拍摄的变电站实时画面,首先进行图像去噪,并利用图像相关性进行图像配准。根据尺度不变特征变换(Scale-Invariant Feature Transform,SIFT)描述,使用深度神经网络进行图像分类,识别出设备的状态。同时,提出一种对标准图像配准框架的修改方案,使得算法在不同光照条件下具有更高鲁棒性。在实际应用中,该算法可以达到超过99%的检测准确率,大幅提升了变电站的安全性。","['变电站巡视', '继电保护装置', '深度神经网络', '计算机视觉']",T01,T36,7.5,0.7941997085694049,标题:深度神经网络；关键词:深度神经网络；摘要:深度神经网络,0.6851711156261837,0.5299979183528924,0.98,T01,A37,A26,7.5,0.3425158264582049,标题:继电保护；关键词:继电保护；摘要:继电保护,0.3985638296894961,0.0465416175586055,0.98,A37,False,False,False,high,high,high
ZH_0641,基于铁路网的中国主要城市中心性的空间格局,"中国铁路建设进入高速化和网络化发展阶段,从铁路网络视角透视中国城市体系的枢纽—网络结构研究成为热点和前沿。基于此,文章运用复杂网络方法,引入多中心性模型,刻画了中国地级及以上铁路枢纽城市的中心性空间格局:①多中心性指标的宏观空间分布同构,均呈现以""胡焕庸线""为界的东南—西北分异,与经济发展水平和人口规模空间共轭。强度中心性与度中心性空间格局相似,紧密度和介数中心性呈现明显的核心—边缘扩展态势。②综合中心性指标也呈现以""胡焕庸线""为界的分异格局,中心向外围衰减的圈层结构难以打破,且与城市自身的经济发展呈现同配和异配共存。③各中心性指标表现出不同程度的空间集聚,从全局看紧密度中心性空间集聚最强,而度中心性最小;从局部来看,中心性以高高低低空间关联类型居多,空间集聚性较强。","['中心性', '铁路网', '多中心性分析', '空间自相关', '“胡焕庸线”', '铁路枢纽城市', '等级圈层结构']",T43,T48,8.5,0.0838405166763716,摘要:复杂网络；标题:中心性；关键词:中心性；摘要:中心性,0.2254225369109767,-0.0061811834040685,0.8922245683440089,T48,A46,A39,7.5,0.7193538274214989,标题:铁路；关键词:铁路；摘要:铁路,0.0692502345572453,-0.0046155184178652,0.94,A39,False,False,False,high,high,high
ZH_0642,基于主客观赋权相结合的省级电网发展诊断分析方法与实证研究,"面向省级电网的发展诊断分析问题,提出一种基于区间二型模糊集合和熵权法的电网发展诊断分析方法。首先,综合考虑指标体系的多维度、多影响因素、独立性和可操作性,从电网发展速度、发展规模、发展安全、发展效率和发展效益五个角度,提出电网发展诊断评价的分层指标体系。在此基础上,提出面向该指标体系的指标归一化评分方法,并基于区间二型模糊集合和熵权法提出了各项指标的赋权方法。该方法能够较好地刻画指标赋权过程中的模糊因素问题。最后,基于黑龙江电网的实际数据开展实证分析,评估黑龙江电网的发展情况。分析结果表明:黑龙江电网的整体发展情况良好,但在网源协调性、网荷协调性、电网设备水平、企业经营状态等方面仍有待完善。","['区间二型模糊集合', '熵权法', '电网发展诊断', '指标体系', '评价方法', '实证分析']",T41,T28,8.0,0.7499701671664398,关键词:指标体系；摘要:指标体系；关键词:熵权法；摘要:熵权法,0.3766050558646111,0.2140726226174276,0.98,T41,A19,A49,0.0,0.0029130740824565,,0.0987158413560801,0.0208076720175466,0.4832043814907021,A19,False,False,False,needs_review,high,needs_review
ZH_0646,中国西南地区传统村落空间分布特征及其影响机理,"传统村落作为历史文化、民俗风情、建筑艺术的重要载体,是中国优秀传统文化的重要组成部分。以我国西南地区1 912个传统村落为案例,运用计量地理法与GIS空间分析探索传统村落空间分布特征及其影响机理。结果表明:(1)西南地区传统村落空间分布不均衡,区域差异明显,且逐渐形成滇西北、黔东南—黔东北、黔南和云南红河州四大高密度区。(2)地理探测器因子探测结果显示:自然环境的影响因子最强,地域文化次之,经济发展水平等人文社会因子影响力较弱;各影响因子间交互作用增强,且海拔高程、坡向和河流间两两交互的增强作用最为明显。(3)从影响机理来看,西南地区传统村落的形成演化是自然环境、社会经济和政策导向交互耦合作用的结果。自然环境因素是决定西南地区传统村落的空间结构和发展方向的""基石"",起着主导作用;人文社会因素是传统村落发展演化的内在驱动因素;政策导向是形成现有空间格局的外在动因。","['西南地区', '传统村落', '分布格局', '影响机理', '自然环境', '人文社会因素', '政策导向']",T48,T30,3.0,0.7373801245064162,摘要:GIS；摘要:空间格局；摘要:地理探测器,0.3061491376481283,0.1241437464744009,0.7866666666666666,T48,A39,A24,1.0,0.7220533484644203,摘要:区域差异,0.0727481046509114,0.0146667747458589,0.6755555555555555,A39,False,False,False,medium,high,medium
ZH_0650,考虑多重不确定性的垃圾焚烧热电联产电厂日前鲁棒申报策略,垃圾焚烧电厂是处理固体废弃物的主要方式之一，并且越来越多的垃圾焚烧电厂具有热电联产模式，既可以在电力市场出售电能，又能为相邻区域供热。基于此，在考虑日前电力市场价格和固体废弃物来量不确定性的前提下，构建了垃圾焚烧热电联产电厂的两阶段鲁棒申报模型。该模型可以在最坏场景下保证垃圾焚烧热电联产电厂的预期收益最大化。为了对模型进行求解，引入Benders分解将该模型分解为易求解的主问题和子问题。最后，算例仿真结果表明，该模型可以帮助运营商制定经济合理的电能申报策略。并通过对比分析和敏感性分析验证了该模型的优越性与适用性。,"['垃圾焚烧电厂', '热电联产模式', '鲁棒优化', '申报策略', 'Benders分解']",T39,T38,3.0,0.7530327434453478,关键词:鲁棒优化,0.3629917388043361,0.2359481674667703,0.7866666666666666,T39,A36,A48,1.0,0.7458971598368225,摘要:电力市场,0.2760031467362649,0.1849797131201612,0.6755555555555555,A36,False,False,False,medium,high,medium
ZH_0653,伊犁地区农业生态经济系统的时空分异规律与可持续发展,"通过能值和GIS方法的耦合分析,以伊犁地区为例,探讨了温带干旱区绿洲农业生态经济系统可持续性的时空演化特征与总体趋势,提出了相应的调控措施。研究结论如下:①1989—2008年,伊犁地区农业生态经济系统的能值总投入和总产出均呈持续增长趋势。②目前伊犁地区农业生态经济系统仍处于可持续发展的状态,但亦呈现出恶化的趋势。③研究区在农业系统发展水平方面,大致呈现出""东北—西南""梯度格局;在系统可持续发展方面,大致呈现出""南高北低""的空间格局。④在今后的农业发展进程中,伊犁地区应通过农业内部结构的优化、农业传统生产方式的变革等手段,促进农业系统的结构功能优化和可持续发展,防止生态环境的恶化。","['干旱区', '绿洲', '能值分析', 'GIS空间分析', '可持续发展', '伊犁地区']",T48,T44,5.0,0.5747582802452906,关键词:GIS；摘要:GIS；摘要:空间格局,0.1447109173864443,-0.0088694268193526,0.8377777777777778,T44,A42,A44,4.5,0.7160315289474632,标题:农业；摘要:农业,0.0526341450189378,-0.0283462218038341,0.8099999999999999,A44,False,False,False,high,high,high
ZH_0655,合成生物学研究的工程化平台,"合成生物学研究中,海量的工程化试错实验远远超出传统的劳动密集型研究范式的能力范畴,因而亟需一种变革性的工程化研究平台。工程化平台通过引进各类符合生产所需的智能装备,开展大规模个性定制模式创新,实现生命体的远程定制、异地设计、规模经济生产。工程化平台能够快速积累经验知识,是实现生命体可预测合成的科学基础。文章介绍了合成生物学研究的一些工程化平台,及其上下游机构的发展案例、创新机制与趋势。","['合成生物学', '生物铸造厂', '工程化平台']",T12,T23,7.5,0.7091665065938109,标题:合成；关键词:合成；摘要:合成,0.2237704931013861,-0.0773820957584934,0.94,T23,A22,A07,0.0,0.0328319334086819,,0.683924569339706,0.2345138100620138,0.5161151267495501,A22,False,False,False,needs_review,high,needs_review
ZH_0661,地理空间效应视角下的后发经济区趋同研究——以北部湾经济区为例,"在新古典增长理论模型的基础上,构建后发经济区经济增长β趋同的空间计量经济学模型框架,从理论上探讨了基于地理空间效应对β趋同进行统计研究的可能性和可行性;通过对2000—2008年北部湾经济区整体和内部三个发展区尺度的经济增长趋同进行实证分析,发现与经典的趋同模型相比,纳入地理空间效应分析框架的空间趋同模型,趋同速度和方程拟合优度均更优,说明地理空间外溢效应在北部湾经济区的经济增长趋同中起着不容忽视的重要作用,也是其空间俱乐部趋同发生的关键机理,这对于后发经济区增长过程中的区域资源共享、要素流通、互助合作、协调发展,具有重要的政策启示。","['地理空间效应', '空间计量模型', '趋同', '北部湾经济区']",T42,T16,3.0,0.5045078224750384,关键词:计量模型,0.314282073430091,0.1750558748217033,0.7866666666666666,T42,A27,A01,0.0,0.0029849686166567,,0.090929808516221,0.0213212044046912,0.4832834654783224,A27,False,False,False,needs_review,high,needs_review
ZH_0663,我国中心城市金融集聚水平与空间格局研究,"通过对2010年全国286个地级以上中心城市相关数据的因子分析,将金融集聚因子降维成规模因子、质量因子和活跃程度3个较稳定的可解释因子,并与2005年相应数据进行比较。根据金融集聚指数,将我国中心城市金融集聚水平划分为全国性金融中心、全国性金融次中心、区域性金融中心、省域金融中心及地方金融中心。借助GIS空间分析技术对全国中心城市金融集聚的空间分布格局进行展现,结果显示我国金融集聚最为显著的区域集中在长三角、京津冀和珠三角地区,上海、北京—天津、广州—深圳构成全国性金融集聚服务中心城市;金融集聚与城市规模有着极强相关性,200万人以上的特大城市是金融活动的主要集聚地;各省区的金融集聚中心一般为其省会城市及其副中心城市。分析金融集聚指数2005—2010年的变化率,全国金融业集聚态势有从全国金融中心向邻近区域扩散的趋势,并向中部和近西部地区的中心城市不断传播。","['中心城市', '金融集聚', '空间格局', '因子分析', 'GIS空间分析']",T48,T30,10.5,0.7475291985563733,关键词:GIS；摘要:GIS；标题:空间格局；关键词:空间格局,0.2923715579848773,0.1966371325455237,0.98,T48,A50,A39,7.5,0.4308353638982198,标题:金融；关键词:金融；摘要:金融,0.1526819345872399,-0.0083188292984298,0.94,A39,False,False,False,high,high,high
ZH_0667,基于拓扑聚合的输电断面辨识方法与断面传输极限的研究,国内外多次发生的大停电事故表明输电断面是大规模互联电网的薄弱环节。快速搜索出电网关键输电断面并计算出断面极限传输功率，有利于调度部门及时调整运行方式，避免电网发生大面积停电事故。提出利用电网拓扑聚合算法对电网关键输电断面进行搜索。通过对电网邻接矩阵进行简单的矩阵变换操作，将拓扑中临近节点聚合到邻接矩阵的主对角线附近。直接在变换后的邻接矩阵上对电网输电断面进行快速搜索，然后通过潮流分布因子来辨识关键输电断面。利用磷虾群优化算法构造电网关键输电断面极限传输功率的优化模型，准确计算断面极限传输功率。IEEE14节点系统和IEEE39节点测试系统验证了所提方法的有效性。,"['关键输电断面', '邻接矩阵', '拓扑聚合', '磷虾群优化算法', '极限传输功率']",T12,T34,7.5,0.6995974361828328,标题:聚合；关键词:聚合；摘要:聚合,0.1836295027636772,-0.1457325986940514,0.94,T34,A32,A15,0.0,0.0027302632140066,,0.1268634388452129,0.0195018801000476,0.4830032895354073,A32,False,False,False,needs_review,high,needs_review
ZH_0669,基于社区尺度的互联网企业空间格局与演化——以扬州市区为例,"基于扬州市区2006、2012、2016年互联网企业数据,以社区为研究单元,采用负二项回归模型,验证不同周期、不同类型互联网企业空间分布特征及区位选择特点,为中小城市互联网产业发展提供理论指导。结果表明:(1)互联网企业数量由内至外圈层呈低—高—低空间形态,企业密度由高往低逐圈层递减;企业空间分布经历了集聚—随机—集聚的变化过程,分布热点由内城区逐步向外城区、近郊区扩散。(2)不同类型互联网企业中,技术研发型集聚程度最高、工业互联网型次之、电子商务型最低;不同生命周期企业中,初创型企业空间分布以内城区、外城区为主,成长型、成熟型以近郊区为主,部分成熟型企业出现了企业部门分离趋势;不同生命周期互联网企业经历了从内城区、外城区向外扩散的过程。(3)不同类型、不同生命周期互联网企业区位因子差异显著。办公用房租金、住宅租金、集聚要素对各类、各生命周期互联网企业均有高强度影响,区域路网密度、高速公路出入口为中等程度影响,生态环境影响较低;专业市场、CBD对电子商务企业及初创型互联网研发企业有高强度影响;成长型、成熟型技术研发企业、工业互联网企业对人才条件、产业园区要素更为敏感。","['互联网企业', '工业互联网企业', '空间格局', '企业生命周期', '研发型', '负二项回归', '扬州']",T48,T42,6.5,0.7190465001801891,标题:空间格局；关键词:空间格局,0.1114767474603165,-0.0068107129986494,0.9211111111111112,T42,A46,A43,1.0,0.6957361157689189,摘要:公路,0.0121672807590756,-0.1733134587934363,0.6155555555555555,A43,False,False,False,needs_review,high,needs_review
ZH_0678,都市圈中观视角下的协同创新演化研究综述,"随着创新模式逐渐趋于创新要素集成化和行为主体协同化,协同创新成为重要的研究领域。文章综述了技术创新的演化轨迹和都市圈创新理论的发展脉络,从协同理论视角梳理和分析了都市圈协同创新的发展轨迹,重点从协同创新的阻制、协同要素构成、协同创新模式、协同程度测度、协同创新效应等方面探讨了其最新的研究动态和进展;最后,在评述已有研究的基础上提出了今后的研究重点和发展趋势。","['协同创新', '都市圈', '述评']",T06,T45,4.5,0.7452546150957767,标题:综述；摘要:综述,0.3789822353831262,0.1803901078269765,0.8699999999999999,T06,A40,A30,1.0,0.7383849991445047,摘要:技术创新,0.2633432306202837,0.131321422460748,0.6755555555555555,A40,False,False,False,medium,high,medium
ZH_0684,直流微网混合储能系统控制策略现状及展望,"在直流微电网中,混合储能系统被用于改善可再生能源发电系统的性能,维持网内的整体功率平衡。合理的控制策略是充分发挥不同储能器件特性、保证系统安全稳定运行的关键。综述了直流微网混合储能系统控制策略的最新进展,从基本控制思想、动态响应能力提升方法和考虑荷电状态的控制策略三个方面进行了总结研究,并以表格形式直观地展示其优点和不足。针对现有控制策略的局限性,并结合相关领域技术进展,对其未来发展方向进行了展望。","['混合储能系统', '直流微电网', '控制策略', '动态响应', '荷电状态']",T49,T06,7.5,0.6441941712848309,标题:控制策略；关键词:控制策略；摘要:控制策略,0.2192577182490679,0.1442440806059349,0.98,T49,A33,A35,4.0,-0.3340162728793273,关键词:微电网；摘要:微电网,0.1081732011104183,0.0141694794333758,0.6422222222222222,A14,False,False,False,needs_review,high,needs_review
ZH_0685,意愿调查法在我国遗产资源价值评价领域的应用与研究进展,"从中国知网选取97篇相关论文作为样本,从研究领域、主要发表期刊、所属学科、具体研究内容、研究过程、关键技术等方面进行了统计分析,对使用CVM在遗产价值评价方面的研究进行了梳理、述评,并对当前研究中存在的问题进行评析,旨在明晰CVM在遗产资源价值评价中的研究现状及发展进程。","['意愿调查法(CVM)', '遗产资源', '价值评价', '研究进展']",T06,T21,6.5,0.6873184485674444,标题:研究进展；关键词:研究进展,0.0670537882468902,-0.2334396530896827,0.9211111111111112,T21,A30,A51,0.0,0.0163782374110207,,0.2555481618038321,0.1169874100787196,0.4980160611521229,A30,False,False,False,needs_review,high,needs_review
ZH_0687,鸭绿江河口水文特性对丹东市城市空间格局演变的影响,"丹东市是因港而形成和发展的城市,文章收集了不同时期鸭绿江影响航运的水文特性,探讨影响港口布局进而影响丹东市条带状空间格局的内在驱动力。结果表明:城区空间格局演变是不同时期对水文要素的响应:早期的选址是作为鸭绿江防区薄弱环节来设防,此处的鸭绿江水流平缓、沙洲较多、易于涉水;丹东设制和开埠时期,以鸭绿江的对外港口运输,适宜的潮差和流量是丹东城市雏形的重要因素;随着建设东北东部现代化港口城市的定位,原有丹东内港的水深、潮差、河床宽度和泥沙淤积等要求已不能满足这种要求,城市空间形态沿鸭绿江向大东港方向延伸,形成了丹东与东港同城化的极为狭长的条带状城区。","['鸭绿江', '潮差', '港口城市', '城市空间格局']",T48,T25,7.5,0.7163461432907621,标题:空间格局；关键词:空间格局；摘要:空间格局,0.0622497516071676,-0.0260989764945562,0.94,T25,A46,A41,4.0,-0.3487275155401588,关键词:港口；摘要:港口,0.0312379483928491,-0.0909108252868484,0.6422222222222222,A51,False,False,False,needs_review,high,needs_review
ZH_0690,提升电网电压支撑强度的调相机优化配置方法,"大规模新能源接入电网后，新能源发电设备的弱支撑性导致接入电网电压支撑强度难以满足电网的安全稳定需求。通过配置调相机可以有效提升电网电压支撑强度，但是当前实际电网生产运行中，缺乏可行的调相机配置方法。为此，基于新能源多场站短路比(multiple renewable energy stations short circuit ratio,MRSCR)对电网电压支撑强度的量化评估作用，分析了调相机接入对MRSCR的影响，结果表明MRSCR最低的节点配置调相机对电网电压支撑强度提升效果最好。基于上述结论，提出了一种基于MRSCR的分布/集中式混合优化配置方案，可以通过接入总容量较少的调相机，显著提升新能源接入后的电网电压支撑强度。结合全电磁仿真计算和机电暂态仿真对典型算例的计算结果可知，基于提出的调相机配置方法，可以有效提升电网安全稳定性，且与传统配置方法相比，所需调相机总容量可显著降低。","['大规模新能源接入', '调相机配置', '电网电压支撑强度', '优化提升']",T37,T32,4.5,0.5549091481267874,标题:优化配置；摘要:优化配置,0.1345842149437972,-0.0363632276658039,0.8099999999999999,T29,A34,A09,1.0,0.7478947402663292,摘要:新能源发电,0.2872722214541761,0.1992481447594939,0.6755555555555555,A34,False,False,False,medium,high,medium
ZH_0704,低成本对抗性隐蔽虚假数据注入攻击及其检测方法,信息物理深度耦合的电网面临着虚假数据注入攻击的威胁，深度学习技术成为检测虚假数据注入攻击的重要手段。针对深度神经网络面临的对抗性攻击的问题，该文提出一种低成本对抗性隐蔽虚假数据注入攻击方案及对应的检测方法。通过两阶段优化求解最优的量表组合及攻击值，得到预期攻击目标的最优攻击策略，对最优攻击值通过白盒攻击添加对抗性扰动，使深度学习模型将其误报为正常样本。从检测的角度，对历史数据库中的所有初始攻击样本均添加对抗性扰动，并标记为攻击样本加入训练集，对模型进行训练，提升检测性能。分别在IEEE14节点系统和IEEE118节点系统上进行实验，验证了所提攻击和检测方法的有效性。,"['深度学习', '虚假数据注入攻击', '对抗攻击', '白盒攻击', '对抗训练']",T01,T25,5.0,0.6205243060798558,摘要:深度神经网络；关键词:深度学习；摘要:深度学习,0.3972058673123467,0.3180307577132552,0.8977777777777778,T01,A27,A26,1.0,0.7158592794990774,摘要:物理,0.0647797075423876,-0.0295765750065906,0.6155555555555555,A26,False,False,False,needs_review,high,needs_review
ZH_0708,基于旋转门算法的电池储能辅助单机跟踪AGC指令控制策略,针对电池储能辅助单机跟踪AGC指令过程中机组爬坡频次高以及储能动作次数多的问题，提出基于旋转门算法的电池储能辅助单机跟踪AGC指令控制策略。首先，利用旋转门算法对AGC历史数据进行压缩，对压缩结果采用线性插值处理，进一步进行动态更新及实时修正，并结合机组爬坡特性确定机组承担的功率调节指令。然后，将储能系统动态地分为3个电池组，根据储能系统功率调节指令确定电池组动作顺序，进而设计功率分配方法实现储能系统上层功率分配，同时确定各电池组电池单元功率分配原则完成下层功率分配。最后，利用某电厂实际AGC指令对控制策略进行仿真分析，验证了所提策略的有效性。,"['储能', '火电机组', '跟踪AGC指令', '动态分组', '功率分配']",T49,T34,4.5,0.7288214543166454,标题:控制策略；摘要:控制策略,0.1944803373607892,0.0630103879760388,0.8699999999999999,T49,A35,A14,7.5,0.7077296053500467,标题:储能；关键词:储能；摘要:储能,0.1511028120768106,-0.0876456760710942,0.94,A14,False,False,False,high,high,high
ZH_0709,科技创新城市的功能内涵、评价体系及判定标准,"针对我国对创新型城市概念、内涵和分类上的理解不足,借助城市经济基础和城市功能的相关理论,阐明了城市功能、科技创新与创新型城市建设的关系,在解释了城市科技创新功能的概念、内涵和表现方式的基础上,重点从城市经济活动的基本部分与非基本部分两个方面入手,构建了城市科技创新功能的评价指标体系,提出了科技创新城市的概念内涵,并初步设定了科技创新城市的界定标准及相关参数。其研究结果为推动创新型城市的理论研究,也为创新型城市的具体发展模式和未来路径选择提供一种参考。","['城市功能', '科技创新功能', '科技创新城市', '评价指标体系', '判定标准']",T41,T25,4.0,0.7366742818259856,关键词:指标体系；摘要:指标体系,0.2056049927690298,0.119102013042754,0.8422222222222222,T41,A40,A41,7.5,0.7364428672861986,标题:科技创新；关键词:科技创新；摘要:科技创新,0.2435883455919478,0.1174490520442755,0.98,A40,False,False,False,high,high,high
ZH_0711,计及源荷多重不确定性的综合能源系统鲁棒经济调度方法,"可再生能源出力、购能价格和综合需求响应量等多重不确定性因素给综合能源系统(Integrated Energy System,IES)安全经济运行带来了严峻的挑战。对不确定性因素的精细化建模,可以提高综合能源系统调度策略的有效性和优越性。首先在分析多重不确定性特性的基础上,分别采用随机场景法和鲁棒优化法对购能价格、风光出力和综合需求响应等多重不确定性进行建模。此外,由于先进绝热压缩空气储能(Advanced Adiabatic Compressed Air Energy Storage, AA-CAES)具有冷-热-电联储联供的优点,可以增强系统运行灵活性,因此,选择AA-CAES作为IES的储能系统。然后,构建含AA-CAES的IES鲁棒-随机优化模型,并采用蝙蝠算法对模型进行求解。最后,基于某地区的数据开展仿真分析。结果表明,所提方法能够减少系统运行成本,实现经济性与鲁棒性的协调优化。","['综合能源系统', '综合需求响应', '多重不确定性', '鲁棒-随机优化']",T39,T13,5.0,0.5946050289226854,摘要:鲁棒优化；关键词:随机优化；摘要:随机优化,0.2716533653235465,0.1328930637334675,0.8977777777777778,T39,A33,A36,7.5,0.3671803767004342,标题:综合能源系统；关键词:综合能源系统；摘要:综合能源系统,0.3547207368171,0.2227169764316724,0.98,A33,False,False,False,high,high,high
ZH_0715,中国抖音直播带货行业发展的空间分异及影响因素,"以抖音带货主播数量、销售额、营销潜力为测度指标,选择8个典型商品行业为例,运用空间插值、空间自相关、基尼系数等方法分析抖音直播带货水平的空间分异特征,并运用地理探测器模型进行影响因素分析。研究表明:(1)从空间分布格局上看,整体呈现长三角、珠三角与京津冀地区保持领先优势,成渝地区、中原地区紧跟其后,西北西南地区相对落后的分布特征。(2)从空间关联格局来看,直播带货型电商经济呈现明显的空间集聚现象,且以HH、LL区分布为主。其中,显著HH区主要在苏、浙、粤的核心城市分布,集聚程度较高且正向关联效应明显;显著LL区主要在青、川、云等地集中分布,大范围低值集聚态势明显,反映出欠发达地区的电商孕育环境不佳。(3)从不均衡发育看,主播数量、销售额、营销潜力的集聚现象明显,地区之间存在梯度差异。从具体情况看,杭州、广州、北京等少数发达城市引领着直播带货行业的发展,对周边地区的辐射带动作用明显;而西部欠发达地区的城市的发育水平欠佳,与东部领先城市的差距可谓""天渊之别""。(4)从影响因素上看,电商环境支撑、信息发展水平、经济实力支撑、交通物流水平、政府战略与政策、人口受教育程度、专业化运营助力这几个方面均有重要解释作用。","['直播带货', '电商经济', '主播数量', '营销潜力', '信息发展水平', '交通物流', '教育程度']",T48,T30,6.5,0.7527665089144625,摘要:空间自相关；标题:空间分异；摘要:空间分异；摘要:地理探测器,0.3801323782343462,0.2340464922461612,0.98,T48,A46,A25,8.0,0.3668316547685349,关键词:交通；摘要:交通；关键词:物流；摘要:物流,0.1082752850003144,0.0487975340609642,0.94,A39,False,False,False,high,high,high
ZH_0717,河南省新冠肺炎疫情时空扩散特征与人口流动风险评估——基于1243例病例报告的分析,"文章搜集了河南省1 243例新冠肺炎的病例数据,利用探索性数据分析方法,在区县尺度上从病例总量、输入性扩散性病例数量以及扩散比三个维度探究了河南省新冠肺炎疫情的时空扩散过程,进一步基于人口流动评估了各个区县春节过后疫情风险。研究发现,河南省新冠病毒疫情经历了发生、迅速发展和趋于稳定的发展过程,目前病例总量和扩散比的""S""型曲线已经呈现;病例总量、输入性扩散性病例均呈现显著的空间集聚特征,其中病例总量与输入性扩散性病例高—高集聚区主要分布于信阳大部分区县,南阳、驻马店、郑州部分区县,遵循与湖北省地理邻近和网络邻近的特征;扩散比较高的区县为分散分布,且大多为家庭式集聚性扩散;在人口流动的影响下,信阳市主城区及周边县,安阳、郑州、许昌、平顶山等市主城区,人口流入和流出所引致的相对风险较高。随着疫情的发展,需要及时评估疫情动态,并兼顾人口流动风险进行动态疫情风险划分,以便及时有效地指导区域疫情的防控与经济社会秩序恢复。","['时空特征', '人口流动风险', '河南省']",T07,T30,7.0,0.3824891371529643,标题:病例报告；标题:例病例,0.368041706552269,0.1606366939497446,0.98,T07,A07,A10,1.0,0.6894169479314652,摘要:病毒,-0.0609704290214169,-0.2184503719181048,0.6155555555555555,A10,False,False,False,needs_review,high,needs_review
ZH_0723,农业循环经济主体行为博弈与协同优势分析——兼论政府发展农业循环经济的制度设计,"提出并分析了政府、企业或农户,消费者及社会独立的农业R&D机构等组成的""四元并联""主体系统模型;运用博弈论理论知识和方法分析了主体之间的博弈规律以及通过经济学理论探讨了主体协同推进农业循环经济发展的优势。在此基础上,以龙须草生态产业链作为实例分析其生态价值与经济效益方面的优势。从增加政府的制度供给、明确环境资源产权、建立绿色认证制度和建立生态技术创新制度等四个方面,提出了政府发展农业循环经济的制度设计。","['农业循环经济', '四元并联模型', '博弈分析', '协同优势', '制度安排']",T46,T38,4.5,0.7594237426607131,标题:制度设计；摘要:制度设计,0.4612651369984618,0.2815981618622366,0.8699999999999999,T46,A42,A40,8.5,0.6203740402182001,标题:农业；关键词:农业；摘要:农业；摘要:农户,0.0802322872211659,-0.1065719816347051,0.94,A40,False,False,False,high,high,high
ZH_0725,基于GIS的半山丘陵区农村居民点空间布局及优化分析——以山西省襄垣县为例,"农村居民点布局的调整与优化是新一轮土地利用总体规划的重要内容,对协调人地关系、增强区域经济、统筹城乡发展等具有重要的作用。以地处黄土高原半山丘陵区的襄垣县为研究对象,结合DEM、第二次土地调查数据库等相关资料,从海拔、坡度、交通、水源等方面对居民点的空间特征进行了定量分析,采用专家咨询法对选取的指标赋予相应的权重并逐级打分,将研究区的自然地理等级划分为优等区域、中等区域和差等区域,根据研究区人口、经济、地质灾害等情况,将研究区的居民点划分为异地搬迁型、保留发展型和优先发展型,确定了31个村作为研究区的中心村。","['农村居民点', '半山丘陵区', '空间布局', '襄垣县']",T48,T25,3.5,0.5196786139181528,标题:GIS,0.1341937625980242,0.0385207116602756,0.8144444444444445,T48,A39,A42,1.0,-0.6249583426314337,摘要:区域经济,0.1019823162936286,-0.0068453045102414,0.4755555555555555,A28,False,False,False,needs_review,high,needs_review
ZH_0734,江西省农村居民收入时空差异及其影响因素,"利用传统统计分析方法和探索性空间数据分析(ESDA)方法相结合,在ArcGIS和GeoDA等软件的支持下,以农村居民人均纯收入为测度指标,从时间、空间、影响因素3个侧面对1997—2010年江西省县域农村居民收入的时空格局及演化进行了分析。结果表明:江西省农村居民收入受1998年洪涝灾害影响明显;区域相对差异总体上呈缓慢扩大趋势,绝对差异呈现波动性缓慢扩大趋势;县域农村居民收入空间相关性显著,高值区在赣北及赣中集聚,低值区在赣南集聚,集聚呈两极分化现象;收入水平在空间格局上表现为显著的南北差异,差异有不断增大的迹象;重大自然灾害、交通区位、与中心城市的空间距离、区域发展政策及矿产资源等都是影响江西省农村居民收入时空差异的重要因素。","['农村居民收入', '时空差异', '江西省']",T48,T17,3.0,0.741559279322112,摘要:ArcGIS；摘要:GIS；摘要:空间格局,0.2273045402484828,0.1539948523007999,0.7866666666666666,T48,A39,A42,0.0,-0.7263576764824049,,0.005153121198369,-0.0454119748743204,0.26,A28,False,False,False,needs_review,high,needs_review
ZH_0735,基于优势柔性策略-评价算法和迁移学习的区域综合能源系统优化调度,"为提高清洁能源消纳率及减少碳排放对环境的污染，实现更具泛化能力、鲁棒性和高效性的区域综合能源系统优化调度，该文提出了基于优势柔性策略–评价(advantage learning soft actor-critic,ALSAC)算法和迁移学习的区域综合能源系统优化调度方法。利用环境信息与智能体进行通信交互，以低碳、经济为目标实现区域综合能源系统的优化调度。在文中分析了提升柔性策略–评价(soft actor-critic,SAC)鲁棒性的最大熵机制，并与基于策略梯度的多种深度强化学习算法和启发式算法进行了性能对比，随后将优势学习的思想引入SAC的Q值函数更新中，解决了算法对Q值的过估计问题，提升了算法的性能。为提高智能体的学习效率和应对新场景的泛化能力，加入了迁移学习的参数迁移。算例表明，基于ALSAC算法和迁移学习的优化调度策略具有较好的鲁棒性、泛化能力和高效的学习效率，实现区域综合能源系统的灵活高效调度。","['区域综合能源系统', '深度强化学习', '柔性策略-评价', '迁移学习', '优势学习']",T37,T11,4.5,0.571119920784645,标题:优化调度；摘要:优化调度,0.1770730826039176,0.0794280056046081,0.8699999999999999,T37,A33,A44,7.5,0.687635075233274,标题:综合能源系统；关键词:综合能源系统；摘要:综合能源系统,0.5665653131643674,0.454536251666243,0.98,A33,False,False,False,high,high,high
ZH_0739,中国区域经济差异问题研究综述,"高经济增长环境下的区域经济非均衡发展现象始终是理论界研究的热点和难点问题。本文从八个视角梳理了国内外学者解析中国区域经济差异的相关文献,并对未来的研究方向与趋势进行了探讨。文献分析的启示是,后续研究应该对众多影响区域经济增长的因素纳入一个统一的框架下进行综合分析。另外,还应该从微观主体以及中观产业的视角,探究中国区域经济非均衡增长的本质。","['区域经济差异', '空间集聚', '产业结构', '人力资本']",T06,T45,3.5,0.7304749340946088,标题:综述,0.1850703648990851,0.0748209578186343,0.8144444444444445,T06,A39,A43,7.5,0.4751141430162386,标题:区域经济；关键词:区域经济；摘要:区域经济,0.4196349161307703,0.307958164401705,0.98,A39,False,False,False,high,high,high
ZH_0744,面向生物合成的代谢工程策略设计,"代谢工程研究的主要目的是通过改造菌株代谢网络,高效地合成目的产品。由于细胞代谢网络的复杂性,从数千个代谢反应及其调控回路中找到合适的改造靶点非常困难,往往要经过反复试差才能成功。通过对大规模代谢网络的计算分析,设计出特定生物产品的最优合成途径,可以帮助人们找出合适的代谢工程改造策略,减少改造过程的盲目性,更快更好地得到生物合成菌株。文章重点讨论两个问题:(1)如何设计代谢网络来合成原来不能合成的产品并提高产品得率,介绍了基于代谢网络计算分析的代谢工程设计方法;(2)如何设计菌株实现酶反应的精准调控,介绍了通过设计基因回路动态调控代谢途径流向的动态代谢工程研究新进展。","['计算设计', '代谢工程', '生物合成', '动态调控', '代谢网络', '合成生物学']",T12,T32,7.5,0.6285292947006755,标题:合成；关键词:合成；摘要:合成,0.2652684669589332,0.0323521050048256,0.94,T23,A22,A07,1.0,0.7668476020738196,摘要:基因,0.6000966257864092,0.3346257290987119,0.6755555555555555,A22,False,False,False,medium,high,medium
ZH_0745,西安市创意产业空间格局演化和影响因素,"创意产业是经济发展和城市优化的有力手段,时空二维视角则是理解创意产业发展的有效逻辑。文章对创意产业的内涵、特征和行业范围进行辨析与梳理,使用大数据技术获取了西安市创意产业时空数据,选用空间分析方法从分布模式、集聚热点和发展方向性三个方面对西安市创意产业及各行业空间格局和演化过程进行探索,并基于空间可视化对影响因素进行结构性解析。研究表明:(1)西安市创意产业稳定集聚分布在城区;(2)总体上呈现既集聚又扩散的时空特征,演化过程具有多核心扩散分布的趋势,由核心集聚成团,经历沿南北中轴线发展成轴,最终形成以西南—东北方向覆盖城区的延绵片状格局;(3)创意产业各行业时空格局及其影响因素均具有显著差异;(4)产业整体的时空格局演化在多因素综合作用下产生,发展初期主要受非干预性因素影响,行政干预出现后非干预性因素影响力减弱;(5)市场因素和设施因素对各行业的影响具有普遍性和稳定性,行政因素则对部分行业作用显著;(6)动因差异的产生与各行业生产方式和产品的特征有关。","['创意产业', '空间集聚', '时空演化', '大数据', '西安市']",T48,T44,4.5,0.2397971862950711,标题:空间格局；摘要:空间格局,0.0785422609274203,-0.0014486693209205,0.8099999999999999,T44,A10,A21,0.0,0.0003788623363369,,0.0779812742015444,0.0027061595452643,0.4804167485699707,A10,False,False,False,needs_review,high,needs_review
ZH_0751,武汉城市圈社会经济—资源—环境耦合的演化分析,"都市圈社会经济—资源—环境的耦合协调机理已成为城市地理学研究的热点和前沿。建立都市圈社会经济—资源—环境耦合协调的演化度模型,基于时序数据分析了武汉城市圈社会经济—资源—环境耦合协调水平的演化特征:①1978—2009年社会经济发展水平不断提高,资源和环境水平震荡波动最终趋于平稳,资源环境系统对社会经济系统的响应和反馈较为明显,但有一定的时间滞后;②在规模分异上表现为由金字塔型结构向纺锤型结构演进的分异特征,在空间分异上表现为由核心边缘结构向等级圈层结构演进。","['ERE复合系统', '耦合协调', '演化度', '空间分异', '武汉城市圈']",T48,T44,4.0,0.6970430350460372,关键词:空间分异；摘要:空间分异,0.1383613565728322,-0.1639783210997339,0.7822222222222223,T44,A39,A26,0.0,0.0042171206437557,,0.1240485401889289,0.0301222903125408,0.4846388327081312,A39,False,False,False,needs_review,high,needs_review
ZH_0757,考虑直接负荷控制与风电不确定性的输电网扩展规划,"需求响应项目的推广以及风电并网后电源侧出力的不确定性,给电力系统的输电网规划带来了新的机遇和挑战。为利用需求响应减少建线投资,建立了考虑直接负荷控制参与N?1预想故障潮流调整的输电网规划模型。采用基于历史数据凸包顶点的极限场景法处理风电不确定性,保证所建立的输电网规划模型为易于求解的混合整数规划问题。结合实际工程参数,基于改进的IEEE24节点系统进行仿真。仿真结果体现了直接负荷控制在缓解潮流越限、减少建线成本方面的作用,说明需求响应措施在保证系统运行安全性的前提下能够提高规划经济性,通过调整凸包范围能够有效调节所提模型的经济性与鲁棒性。","['输电网规划', '需求响应', '预想故障', '极限场景法', '混合整数线性规划']",T37,T39,4.0,0.7715717231502205,关键词:混合整数；摘要:混合整数,0.4872779583737488,0.3683694510730033,0.8422222222222222,T37,A36,A32,4.0,-0.3025483655923353,关键词:需求响应；摘要:需求响应,0.2714868211854938,0.2389402457690334,0.7022222222222223,A36,False,False,False,medium,high,medium
ZH_0758,基于数字孪生的配电自动化终端设备状态评价与故障预判,"数字孪生旨在构建物理实体从现实空间到虚拟模型的映射,通过双向交互数据的实时闭环驱动,模拟出物理实体的实时状态和动态特征。配电自动化设备作为电力系统中的重要元件,一旦发生故障将会给电力系统造成重大经济损失。该文以数字孪生技术作为配电自动化终端设备与配电主站间信息交互、预判故障、辅助配网运维的基础,通过统计分析某地区配电自动化终端采集的历史数据与处缺信息,在数字孪生体系中构建并实时更新、修正状态评价评语集、评价权重及故障集,同时搭建智能状态评价与故障预判模拟模型,为实现对配电自动化终端设备状态的实时监测、进行配网运维检修指导提供了参考。","['数字孪生', '配电自动化终端设备', '状态评价', '故障预判']",T47,T26,7.5,0.7709215084675181,标题:数字孪生；关键词:数字孪生；摘要:数字孪生,0.5221594458510547,0.3637250604822715,0.98,T47,A37,A27,7.5,0.6679704312487333,标题:状态评价；关键词:状态评价；摘要:状态评价,0.3815028404317314,0.3140745089195241,0.98,A37,False,False,False,high,high,high
ZH_0761,计及灵活性资源的交直流混合配电网双层优化,如何引导灵活性资源参与电网优化运行是智能电网面临的重要问题，而交直流混合配电网的分区化和多元化也给优化运行带来新的挑战。提出了一种考虑灵活性资源参与的交直流混合配电网双层优化方法。首先，分析了供需两侧灵活性资源模型，通过对负荷聚类划分峰谷时段并制定合理分时电价，并从供需平衡的角度定义运行灵活性评价指标；其次，综合考虑需求响应、风光不确定性等因素，建立兼顾灵活性和经济性的交直流混合配电网双层优化模型，其中，上层模型以柔性负荷调度策略为决策主体，下层模型侧重于灵活性供给资源的运行策略，并利用分布鲁棒优化方法进行求解。最后，算例仿真结果验证了本文所提优化方法的合理性和有效性。,"['交直流混合配电网', '灵活性资源', '分时电价', '双层优化', '分布鲁棒']",T39,T37,5.0,0.7236989711302477,摘要:鲁棒优化；关键词:分布鲁棒；摘要:分布鲁棒,0.1894625966737079,0.026421222358913,0.8977777777777778,T39,A31,A36,7.5,0.617077997189556,标题:配电网；关键词:配电网；摘要:配电网,0.0941617288325424,-0.0494428772174566,0.94,A36,False,False,False,high,high,high
ZH_0762,知识产权保护促进了服务业内部结构优化吗？——基于复杂网络视角,"文章构建中国省级服务业内部结构优化和知识产权保护的空间关联网络,并基于复杂网络分析法,实证检验知识产权保护与服务业内部结构优化空间关联的关系。结果表明:(1)中国各省份服务业内部结构优化与知识产权保护空间关联网络分别存在107和142个空间关联渠道,其网络通达性和稳定性较好。(2)东部省份在网络中的中心地位明显,且在网络中起到的""桥梁""作用更大。(3)基于QAP相关和回归分析发现:知识产权保护以及地理位置邻接对服务业内部结构优化的空间关联和空间溢出有显著的正向影响,知识密集型服务业的增长具有""近水楼台先得月""的效应。(4)知识产权保护空间关联、地理邻接及人均GDP、制造业结构升级、信息化水平的空间差异可共同解释82.09%的服务业内部结构优化空间关联。","['知识产权保护', '服务业内部结构', '复杂网络', '空间关联']",T43,T20,7.5,0.7450261421856335,标题:复杂网络；关键词:复杂网络；摘要:复杂网络,0.3649143379648906,0.178758158468811,0.98,T43,A43,A24,1.0,-0.6132928101047461,摘要:制造业,0.0535612807160359,0.0764799278232417,0.4755555555555555,A20,False,False,False,needs_review,high,needs_review
ZH_0763,城市公园用地增长的时空分异及其驱动因素——基于湖南省城市面板数据的实证分析,"生态文明战略背景下,城市公园用地管理对城市土地利用效益、城市社会转型以及可持续发展的作用越来越明显。文章以湖南省13个地级市2001—2016年的面板数据为基础,应用ArcGIS空间分析、变差系数、泰尔指数、相对发展率以及面板回归模型对城市公园用地增长的时空演变特征以及驱动因素开展实证研究。结果表明:(1)湖南省城市公园用地增长总体呈现不断上升趋势,2016年人均城市公园面积为2.509 m2/人,但城市间差异显著,其空间分布具有连贯性,湘东地区和湘北地区是两个高值区。(2)2001—2016年,湖南省城市公园用地增长的区域差异呈逐步缩小趋势,不同城市的相对发展速度分异明显,其中常德和株洲发展最快。(3)房地产投资、城市交通和生态环境对城市公园用地增长具有正面驱动影响,而人口密度、经济增长对城市公园用地增长具有负面驱动影响。(4)城市公园用地增长的驱动机理表现为:生态环境、房地产投资、城市交通、经济增长、人口规模五大因素通过其不同属性特征和作用过程共同驱动城市公园用地增长。研究结论显示,城市公园用地逐渐成为城市高品质生活的重要用地需求,湖南省城市发展尚处于经济增长抑制公园用地增长的转型前发展阶段。","['城市公园用地', '增长水平', '时空分异', '驱动机理']",T42,T48,4.5,0.4012099997450176,标题:面板数据；摘要:面板数据,0.2652161054408857,0.0086428553215549,0.8699999999999999,T42,A46,A39,1.0,-0.0132899454525613,摘要:交通,0.026228210282572,-0.0949281818040089,0.4755555555555555,A39,False,False,False,needs_review,high,needs_review
ZH_0766,发电商参与碳市场与电力中长期市场联合决策模型,在双碳目标及全国碳市场上线的背景下，发电商需同时在电力市场及碳市场上进行交易决策。目前相关研究未深入考虑电力中长期市场及发电商在碳市场上的投机行为。为此，提出了一种发电商参与碳市场与电力中长期市场联合决策模型。该模型以一年的碳市场履约期为优化周期，在考虑发电商投机行为的基础上，利用条件风险价值刻画由于市场价格不确定性所带来的利润风险。该模型同时改进了相关研究中碳市场碳价仅假定为固定值的不足，且克服了原本以履约期为时间尺度的碳配额约束被强行分解到电力市场各个交易时段的问题。基于广东省相关市场数据搭建算例，并与传统的发电商决策模型进行对比分析。结果表明：发电商可根据该模型综合考虑电力市场及碳市场情况进行交易决策，获得比传统模型更优的综合效益。,"['发电商', '条件风险价值', '碳市场', '中长期', '电力市场', '联合决策']",T39,T38,4.0,0.7888491257817246,关键词:条件风险价值；摘要:条件风险价值,0.6420352602262096,0.4917794698694612,0.8422222222222222,T39,A36,A50,11.5,0.7656074323157044,关键词:电力市场；摘要:电力市场；标题:碳市场；关键词:碳市场；摘要:碳市场,0.4480332570398346,0.3257673736836028,0.98,A36,False,False,False,high,high,high
ZH_0768,多功能并网变换器容量优化控制策略,"随着""双高""电力系统的发展,并网环境呈现薄弱、复杂态势。电网阻抗的存在使得并网点容易受谐波干扰及无功功率波动的影响,恶化并网电能质量,影响并网变换器友好并网,仅以有功功率为传输目标的传统并网变换器已难以适应上述工况。基于现状提出一种具有谐波抑制功能的光伏逆变器控制策略。指令电流由谐波检测环节和直流侧稳压控制环节组成,根据广义瞬时无功理论检测出并网电流的瞬时有功分量、基波正序无功分量、谐波分量,通过电流跟踪控制环节实现光伏逆变器的抑制谐波、无功补偿的功能。随后,考虑实况中逆变器容量有限,提出一种基于复合功能光伏逆变器的容量匹配策略,设计匹配系数。考虑并网变换器的外特性及实际工况中的谐波特性,以输出有功功率、谐波抑制控制效果为最优控制级,无功补偿控制效果为次优级进行策略的设计。最后,进行仿真案例验证当光伏逆变器在正常并网运行时可以抑制并网点谐波电流,并最大程度的补偿无功功率,极大改善了并网点的电能质量,提高了逆变器的利用率,增强了并网变换器面向复杂并网工况时的鲁棒性。仿真结果验证了所提策略的有效性和可行性。","['光伏逆变器', '控制策略', '谐波抑制', '无功补偿', '容量匹配']",T49,T38,7.5,0.7418180781717033,标题:控制策略；关键词:控制策略；摘要:控制策略,0.2282451815020723,0.1558434155121671,0.98,T49,A38,A34,4.0,0.0480788069843223,关键词:逆变器；摘要:逆变器,0.3771992523464484,0.3434200498880163,0.7551089099049768,A38,False,False,False,medium,high,medium
ZH_0777,创新型企业城市内部空间分布及组织逻辑——以南京市为例,创新型企业是创新型经济的核心主体和创新要素的集聚载体。文章以南京市为例，获取14 521条创新型企业POI，综合运用核密度分析、标准差椭圆、Moran’s I指数（双变量）、DBSCAN聚类等多种空间研究方法分析了创新型企业在城市内部的空间特征，并与普通企业进行对比。结果表明：创新型企业在圈层分异、多心集聚、轴向延展等方面呈现出与普通企业不同的特征；在规模上发生“大中企业在产业载体高度集聚，小微企业在中心城区广泛分布”的错位格局；不同创新产业类型企业形成“专业化产业”全域园区集聚、“多样化产业”城区扩散集聚、“知识密集专业化产业”城区园区集聚三种组织模式；创新型企业在城市内部空间分布的本质是企业外部空间组织、企业内部需求决策、制度力量介入影响的复杂叠合过程。,"['创新型企业', '创新经济', '空间分布特征', '双变量莫兰指数', 'DBSNCAN聚类', '南京市']",T48,T30,4.0,0.7374014916120527,关键词:莫兰指数；摘要:Moran,0.2414423428383389,0.1242963686575191,0.8422222222222222,T48,A40,A43,0.0,0.0024511130907418,,0.1233356777105549,0.0175079506481557,0.482696224399816,A40,False,False,False,needs_review,high,needs_review
ZH_0782,国民休闲驱动机制研究——生活方式、信息刺激与休闲消费行为的结构模型分析,"当前,我国国民休闲发展正从构想变为现实,以宏观视角研究国民休闲驱动机制对于国民休闲政策的调整和制定具有特殊而重要的意义。回顾消费者购买行为模式和我国国民休闲研究历程,借助因子分析和结构方程模型分析生活方式、信息刺激、形象感知、体验质量、价格敏感五大潜变量间的结构关系,在此基础上提出国民休闲消费行为模型;并探讨了国民休闲消费的驱动机制并提出宏观国民休闲政策的四项措施。","['国民休闲', '驱动力', '生活方式', '信息刺激', '消费行为', '结构方程模型']",T20,T16,4.0,0.7004783412597855,关键词:结构方程模型；摘要:结构方程模型,0.0137626212545114,-0.1394404195729616,0.7822222222222223,T16,A19,A49,0.0,0.0032474750485594,,0.1056037566347787,0.0231962503468531,0.4835722225534153,A19,False,False,False,needs_review,high,needs_review
ZH_0785,适用于含多并联逆变器微电网联络线功率控制策略,"基于下垂机制的含多并联逆变器微电网联络线功率控制策略的控制层级较多,层级间时间尺度相差较大,导致其暂态响应较差,应对本地负荷波动或下垂系数调整等扰动的能力不强。针对以上问题,提出了一种新型的含多并联逆变器微电网联络线功率分层控制策略。一层分散控制采用电压滤波跟踪误差的方法对系统公共耦合点(Point of Common Connection, PCC)电压进行快速精确的控制。二层系统级集中控制通过直接调节PCC电压幅值和相位,实现微电网与主网之间或互联微电网间特定的功率交换,而其内部各逆变器则按照功率分配系数精确分配有功和无功功率。离线仿真和实时硬件在环实验验证了所提控制策略的有效性和优越性。","['微电网', '联络线功率控制', '分层控制', '并联逆变器']",T49,T11,4.5,0.5760859941687416,标题:控制策略；摘要:控制策略,0.202886995922571,0.114899958348154,0.8699999999999999,T49,A33,A38,7.5,-0.0144011608931386,标题:微电网；关键词:微电网；摘要:微电网,0.1402558018812817,-0.1028654349509909,0.8,A38,False,False,False,high,high,high
ZH_0787,基于ESDA—GIS的县域经济空间差异演化及驱动力分析——以兰州—西宁城镇密集区为例,"采用ESDA与GIS技术相结合的空间分析方法,以兰州—西宁城镇密集区县域为研究对象,选取10项经济指标数据,对2000—2008年密集区县域经济空间差异演变趋势、特征与驱动力进行了初步探索。结果表明:随着经济水平相当的县域之间集聚度不断提升,空间极化成为该区域经济空间差异演化的主要趋势,产业结构、集聚效应、边界效应为其演化的主要驱动因素;HH型、LL型县域分别趋于向密集区北部和南部集中,南北差异为该区域经济空间分异的主要表征;密集区北部(核心区)对南部区域的空间极化作用持续增强,以西宁市区为中心的局部空间扩散作用显现。","['区域经济差异', '驱动力', '兰州—西宁城镇密集区']",T48,T13,5.5,0.5955501583897259,标题:GIS；摘要:GIS；摘要:空间分异,0.1714650267854408,0.0461374949915493,0.9255555555555556,T48,A39,A43,4.0,0.5728258923311608,关键词:区域经济；摘要:区域经济,0.3091357710895692,0.2344706595082911,0.8422222222222222,A39,False,False,False,high,high,high
ZH_0794,基于QQ群网络的东北地区城市联系特征与层级结构,"基于腾讯QQ群视角,查找联系两个城市的QQ群,利用社会网络分析法研究东北地区城市网络联系特征和层级结构。研究表明:①东北城市QQ群联系网络密度为63.81%,大部分城市之间存在QQ群联系。②从城市联系对象看,沈阳、大连等4个城市联系特征为全体伙伴型,大庆、锦州等10个城市属于众多伙伴型,齐齐哈尔、四平等15个城市为普通伙伴型,伊春、白山等5个城市则是寡少伙伴型。③从QQ群联系总量看,东北地区城市具有明显层级结构。沈阳为大区中心城市,是东北地区的中心;七台河等4个城市为地方边缘城市,其他城市层级介于之间,分属另外5个层级。","['城市网络', '信息流', '网络时代', 'QQ群', '社会网络分析', '东北地区']",T43,T34,4.0,0.8057751519714053,关键词:社会网络分析；摘要:社会网络分析,0.70213072969246,0.6126796569386087,0.8422222222222222,T43,A39,A15,0.0,0.0196084043372439,,0.2274370884790792,0.140060030980314,0.5015692447709683,A39,False,False,False,needs_review,high,needs_review
ZH_0795,镇域发展研究进展与展望,"镇是中国的基层行政区域单位,镇域是县域和城乡发展的重要尺度单元。文章首先对镇的相关概念与功能进行分析,然后重点梳理国内外关于镇域发展研究的主要成果。在经济发展方面,学界就镇域产业经济发展特征、机制及如何保持镇域经济活力等开展了系列研究,横向的产业、格局类研究成果较多,但纵向的全景变化及机制的研究相对薄弱;在空间重构方面,空间规划、农村居民点布局优化、中心村镇建设等得到持续关注,但缺乏对不同类型农户和社区重构过程及发展动态的深入研究;在社会管理方面,公共服务供给与公众参与机制逐渐受到重视,而对于公共服务供给能力、公共事务治理能力提升路径的研究仍较薄弱;在资源环境方面,开展了镇域土地利用、景观生态、土地整治及其效应等相关研究,但对于镇域发展规模、产业类型特征与资源环境效应的基本关系仍不明晰,对镇域系统的资源环境效率缺乏综合认知。在新时代的新型城镇化、乡村振兴和生态文明建设过程中,镇域对于区域和城乡可持续发展的作用将更加关键。应着力加强镇域人地系统演化过程与机制、镇域空间重构与乡村振兴、镇域社会管理制度与治理模式、镇域资源环境效应优化调控及镇域发展新情况与新问题研究,以更好地服务于上述国家重大战略。","['镇域发展', '特色小城镇', '新型城镇化', '乡村振兴', '空间重构', '公共事务治理', '公共服务供给']",T06,T19,3.5,0.7054541541267139,标题:研究进展,0.0287132030174202,-0.1038988990949013,0.7544444444444445,T19,A42,A47,6.0,0.2637988385346896,摘要:农村；关键词:乡村振兴；摘要:乡村振兴；摘要:农户,0.4335584156977089,0.1699917038192124,0.9533333333333334,A42,False,False,False,high,high,high
ZH_0803,满足静态电压稳定增强要求的发电机最佳调整方法,为增强电力系统的静态电压稳定性，同时最大限度地减小运行人员的操作工作量，提出了一种综合经济性和静态电压稳定性的发电机最佳调整模型。该模型以发电机参与调整台数最少和发电成本最小为目标，约束条件包括系统负荷裕度满足设定提升要求和电力系统安全运行要求。该问题的数学本质是一个多目标非线性混合整数规划问题。为实现上述问题的求解，首先以线性灵敏度方法快速估算所需调整出力的发电机，求解控制数量最少的整数规划问题。然后以发电成本最小为目标，利用线性规划法求解各台发电机的调整出力值。最后在IEEE39节点算例和IEEE118节点算例进行仿真验证，结果表明所提模型与求解方法能很好地解决系统的静态电压稳定性增强控制问题。,"['优化调度', '负荷裕度', '灵敏度方法', '发电成本', '线性规划']",T37,T26,4.0,0.804451347187565,关键词:优化调度；摘要:混合整数,0.7336743094486631,0.6032239084826077,0.8422222222222222,T37,A27,A30,1.0,0.7021157321554011,摘要:数学,-0.0154589644452652,-0.1277447703185626,0.6155555555555555,A30,False,False,False,needs_review,high,needs_review
ZH_0807,利用行波波形改进编辑距离的柔性直流输电线路后备保护方案,针对行波主保护在低信噪比、高过渡电阻情况下保护方案失效的问题，该文提出一种利用小波阈值降噪和改进编辑距离算法的直流输电线路后备保护方案。根据噪声信号与故障信号小波系数差异较大的特性，采用小波降噪方法对故障行波信号进行降噪预处理。区外故障时线路两侧行波波形相似度较高，区内故障时相似度较低。根据此特性，提出一种改进的编辑距离算法，克服数据不同步和异常值的影响，实现线路两侧故障行波波形相似度的精确计算，建立故障识别判据。仿真实验结果表明，该算法能够准确地识别区内外故障，相较于原始的编辑距离算法和不同双端保护方案，具有更强的抗噪声干扰和耐受过渡电阻能力。,"['柔性直流输电', '行波', '小波降噪', '编辑距离', '相似度']",T27,T36,4.0,0.7186189681306117,关键词:降噪；摘要:降噪,0.1181735395933621,-0.009864513352773,0.7822222222222223,T36,A32,A22,6.5,0.7362180224631992,标题:柔性直流；关键词:柔性直流,0.194679279941693,0.1158430175942809,0.98,A32,False,False,False,high,high,high
ZH_0809,区域农村贫困格局的形成：空间依赖、空间分异与尺度效应,从“人地关系地域系统”视角，基于等级理论构建了一个分析框架，通过解析贫困空间依赖和分异格局成因的尺度机制（重点关注差异与关联），来理解宏观与微观因素的相互关系。对甘肃省六盘山片区村级和乡镇贫困进行了计量实证研究，结果表明：(1)行政村尺度对案例区贫困格局及成因的解释度更好，但乡镇尺度上过程不容忽视。(2)宏观经济社会情境因素对微观上村级和乡镇贫困具有显著影响，作用方式具有多元化特点，作用强度在乡镇尺度上大于村级尺度。(3)宏观情境因素与本地因素对贫困格局的形成存在交互增强且因尺度而异的协同关系。另外，还比较了不同等级系统（行政区划系统和重新构建的贫困分区系统、地理分区系统）下的结果差异，发现行政区划系统不是解析贫困格局成因的最佳选择，它会掩盖和扭曲部分因素的影响，而贫困分区系统能更好地描述“真实的”的贫困形成过程。以上表明，中国精准扶贫战略将重心下沉到村和户是现实合理选择，但以“适度漫灌”来夯实宏观上经济基础和补齐公共服务短板在甘肃六盘山片区仍有重要意义，而各级各地政府或组织形成共同但有侧重的协作理念和方式是重要保障。同时，高效可持续的贫困治理在行政机制外尚需强化市场和社会机制。,"['农村贫困', '空间格局', '形成机制', '尺度效应', '六盘山片区', '贫困治理']",T48,T46,6.5,0.3819767313383452,关键词:空间格局；标题:空间分异,0.1084493777081594,-0.0408255453854457,0.9211111111111112,T24,A47,A42,1.0,-0.5910021851273342,摘要:公共服务,0.1649038032772381,0.1302041721673936,0.5355555555555556,A47,False,False,False,needs_review,high,needs_review
ZH_0810,Box-in结构对特高压换流变压器散热性能影响的仿真分析,"Box-in结构在减弱换流变压器噪声影响方面发挥了较好的作用,但其对换流变压器散热和温度分布的影响值得关注。采用有限元仿真方法对有无Box-in结构换流变压器周围的环境气流分布和变压器自身油流和温度分布进行数值模拟,分析了Box-in结构的存在对换流变压器温升的影响规律,研究了Box-in结构换流变压器的通风策略。结果表明:换流变压器箱壁温升随环境风速的增加而减小;Box-in结构的存在使换流变压器箱壁的对流换热能力大幅降低,导致含Box-in结构换流变压器的箱壁平均温度偏高3.5K,局部温度偏高7.7-17.55K;在强制通风的情况下,换流变压器箱壁温升会随风速的增加呈指数规律减小,综合考虑换流变压器所处的环境温度和气流情况,可适当选择自然通风、自然和强制通风并行、直接强制通风3种通风策略。","['特高压换流变压器', '温度特性', '有限元法', '通风策略']",T14,T15,5.0,0.747463440661285,关键词:有限元；摘要:有限元；摘要:数值模拟,0.4699678458056754,0.1961674332948928,0.8977777777777778,T14,A37,A32,7.5,0.0905200134107084,标题:变压器；关键词:变压器；摘要:变压器,0.1963966223913147,-0.0391427613520823,0.8995720147517794,A32,False,False,False,high,high,high
ZH_0811,基于智能自学习控制的船舶微电网预同步控制策略,针对船舶靠港期间微电网并网预同步控制过程的频率偏移越限问题，提出一种基于智能自学习控制的船舶微电网预同步控制策略。首先，通过利用已知虚拟同步发电机输出相角计算船舶微电网与船舶主电网之间的相位差。然后，基于改进的动态线性化方法将离散后相位差非线性系统转化为紧格式局部线性化数据模型。之后，根据数据模型设计智能自学习虚拟同步发电机预同步控制算法。最后，通过船舶虚拟同步发电机预同步过程中功频下垂系数的自适应调整避免船舶微电网输出频率的偏移越限。通过对比仿真实验，所提控制策略可实现快速平滑的并网预同步控制并有效规避了频率越限，实现了船舶本地异步电机负载的正常稳定工作，验证了该控制策略应用于靠港船舶微电网的优越性和精确性。,"['船舶微电网', '船舶岸电系统', '虚拟同步发电机', '智能自学习控制', '预同步控制', '频率越限']",T49,T41,4.5,0.7649467358790284,标题:控制策略；摘要:控制策略,0.3709023552306977,0.3210481134216312,0.8699999999999999,T49,A33,A38,7.5,0.7010420896066221,标题:微电网；关键词:微电网；摘要:微电网,0.1348999331243856,-0.1354136456669853,0.94,A38,False,False,False,high,high,high
ZH_0818,黄河下游沿岸县域经济发展的空间分异,"利用加权主成分分析法、GIS的趋势分析工具和Morans’I指数分析2009年黄河下游沿岸109个县域经济发展的空间差异,并运用MATLAB7.0的SOFM神经网络模型进行经济发展水平分类。结果表明:黄河下游沿岸县域经济发展的空间分异显著,宏观上呈现出西南—东北方向的U型趋势和东南—西北方向的倒U型趋势;县域经济空间集聚特征明显,东营、济南各县域以及荥阳为经济核心区,而豫东、菏泽等中原经济区东部平原县为经济塌陷区。109个县域的经济发展水平可以分为5类,其空间分布总体上符合圈层结构理论。用主成分得分作为输入,参考层次聚类结果确定神经元数是SOFM网络取得良好分类效果的前提。","['县域经济发展', '空间分异', 'SOFM分类', '空间自相关分析', '黄河下游沿岸区']",T48,T01,12.5,0.7481559359559792,关键词:空间自相关；摘要:Moran；摘要:GIS；标题:空间分异；关键词:空间分异；摘要:空间分异,0.3467534915925453,0.2011138282569939,0.98,T48,A39,A41,0.0,0.0152156812830678,,0.1738245957531706,0.1086834377361986,0.4967372494113746,A39,False,False,False,needs_review,high,needs_review
ZH_0820,节假日旅游流时空分异及其形成机制——以云南省为例,"以云南省为研究区域,利用游客集中度系数、基尼系数、洛伦茨曲线等指标,获取了云南省节假日旅游流的时空分异特征,并从区域旅游空间结构的视角分析其形成机制,结果表明:(1)云南省节假日旅游流的时间分布不受空间尺度限制,在省域和市域尺度均表现出相对均衡格局;节假日旅游流的空间分布相对集中,呈""多核心、边界带状""空间格局,且各节假日的旅游流空间分布特征具有一致性。(2)快速交通方式的""时空压缩""效应有效缓解了节假日时长对游客出游半径的限制,并在优惠政策与旅游宣传影响下,国庆黄金周对中秋节存在""虹吸效应""。(3)旅游资源禀赋是节假日旅游流空间格局形成的主要因素,交通可达性对旅游流规模的影响有限;具有一定区位优势但旅游品位一般的旅游地,极易在交通设施不断完善过程中被替代,而区位优势不明显的旅游边缘节点凭借资源禀赋也具备相当竞争力;具有完善的公路交通基础设施且旅游景区特色鲜明的旅游区,则表现出对自驾游的较强吸引力。","['旅游流', '时空分异', '形成机制', '节假日', '云南省']",T46,T48,7.5,0.6313394436916644,标题:形成机制；关键词:形成机制；摘要:形成机制,0.1389793728084501,0.0524245977976028,0.98,T46,A45,A46,15.0,0.5110829498993102,标题:旅游；关键词:旅游；摘要:旅游；标题:旅游流；关键词:旅游流；摘要:旅游流,0.1477841782656604,-0.1208360721477831,0.94,A18,False,False,False,high,high,high
ZH_0821,分布式电源电压支撑能力层次分析评价,"分布式电源(Distributed Generation, DG)大规模接入配电网,其电压支撑能力能够提升系统供电能力,改善电能质量。为量化评价DG的电压支撑能力,设计DG低电压支撑能力、限界电压合格率和限界功率损耗三项评价指标。通过功率圆限定指标评价范围,降低DG供电能力范围外节点对评价指标的影响,提高评价指标的准确性和灵敏度。改进指标间的权重系数算法,提出一种基于层次分析法的DG电压支撑能力评价方法,从低电压位置、电能质量、功率损耗三个角度量化评估配电网供电性能。根据评估结果计算判别标度,得到DG电压支撑能力综合评价结果。最后,基于某实际43节点中压配电系统进行算例仿真,验证了所提指标与评价方法的有效性。","['分布式电源', '电压支撑能力', '层次分析法', '评价指标']",T41,T21,5.0,0.7549914322855693,摘要:综合评价；关键词:层次分析法；摘要:层次分析法,0.3729128371275157,0.2499388020397806,0.8977777777777778,T41,A31,A38,9.5,0.7566987061742585,摘要:配电网；摘要:配电系统；标题:分布式电源；关键词:分布式电源；摘要:分布式电源,0.3716819683512794,0.262133615530418,0.98,A31,False,False,False,high,high,high
ZH_0822,基于谐波特性的光伏孤岛与低电压穿越同步检测方法,"针对光伏并网系统孤岛保护与低电压穿越之间的运行冲突问题,提出了一种基于谐波特性的光伏孤岛与低电压穿越同步检测方法。根据系统在并网、孤岛、电压扰动三种运行状态下谐波电压的不同,用傅里叶级数定量分析了频谱泄漏对谐波检测的影响,同时在考虑主电网背景谐波对谐波检测的影响后,推导了谐波电压阈值的整定公式。在此基础上,给出了同步检测实现方案及其算法流程,并在仿真软件平台上验证。从""协鑫边昭光伏电站带边昭变孤岛试验""的数据中提取的谐波特性曲线进一步验证了所提的谐波电压阈值可以识别孤岛现象。理论分析、仿真实验以及现场实验都证明了所提的谐波电压阈值可以作为区分孤岛现象和电压暂态扰动现象的依据,所提的基于谐波特性的同步检测方法可以有效协调光伏并网系统孤岛保护和低电压穿越两种功能。","['光伏', '并网', '孤岛保护', '低电压穿越', '背景谐波', '频谱泄漏', '同步检测']",T49,T47,7.5,0.6525343097607743,标题:低电压穿越；关键词:低电压穿越；摘要:低电压穿越,0.2588542509559376,0.2038164982912444,0.98,T49,A38,A34,7.5,0.0464514621188814,标题:低电压穿越；关键词:低电压穿越；摘要:低电压穿越,0.368470644483623,0.3317961579920099,0.9110966083307696,A38,False,False,False,high,high,high
ZH_0826,MMC-HVDC输电系统中高频阻抗建模及谐振机理分析,"目前对基于模块化多电平换流器的高压直流(modular multilevelconverterbasedhighvoltagedirectcurrent,MMC-HVDC)输电系统的中高频谐振机理尚缺乏系统性的研究，因此，基于分块化阻抗建模方法和谐波阻抗分析法系统地揭示了MMC-HVDC输电系统的中高频谐振机理。首先，基于分块化阻抗建模方法，将MMC-HVDC输电系统进行分块，通过对交直流系统电路及MMC控制系统的分析，分别建立了MMC交、直流侧等效阻抗模型，同时根据线路的分布参数特性建立了输电线路阻抗模型，形成了MMC-HVDC输电系统等效模型；其次，通过研究控制环节和参数对MMC等效阻抗的影响，获得了主要的影响因素；然后将谐振分为有源谐振和无源谐振，从而系统地揭示了MMC-HVDC输电系统的谐振机理；最后，通过仿真验证了所建模型及谐振分析方法的有效性和正确性。分析及仿真结果表明：在中高频段，MMC直流侧系统仅可发生有源谐振，谐振频率主要与直流线路参数有关；MMC交流侧系统可发生无源和有源谐振，无源谐振主要受MMC交流侧阻抗负阻尼特性的影响，而有源谐振与MMC和电网参数均相关。","['模块化多电平换流器', '中高频谐振', '分块阻抗建模', '阻抗分析法', '谐振机理']",T40,T11,7.5,0.6354010540663229,标题:阻抗建模；关键词:阻抗建模；摘要:阻抗建模,0.1317919785458404,0.0814361004737344,0.98,T40,A32,A09,9.5,0.6812710927094242,摘要:高压直流；标题:HVDC；摘要:HVDC；关键词:换流器；摘要:换流器,0.3557005505977576,0.2647183313831048,0.98,A32,False,False,False,high,high,high
ZH_0828,考虑需求响应及调频性能变化的虚拟电厂日前投标策略,随着分布式可再生能源装机容量在电力系统中占比的增大，新能源发电应当承担相应的二次调频任务，而虚拟电厂是分布式电源参与电力市场的重要途径。首先，提出了由分布式风电和电动汽车、空调负荷等广义储能组成的虚拟电厂参与能量-调频联合市场的运行机制。然后，建立广义储能受价格驱动的需求响应模型。为了提前对虚拟电厂调频性能进行预估，引入虚拟电厂调频性能指标。提出考虑需求响应及虚拟电厂调频性能指标的日前投标鲁棒优化策略。最后，通过算例探讨了需求响应模型参数变化对用户及虚拟电厂收益的影响。结果表明，所提虚拟电厂运行机制不仅可以有效提高虚拟电厂综合收益，而且使得虚拟电厂提供优质的调频服务。,"['虚拟电厂', '广义储能', '需求响应', '调频性能指标', '动态估值', '鲁棒优化']",T39,T27,4.0,0.7472256287517276,关键词:鲁棒优化；摘要:鲁棒优化,0.2633169384276047,0.1944687767980548,0.8422222222222222,T39,A35,A36,5.0,-0.3253340735822814,关键词:储能；摘要:储能；摘要:电动汽车,0.1250412669395112,-0.2061677524784809,0.6977777777777778,A36,False,False,False,medium,high,medium
ZH_0829,中国自然地理区划的探索者和经济地理的前行者——李万先生的学术生涯综述,"2014年6月12日,李万先生不幸病逝。他在60多年的学术生涯中,一直致力于自然区划与经济地理的研究与实践,在自然地理区划理论与区域经济战略方面卓有建树,是我国著名的地理学家。李万先生先后担任湖南省经济地理研究所所长、名誉所长、《经济地理》副主编多年,我们回顾他的学术生涯,探寻其学术思想,综述其重要的学术文献,记录他的学术贡献,给后人以启迪教益,也以此文纪念李万先生,并以飨读者。",[],T06,T05,4.5,0.7388075052282997,标题:综述；摘要:综述,0.3216223164614388,0.1343393230592839,0.8699999999999999,T06,A39,A28,1.0,0.7210721555473013,摘要:区域经济,0.0958902699121941,0.007658253909295,0.6755555555555555,A39,False,False,True,medium,high,medium
ZH_0832,县域尺度的河南省城乡协调发展空间格局研究,"城市和乡村这两类异质地域单元相互关联,互为补充,共同推动区域社会经济不断发展。城市和乡村对区域发展的贡献度取决于二者在特定区域背景下的协调度。从城市发展水平和乡村发展水平两个方面构建河南省县域城乡协调发展评价指标体系,采用协调度模型和空间自相关分析方法,对河南省2010年的城乡协调发展程度及空间格局进行分析。结果表明:河南省县域城乡协调度存在明显的区域分异,郑州、焦作、安阳部分县市是城乡协调发展的核心区,东部的商丘、周口、驻马店部分县市是塌陷区;县域城乡协调度与经济发展水平有很大的相关性;县域单元的城乡协调度评价更合理地反映了区域城乡关系的实际状况。","['县域', '城乡协调度', '指标体系', '空间格局', '河南省']",T48,T41,8.5,0.3819317145530755,摘要:空间自相关；标题:空间格局；关键词:空间格局；摘要:空间格局,0.1852318358362948,0.0053945997488588,0.98,T48,A39,A41,0.0,-0.0022562251217722,,0.0647447361338269,-0.0161158937269449,0.26,A41,False,False,False,needs_review,high,needs_review
ZH_0834,基于县域的福建省经济空间格局演化,"以ESDA作为基本分析工具,探讨1990年代以来福建县域经济空间格局的演化。结果表明:总体空间格局上,经济发展呈较强的空间相关特征,即经济发展水平相似的地区集聚分布,但趋势在2009年有所下降;热点区域的整体空间格局存在一定程度的波动。经济增长空间格局仍具有较强空间关联特征,虽然热点区和冷点区切换快速,但切换具有明显的""轨迹"",即高值簇大致成圈层结构往内陆迁移,而低值簇则往沿海迁移。整个空间尺度上经济发展的差异在不断缩小,由随机成分引起的空间分异在不断下降,空间连续性和自组织性则较为显著,东—西方向空间差异较小,东北—西南方向的差异呈扩大趋势。作用于空间格局演化的驱动力表现在历史原因和区域经济政策两个方面。","['县域经济', '空间格局演化', '福建省']",T48,T34,8.5,0.7354534894918309,标题:空间格局；关键词:空间格局；摘要:空间格局；摘要:空间分异,0.1944464102913403,0.1103820677987921,0.98,T48,A39,A24,1.0,0.7270655763865632,摘要:区域经济,0.1399603080258339,0.0504684027611668,0.6755555555555555,A39,False,False,False,medium,high,medium
ZH_0844,微观主体异质性行为:新经济地理学的最新研究方向——兼评《产业空间分异与我国区域经济协调发展研究》一书,"1990年初,Krugman在《政治经济学期刊》上发表了《规模报酬和经济地理》,由此开辟了新经济地理学的研究。通过对新经济地理学相关文献的回顾,研究表明:由于无法放弃规模报酬不变范式,主流经济学中长期缺乏空间维度。新经济地理学在""冰山运输成本、规模报酬递增以及不完全竞争""框架下研究空间问题,而空间经济学则包括经济学中所有涉及空间问题的研究。新经济地理学在近二十余年内理论和实证研究都有着较大的发展,目前仍有很强的生命力,尤其是在税收、补贴以及劳动力市场等方面,学科发展处于中期。从新经济地理的最新研究发展来看,融入消费者异质性产品、移民以及储蓄等偏好和融入企业异质性的""微观主体的异质性行为""是新经济地理学未来重要的研究方向。整体而言,国内现有新经济地理的边际贡献不足,未来仍然具有较大的发展空间。","['新经济地理学', '微观异质性', '“新”新经济地理']",T48,T06,3.5,0.7101810709816359,标题:空间分异,0.037359952588946,-0.0701352072740292,0.7544444444444445,T06,A39,A15,3.5,0.7245830037395576,标题:区域经济,0.1134935193396931,0.0327357409968404,0.8144444444444445,A39,False,False,False,high,high,high
ZH_0845,一种用于电磁暂态仿真的两电平电压源型换流器解耦模型,"由于电压源型换流器(voltage source converter,VSC)电磁暂态详细模型导纳矩阵时变，因此对含大规模新能源场站的大电网进行仿真时，仿真效率低下。针对这一问题，该文基于半隐式延迟解耦原理，提出一种解耦电路简单、导纳矩阵恒定、可计及换流器内部特性的解耦模型。首先从VSC换流器的状态方程出发，利用矩阵分裂和延迟技术，分别构建直流侧电容接地VSC换流器和直流侧电容不接地VSC换流器的半步时延模型，实现交直流侧的解耦；然后利用VSC上下桥臂纵向换流互斥导通的特点，简化解耦模型参数计算，从而使得系统导纳矩阵恒定，进一步提高计算速度。算例结果表明了所提方法在保持较高精度的同时提升了计算速度。","['半隐式延迟解耦', '电压源型换流器', '电磁暂态仿真', '导纳矩阵恒定', '并行仿真']",T14,T15,6.5,0.7134438151234583,标题:电磁暂态仿真；关键词:电磁暂态仿真,0.0841000615776911,-0.0468298919752972,0.9211111111111112,T15,A32,A30,7.5,0.7181089360222385,标题:换流器；关键词:换流器；摘要:换流器,0.0702445737558908,-0.0135075998411537,0.94,A30,False,False,False,high,high,high
ZH_0851,基于智能终端特征信号的配电网台区拓扑识别方法,"针对低压配电网台区拓扑结构混乱、更新不及时的问题,提出了一种基于智能终端特征信号的配电网台区拓扑识别方法。首先利用低压智能终端(LTU)的通信地址关联各级开关子节点,并注入高辨识度的无功补偿特征信号,改变各开关处的无功功率值。配变智能终端(TTU)根据台区拓扑识别策略,对各开关处的无功功率检测结果进行边缘计算,得出台区内开关的各级连接关系,实现低压台区自下而上的就地拓扑结构识别。根据试点台区的实践结果,验证了所提台区拓扑识别方法具有可推广的工程应用价值。","['低压台区', '配电物联网', '智能终端', '特征信号', '拓扑识别', '自下而上']",T34,T42,7.5,0.7704132963517687,标题:拓扑识别；关键词:拓扑识别；摘要:拓扑识别,0.4675985779744754,0.3600949739412054,0.98,T34,A31,A12,12.0,0.7409597850743305,标题:配电网；摘要:配电网；标题:台区；关键词:台区；摘要:台区,0.2228273794961567,0.1497127505309317,0.98,A31,False,False,False,high,high,high
ZH_0854,基于GIS空间统计的县级商业布局模式及形成机理研究——以吉林省乾安县城为例,"在城市化快速发展背景下,城市商业布局模式创新成为城市空间变化的主要方面之一,并且在城市空间对外扩张和各种新要素的多重影响下,出现新的发展特征,形成基于传统但又有别于以往的商业布局模式。选择小尺度空间为研究对象,以区域购物流模型和GIS热点分析工具为定量研究手段,研究县城商业布局模式。研究认为,县城商业布局存在2种基本模式:以区域购物流强度为表征的交通——职能布局模式,以及由商业网点购物流强度的G统计值得出的圈层布局模式。2种布局模式相互叠加,则圈层布局模式将产生多职能中心与交通轴向的空间变异,形成变异圈层布局模式。在这一模式中,县城的商业空间划分成5个圈层和两个职能中心,并在各个圈层中都体现出商业空间向交通轴线集聚的倾向。进一步研究发现,市场、交通区位、消费空间差异性、社会关联作用是影响小尺度区域商业空间布局的主要因素。","['空间统计', '商业布局模式', '机理', '乾安']",T48,T13,4.5,0.6186713588538565,标题:GIS；摘要:GIS,0.4381299383387417,0.4190811346704028,0.8099999999999999,T30,A46,A41,2.0,0.3701738669777107,摘要:交通；摘要:物流,0.1006936112160229,0.0726704784122202,0.6711111111111111,A39,False,False,False,medium,high,medium
ZH_0862,新能源经柔直送出系统新型孤岛鲁棒控制,"新能源经柔直孤岛送出系统易受到新能源出力波动和交直流故障的干扰,传统孤岛控制下系统受扰后稳定运行点发生偏移,影响送端换流站交流电压的稳定性,严重时甚至导致系统崩溃。为此,提出一种新型孤岛鲁棒控制:首先建立送端换流站的二阶数学模型,设计三阶线性扩张状态观测器(linear extended state observer,LESO)对系统的扰动进行实时估计并前馈补偿,利用PI控制器实现并网电压的稳定控制。其次,针对所提控制系统进行收敛性及稳定性分析。最后设计故障电流抑制环节,降低故障后模块化多电平换流器(modular multilevel converter,MMC)的过流风险。新型孤岛控制采用前馈加反馈的复合控制策略,在提高鲁棒性的同时简化控制器结构。在PSCAD/EMTDC中搭建新能源孤岛送出的四端柔性直流输电系统,验证所提控制策略的有效性。仿真结果表明:新型孤岛控制在新能源出力变化和系统交直流扰动下具有更优越的暂态响应和恢复响应。","['柔直换流站', '孤岛控制', '线性扩张状态观测器', '稳定性分析', '鲁棒性']",T49,T14,5.0,0.6281501114693941,摘要:控制策略；关键词:稳定性分析；摘要:稳定性分析,0.3919182260607199,0.3725007962099584,0.8977777777777778,T49,A32,A27,6.0,0.6282999002042802,摘要:换流器；摘要:柔性直流；关键词:换流站；摘要:换流站,0.2263161188870162,0.2021421443162867,0.9533333333333334,A32,False,False,False,high,high,high
ZH_0864,基于卷积深度网络的高压真空断路器机械故障诊断方法,"高压断路器执行机构所产生的振动信号蕴含着丰富的机械状态信息。针对传统基于浅层的振动信号分析法存在特征提取和泛化能力等方面的不足,提出一种基于卷积神经网络和长短期记忆网络的混合深度网络。该网络利用卷积层对原始振动数据进行特征转换,结合门控循环单元的局部时域特征表示能力,对故障敏感特征进行提取。通过对10 kV真空断路器振动信号的分析实验表明,所提出的混合网络模型在ROC曲线和PR曲线上的诊断性能要优于广泛应用的支持向量机诊断法。这种端到端的故障诊断策略通过振动信号特征的深度映射能够有效提高机械状态故障识别精度。","['高压真空断路器', '深度学习', '故障诊断', '长短期记忆模型']",T36,T01,7.5,0.3515185483287674,标题:故障诊断；关键词:故障诊断；摘要:故障诊断,0.4513155331966088,0.1108467737769095,0.98,T36,A37,A09,0.0,0.0054756022984276,,0.2628472663358286,0.0391114449887689,0.4860231625282704,A37,False,False,False,needs_review,high,needs_review
ZH_0867,基于并行粒子群算法的电力系统分区抗差状态估计,随着对调度自动化水平要求的提高，状态估计发挥着越来越重要的作用。针对抗差状态估计器难以求解以及粒子群算法在高维空间寻优困难等问题，文章提出一种基于并行粒子群算法的抗差状态估计方法。该方法首先借鉴马尔可夫模型以及条件独立性假设对电力网络进行解耦，通过区域间的通信保证量测冗余度，然后对各区域分别采用粒子群算法求解，将求解一个高维空间问题转化为并行求解多个低维空间问题。最后仿真结果表明该方法相比直接使用粒子群算法收敛更快，计算效率更高，并且计算速度受目标函数影响较小，适用于多种抗差估计器。,"['电力系统状态估计', '抗差状态估计', '粒子群算法', '分布式并行计算', '全局马尔可夫性']",T35,T36,7.5,0.7773541438276907,标题:状态估计；关键词:状态估计；摘要:状态估计,0.5712916089230009,0.4096724559120774,0.98,T35,A51,A28,0.0,5.231074362010979e-05,,0.0743818435264128,0.0003736481687149,0.4800575418179821,A51,False,False,False,needs_review,high,needs_review
ZH_0869,基于断路器重合闸的柔性直流输电线路单端故障测距方法,"高压柔性直流输电采用架空线路,运行环境复杂,难以避免故障。快速准确的故障定位可以缩短故障清除时间,对于快速恢复供电十分重要。现有测距算法依赖暂态波头辨识,受到干扰后测距精度会下降。针对上述问题,在线路分布参数模型基础上,在时域中通过电报方程计算线路沿线分布的电压和电流,进而根据故障点处电阻值相对稳定这一特性构成测距判据。由于输电线路两侧的直流断路器重合时间并不一致,此时先重合一侧的系统才会继续向故障点馈入短路电流,因此通过单端量便可实现测距。所提测距方法无需通信,适用于各种故障类型并且所需窗长较短,具有耐受过渡电阻和噪声的能力。最后利用PSCAD/EMTDC电磁暂态仿真软件搭建±500 kV多端柔性直流输电系统模型,仿真结果验证了所提测距算法的准确性和适用性。","['直流输电线路', '故障测距', '直流断路器', '分布参数模型', '重合闸']",T36,T14,7.5,0.5665143324735775,摘要:故障定位；标题:故障测距；关键词:故障测距,0.263718114208043,0.2751023748112677,0.98,T36,A37,A32,0.0,-0.7527329492334404,,0.0614220601827539,-0.2338067802388598,0.26,A32,False,False,False,needs_review,high,needs_review
ZH_0871,面向多级市场出清的负荷聚合商联合交易策略,在以新能源为主体的新型电力系统发展模式下，电网将面临灵活性资源严重不足的问题，亟需引导用户侧可调控资源主动参与系统的平衡调节服务。提出一种考虑日前主能量市场、日前备用市场及实时平衡市场的多级市场衔接框架，基于负荷聚合商引导终端用户参与至多级耦合市场的市场化调度中。在日前主能量市场与备用市场，提出负荷聚合商可调节负荷状态感知模型及日前电能量与备用联合市场的竞价模型，系统运营商实现日前主辅能量市场的阶段性出清。在实时平衡市场，提出负荷聚合商基于用户侧富余可调节资源的实时平衡市场竞标模型，系统运营商基于实际系统运行需求实现平衡资源的出清与备用资源的调度。最后基于IEEE 30节点系统验证了所提出市场框架可有效激励用户侧主动响应电网调控需求、降低系统供需不平衡风险。,"['平衡市场', '负荷聚合商', '备用市场', '需求侧响应']",T12,T38,7.5,0.6981077070807564,标题:聚合；关键词:聚合；摘要:聚合,-0.0085956430512974,-0.1563735208517395,0.94,T38,A36,A15,0.0,0.0324646150650738,,0.3122615353154858,0.2318901076076705,0.5157110765715812,A36,False,False,False,needs_review,high,needs_review
ZH_0878,基于CD-ESDA模型的中国产业用水增长质量的时空格局分析,"产业用水增长质量评价应该耦合水资源约束、经济增长、技术进步与结构变动等因素。在构建中国31个省、市、自治区产业用水变化的全要素分解模型的基础上,基于经济学中的边际思想,计算了1997—2007年中国各地区产业用水规模边际、技术边际与结构边际,并对其进行了时空分异分析。然后计算出中国各地区1997—2007年产业用水增长质量指数,以此来评价产业用水增长质量状况。最后运用空间自相关分析探讨中国产业用水增长质量的空间关联模式。结果表明:研究期内,中国产业用水增长质量总体和局部都呈现提高的态势,与各地区经济发展状况相吻合,产业用水增长质量的空间自相关显著,区域空间差异明显,有很大的提升空间。","['产业用水', '全要素分解模型', '增长质量指数', '空间自相关']",T48,T45,4.0,0.7508753096254015,关键词:空间自相关；摘要:空间自相关,0.3364507368433433,0.2205379258957251,0.8422222222222222,T48,A51,A43,1.0,0.721539580528239,摘要:水资源,0.0991556295681374,0.0109970037731356,0.6755555555555555,A51,False,False,False,medium,high,medium
ZH_0881,基于稀疏电压幅值量测的配电网故障测距,"目前的配网故障测距算法大多依靠短路迭代计算或模拟大量故障选取最匹配的故障点来实现测距功能,该类方法计算繁琐,且容易得到伪故障点,为此提出了一种基于稀疏电压幅值量测的配网故障测距方法:将故障点的正序注入电流等效为故障区域两端节点的虚拟注入电流;利用支路追加法推导了节点阻抗矩阵所含特性,证明了将节点电压方程元素取幅值的可行性,以及测点分布需要满足的条件;利用压缩感知理论求解欠定的节点电压方程,定位故障区域;求取故障区域两端节点电压和等效阻抗,实现故障测距。文中方法对测量数据无严格同步要求,所需采样频率为4 k Hz,所需故障后数据时间窗长较短(故障后25 ms)。基于33节点的多电源配电系统的仿真数据表明,文中方法仅需7个测点,即可有效定位故障区域并实现故障测距,且受故障类型、过渡电阻、负荷变化影响较小,具有一定的抗噪声能力。","['配电系统', '故障测距', '压缩感知', '节点阻抗矩阵', '电压幅值']",T36,T11,7.5,0.7677462957964699,标题:故障测距；关键词:故障测距；摘要:故障测距,0.4865033608401989,0.341044969974785,0.98,T36,A31,A10,7.5,0.7294775724111978,标题:配电网；关键词:配电系统；摘要:配电系统,0.1560855025846399,0.0676969457942701,0.98,A31,False,False,False,high,high,high
ZH_0882,基于自适应ε-支配多目标粒子群算法的含SOP的主动配电网源–网–荷–储双层协同规划模型,"提出了一种含智能软开关(soft open point,SOP)的主动配电网源–网–荷–储双层协同规划模型，以模拟实际工况并实现更加精细的规划。上层规划层，考虑了线路升级改造、储能(energystoragesystem,ESS)及分布式电源(distributed generation,DG)的选址定容；下层运行层，不仅考虑了典型日下变压器分接头调整、补偿电容(capacitor banks,CB)投切、需求侧响应(demandresponse,DR)、DG与ESS的调度，还基于三端SOP接入配电网的拓扑结构及数学模型，建立了运行层精细化的有功–无功协调优化模型，可对SOP所连支路间有功和无功功率进行连续调控，同时提供一定的无功支撑。上层采用改进二阶振荡粒子群算法求解，下层采用保留端点的自适应ε-支配多目标粒子群算法求解。最后用改进的IEEE33节点系统，对此双层优化模型进行了仿真和分析。结果表明，所提方法相较传统的规划调度方法，明显改善了潮流分布，降低了网损，减小了节点电压偏移量。","['主动配电网', '智能软开关', '源–网–荷–储协同规划', 'ε-支配', '多目标优化算法']",T37,T13,3.0,0.489521529030434,关键词:多目标优化,0.232577680033993,0.0680109216459572,0.7866666666666666,T37,A31,A37,8.5,0.6603312878018623,标题:配电网；关键词:配电网；摘要:配电网；摘要:分布式电源,0.2352195450258748,0.1788369296771678,0.98,A31,False,False,False,high,high,high
ZH_0890,合成生物学的医学应用研究进展,"在医学应用领域,合成生物学以人工设计的基因线路改造人体自身细胞,或改造细菌、病毒等人工生命体,再使其间接作用于人体。这些经人工设计的生命体能够感知疾病特异信号或人工信号、特异性靶向异常细胞和病灶区域、表达报告分子或释放治疗药物,从而实现对人体生理状态的监测,以及对肿瘤、代谢疾病、耐药菌感染等典型疾病的诊断与治疗。文章将综述了合成生物学的医学应用领域近期的一些研究进展。","['人工细胞', '人工细菌', '人工病毒', '人工噬菌体']",T06,T12,5.5,0.1052332514531856,摘要:综述；标题:研究进展；摘要:研究进展,0.0158999374702302,-0.183398853256466,0.8413121321540598,T23,A03,A07,1.0,-0.6982046619843548,摘要:肿瘤,0.1399833199332824,-0.4157475856025348,0.4755555555555555,A22,False,False,False,needs_review,high,needs_review
ZH_0895,中国东南半壁南北方地区人口空间分异格局及其影响因素,"中国南北方地区发展不平衡问题凸显,人口南北空间分异现象引起了广泛关注。文章以1982—2020年5期人口普查数据为基础,采用泰尔指数、地理探测器等方法,探究中国东南半壁南北方地区人口空间分异格局及其影响因素。结果表明:(1)研究期内""南密北疏""的人口分布格局基本稳定,南方地区一直保持着人口规模和密度优势。(2)研究区人口分布的总体差异不断拉大,南北方地区内部差异的贡献占主导地位,其中南方地区内部差异比北方地区小,但上升幅度较大。(3)研究区人口具有向南迁移扩散的趋势,且人口密度变化的区域差异持续扩大,少部分区域人口快速增长,人口密度优势显著。(4)人口空间分异是自然环境和经济社会因素共同作用的结果,经济发展水平、创新能力和吸纳就业能力等是人口密度变化的主要因素,其中创新能力的影响作用不断增强。","['人口分布', '南北方地区', '秦岭—淮河线', '胡焕庸线', '自然环境', '经济发展水平', '创新能力']",T48,T11,5.5,0.7302135348701925,标题:空间分异；摘要:空间分异；摘要:地理探测器,0.2012275474823114,0.0729538205013746,0.9255555555555556,T48,A39,A40,1.0,0.717151349859547,摘要:区域差异,0.062876751773812,-0.0203475010032352,0.6155555555555555,A40,False,False,False,needs_review,high,needs_review
ZH_0897,电力系统变流器构网控制技术的现状与发展趋势,"随着新能源和电力电子设备的渗透率增加,电力系统有着惯性减小、系统强度变弱的趋势,稳定性问题愈发严重。构网(grid-forming,GFM)控制技术可以提高变流器的电压、频率支撑能力,增强电力系统稳定性。对构网控制的现状与发展趋势进行了综述。首先,比较了构网控制技术与跟网型(grid-following,GFL)控制技术的差异,介绍了4类构网控制策略。然后,分析了构网控制技术在电力系统中的作用,介绍了具体的应用场景。最后,指出了该技术仍面临的挑战及可能的解决思路。","['变流器', '跟网型(GFL)控制', '构网型(GFM)控制', '电力系统稳定', '下垂控制', '虚拟同步发电机', '虚拟惯量']",T49,T06,4.0,0.6029744448395344,摘要:控制策略；关键词:下垂控制,0.5086121101742017,0.4498174631395318,0.8422222222222222,T49,A38,A20,13.5,0.7832341050670949,关键词:构网型；关键词:下垂控制；标题:变流器；关键词:变流器；摘要:变流器,0.6014549755782118,0.4516721790506777,0.98,A38,False,False,False,high,high,high
ZH_0898,中国绿色化发展水平测度及动态演化规律,"基于信息熵模型和耗散结构理论,从支持型输入熵、压力型输出熵、还原型代谢熵和氧化型代谢熵角度建立区域绿色化发展系统的评价指标体系,对中国30省市2000—2014年的绿色化发展系统进行熵变分析;运用综合赋权的决策分析模型测算绿色化发展水平,结合马尔可夫链和核密度方法研究中国绿色化发展水平的动态演化规律。结果表明:在2000—2014年间,①系统熵流、熵产生和总熵变整体表现为波动下降趋势,区域绿色化发展系统有序度不断增强,发展趋于健康化。②30省市绿色化发展水平整体呈现上升趋势,但存在较大的上升空间。③核密度估计表明,我国绿色化发展水平在考察期内呈收敛态势。马尔可夫链分析得知,不同水平的地区组间流动性较低,具有一定的稳定性,难以实现跨越式发展。在此基础上对促进中国绿色化发展水平提出合理化建议。","['绿色化发展', '评价指标体系', '信息熵', '核密度估计', '马尔可夫链', '演化']",T41,T44,4.0,0.7233262439163702,关键词:指标体系；摘要:指标体系,0.2118164844856686,0.0237588851169307,0.8422222222222222,T41,A02,A06,0.0,0.0033442877726792,,0.1229566927152806,0.0238877698048516,0.4836787165499471,A02,False,False,False,needs_review,high,needs_review
ZH_0900,空间尺度对城市竞标地租理论的适用性影响分析——以深圳经济特区为例,"以深圳建筑普查数据为基础,以GIS空间分析为技术方法,整理得到深圳经济特区城市尺度和组团尺度的建筑平均高度和商业办公、工业仓储和居住等三大类土地利用数据,对比分析空间尺度对城市竞标地租理论的适用性影响。结果表明:组团尺度的土地竞租能力和土地利用强度是符合距离衰减效应的,而城市尺度的地域空间结构相比组团尺度则显得更复杂,体现了空间尺度对竞标地租理论的适用性。","['竞标地租理论', '空间尺度', 'GIS空间分析', '深圳经济特区']",T48,T30,4.0,0.7402492173748945,关键词:GIS；摘要:GIS,0.2517861675739355,0.1446372669635324,0.8422222222222222,T48,A40,A39,0.0,0.005222394738391,,0.1488026050830439,0.0373028195599355,0.4857446342122301,A40,False,False,False,needs_review,high,needs_review
ZH_0907,广东省城市创新发展水平及其网络结构演化,"创新是知识经济时代区域与城市发展的重要驱动力,合理、协调的创新网络结构可以在一定程度上提升区域创新发展质量。基于广东省域,珠三角、粤东、粤西、粤北四大地区,以及地级市等不同尺度,运用多指标综合评价、重心分析、空间相互作用模型、社会网络分析等方法,结合增长率、基尼系数等定量指标,对2000—2018年广东省城市创新发展水平、城市创新联系强度、网络结构及其演化特征进行实证研究,结果表明:(1)广东省域城市创新发展水平的涓滴效应存在空间近邻效应,省域内城市创新发展水平在空间上呈现""双核心""结构;(2)省域尺度下的城市创新发展水平呈现异质性,非均衡发展特征不断固化,表现出""强者恒强,弱者恒弱""的马太效应;(3)省域内城市创新联系轴线多等级结构突出,珠三角地区逐步演变为全省创新联系网络的核心地区;(4)省域城市创新网络呈现明显的""圈层式""结构,创新网络致密性持续增强。","['创新网络', '空间联系', '网络结构', '社会网络分析', '圈层结构']",T43,T41,8.0,0.7018265710580309,关键词:社会网络分析；摘要:社会网络分析；关键词:创新网络；摘要:创新网络,0.65219620317582,0.5130469361287924,0.98,T43,A40,A39,4.0,0.553260111822079,关键词:创新网络；摘要:创新网络,0.281819892666168,0.0947150844434221,0.8422222222222222,A40,False,False,False,high,high,high
ZH_0916,需求侧响应背景下分时电价研究与实践综述,"分时电价作为一种价格型需求响应方式,通过峰谷差价引导用户""削峰""与""填谷"",有效抑制负荷波动,提高社会效益,得到了广泛推广。总结国内外开展的TOU研究与实践。论述了基于电能成本和基于负荷响应的TOU价格决策模型,分析了需求侧响应背景下TOU价格制定与时段划分方法及其现状,并着重对用户响应行为分析方法进行了归类分析。总结了国内外TOU执行方式与范围,分析了实行TOU的成本与收益。最后在此基础上,讨论了TOU体系存在的不足,提出了开展TOU的建议与设想。","['分时电价', '时段划分', '用户响应行为', '执行方式与范围', '效益分析']",T06,T03,3.5,0.7312936043085753,标题:综述,0.1635074824757436,0.0806686022041093,0.8144444444444445,T06,A36,A30,1.0,0.7475101719180315,摘要:需求响应,0.3252420961093972,0.1965012279859394,0.6755555555555555,A36,False,False,False,medium,high,medium
ZH_0921,基于VMD-ISSA-KELM的短期光伏发电功率预测,"针对光伏发电功率存在随机性和波动性较强、预测精度较低的问题，提出了一种基于变分模态分解(variationalmodedecomposition, VMD)和改进松鼠觅食算法优化核极限学习机(improvedsquirrelsearchalgorithm optimization kernel extreme learning machine, ISSA-KELM)的预测模型。首先，利用高斯混合模型(Gaussian mixture model, GMM)将光伏发电功率数据进行聚类，得到不同天气类型下的相似日样本。其次，利用VMD对原始光伏发电功率序列进行平稳化处理，得到若干个规律性较强的子序列。然后，对不同子序列构建KELM预测模型，并使用ISSA优化KELM的核参数和正则化系数。最后，将不同子序列的预测值进行重构，得到最终预测结果。结合实际算例，结果表明：所提出的VMD-ISSA-KELM模型在不同天气条件下均能得到满意的预测精度，且明显优于其他模型，验证了其有效性和优越性。","['光伏发电', '短期功率预测', '相似日', '高斯混合模型', '变分模态分解', '改进松鼠觅食算法', '核极限学习机']",T35,T02,6.5,0.2845473742227261,标题:功率预测；关键词:功率预测,0.1343736672012803,0.0544592664260665,0.98,T35,A34,A22,7.5,0.714419797865369,标题:光伏；关键词:光伏；摘要:光伏,0.0282148566815171,-0.0398585866759358,0.94,A22,False,False,False,high,high,high
ZH_0923,基于新型日期映射法和ISGU混合模型的短期电力负荷预测,"针对电力负荷非线性、预测条件多样性、预测模型参数设置主观性等问题，提出一种基于强适应性的日均负荷日期映射法、高非线性拟合性能的门控循环单元(Gate Recurrent Unit, GRU)和强搜索性能的改进麻雀搜索算法(Improved Sparrow Search Algorithm, ISSA)相结合的ISSA-GRU(ISGU)混合模型进行短期电力负荷预测(Short-term LoadForecasting,STLF)。首先，利用日均负荷日期映射法对星期-节假日因素进行映射，解决该因素因非数字化导致不易输入预测网络的问题。随后，从诸多相关因素中筛选出高度相关特征值，以此解决预测条件多样性问题。最后，构建GRU网络进行负荷预测，并引入ISSA算法对GRU网络参数进行客观配置。为验证ISGU混合模型的有效性，采用新加坡电力负荷数据进行实验，并将实验结果与现有算法进行比较。实验结果表明，所提方法对STLF具有良好性能，有效提高了STLF统计标准的精度指标。","['短期电力负荷预测', '改进麻雀搜索算法', '门控循环单元', '日均负荷日期映射', 'ISGU混合模型']",T35,T13,7.5,0.7134074686572018,标题:负荷预测；关键词:负荷预测；摘要:负荷预测,0.2018816404356789,-0.0470895095914152,0.94,T13,A03,A01,0.0,0.002528913509592,,0.0945442101554994,0.0180636679256576,0.4827818048605512,A03,False,False,False,needs_review,high,needs_review
ZH_0924,我国机器人产业现状分析与发展研判,"机器人是""制造业皇冠顶端的明珠"",其研发、制造、应用是衡量一个国家科技创新和高端制造业水平的重要标志。我国政府提出《中国制造2025》规划纲要,并将机器人作为智能制造的核心部分。中国作为全球最大的机器人市场,需求旺盛。政策支持和""机器换人""产业发展趋势共同推动着中国机器人产业快速发展。目前,工业机器人已经广泛应用于汽车及零","['机器人', '产业', '现状']",T26,T02,7.5,0.7568513064157362,标题:机器人；关键词:机器人；摘要:机器人,0.4511788053108614,0.2632236172552586,0.98,T26,A40,A20,1.0,-0.7349877668070116,摘要:科技创新,0.0240233970093901,-0.7927697629072259,0.4755555555555555,A20,False,False,False,needs_review,high,needs_review
ZH_0928,数字孪生技术在船舶综合电力系统中的应用前景与关键技术,"船舶综合电力系统(shipboard integrated power system,SIPS)具有高效率、高可靠性与高可控性的特点，是大型船舶发展的技术前沿与关键支撑。数字孪生技术为船舶综合电力系统的感知、分析与优化提供了新的解决方案。该文探讨了SIPS数字孪生(digital twin for shipboard integrated power system,SIPS-DT)——基于SIPS发展趋势和功能，提出SIPS-DT架构，旨在建立高度集成、闭环自趋优的SIPS新体系，并探讨其潜在应用服务。具体而言，考虑船舶航行环境及平台特点，建立SIPS的数字空间，从物理与数据2个维度刻画SIPS多工况、多时间尺度和多物理量的动态过程，将系统全局和局部特征、规则与经验有机结合。基于数据和知识联合驱动方法对SIPS-DT进行挖掘，在系统异常检测、优化运行和全生命周期维护领域发掘潜在更好的应用。最后，结合当前SIPS的发展需求，分析了SIPS-DT在具体实施过程中需突破的关键问题及技术。","['数字孪生', '大数据分析', '船舶综合电力系统', '框架设计', '建模']",T47,T13,7.5,0.6207539176807076,标题:数字孪生；关键词:数字孪生；摘要:数字孪生,0.3257091141419002,-0.0231863022806592,0.94,T13,A27,A40,1.0,0.7174128717540219,摘要:物理,0.0860060862556402,-0.0184794874712718,0.6155555555555555,A40,False,False,False,needs_review,high,needs_review
ZH_0929,中国东部沿海地区经济空间格局变化,"采用标准差椭圆和标准距离方法,定量识别并以空间可视化的方式精细地刻画2003—2011年国内外复杂背景下的我国东部沿海地区经济空间格局时间变化特征。结果表明:2003—2011年沿海地区经济空间分布呈现向西移动,且空间扩张的趋势;国内市场的聚集经济作用在增强;长三角地区以及山东省北部主要城市对沿海地区经济的影响作用减弱,京津地区、珠三角地区经济的拉动作用增强;沿海地区经济空间格局演化与全国经济空间格局变化时序波动相吻合,很大程度上影响着全国经济空间格局的变化。","['经济空间格局', '标准差椭圆', '标准距离', '中国沿海地区']",T48,T07,7.5,0.7214836376327665,标题:空间格局；关键词:空间格局；摘要:空间格局,0.1093122653354577,0.0105974116626172,0.98,T48,A39,A07,2.0,0.7197610180532317,摘要:长三角；摘要:珠三角,0.0558346995937899,-0.001707013905488,0.6711111111111111,A07,False,False,False,medium,high,medium
ZH_0950,基于深度强化学习的城市配电网多级动态重构优化运行方法,随着配电网分布式电源的大量接入以及城市区域负荷的快速发展，使得配电网运行环境愈发复杂。同时由于配电网重构涉及大量的开关状态二进制零散变量，现有优化方法很难求解大规模城市配电网重构问题。基于此，提出一种基于深度强化学习的城市配电网多级动态重构方法。首先，建立基于深度学习的配电网多级重构快速判断模型，通过该模型实现对重构级别在线决策，并对智能体动作空间进行降维。其次，使用含参数冻结和经验回放机制的深度Q网络对预测负荷、光伏能源输出功率等环境信息进行学习。以运行成本、电压偏移度以及负荷均衡度最优为目标，通过习得的策略集对配电网进行动态重构与运行优化。建立多智能体强化学习模型，对各个时段的不同重构主体进行联合优化。最后，通过算例分析验证了所提方法的有效性。,"['城市配电网', '配电网重构', '机器学习', '深度Q网络']",T02,T01,3.0,0.4867151577656074,关键词:机器学习,0.2531079292427532,0.0479654126114815,0.7866666666666666,T02,A31,A26,8.5,0.4895717122442247,标题:配电网；关键词:配电网；摘要:配电网；摘要:分布式电源,0.3320787098945963,0.1692097093074881,0.98,A31,False,False,False,high,high,high
ZH_0952,基于面板数据的河南农村文化消费地区差异研究,"利用2000—2009年河南各省辖市的统计数据,根据面板数据模型对河南省各地区农村文化消费主要影响因素的差异性进行分析,结果显示:高收入地区农村文化消费对价格和收入反应更敏感,而中低收入地区则受前期消费水平的影响较深,这说明河南省不同地区的农村居民由于收入水平的差异,所处的消费阶段并不完全相同,因此我们在制定政策时,应该考虑到这种阶段性的差异,有针对性的采取对策。","['文化消费', '区域差异', '农村', '河南省']",T42,T25,4.5,0.7139230587007747,标题:面板数据；摘要:面板数据,0.1478110062598359,-0.0434067235658951,0.8099999999999999,T25,A42,A39,7.5,0.4336211722584945,标题:农村；关键词:农村；摘要:农村,0.1147987336139933,0.0115798018463893,0.94,A45,False,False,False,high,high,high
ZH_0959,湖南“省直管县”财政体制改革对县域经济发展影响实证分析,"湖南省决定从2010年1月1日起推行""省直管县""财政体制改革。这一改革已实施五年,有必要对政策效果进行研究。利用双重差分法(DID)对湖南省14个市州和122个县2005—2014年的数据进行实证研究。研究结果表明:""省直管县""财政体制改革有助于促进贫困县县域经济的发展;""省直管县""财政体制改革有助于促进非贫困县县域经济的发展;""省直管县""财政体制改革对市本级经济发展也具有促进作用。""省直管县""财政体制改革对县域经济发展的促进程度有赖于县域经济的发展水平,湖南""省直管县""财政体制改革更有利于贫困县经济的发展。并提出湖南应进一步扩大""省直管县""改革实施范围,扩大县级政府的经济发展权限。","['财政体制改革', '“省直管县”', '贫困县', '非贫困县', '经济增长', 'DID分析法']",T42,T34,4.0,0.723486957238882,关键词:DID；摘要:DID,0.1417083686232707,0.0249068374205858,0.8422222222222222,T42,A24,A05,0.0,0.0024849204143414,,0.081799797718176,0.0177494315310101,0.4827334124557755,A24,False,False,False,needs_review,high,needs_review
ZH_0960,直流微电网多源并联自主均流控制策略,"实现微源间负荷电流的精确分配及母线电压的无差调节是直流微电网重要的控制目标,但由于线路阻抗及低速通信的存在,传统下垂控制很难同时满足均流及稳定性的要求。提出一种基于低频低幅值交流信号注入的多源并联自主均流控制策略,在各变流器直流输出上注入交流小信号,并使其频率与输出直流电流产生频率–电流下垂特性,利用产生的无功功率环流调节各变流器输出直流电压,进而在反馈机制下,实现多变流器间的并联控制及负荷电流的精确分配;在此基础上,利用限幅及负阻抗环节,提出一种改进的母线电压补偿方法,进一步降低了由于线路阻抗造成的电压跌落,该方法无需互联通信线,无需改变硬件结构,易于实现;最后利用小信号建模,分析了控制策略的稳定性和动态性能。仿真和实验验证了所提方法的可行性和有效性。","['直流微电网', '均流控制', '注入交流电压', '母线电压调节', '虚拟负阻抗']",T49,T13,5.5,0.7512182698819826,标题:控制策略；摘要:控制策略；摘要:下垂控制,0.3363895845584362,0.2229876420141616,0.9255555555555556,T49,A33,A38,7.5,0.5143136949011817,标题:微电网；关键词:微电网；摘要:微电网,0.1028006118021442,-0.0977593221344165,0.94,A38,False,False,False,high,high,high
ZH_0963,基于零和博弈的电力系统鲁棒优化调度研究,随着多种分布式能源的规模化接入，其固有的随机特性及多方利益冲突问题给电力系统调度决策带来了新的挑战。为此，深度融合鲁棒优化与零和博弈机制，分别将大自然与电力调度人员作为博弈参与方，提出了一种考虑调度人员与大自然博弈的电力系统鲁棒调度协同规划方法。其中，针对电动汽车移动与储能属性耦合的不确定性，将其交通行为进行集群化处理。进而基于电动汽车、风电、火电机组的出力及运行费用特性，建立含多种能源形式的min-max调度博弈模型，并采用两阶段松弛算法进行求解。实验结果验证了所提调度模型及相关调度策略在不依赖准确风电预测的同时，能实现风、车等能源的协同增效经济运行，为解决不确定分布式能源接入电力系统的优化决策问题提供了新的研究思路。,"['电力调度', '零和博弈', '鲁棒优化', 'min-max模型', '分布式能源']",T39,T37,7.5,0.3892564622046682,标题:鲁棒优化；关键词:鲁棒优化；摘要:鲁棒优化,0.222516957516407,0.0375461586047729,0.94,T38,A35,A34,2.0,0.3784665696573795,摘要:储能；摘要:电动汽车,0.3100180734497565,0.1319040689812826,0.731111111111111,A35,False,False,False,medium,high,medium
ZH_0964,一种直流微电网多光伏变换器新型功率分配策略,为了解决光伏单元在运行过程中因工作模式切换造成的母线电压波动问题，提出一种新型平滑切换控制策略。根据光伏电池的输出特性曲线，将输出功率对输出电流的微分作为控制变量。通过跟踪不同的dp/di指令值来实现光伏单元最大功率点跟踪模式、恒压下垂模式的控制以及两种模式间的平滑切换。在此基础上，针对多光伏变换器工作在恒压下垂控制时因线路阻抗差异造成功率分配精度较低的问题，提出一种基于二次调节的自适应下垂控制策略。此外，构建相邻光伏单元间的稀疏通信网络，并采用动态一致性算法实现相关平均信息的全局稳定收敛。仿真和实验结果表明，所提控制策略可以实现光伏单元工作模式切换过程平滑过渡和负荷功率的精确分配。,"['直流微电网', '多光伏变换器', '平滑切换', '自适应下垂控制', '功率分配', '动态一致性算法']",T49,T20,5.0,0.7414786517525733,摘要:控制策略；关键词:下垂控制；摘要:下垂控制,0.2344311502695498,0.1534189410898094,0.8977777777777778,T49,A33,A34,6.5,-0.0961801083808633,标题:微电网；关键词:微电网,0.0534576497914646,-0.0012864884347381,0.7811111111111111,A38,False,False,False,medium,high,medium
ZH_0965,长三角地区产业转移特征及其影响因素,推动产业有序转移对区域一体化和协调发展具有重要战略意义。文章借助社会网络分析、QAP模型等方法，对长三角地区省域产业转移的特征及影响因素进行探讨研究。结果表明：(1)长三角地区产业转移总体以省内转移为主，虽然存在区域内跨省产业转移，省际协同性仍有不足；安徽省内城市间产业相互转移数量最多，合肥是中心节点城市；上海是产业转出的中心城市，与江苏的产业转移联系紧密。(2)农林业转移中安徽内部相互联系较为明显；制造业转移中江苏和安徽的集团化特征较为显著；服务业转移呈现出显著的网状特征。(3)产业转移的主要影响因素是城市间的邻近距离、经济发展水平差异和房价差异，不同行业的产业转移影响因素存在显著差异。,"['产业转移', '长三角', '区域一体化', '社会网络分析', 'QAP模型']",T43,T20,4.0,0.7678212548888025,关键词:社会网络分析；摘要:社会网络分析,0.4019900601610275,0.3415803920628749,0.8422222222222222,T43,A43,A39,8.5,0.1103448422717481,摘要:制造业；标题:产业转移；关键词:产业转移；摘要:产业转移,0.381848044256811,0.1831354279914781,0.98,A43,False,False,False,high,high,high
ZH_0966,基于受扰后量测响应信息的两阶段电力系统暂态稳定评估,"为充分挖掘电力系统受扰后的量测响应信息，并提供给后续控制更丰富的参考，提出了一种基于快照集成门控循环单元(gated recurrent unit,GRU)网络的两阶段电力系统暂态稳定评估方法。该方法通过单次训练过程即可高效构建集成模型，且直接面向底层量测数据，可快速完成线上部署。在线应用时，首阶段通过分类模型进行动态的分层评估，逐级筛选出可信样本；次阶段利用回归模型实现进一步的暂态稳定裕度定量预测。此外，通过对模型的损失函数进行修正，有效克服了样本不平衡并强化了对困难样本的挖掘。仿真结果验证了所提方法的有效性，且所提模型的评估性能相较于其他机器学习模型具有显著优势。该文作为前瞻性理论研究，为数据驱动的在线暂态稳定评估的实现提供一种新思路。","['暂态稳定评估', '深度学习', '集成学习', '门控循环单元', '受扰轨迹', '损失函数']",T49,T01,7.5,0.4452070389685958,标题:暂态稳定；关键词:暂态稳定；摘要:暂态稳定,0.1999332781896993,0.0943359926328269,0.98,T49,A26,A25,1.0,0.7183363768042597,摘要:机器学习,0.1048407404373147,-0.0118830228267171,0.6155555555555555,A25,False,False,False,needs_review,high,needs_review
ZH_0970,我国省际区域的知识产权保护、出口商品结构与TFP联动,"分析了知识产权保护、出口商品结构与全要素生产率的联动机制,建立了三者之间的联立方程模型,运用我国2000—2010年的时间序列及31个省市的区域面板数据,结合三阶段最小二乘法进行估计,实证研究了三者之间的联动效应。结果发现:在我国省际区域范围内,出口商品结构优化在一定程度上推动了知识产权保护制度与完善以及产权保护水平的提升;知识产权保护也促进了我国出口商品结构优化;出口商品结构与知识产权保护共同驱动了我国全要素生产率的提高。","['知识产权保护', '出口商品结构', '区域面板数据', '面板联立方程']",T42,T24,4.0,0.7197552739729469,关键词:面板数据；摘要:面板数据,0.1227271573992667,-0.0017480430503791,0.7822222222222223,T24,A50,A24,7.5,0.0081859488333309,标题:出口；关键词:出口；摘要:出口,0.0452597269363014,0.0584710630952205,0.8090045437166641,A20,False,False,False,high,high,high
ZH_0974,2000年以来中国高耗能产业的空间格局演化及其成因,"优化高耗能产业空间布局对新时期推进经济高质量发展和生态文明建设都具有重要意义。基于2000—2016年的省级面板数据,文章探讨中国高耗能产业的空间布局演化及其成因。通过计算区位基尼系数、产业集中度,发现高耗能产业省区分布较为集中,主要分布在山东、江苏、河南、广东等少数省份。动态格局方面,高耗能产业的空间格局发生重大变化,集疏过程经历""集聚—扩散—集聚""的阶段性变化。区域间主要表现为东北地区向中西部地区转移,东部地区产业份额总体不变,但区域内部格局变化显著,表现为北京、上海和广东向山东和江苏发生大规模转移。基于相关理论,文章构建高耗能产业空间分布影响因素的计量模型。统计分析表明,经济发展水平和历史基础是影响高耗能产业布局的主要因素,但影响强度正在逐步弱化;资源禀赋和经济全球化通过影响企业原材料和中间产品获取途径作用于高耗能产业的空间布局,但前者作用强度正逐渐减弱,而后者的影响则日益突出;环境规制和政府干预正逐渐成为促使高耗能产业空间扩散的重要驱动力。","['高耗能产业', '面板数据', '资源节约与环境友好', '产业转移', '环境规制', '高质量发展']",T42,T48,5.0,0.0809510874139156,关键词:面板数据；摘要:面板数据；摘要:计量模型,0.1430703481316485,0.0639363386708259,0.8468239739330852,T42,A15,A43,0.0,-0.7385210724044499,,0.0466460620869283,-0.1322933743174993,0.26,A43,False,False,False,needs_review,high,needs_review
ZH_0979,基于“时空图”的广州市社会空间分异,"传统社会空间分异指数的测算是建立在均质平面欧氏空间内,注重空间的结构与组成,而较少关注空间本身。文章在社会空间分异指数计算过程中将两点之间直线距离转变为空间作用成本,利用多维标度方法(MDS)构建时空图对传统社会空间分异指数进行修正,对比修正后指数与传统指数的差异,并以广州为例探讨反映的社会空间分异特征。得到以下结论:①通达性分异指数(修正后的指数)能反映作为人的社会性分异而非物质形态的分异;由于""空间变量""在空间分异指数不同维度的权重的差异,这种空间修正方法对基于面积周长比的分异指数相对于基于距离函数的分异指数的影响要小得多。②对比修正前后的空间分异指数,由于相对拥堵的市中心的时间距离比城市郊区要大,市中心的实际隔离程度被低估了。而通行距离坐标系统中市中心通达性比城市郊区更高,受道路拥堵影响较弱的人群在市中心的隔离程度相对于市郊区又相对被高估。③通行距离坐标系统中空间分异测算的均匀性维度指标影响较小,而接触性维度指标受的影响非常显著。文章新构建的坐标系统将原来两点之间的直线距离转变为将个体移动路径作为空间作用成本,基于此坐标系统计算的通达性分异指数更能反映""人的空间""。","['社会空间分异', '时空图', '多维标度分析法', '通达性']",T48,T30,7.5,0.7439865790765867,标题:空间分异；关键词:空间分异；摘要:空间分异,0.3256888946632336,0.1713327076899056,0.98,T48,A50,A39,0.0,0.0024629858238655,,0.1242944125598393,0.0175927558847539,0.482709284406252,A50,False,False,False,needs_review,high,needs_review
ZH_0980,青岛市迈向现代化国际城市综合评价及战略对策,"借鉴国内外有关现代化国际城市的研究成果和资料 ,探索了青岛市建设现代化国际城市的基本指标体系和基本标准 ,并对青岛市建设现代化国际城市进行定量分析和战略探讨","['青岛市', '国际城市', '综合评价']",T41,T28,7.5,0.7565315104506588,摘要:指标体系；标题:综合评价；关键词:综合评价,0.5163598978231736,0.2609393603618488,0.98,T41,A29,A15,0.0,0.000162416927789,,0.0803842171602251,0.0011601209127787,0.4801786586205679,A29,False,False,False,needs_review,high,needs_review
ZH_0986,基于面板数据SDM的长江中游城市群FDI决定因素分析,"以长江中游城市群40个城市1991—2012年的面板数据为研究对象,采用空间Durbin模型对影响该地区城市FDI区位因素的理论假设进行检验,发现:①FDI区位分布具有显著的空间依赖效应,但有随时间弱化趋势,空间相互作用不可忽略;②从总体样本结果看,各因素对城市FDI区位的影响与理论预期基本吻合,较好地验证了理论假设;③近20余年来该地区城市FDI区位影响因素及其作用呈阶段性演变特征,市场规模和外资集聚经济一直对城市FDI区位具有显著正向效应并有增强趋势,工资效率、市场化程度和人力资本等因素初期阶段作用不明显或者呈负向影响,但后期转为显著正向影响,城市化因素初期显著但后期不显著,基础设施因素在所有估计样本中不显著;④各因素对FDI区位表现了不同的空间效应,部分因素的空间作用对FDI区位具有重要影响。","['区位决定', '面板空间Durbin模型', '长江中游城市群']",T42,T46,4.5,0.7340557844488542,标题:面板数据；摘要:面板数据,0.1746478597724888,0.1003984603489591,0.8699999999999999,T42,A39,A46,7.5,0.622379727371719,标题:城市群；关键词:城市群；摘要:城市群,0.0805333573772038,-0.0115733759162921,0.94,A18,False,False,False,high,high,high
ZH_0998,智能变电站二次设备即插即用理论模型与应用研究,为解决智能变电站新建及改造过程中二次设备配置繁琐和文件生成复杂的问题，提出了智能变电站二次设备即插即用理论模型。为实现即插即用的功能，首先设计了二次设备即插即用框架，针对设计的框架，从硬件层面和软件层面实现需求功能。硬件方面采用双核异构处理器外加FPGA构成的三核硬件平台，软件方面实现分层化设计，由支持层、功能层、应用层系统组成，实现了层与层的解耦，便于后期维护和软件组件的重用。在二次设备模型基础上，增加即插即用特有的数据及功能描述，从设备、数据和功能三方面进行了说明。为测试功能应用，进行保护和测控两方面验证仿真。同时设计了二次设备顺序控制、防误闭锁、五防闭锁和虚端子校验等方面控制校核逻辑。最后，通过功能测试证明了所设计模型可正确自动进行设备配置的读取、下装和相关参数配置修改。,"['智能变电站', '即插即用', '二次设备', '顺序控制']",T16,T17,4.5,0.5897907817055872,标题:理论模型；摘要:理论模型,0.1582232427975766,0.2127912978970515,0.8699999999999999,T16,A26,A37,0.0,0.0001189192125053,,0.1433113852787562,0.0008494229464671,0.4801308111337559,A26,False,False,False,needs_review,high,needs_review
ZH_0999,黄淮海平原地区交通优势度的空间格局,"针对区域特点修正后的交通优势度评价模型,借助GIS的空间分析、统计功能,以黄淮海平原地区311个评价单元为例,研究了该区域路网密度、交通设施邻近度、区位优势度和交通优势度空间布局。研究发现:黄淮海平原地区交通优势度总体呈偏正态分布,大部分地区交通优势度一般或偏低,优势度较高的地区有京津及其周边地区,以及以京津为核心辐射出的三条交通优势带。","['黄淮海平原', '交通优势度', '空间格局']",T48,T13,7.5,0.7281368923990972,摘要:GIS；标题:空间格局；关键词:空间格局,0.1332231550716446,0.058120659993551,0.98,T48,A46,A39,7.5,0.7205413836689696,标题:交通；关键词:交通；摘要:交通,0.0777375656977718,0.0038670262069257,0.98,A46,False,False,False,high,high,high
