document_id,ch_name,ch_abstract,keywords,technical_cluster_id,technical_secondary_id,technical_evidence_score,technical_margin,technical_evidence,technical_semantic_score,technical_semantic_margin,technical_confidence,technical_semantic_top,application_cluster_id,application_secondary_id,application_evidence_score,application_margin,application_evidence,application_semantic_score,application_semantic_margin,application_confidence,application_semantic_top,abstract_missing,title_missing,keywords_missing,gold_quality,technical_gold_quality,application_gold_quality
ZH_0001,土地流转和社会化服务对农业全要素生产率的影响实证分析,文章基于2010—2021年中国30个省份面板数据，采用SBM模型和空间计量模型实证探究了规模经营视角下土地流转和农业社会化服务对农业全要素生产率的影响、空间溢出效应及其交互效应。研究发现：(1)2010—2021年，全国层面和省级层面农业全要素生产率均呈现增长态势。(2)土地流转和农业社会化服务均能显著促进农业全要素生产率提升，且两者交互项系数显著为正，在效率提升过程中是“相得益彰”的共赢关系。(3)土地流转和农业社会化服务均具有显著正向空间溢出效应，能够促进邻近地区农业全要素生产率提升。据此，提出要推动农业社会化服务体系和土地流转体系协同联动发展，充分发挥好农业规模经营的正向空间溢出效应，共同促进农业生产提质增效。,"['土地流转', '农业社会化服务', '农业全要素生产率', '空间溢出效应']",T42,T47,2.0,0.73577186849381,摘要:面板数据；摘要:计量模型,0.1725381870088302,0.1126562035272142,0.731111111111111,T42,A42,A12,15.0,0.7439088585517702,标题:农业；关键词:农业；摘要:农业；标题:土地流转；关键词:土地流转；摘要:土地流转,0.3121514687159576,0.1707775610840732,0.98,A42,False,False,False,medium,medium,high
ZH_0002,江苏省宅基地退出影响因素及其分区治理,文章基于2018—2022年江苏省6754户的农户数据，采用空间自相关模型分析农户宅基地退出意愿的空间特征，采用Logistic和门槛模型剖析风险承载力对农户宅基地退出意愿的影响，在划定宅基地退出分区的同时提出因地制宜的治理方案。结果表明：(1)主观规范、行为态度和知觉行为控制对农户意愿有正向作用。(2)风险承载力对农户意愿存在双门槛效应。(3)结合农户意愿空间相关性与风险承载力门槛效应，确定核心优选区、重点改革区、重点调节区、适度改革区和综合改革区。其中，淮安、宿迁为核心优选区，农户意愿空间集聚，风险承载力适中，应为改革示范区；连云港、扬州与泰州为重点改革区，应强化地区联动，促进农户意愿的空间扩散；南通作为重点调节区，应防范农户意愿的回流效应；南京、镇江、常州、无锡与苏州为适度改革区，应加强政策引导，提升农户意愿；徐州、盐城为综合改革区，需完善农村保障机制，加强风险承载力。,"['宅基地', '农户意愿', '风险承载力', '分区', '农村保障机制', '治理对策']",T48,T42,5.5,0.4762199690864176,摘要:空间自相关；摘要:GIS；标题:分区治理,0.2432203502176283,0.1288439350328532,0.9255555555555556,T48,A42,A24,15.5,0.7474125169390433,关键词:农村；摘要:农村；标题:宅基地；关键词:宅基地；摘要:宅基地；关键词:农户；摘要:农户,0.353441317393019,0.195803692421738,0.98,A42,False,False,False,high,high,high
ZH_0003,三大城市群数字技术专利创新网络演化比较研究,文章基于2010—2020年京津冀、长三角和珠三角三大城市群的数字技术专利数据，综合运用社会网络分析和面板负二项回归模型等方法，比较分析了三大城市群数字技术创新网络的时空演化和影响因素。研究发现：(1)三大城市群数字技术创新网络在主体和城市层面上均呈现网络规模不断扩大、网络结构趋于松散的共性特征，而在主体关联方面则呈现内向化特征，依赖组织间的“隶属关系”。(2)三大城市群数字技术创新网络具有区域分异性，主要体现在城市网络的合作尺度和主体合作模式等方面。其中，京津冀和长三角城市群以全国范围的合作为主，珠三角城市群以本地合作为主；主体合作模式方面，京津冀城市群的国有企业在塑造网络中发挥着重要作用，长三角城市群中民营企业的创新关联作用更强，而珠三角城市群则以本地民营企业合作为主，同时外部高校与本地企业的产学研合作在早期阶段也发挥了关键作用。(3)数字技术可以有效突破地理距离的限制，资本等传统生产要素是数字技术合作网络的重要推手。,"['数字技术专利', '创新网络', '多维邻近性', '空间尺度', '资本要素', '长三角', '珠三角', '京津冀']",T43,T44,12.5,0.7202818505956465,摘要:社会网络分析；标题:创新网络；关键词:创新网络；摘要:创新网络；摘要:合作网络；关键词:多维邻近,0.4791594054291497,0.4134417899689037,0.98,T43,A40,A39,12.0,-0.2013565024266219,摘要:技术创新；标题:专利创新；标题:创新网络；关键词:创新网络；摘要:创新网络,0.413443108207818,-0.0356633290213256,0.8,A39,False,False,False,high,high,high
ZH_0004,中国省域共同富裕水平测度、时空分异与障碍因素,测度中国共同富裕发展水平并分析其时空分异特征与障碍因素，能够为扎实推动共同富裕提供量化支撑。文章从富裕程度、共享程度、可持续性3个维度构建了包含24个指标的中国共同富裕综合评价指标体系，采用纵横向拉开档次法测度2013—2021年中国共同富裕水平。同时，基于Dagum基尼系数及其分解方法、核密度估计以及莫兰指数对中国共同富裕时空分异特征进行分析。最后运用障碍度模型，诊断影响中国共同富裕水平提高的障碍因子。结果表明：(1)样本期内中国共同富裕水平稳步提高，总体呈现“东部>东北>中部>西部”及“南强北弱”的空间发展格局；以各维度中位数为划分标准，可将各省份划分为“全面领先型”“持续发展型”“可持续引领型”“富裕引领型”“共享引领型”及“相对滞后型”6种发展模式。(2)中国共同富裕水平整体差异不断缩小，不同地理分区共同富裕水平的动态演进特征差异较大。(3)全国、南方地区、北方地区存在“高—高”“低—低”的聚集式发展格局，且中国共同富裕水平具有较高的空间稳定性。(4)影响共同富裕水平提高的主要障碍因子涉及创新产出、法治环境、收入水平、分配结构、创新环境、生态保护及城市基础设施建设等诸多方面。,"['共同富裕', '时空分异', '障碍因素', '高质量发展']",T44,T41,2.0,0.0287443770323707,摘要:障碍度模型；摘要:Dagum基尼,0.3640029935902658,0.2053169788026477,0.6227299258467189,T44,A41,A46,7.5,0.6638304583171182,标题:共同富裕；关键词:共同富裕；摘要:共同富裕,0.3718901204061252,0.284503273693702,0.98,A41,False,False,False,medium,medium,high
ZH_0005,数字基础设施与中国城市的空间重构,数字技术为我国经济发展注入了新动能，而数字经济带动城市高质量发展更离不开数字基础设施的支撑。文章从宏观视角出发，基于中国263个地级及以上城市2002—2020年的样本数据，从中心人口密度、人口密度梯度和多中心指数维度探讨了数字基础设施发展水平对城市空间结构动态变化、不同行业企业选址异质性及其影响因素。研究发现：(1)数字基础设施的改善推动了中心城区人口密集程度的上升。这表现为CBD附近人口的密集化，同时人口密度随距离递减的速度加快，表明数字基础设施的扩展为城市中心带来更强的内聚动力，使得该区域更加紧凑。(2)尽管核心区域更为紧凑，但城市也在向多中心化方向发展，呈现出新兴次级中心的形成与扩散。(3)地铁作为高效便捷的公共交通方式，在一定程度上促进了分散，但这并未根本改变人口向城市中心的整体聚集倾向。城市应当因地制宜制定发展政策，缓解中心区域压力，带动城市各区域共同发展。,"['数字基础设施', '交通基础设施', '城市空间结构', '人口密度', '多中心', '集聚与分散', '地铁']",T47,T11,0.0,0.0011392782208053,,0.1021455300899351,0.0081377015771809,0.4812532060428858,T47,A40,A46,8.5,-0.1704592737270649,摘要:数字经济；标题:数字基础设施；关键词:数字基础设施；摘要:数字基础设施,0.521037892564582,0.1240486659246919,0.8600000000000001,A40,False,False,False,needs_review,needs_review,high
ZH_0007,面向新型电力系统的输电网与分布式变速抽水蓄能联合规划,针对高比例新能源场景下分布式变速抽水蓄能的容量配置及其在电网中的位置接入问题，提出了输电网和分布式变速抽水蓄能的联合规划方案。首先，考虑了各类抽水蓄能的运行和库容约束、火电机组的出力和爬坡约束以及输电网的传输能力，以分布式新能源的经济消纳为优化目标，建立了分布式变速抽水蓄能和输电网间的联合规划模型。然后，通过凸松弛方法将该模型转化为混合整数线性规划模型，以两阶段优化方法求解得到了分布式变速抽水蓄能与输电网的联合规划方案。最后，采用两个标准测试系统对比验证了所提含分布式变速抽水蓄能的联合规划相较于定速抽水蓄能的规划方案，能更好地与其他灵活性资源相协调以消纳风光可再生能源，总体上可降低约20%的成本。,"['高比例新能源', '变速抽水蓄能', '输电网', '联合规划']",T37,T32,8.5,0.6820263370498536,标题:联合规划；关键词:联合规划；摘要:联合规划；摘要:混合整数,0.3935110626884613,0.3338015671628203,0.98,T37,A35,A32,7.5,0.0197274027135552,标题:抽水蓄能；关键词:抽水蓄能；摘要:抽水蓄能,0.237603380353691,0.1409100193825366,0.8217001429849108,A34,False,False,False,high,high,high
ZH_0008,含换流器型分布式电源配电网的不对称短路电流计算方法,"为了满足配电网不对称短路计算的通用性要求，针对换流器型分布式电源(inverter based distributed generation,IBDG)不对称短路特征的多样性，研究含IBDG配电网的不对称短路电流计算方法。该方法从通用计算模型出发，根据IBDG不对称短路的正负序电流控制原理及在不同控制目标下的短路电流输出特性，结合低电压穿越和限流控制对IBDG输出不对称短路电流的具体要求，建立一种通用的、适用于多种控制目标的IBDG不对称短路正负序等效模型。基于该模型建立含IBDG配电网通用的不对称短路等效电路和计算方程，得到一种适用于多种IBDG控制目标的、配电网任意节点发生任意不对称短路的短路电流通用计算流程。最后，在一个配电网算例中对所提计算方法进行验证，结果表明了所提方法的正确性和有效性。","['配电网', '不对称短路电流计算', '换流器型分布式电源', '控制原理', '通用计算']",T49,T40,1.0,-0.6709554966286836,摘要:低电压穿越,0.1331612777595146,-0.2547241355830342,0.4755555555555555,T40,A31,A32,15.0,0.3944796737754997,标题:配电网；关键词:配电网；摘要:配电网；标题:分布式电源；关键词:分布式电源；摘要:分布式电源,0.2743787376592881,0.2462833841107129,0.98,A31,False,False,False,needs_review,needs_review,high
ZH_0009,基于非零和博弈的互联异构多微网系统电-热-碳优化调度策略,微电网规模随着新能源渗透比例的提高与日剧增，然而由于缺乏灵活的能量转移机制，针对单个微电网的低碳经济调度优化效果有限。有效利用多微网系统内部的结构差异，实现能源在空间与时间双重维度上的流动对促进新能源电力系统低碳经济发展具有重要意义。为此，该文在考虑多微网功能区差异的基础上，运用纳什谈判思想，制定了计及电、热、碳能源交易的多微网系统优化调度策略。首先，针对微网功能区差异性构建基于居民区、商业区与工业区的多微网系统运行框架；其次，根据不同功能区的负荷特性构建了计及电、热负荷可替代性的需求响应模型；最后，以纳什谈判思想为基础，结合交替方向乘子法与商业求解器达成多微网间电、热、碳互利共赢的交易策略。算例分析验证了所提方案能够在实现多微网隐私保护的前提下全面提高系统运行的低碳性与经济性。,"['多微网系统', '点对点能源交易', '碳配额交易', '需求响应', '交替方向乘子法']",T38,T37,4.5,0.0445238677827984,摘要:纳什谈判；标题:非零和博弈,0.4980890168146184,0.3180276270199891,0.7789762545610783,T38,A33,A36,8.5,-0.0023227882303318,摘要:微电网；标题:多微网；关键词:多微网；摘要:多微网,0.1004538144497132,-0.3191123529057313,0.8,A36,False,False,False,high,high,high
ZH_0010,面向构网逆变器的虚拟振荡器控制技术:统一设计框架与关键问题探讨,虚拟振荡器控制是近年来新兴的逆变器构网型控制方式，相较于下垂控制、虚拟同步发电机控制等现有构网型控制而言，其在动态响应速度与大扰动稳定性等方面具有优势。首先基于已有研究介绍了虚拟振荡器控制的基本原理及现有类型，接着针对虚拟振荡器设计目前缺乏普适性的问题提出了虚拟振荡器控制的统一设计框架及详细设计步骤，并以自行设计的两类虚拟振荡器为例，通过时域仿真验证了所提设计框架的可行性；最后从功率调度能力、抗扰动稳定运行能力以及实际应用能力3方面针对目前限制虚拟振荡器控制技术发展的关键问题进行了梳理与探讨，并给出了解决思路与未来的研究方向。,"['虚拟振荡器', '构网逆变器', '逆变器控制', '稳定性', '统一设计框架']",T49,T19,8.5,0.7607073366755545,摘要:下垂控制；标题:虚拟振荡器；关键词:虚拟振荡器；摘要:虚拟振荡器,0.3873344417496503,0.2907666905396754,0.98,T49,A38,A49,9.5,0.7826662414928146,标题:逆变器；关键词:逆变器；摘要:逆变器；摘要:构网型；摘要:下垂控制,0.551998056076393,0.4476160106629616,0.98,A38,False,False,False,high,high,high
ZH_0013,构网型下垂控制中虚拟阻抗的作用、改进及研究前景分析,随着新型电力系统建设进程的加速，新能源等电力电子化电源在系统中渗透率不断提高，电网强度随之减弱，系统安全性受到挑战。部分变流器亟需采用构网型控制，而下垂控制就是一种经典的构网型控制策略；作为对下垂控制策略的有效改进手段，虚拟阻抗技术受到广泛关注。在国内外研究人员共同推动下，虚拟阻抗技术目前已取得较为丰富的理论研究及实践成果，具有广阔的应用前景。围绕虚拟阻抗在构网型下垂控制中的主要定位及作用机理进行了分析，对虚拟阻抗的典型改进方法和发展现状进行了梳理总结，并结合目前的研究进展及趋势，对虚拟阻抗技术的研究前景、未来可能面临和需要解决的关键问题进行了分析、探讨和研判。,"['虚拟阻抗', '构网型', '下垂控制', '作用机理', '研究前景']",T49,T06,8.5,0.4023849981055103,摘要:控制策略；标题:下垂控制；关键词:下垂控制；摘要:下垂控制,0.4455613152613352,0.4540104906696114,0.98,T49,A38,A20,16.0,0.7776893732840224,标题:构网型；关键词:构网型；摘要:构网型；标题:下垂控制；关键词:下垂控制；摘要:下垂控制；摘要:变流器,0.5306591598598108,0.412066952028732,0.98,A38,False,False,False,high,high,high
ZH_0014,基于云模型的新型配电系统灵活性评估方法,"针对新型配电系统内灵活性资源接入规模逐渐扩大，过往配电网灵活性评估方法难以适应配电系统发展状况的问题，提出了基于云模型的新型配电系统灵活性评估方法。首先通过影响系统灵活性的数个指标构建了配电网灵活性评价体系；其次采用了主客观结合的层次分析法(analytic hierarchy process,AHP)-熵权法对构建的灵活性评价体系进行赋权；最后针对系统灵活性状态难以直观描述、现有灵活性评估方法难以完整表征系统灵活性状态的问题，提出了基于云模型的配电系统灵活性评估方法，并通过我国某地区配电系统运行实测数据进行了仿真验证。","['新型配电系统', '灵活性评价体系', '云模型', '静态特性', '供需平衡']",T41,T13,9.5,0.6812992731908322,摘要:层次分析法；摘要:熵权法；标题:云模型；关键词:云模型；摘要:云模型,0.2002924404346268,0.2649196205360195,0.98,T41,A31,A23,8.5,0.7190646895867481,摘要:配电网；标题:配电系统；关键词:配电系统；摘要:配电系统,0.1488067370138533,-0.0066807886660853,0.94,A23,False,False,False,high,high,high
ZH_0018,基于改进FCM和最小互信息算法的户变关系辨识方法,"随着低压分布式光伏的高比例接入，传统的户变关系辨识方法利用电压与功率特征进行判断，受光伏出力影响较大。针对分布式光伏大规模接入下低压配电网的电气特征，提出了一种基于数据驱动的低压配电网户变关系辨识方法。首先，基于改进模糊C均值(fuzzy C-means, FCM)聚类算法，利用电压相关性对用户进行初步聚类划分。其次，在初步聚类的基础上，利用最小互信息算法排除光伏出力的影响，建立配变与用户的连接关系识别模型并用回归分析的思想求解，实现对户变关系的精确辨识。最后，通过对某地实际数据进行算例分析，验证了基于改进FCM和最小互信息算法的户变关系辨识方法在大规模光伏接入场景下的有效性。实验表明，该方法相比传统的电压和功率特征判别方法具有更高的准确率。","['低压配电网', '户变关系辨识', '拓扑识别', '电压相关性', '互信息']",T34,T42,17.0,0.8015770181679112,摘要:聚类算法；摘要:模糊C均值；标题:FCM；摘要:FCM；关键词:拓扑识别；标题:关系辨识；关键词:关系辨识；摘要:关系辨识,0.6822764497573046,0.5826929869136511,0.98,T34,A31,A34,11.5,0.7060934860139244,关键词:配电网；摘要:配电网；标题:户变关系；关键词:户变关系；摘要:户变关系,0.3683345470061648,0.3478727261864169,0.98,A31,False,False,False,high,high,high
ZH_0019,基于参数自修正的配电网故障定位数字孪生技术研究,"配电网参数受天气条件和负载条件等因素影响会发生变化。由于传感装置安装有限、数据延时传输等因素，无法实时获得配电网准确参数，进而给传统故障定位方法的精度带来影响。针对以上问题，通过建立配电网数字孪生模型，基于配电网数字孪生模型的参数自修正技术，提出了一种定位模型随参数变化动态校正的配电网故障定位方法。同时，搭建了基于数字孪生服务器和实时数字仿真系统(real time digital system, RTDS)的数字孪生平台，实现了配电网实时的物理模型和数字孪生模型的同步运行。在算例仿真中，利用该数字孪生平台，验证了基于数字孪生技术的配电网故障定法方法。结果表明，该方法可在各类系统运行条件下实时修正配电网参数，显著提高配电网故障定位的速度和精度。","['数字孪生', '故障定位', '参数辨识', '最小二乘法', '正则化正交匹配追踪重构算法']",T36,T47,7.5,-0.0251364152132015,标题:故障定位；关键词:故障定位；摘要:故障定位,0.171777408079338,-0.179545822951439,0.8,T47,A31,A27,4.5,0.563894622117904,标题:配电网；摘要:配电网,0.0848316834450378,0.0278187294135998,0.8099999999999999,A37,False,False,False,high,high,high
ZH_0020,考虑声-振模态结合的抽水蓄能机组轴承故障诊断,为解决抽水蓄能机组轴承磨损故障难以监测和识别的问题，提出一种结合声振数据的双模态神经网络机组轴承诊断模型。首先分析了抽水蓄能机组声振特性，融合相似软阈值对奇异值分解去噪方法进行改进，有效消除非接触式传感器固有噪声干扰。其次提出逆巴克频谱变换方法，并结合巴克频谱变换和格拉姆角和场变换等特征工程技术，提取机组轴承的声纹和振动特征图。通过融合相对位置编码的自注意力机制和深度可分离卷积，建立特征图传递网络。同时运用多头自注意力机制和双向长短期记忆网络搭建了时序数据传递网络，并以平行网格架构构建了机组轴承故障诊断模型。实验对比分析表明，所提方法具有较高的故障识别准确率，为抽水蓄能电站机组轴承监测问题提供了有效的解决途径。,"['抽水蓄能机组', '声-振模态', '奇异值分解', '特征工程', '故障诊断']",T36,T27,7.5,0.3840184887529986,标题:故障诊断；关键词:故障诊断；摘要:故障诊断,0.4162592507879377,0.3429892053785618,0.98,T36,A35,A16,7.5,0.6449829119277211,标题:抽水蓄能；关键词:抽水蓄能；摘要:抽水蓄能,0.304428367148154,0.1498779423408648,0.94,A09,False,False,False,high,high,high
ZH_0022,“技术—组织—环境”视域下数字经济赋能低碳转型发展的路径,数字经济的蓬勃发展为深入推进低碳转型提供了有力的技术、管理和制度手段，但我国现阶段仍存在数字技术创新水平有限、数字人才供给能力不足、数字治理体系亟待健全等问题，制约了数字经济对于低碳转型发展的赋能作用。文章基于“技术—组织—环境”（TOE）框架，探讨数字经济对低碳转型发展影响的技术迭代路径、管理变革路径及制度优化路径，阐述数字经济在低碳转型发展中的重要作用，为促进我国发展数字经济助力“双碳”目标实现提出政策建议。,"['数字经济', '低碳转型', 'TOE框架', '节能减排', '碳中和']",T46,T10,3.0,0.7305298388128671,关键词:TOE框架,0.1996848008779714,0.0752131343776233,0.7866666666666666,T46,A40,A44,8.5,-0.1004338965984548,标题:数字经济；关键词:数字经济；摘要:数字经济；摘要:技术创新,0.5617024216292078,0.2622068610314444,0.8600000000000001,A40,False,False,False,high,high,high
ZH_0023,全球高超声速技术发展态势分析,高超声速技术是未来航空航天领域的制高点，具有重要的战略性和前瞻性意义。文章采用文献计量/综述、国内外官方机构/权威网站调研等方法对全球高超声速技术发展态势进行分析。研究发现，针对高超声速技术的研究主要集中在军事领域，其中动力推进技术、制导与控制技术、新型材料和热防护技术等是该领域的研究重点方向。通过梳理各国研发态势发现，未来涉及高超声速武器研发的相关核心技术仍是研究的重点，同时各国正加快优先布局高超声速防御系统，加强与合作国在技术研发、联合防空和导弹防御等方面的合作，以提升地区防御力和威慑力。,"['高超声速技术', '高超声速武器', '动力推进技术', '制导与控制技术', '新型材料和热防护技术', '高超声速风洞', '高超声速防御系统']",T45,T11,5.5,-0.1471959406519883,摘要:文献计量；标题:发展态势；摘要:发展态势,0.4910478451338277,0.3200289953429402,0.7855555555555556,T45,A49,A19,20.5,0.7469902088426628,摘要:航空航天；标题:高超声速；关键词:高超声速；摘要:高超声速；关键词:武器；摘要:武器；关键词:制导；摘要:制导；关键词:防御系统；摘要:防御系统,0.8108760284590916,0.1927872060190204,0.98,A49,False,False,False,high,high,high
ZH_0025,黄河上游地区市域数字经济与绿色发展耦合协调度及提升路径,“数字中国”与“美丽中国”建设背景下，解析数字经济与绿色发展的耦合协调关系是推进区域高质量发展的重要议题。文章以黄河上游17个地级市为研究区，基于熵权法、耦合协调度模型与障碍度模型，剖析2010—2019年数字经济与绿色发展耦合协调关系时空演变特征及障碍因子，进而提炼不同类型区数字经济与绿色发展耦合协调发展的提升路径。结果表明：(1)研究期内耦合协调度呈“V”字形态势，形成北部优于中、南部的空间格局，且多中心趋势明显。(2)影响数字经济与绿色发展2个子系统耦合协调发展的突出问题集中于产业基础设施建设、技术与人才的投入以及对人民生活和环境的影响。(3)研究区耦合协调发展类型区可划分为高数字化—高绿色化区（H-H型）、高数字化—低绿色化区（H-L型）、低数字化—高绿色化区（L-H型）、低数字化—低绿色化区（L-L型）4类。(4)H-H型应以城市群或中心城市为发展核心，H-L型应以主导产业转型升级为目标导向，L-H型应以健全数字经济产业基础为发展手段，L-L型应以吸引外部投资与承接产业转移为发展关键。,"['黄河上游地区', '数字经济', '绿色发展', '耦合协调度', '城市群与中心城市', '基础设施', '人才']",T44,T41,8.5,0.7153890511610803,标题:耦合协调度；关键词:耦合协调度；摘要:耦合协调度；摘要:障碍度模型,0.5918387699070222,0.5721066679572964,0.98,T44,A40,A44,7.5,0.0217525481338428,标题:数字经济；关键词:数字经济；摘要:数字经济,0.332649877639712,0.1553753438131634,0.8839278029472273,A40,False,False,False,high,high,high
ZH_0026,省域新型城镇化与共同富裕耦合协调水平的时空特征及其影响因素,新型城镇化是我国实现共同富裕的必经之路。文章采用极差法、熵值法等构建指标体系，运用ArcGIS和SDM等方法，从时间和空间维度对我国31个省份2011—2020年新型城镇化与共同富裕耦合协调的空间演化与影响因素展开了分析。研究发现：(1)整体上我国新型城镇化与共同富裕的耦合协调度逐年上升，但仍存在提升空间，且区域差异较为明显。(2)东部地区的耦合协调度明显高于全国水平，中部地区与全国水平较为接近，西部地区低于其他地区，但耦合协调水平逐步提升，与其他区域的差距正在缩小。(3)新型城镇化与共同富裕的耦合协调度存在明显的空间集聚效应，集聚效应逐年增加。(4)科技支出水平、数字化水平、机械化水平、信贷水平等对我国新型城镇化与共同富裕耦合协调发展有着不同程度的影响，其中科技支出水平的影响最大。分区域来看，无论是直接效应还是间接效应抑或是总效应，其对东部地区耦合协调度的影响比中西部大。,"['新型城镇化', '共同富裕', '耦合协调', '空间集聚', '科技', '数字化', '信贷']",T44,T48,1.0,-0.3285150264534816,摘要:耦合协调度,0.3404851137394612,0.2248926681894161,0.5355555555555556,T44,A41,A39,15.0,0.7427199545706646,标题:城镇化；关键词:城镇化；摘要:城镇化；标题:共同富裕；关键词:共同富裕；摘要:共同富裕,0.6244584342499181,0.5051425326476048,0.98,A41,False,False,False,needs_review,needs_review,high
ZH_0027,考虑大规模风光分层接入的配电网多层协调无功优化方法,大量风光新能源分层、多点接入给配电网运行带来了电压越限等负面影响，增加了不同电压等级无功协同优化的难度。兼顾不同电压等级调节需求，从模型降维等值的角度，提出了基于等值模型的配电网多层协调无功优化方法。该方法分别针对含有无功调节设备及没有无功调节设备的两种台区系统，利用神经网络对大量台区相关运行数据进行训练得到台区拟合模型，形成不可控和可控两种类型的台区等值模型，并用这两类拟合模型分别代替两类台区系统的物理模型，使台区以数据驱动的方式参与配电网无功优化，形成馈线物理模型和台区拟合模型组成的单一电压等级物数混合优化调度模型。将原多层无功优化问题转换为单层系统优化问题，再对该单层系统无功优化调度问题进行求解。该方法可降低配电网系统优化计算规模，从而减小计算量，以无功优化数学模型与数据驱动方法相结合的方式，实现配电网馈线-台区多层协调无功优化。通过算例验证了所提方法对于解决分布式风光分层接入所导致电压越限问题的可行性、有效性和优越性，能够保障配电网的经济安全稳定运行。,"['配电网', '无功优化', '多层协调', '数据驱动']",T37,T40,1.0,0.0216175716224467,摘要:优化调度,0.2704626477377983,0.1544112258746195,0.5593348843402468,T37,A31,A34,9.5,0.4004753256222101,标题:配电网；关键词:配电网；摘要:配电网；摘要:台区；摘要:馈线,0.1932000412920991,0.153771122865411,0.98,A31,False,False,False,needs_review,needs_review,high
ZH_0028,基于健康指数的架空线路运行状态评价方法研究,针对现有架空线路运行状态评估存在的问题，提出一种基于健康指数的架空线路运行状态综合评估方法。该方法结合架空线路运行特点，综合考虑线路本体及天气、环境等外力因素影响，系统地研究了影响线路健康状况的各级关键因素及其影响系数。考虑不同影响因素重要程度，采取定性、定量相结合的方式，提出了层次分析法、优劣解距离法、专家研讨法三者相结合的线路健康指数计算方法。利用该方法对南京某实际110 kV架空线路运行状态进行现场验证，证明了所提方法的有效性。所提方法不仅适用于架空线路健康状态的评估，也可为其他电力设备的健康状态评估提供参考。,"['健康指数', '架空线路', '状态评价']",T41,T28,8.5,0.7474206149374509,摘要:层次分析法；标题:健康指数；关键词:健康指数；摘要:健康指数,0.4597475322203396,0.1958615352675072,0.98,T41,A37,A08,6.5,0.7207395805803887,标题:状态评价；关键词:状态评价,0.2478827478675447,0.0052827184313475,0.98,A37,False,False,False,high,high,high
ZH_0029,计及劣化状态和随机故障的光伏发电系统视情维修模型以及最优检修策略,针对现有光伏发电系统维修策略研究中通常仅考虑劣化状态导致维修决策不合理等问题，提出了一种计及劣化状态和随机故障的光伏发电系统视情维修模型及最优检修策略。首先，以离散状态下的Markov过程为基础，将随机故障对维修策略的影响引入到光伏发电系统视情维修建模中，建立光伏发电系统计及劣化状态和随机故障状态的视情维修模型，定期检测光伏发电系统的状态。当系统状态超过预防性维修阈值时进行不完全维修；出现随机故障时进行最小维修；达到故障状态时进行更换。然后，以光伏发电系统长期稳定运行的最小总成本率为目标，采用一种改进的黏菌优化算法求取光伏发电系统最佳检测周期和预防性维修阈值。最后，以某光伏发电系统为例，通过对模型参数的灵敏度分析和传统不考虑随机故障维修模型的对比研究，验证了所提模型及策略的有效性和可行性。,"['光伏发电系统', '视情维修', 'Markov过程', '随机故障', '预防性维修阈值']",T37,T36,4.5,0.7058561406399466,标题:最优检修；摘要:最优检修,0.0001171998647587,-0.1010275668575239,0.8099999999999999,T36,A34,A37,7.5,0.7135552210348532,标题:光伏；关键词:光伏；摘要:光伏,0.1173509657674595,-0.0460341354653336,0.94,A37,False,False,False,high,high,high
ZH_0031,极端气象灾害下考虑MESS主动调控的配电网故障恢复策略,"针对极端灾害天气下配电网的故障恢复问题，计及极端灾害的时空演变特性，提出了一种利用移动储能(mobile energy storage system, MESS)的灵活性主动参与抑制合环冲击电流，辅助配电网故障恢复的策略。首先，建立了暴风雨等不同气象灾害条件下配电线路的故障率统计模型。其次，将复杂交通网与配电网进行耦合，建立了以最小化MESS调度时空成本的上层预布局模型。然后，分析了MESS出力对冲击电流的影响，以抑制合环冲击电流、最大化负荷恢复率和最小化MESS调度成本为目标，构建了MESS参与网络重构的下层调度模型。最后，在改进的IEEE 123节点系统中进行测试，验证了MESS对配网故障恢复安全性的提升效果。结果表明，采用MESS主动参与调控能够有效应对移动的极端气象灾害引发的配电网动态故障恢复问题，并抑制合解环过程中电流的波动，提升网络重构方案的可行性和增强配电网的韧性。","['配电网', '气象灾害', '合环冲击电流', '移动储能', '故障恢复']",T37,T13,1.0,0.0006535876474937,摘要:网络重构,0.1639865832808535,0.0046684831963836,0.5362745019677987,T37,A31,A37,7.5,-0.0332747539494308,标题:配电网；关键词:配电网；摘要:配电网,0.0986520038866202,-0.2376768139245059,0.8,A37,False,False,False,needs_review,needs_review,high
ZH_0032,混合级联型HVDC系统的后续换相失败预判方法,"白鹤滩—江苏±800k V特高压直流输电工程于2022年7月1日在中国投运，在世界上首次创造性地研发应用了特高压混合级联直流输电新技术方案。基于此系统背景对逆变侧电网换相换流器(line commutated converter,LCC)进行具有一定时间裕度的后续换相失败预判。分析了LCC控制器对电气量的控制作用和模块化多电平换流器(modular multilevel converters,MMC)对LCC的电压支撑作用，明确了混合级联直流输电系统逆变侧LCC发生后续换相失败的机理。推导了逆变侧LCC在首次换相失败后恢复过程末期关断角与故障后线路传输功率最小值的关系，定义了阈值功率的概念。然后建立了关断角与阈值功率的定量关系，提出一种故障后直流传输功率最小值与功率阈值相比较的后续换相失败预判方法。最后在PSCAD/EMTDC中搭建了相应的仿真模型，验证了理论分析和预测方法的准确性。","['混合级联直流输电系统', '后续换相失败预判', '交流故障', '阈值功率']",T14,T06,2.0,0.7027244778233772,摘要:PSCAD；摘要:仿真模型,-0.0291807536765551,-0.123396586975877,0.6711111111111111,T06,A32,A07,14.0,0.771247467795524,摘要:高压直流；标题:HVDC；摘要:换流器；标题:换相失败；关键词:换相失败；摘要:换相失败；摘要:特高压,0.4896522119701436,0.3660533413965997,0.98,A32,False,False,False,medium,medium,high
ZH_0033,交流故障下高压直流系统无功特性分析及无功控制策略研究,"现有低压限流环节(voltage dependent current order limitation,VDCOL)使得高压直流系统的有功和无功强耦合，不能在交流故障持续及恢复过程中充分利用换流站自身的无功支撑能力来改善其恢复性能。该文以CIGRE HVDC标准测试模型与贵广Ⅱ工程模型作为算例，对两种模型交流故障下的直流电流及无功功率可运行范围进行了分析计算，并在PSCAD/EMTDC仿真程序中进行了验证；接着，对VDCOL的外特性进行了分析，结果表明其输出的直流电流指令不在所计算的可运行范围内；最后，采用了一种替换VDCOL的无功控制策略，该策略不仅能保证故障下直流两侧的控制指令位于可运行范围内，也能改善高压直流系统的故障恢复性能。","['高压直流', '无功功率', '换相失败', '交流故障']",T49,T14,4.5,0.574996384642426,标题:控制策略；摘要:控制策略,0.084210100029373,0.1071170331601849,0.8099999999999999,T13,A32,A37,12.5,0.7203904120607887,标题:高压直流；关键词:高压直流；摘要:高压直流；摘要:HVDC；关键词:换相失败；摘要:换流站,0.5765657670720957,0.4142172290056332,0.98,A32,False,False,False,high,high,high
ZH_0034,含逆变型分布式电源外电网的短路计算等值及其影响因素分析,大量逆变型分布式电源接入会对电网短路电流计算及电网等值产生影响。该文提出了含逆变型分布式电源外电网的多端口戴维南等值方法，分析了等值参数的影响因素。首先，基于多端口电网络理论推导了外电网等值多端口的戴维南等值电路模型和参数表达式，分布式电源对等值电路的影响主要体现在开路等效电压。其次，根据开路电压计算公式，分析了分布式电源对开路等效电压的影响因素和规律。电网故障期间分布式电源可等效为压控电流源，其输出电流受独立电压源、等值端口电压及分布式电源低穿控制策略等的影响。然后，分析了等值端口电压、分布式电源容量、独立交流电源强弱对等效开路电压的影响规律，得到了等效开路电压随端口电压、分布式电源容量和外部电源内阻抗的变化曲线。通过IEEE33节点电网和某220kV高压电网仿真验证了等值方法和影响因素分析的正确性。,"['多端口戴维南等值', '逆变型分布式电源', '短路电流计算']",T49,T40,1.0,-0.6864065079052373,摘要:控制策略,0.1042145106121404,-0.4029036278945521,0.4755555555555555,T40,A31,A30,7.5,0.761018076585935,标题:分布式电源；关键词:分布式电源；摘要:分布式电源,0.3709151097924394,0.2929862613281072,0.98,A31,False,False,False,needs_review,needs_review,high
ZH_0035,光伏接入直流受端电网下直流换相失败影响机理初探,随着“双碳”目标推进，大量新能源发电系统将接入高压直流输电系统受端电网，但鲜有文献涉及该研究场景，新能源接入是否会对直流运行带来不利影响存疑。为此，该文分析了电网发生交流故障后光伏、直流的输出特性及交互影响规律，发现直流发生换相失败后将向光伏输送50、100、150Hz正负序电流分量，导致光伏输出功率及并网点电压的波动，并通过受端电网反馈传递导致直流系统直流电流及超前触发角指令的波动，进而带来直流后续换相失败风险，最后结合PSCAD/EMTDC仿真软件搭建了受端电网含光伏接入的高压直流输电系统模型，并通过仿真验证了上述结论的合理性及有效性。,"['高压直流输电系统', '换相失败', '新能源', '电压波动', '正负序分离']",T14,T25,1.0,0.7059003280032641,摘要:PSCAD,-0.0388587861668193,-0.1007119428338282,0.6155555555555555,T25,A32,A34,11.5,0.4304259957956536,关键词:高压直流；摘要:高压直流；标题:换相失败；关键词:换相失败；摘要:换相失败,0.6082454811975603,0.3912415848757868,0.98,A32,False,False,False,medium,medium,high
ZH_0036,含储能接入的三相配电网分布式可再生能源可调度域建模与计算,"分布式可再生能源(distributed renewable energy,DRE)发电可调度域用于定量描述电力系统适应DRE发电不确定性的能力。目前可调度域的相关研究聚焦于采用单相模型描述输电系统，鲜有讨论具有高阻抗比与三相不平衡特性的配电网，亦未计及储能系统广泛接入所带来的影响，因此难以准确地应用于新型配电网分析。针对上述问题，该文建立了含储能接入的配电系统可调度域数学模型，充分考虑了配电网相间耦合与三相不平衡特点以及储能系统的充放互补特性；采用凸包松弛和多面体外近似重构配电网交流潮流模型，并通过凸包络近似替代处理储能的互补松弛约束，得到配电网可调度域的多面体外近似模型，从而由自适应约束生成算法构建其线性边界。算例仿真结果表明所提出模型能较好地适应含储能接入的三相配电网可调度域分析，并验证了所提出方法的结果准确性与计算效率。","['可调度域', '分布式可再生能源发电', '配电网', '三相不平衡', '储能系统']",T40,T39,0.0,0.0028074331050224,,0.1060870735040903,0.0200530936073032,0.4830881764155247,T40,A31,A34,8.5,0.0554266417642708,标题:配电网；关键词:配电网；摘要:配电网；摘要:配电系统,0.1829069547946115,-0.2091374327762169,0.860969305940698,A34,False,False,False,needs_review,needs_review,high
ZH_0038,计及(火用)效率的电-气-热综合能源系统多目标优化调度方法,"为解决综合能源系统(integrated energy systems,IES)难以量质协同运行，且求解时间较长的问题，该文提出了一种计及(火用)效率的电-气-热综合能源系统多目标优化调度方法。首先，该文构建了IES模型，结合热力学第一、二定律，推导了该IES不同能源网络的源侧和负荷侧的(火用)方程以及(火用)效率等表达式；其次，为降低求解时间，提出了一个基于线性权重法的多目标函数求解与决策方法；最后，通过算例分析，验证了所提模型与方法的有效性。分析结果表明，相比于传统IES的优化问题，模型中考虑(火用)效率的多目标函数保证了能源品质的传输，促进了IES的量质协同运行，且该文所提求解方法的求解时间相比于遍历权重法降低了90.22%。","['综合能源系统', '多目标优化', '(火用)效率', '求解时间']",T37,T13,12.0,0.6818546929638049,标题:优化调度；摘要:优化调度；标题:多目标优化；关键词:多目标优化；摘要:多目标优化,0.3101872670795563,0.156104949741464,0.98,T37,A33,A31,7.5,0.7627338089697568,标题:综合能源系统；关键词:综合能源系统；摘要:综合能源系统,0.4425995829113756,0.3052414926411203,0.98,A33,False,False,False,high,high,high
ZH_0039,计及自适应阶梯碳势-碳价与供需双响应基于主从博弈的综合能源系统低碳经济调度,"针对碳流视角下综合能源系统(integrated energy system,IES)低碳化调度潜能挖掘不充分和用能侧碳排放责任承担不足的问题，提出了计及自适应阶梯碳势-碳价与供需双响应基于主从博弈的IES低碳经济调度策略。首先，设计自适应阶梯碳势-碳价模型，并构建基于能量枢纽矩阵标准化模型的IES碳流模型，获取用户侧各能源负荷节点碳势，进而完成碳势分级下碳价区间的划分；其次，兼顾源荷两侧的灵活调整及响应机制，建立用户侧参与的IES主从博弈低碳经济调度模型，上层IES运营商通过制定动态变化的负荷节点碳势-碳价，引导下层用户聚合商低碳化用能；最后，提出改进霜冰优化算法(improved rime optimization algorithm,IRIME)，利用其独特阶梯式逐步搜索策略与主从博弈迭代过程相贴合的特性，并改进权重系数设计与选择策略，实现主从博弈模型的高精度、快速求解。仿真结果表明：所提自适应阶梯碳势-碳价模型提升了用户侧的碳势感知能力，与阶梯型碳排放固定碳价模型相比可进一步降低4.76%的碳排放量，结合供需双响应机制可提高1.13%的IES运营商收益和降低0.81%的用户聚合商成本；IRIME提升了模型求解的快速性，同时改善了主体间博弈结果的均衡性；所提调度策略实现了碳排放责任的流动转移与两主体间的协同低碳经济运行。","['综合能源系统', '碳排放流', '自适应阶梯碳势-碳价', '供需双响应', '主从博弈']",T38,T13,8.5,0.65252780207903,标题:主从博弈；关键词:主从博弈；摘要:主从博弈；摘要:博弈模型,0.2944064530397624,0.1230977459426517,0.98,T38,A33,A44,7.5,0.3745678667376292,标题:综合能源系统；关键词:综合能源系统；摘要:综合能源系统,0.314900378920359,0.2754847624116371,0.98,A33,False,False,False,high,high,high
ZH_0041,计及电压动态特性的虚拟同步机暂态稳定性分析,针对仅考虑摇摆方程可能导致虚拟同步机暂态稳定性分析误判的问题，首先考虑公共耦合点处电压变化对系统暂态行为的影响，建立了计及电压动态特性的虚拟同步机暂态模型，实现对虚拟同步机动态特性的全面精准刻画。在此基础上提出了一种直接求解极限切除角和极限切除时间的快速迭代求解算法，并分析了虚拟同步机核心控制参数改变对系统暂态稳定性的影响机理。最后，搭建了典型结构虚拟同步机的电磁仿真模型，验证了理论分析和关键暂态指标求解算法的正确性，结果表明相比于仅考虑摇摆方程的暂态模型，所提模型能更精准地刻画虚拟同步机暂态特性。,"['虚拟同步机', '摇摆方程', '暂态稳定性', '电压动态特性']",T49,T14,19.5,0.7632040924552627,标题:虚拟同步机；关键词:虚拟同步机；摘要:虚拟同步机；标题:稳定性分析；摘要:稳定性分析；标题:暂态稳定；关键词:暂态稳定；摘要:暂态稳定,0.613360212429535,0.5723369241309971,0.98,T49,A38,A20,7.5,0.7693186150188192,标题:虚拟同步机；关键词:虚拟同步机；摘要:虚拟同步机,0.4163598274085063,0.3522758215629942,0.98,A38,False,False,False,high,high,high
ZH_0043,计及SOC影响的电化学储能系统低电压穿越控制策略,"针对电化学储能现有低电压穿越控制策略未计及荷电状态(state of charge, SOC)动态特性导致其在低SOC场景下出现过放这一问题，设计并引入自适应调节系数来表征低电压穿越期间SOC对储能单元输出有功电流的影响，进而提出一种计及SOC动态特性与充放电状态的电化学储能系统低电压穿越控制策略。该控制策略基于并网规范的电压和频率要求，结合工程实际应用对自适应调节系数进行定量设计，使得系统故障期间储能单元输出的有功电流能够根据SOC大小动态调整。仿真结果表明，该控制策略在低SOC场景下能够有效限制有功电流输出，减缓放电速度，从而避免小容量、大放电倍率储能单元出现因SOC越限而退出运行的风险，并减小低电压穿越过程中多个储能单元之间的SOC极差。通过与传统的低电压穿越策略对比验证了所提策略的有效性。","['电化学储能', '荷电状态', '低电压穿越策略', '自适应调节系数']",T49,T13,12.0,0.7131547812473842,标题:控制策略；摘要:控制策略；标题:低电压穿越；关键词:低电压穿越；摘要:低电压穿越,0.3596546545490164,0.3796770089098875,0.98,T49,A35,A38,12.0,0.2468753821410748,标题:储能；关键词:储能；摘要:储能；标题:SOC；摘要:SOC,0.1867171771205943,-0.1651758418494662,0.94,A38,False,False,False,high,high,high
ZH_0044,适用于直流保护的数学形态学降噪与噪声干扰识别方法,柔性直流输电系统是调节我国能源分布不均问题的重要手段，直流保护是保证柔直系统安全的重要技术。现有工程中多采用行波保护作为主保护，然而行波保护存在易受噪声影响、故障波头不易捕捉等问题，制约了其广泛应用。针对上述问题，提出数学形态学降噪与噪声干扰识别方法，并根据直流保护采样信号特点进行参数设计，用于直流保护采样信号降噪和噪声干扰的识别。首先，确定基于自适应多尺度形态滤波的直流信号降噪方法，并设计结构元素长度和形态学滤波器类型、自适应多尺度形态滤波器的滤波器阶数和步长。其次，确定基于形态学梯度变换的噪声干扰识别方法，并设计形态学梯度变换的阈值。接着，从不同角度对形态学降噪方法与现有典型信号处理方法的滤波效果进行对比分析。最后，对形态学降噪与噪声干扰识别方法和保护的配合效果进行验证。形态学降噪与噪声干扰识别方法所需采样频率较低，运算量适中，滤波效果好，对直流保护适用性好。,"['行波保护', '自适应多尺度形态滤波', '噪声干扰识别', '形态学梯度', '故障波头捕捉']",T27,T34,17.0,0.7268827486241974,摘要:信号处理；关键词:滤波；摘要:滤波；标题:降噪；摘要:降噪；标题:形态学；关键词:形态学；摘要:形态学,0.1861027276641858,0.0491624901728389,0.98,T27,A27,A32,4.5,0.5461618524902973,标题:数学；摘要:数学,0.0349409425023758,-0.0988439107835915,0.8099999999999999,A32,False,False,False,high,high,high
ZH_0045,基于故障穿越演化特性的SVG电磁暂态模型测辨方法,"建立准确的静止无功发生器(static var generators, SVG)白盒电磁暂态仿真模型是分析电网电压稳定特性的前提。然而，由于SVG的控制器结构和参数保密，其建模大都基于典型控制结构和参数，模型的暂态输出特性与实际差异较大。针对上述问题，提出了基于SVG厂家封装黑盒模型故障穿越(fault ride-through, FRT)演化特性的电磁暂态模型测辨方法。首先，分析了厂家黑盒模型的拓扑特征，通过多工况故障穿越响应测试，厘清了其故障穿越演化特性。然后，通过分析不同控制环节暂态切换过程对SVG故障穿越响应特性的影响和作用途径，提出了基于SVG故障穿越响应演化形态的控制器结构辨识方法。通过分析SVG不同控制环节参数对其故障穿越响应特性的分阶段作用原理，提出了基于故障穿越响应幅值的控制器参数分步辨识方法，形成了SVG的白盒化电磁暂态模型测辨方法体系。最后，将建立的不同型号白盒仿真模型与对应厂家黑盒模型进行了故障穿越响应特性对比分析，发现其误差远小于现行标准的允许误差，证明了提出方法的有效性和通用性。","['厂家黑盒模型', '故障穿越响应特性', '电磁暂态模型', '控制器结构辨识', '控制器参数辨识']",T14,T07,2.0,0.7049406329868019,摘要:电磁暂态仿真；摘要:仿真模型,0.0089426688299468,-0.1075669072371291,0.6711111111111111,T07,A38,A15,4.5,0.7462012080486962,标题:SVG；摘要:SVG,0.2594607215968118,0.1871514860621154,0.8699999999999999,A38,False,False,False,medium,medium,high
ZH_0046,V2G直流充电桩检测方案与检测系统设计,针对现有V2G直流充电桩现场检测装置功能不全面、检测方案单一、控制及管理困难等问题，依据国家相关标准，设计了V2G直流充电桩检测方案和检测系统。首先，根据需要设计了3种检测方案：现场检测方案、实验室检测方案以及动力电池检测方案。不同的检测方案对应V2G充电桩不同检测环境和检测项目。然后，依据3种检测方案给出了检测系统的硬件设计和软件设计，能够实现对V2G直流充电桩充放电功能、直流输出性能、并网性能及保护功能等进行检测。同时还可以对电动汽车动力电池状态进行评估，从而判断电池潜在风险。最后，通过对V2G直流充电桩和车辆动力电池进行不同项目检测。测试结果表明所设计的检测方案和检测系统能够准确实现对V2G直流充电桩的功能和性能检测。,"['V2G直流充电桩', '检测系统', '现场检测', '实验室检测', '通信连接', '数据采集']",T17,T32,3.5,-0.0049196167799259,标题:检测系统设计,0.2640650711283656,-0.0351401198566135,0.6144444444444445,T32,A35,A14,16.0,0.7696357946838532,摘要:电动汽车；标题:充电桩；关键词:充电桩；摘要:充电桩；标题:V2G；关键词:V2G；摘要:V2G,0.5764994047330325,0.3545413905989523,0.98,A35,False,False,False,medium,medium,high
ZH_0047,基于自然的青藏高原一体化生态保护修复优化管理,青藏高原对中国乃至全球起着重要的生态安全屏障作用，近年来生态环境状况总体改善。但青藏高原在重点攻坚和协同治理、自然恢复和人工修复、高质量发展和高水平保护等关系处理上仍存在诸多管理挑战。文章提出利用“基于自然的解决方案”开展适应性管理，建议基于“三级尺度框架”落实生态保护修复规划，基于定量化的生态监测、评估和预警数据开展气候变化和人类扰动下的生态保护修复工程适应性管理，基于利益相关方协同治理提升生态保护修复的公众参与度，从而实现基于自然的青藏高原一体化生态保护修复优化管理。,"['基于自然的解决方案', '适应性管理', '景观尺度', '社区参与']",T46,T19,0.0,0.0004696350589051,,0.1188809885799447,0.0033545361350367,0.4805165985647956,T46,A44,A28,4.5,0.5934634005009105,标题:生态保护；摘要:生态保护,0.371212799884161,0.2390242892922175,0.8699999999999999,A44,False,False,False,needs_review,needs_review,high
ZH_0048,长江经济带城市生态财富与产业结构变迁的空间关联及互动效应,文章以长江经济带110个地级及以上城市为研究样本，采用双变量空间自相关模型和面板向量自回归模型，实证分析了2012—2021年其生态财富与产业结构变迁的空间关联特征及互动效应。结果表明：(1)10年间长江经济带城市生态财富波动增长，年均增长率为2.12%，且呈现出“西高东低”的空间分布格局；城市产业结构高级化、合理化水平整体呈上升趋势，均表现出“下游地区>中游地区>上游地区”的分布特征。(2)长江经济带城市生态财富与产业结构变迁存在显著的空间依赖与关联特征，且上游地区空间集聚特征在减弱，中下游地区持续增强。(3)长江经济带城市生态财富与产业结构高级化互为Granger因果关系，产业结构合理化是城市生态财富的单向Granger原因；城市生态财富与产业结构高级化之间及生态财富对产业结构合理化的脉冲响应曲线均呈现倒“U”形特征，且长期而言表现为正向波动响应。方差分解结果显示，城市生态财富主要受自身影响，但产业结构变迁对其仍具有一定程度的影响能力。,"['城市生态财富', '产业结构变迁', '空间关联', '互动效应', '绿色低碳发展', '长江经济带']",T48,T42,1.0,0.7205280110119405,摘要:空间自相关,0.1518432481877241,0.0037715072281472,0.6755555555555555,T48,A43,A16,7.5,0.7368283092038097,标题:产业结构；关键词:产业结构；摘要:产业结构,0.2070041376301253,0.1202022085986412,0.98,A43,False,False,False,medium,medium,high
ZH_0050,符号视角下城市街巷地名的空间特征及旅游化利用——以沈阳市为例,地名作为特定空间实体的文化记忆和符号表达，承载着历史文化和城市记忆，对推动城市休闲文化发展、为经济发展注入新活力具有重要作用和意义。文章以沈阳市街巷地名为研究对象，利用核密度分析法，从符号学视角探讨了沈阳市街巷地名的空间分布特征及旅游化利用方式。结果表明：(1)沈阳市街巷地名总体上表现为生活化、商品化和规模化的分异性，地域空间上呈现差异化特征。(2)沈阳市街巷地名空间集聚性分布，呈现出“东南密集，西北稀疏”的空间特征，由核心区向外部边缘区逐渐降低的变化趋势。(3)街巷地名作为旅游化利用的重要文化资源，以点线面形式的元素融入生活空间、消费空间及产业空间等城市功能空间，形成情感符号、商业符号及文化符号。街巷地名旅游化利用借助旅游主体、旅游客体及旅游介体，共同推动旅游线路规划、主题场景定位以及旅游地品牌形象的动态建设和科学管理。,"['街巷地名', '空间特征', '符号表征', '旅游化利用', '地名文化', '历史文化遗产']",T13,T48,3.0,0.6973217237079142,关键词:表征,-0.0741191434227108,-0.161987687800613,0.7266666666666667,T48,A45,A28,10.5,0.7488818301617071,标题:旅游；关键词:旅游；摘要:旅游；关键词:文化遗产,0.2879379149795045,0.2062987868693365,0.98,A45,False,False,False,medium,medium,high
ZH_0051,长三角乡村旅游典型县新型城镇化与乡村共同富裕的共生演进的实证分析,文章基于共生理论，以长三角地区60个乡村旅游典型县为例，利用Lotka-Volterra物种竞争、共生协调度和时空地理加权回归等多元集成模型，解析2000—2021年县域新型城镇化与乡村共同富裕共生演进的时空特征与机制。研究发现：(1)长三角乡村旅游典型县新型城镇化与乡村共同富裕持续良性共生演进，“以城带乡”特征明显，乡村正逐步追赶城镇。(2)中心城市更能引领乡村旅游典型县城镇与乡村共生发展，长三角形成了以上海、杭州、宁波和南京为核心向周围辐射的县域城乡共生发展空间格局。(3)乡村旅游典型县新型城镇化与乡村共同富裕的共生演进受多要素影响，其中城乡收入差距缩小和旅游资源禀赋不是绝对的促进因素，经济发展水平、旅游市场规模、旅游人才建设和适度的政府调控水平能够起到显著促进作用。,"['新型城镇化', '乡村', '共同富裕', '城乡共生发展', '共生演进', '旅游', '政府调控']",T48,T07,1.0,0.7129975274189386,摘要:空间格局,0.0549362036707903,-0.0500176612932948,0.6155555555555555,T07,A41,A45,15.0,0.2003634253212938,标题:城镇化；关键词:城镇化；摘要:城镇化；标题:共同富裕；关键词:共同富裕；摘要:共同富裕,0.6766406639994113,0.402595895152098,0.98,A41,False,False,False,medium,medium,high
ZH_0052,分接开关可控移相变压器保护配置及故障特征分析,移相变压器是一种经济型的潮流调节设备，可提高电网运行的安全性和经济性。为了实现分接开关可控移相变压器工程化应用，首先，针对电流电压互感器配置情况，提出了移相变压器的主保护配置方案，并分析了各保护元件的保护范围。其次，提出了基于控保协同的差动计算自适应调整策略，可根据分接开关的实时档位实现移相变压器差动保护计算的自适应调整。接着，给出了基于移相变压器差动平衡的各侧电流校验方法，可用于校验电流互感器的接入极性和参数。最后，通过仿真和实际波形，分析了不同故障下和空充时的波形特征以及保护的适应性，并证明了所提方法和保护配置的有效性。,"['移相变压器', '继电保护', '差动保护', '保护配置', '故障特征']",T32,T36,1.0,0.7069666621368892,摘要:配置方案,0.0685158540111691,-0.0930952704507911,0.6155555555555555,T36,A37,A26,10.5,0.7538850507271719,关键词:继电保护；标题:变压器；关键词:变压器；摘要:变压器,0.2980691369562284,0.2420360766226562,0.98,A37,False,False,False,medium,medium,high
ZH_0054,大规模风电接入场景下的失步振荡中心定位方法,振荡中心的准确定位是失步保护正确动作的基础，大规模风电并网导致系统阻抗参数发生变化，使得传统基于阻抗轨迹的失步定位方法的适应性严重下降。针对该问题，提出基于节点频差的失步振荡中心定位方法。首先分析大规模风电并网对系统总阻抗的影响。进一步根据发电机功角，计算其曼哈顿距离相似度并构建启动判据。最后，通过移动平均法对广域测量频率进行平滑处理，提出基于节点频差的失步振荡中心定位方法。仿真验证表明，所提基于节点频差的失步振荡中心定位方法受噪声影响较小，不受风电渗透率的影响，能够准确定位失步振荡中心位置。,"['双馈风机', '风电渗透率', '等效阻抗', '同步机组失步', '节点电压频差', '振荡中心定位']",T34,T04,0.0,0.0023268402701858,,0.0965868383229681,0.0166202876441846,0.4825595242972044,T34,A34,A05,7.5,0.7154339788780593,标题:风电；关键词:风电；摘要:风电,0.101823978059495,-0.0326144365852912,0.94,A05,False,False,False,needs_review,needs_review,high
ZH_0056,考虑不可测T接负荷的配电网虚拟三端电流差动保护,采用电流差动保护可解决高比例分布式电源接入配电网引起的馈线保护问题。然而当馈线内存在不可测T接负荷分支时，差动保护只能利用被保护线路两端的数据构造判据，性能受到影响。为解决该问题，首先分析了不可测T接负荷对传统两端电流差动保护的影响。在此基础上，提出了一种虚拟三端电流差动保护方法。该方法将被保护线路内部的不可测T接分支等效为一个虚拟支路，利用故障前后线路两端的电压、电流数据估算该虚拟支路的电流相量，并与馈线两端的电流相量一起构成三端电流差动保护判据。仿真结果表明，该方法在无需T接负荷测量数据的前提下能够满足配电网在不同场景下的保护需求，相比传统的电流差动保护具有更高的可靠性与灵敏性。,"['电流差动保护', '配电网', '不可测T接负荷', '虚拟支路', '分布式电源']",T36,T40,0.0,-0.0073117120490043,,0.0315619962372313,-0.0522265146357453,0.26,T40,A31,A12,12.5,0.7521536007260354,标题:配电网；关键词:配电网；摘要:配电网；摘要:馈线；关键词:分布式电源；摘要:分布式电源,0.3206484552326286,0.2296685766145395,0.98,A31,False,False,False,needs_review,needs_review,high
ZH_0057,基于多元暂态特征故障度的配电网单相接地选线方法,针对配电网发生单相接地故障时电流较弱、故障条件复杂、现有的故障检测技术性能不可靠的问题，提出一种利用基频移频的多元暂态特征故障度配电网单相接地选线方法。为了保留暂态特征的全景性，去除暂态零序电流中的基频分量，采用希尔伯特变换对暂态零序电流解析信号进行计算。之后，引入位移因子去除基频，保留所有的瞬态特征，并计算了3种典型瞬态特征指标。最后，采用Copula计算瞬态特征随机变量的联合分布密度函数并计算各线路的故障度，选择故障程度最大的馈线作为故障馈线。建立不同故障条件下的径向配电网样本模型、电弧故障模型以及风机和光伏模型的IEEE 34节点测试系统，验证了所提方法的有效性。,"['故障选线', '基频移频', 'Copula函数', '概率密度', '多元暂态特征故障度']",T36,T11,4.0,0.7409424110190443,摘要:故障检测；关键词:故障选线,0.2710761975463649,0.1495886501360313,0.8422222222222222,T36,A31,A34,5.5,0.5965117149696779,标题:配电网；摘要:配电网；摘要:馈线,0.052591730999889,0.0530057562769207,0.8655555555555555,A07,False,False,False,high,high,high
ZH_0062,考虑响应可靠率的需求侧资源自主被动组合响应策略,随着新型能源体系建设的加快，优化需求响应机制，确保市场化需求响应高效运行是深化电力需求侧管理的重要手段。针对需求侧资源参与电网互动的响应可靠率偏低的问题，提出了考虑响应可靠率的需求侧资源自主被动组合响应策略。首先建立了自主与被动响应资源的组合响应机制，引导需求侧资源根据自身特点和电网需求进行合理报价。其次，建立了考虑响应可靠率的需求侧资源自主被动组合响应模型，提出了基于二分搜索算法的电网需求调节系数优化方法，动态优化自主响应资源和被动响应资源的组合方案，在满足响应可靠率和电网调节需求的同时实现成本最小化。最后，通过算例进行仿真分析，结果表明所提机制有助于提高需求侧资源参与电网互动的可靠性和经济性，验证了该文所提机制与方法的有效性和适应性。,"['需求侧资源', '需求响应', '响应可靠率', '自主响应', '被动响应']",T06,T38,0.0,0.0020038282776146,,0.0934161632337135,0.0143130591258185,0.482204211105376,T06,A36,A21,4.0,0.764356244385508,关键词:需求响应；摘要:需求响应,0.4526889997026722,0.3168303170393431,0.8422222222222222,A36,False,False,False,needs_review,needs_review,high
ZH_0065,计及电能量-备用耦合的配电网与光储充电站协调优化调度方法,针对光储充电站大规模接入给配电网带来的调控压力，提出一种计及电能量和备用耦合的配电网与光储充电站协调优化调度方法。首先，建立基于随机机会约束的光储充电站经济调度模型，得到光储充电站与配电网的电能交互方案和备用需求；随后，采用鲁棒经济调度-线性潮流方法，建立计及不确定性的配电网优化调度模型，并根据KarushKuhn-Tucker(KKT)条件推导得到配电节点边际电价和节点备用边际电价，通过电能量和备用价格引导光储充电站友好互动，挖掘站内储能在削峰填谷和备用调节上的潜力。最后，通过算例分析验证了所提方法的有效性。,"['光储充电站', '协调优化', '节点边际电价', '不确定性']",T39,T37,1.0,-0.5522942330821083,摘要:机会约束,0.2924742640364552,0.0550411922706546,0.5355555555555556,T39,A31,A35,4.5,0.5646175165732294,标题:配电网；摘要:配电网,0.1217334029470905,0.0329822612373532,0.8699999999999999,A31,False,False,False,needs_review,needs_review,high
ZH_0066,基于行动者网络的生态旅游地多元主体冲突的演变及形成机制——以湖北省神农架为例,文章基于行动者网络理论构建了生态旅游地多元主体冲突分析的理论框架，以湖北省神农架为案例地，运用质性分析方法解析了多元主体冲突的演变及形成机制。结果表明：(1)生态旅游地冲突是行动者网络构建过程中人类和非人类行动者利益失衡而引发的异议，具有动态变化性；(2)冲突随着行动者的增加逐渐趋于复杂化，呈现萌芽、显化和升级的渐进式发展趋势；(3)资本分化和利益受损是冲突形成的内在根源和直接原因，制度缺位或失灵是冲突形成的充分条件，权力失衡、社会分层和旅游失序则是中介条件。,"['生态旅游', '旅游地冲突', '行动者网络理论', '冲突演变', '形成机制', '多元主体']",T46,T29,8.5,0.7581888120127773,摘要:理论框架；标题:形成机制；关键词:形成机制；摘要:形成机制,0.4186187722268676,0.2727772286626948,0.98,T46,A45,A27,7.5,0.7100942441216063,标题:旅游；关键词:旅游；摘要:旅游,0.0218278907277029,-0.070755399131384,0.94,A27,False,False,False,high,high,high
ZH_0067,旅游专业大学生乡村旅游创业意向的影响因素,文章基于创业事件模型、社会认知理论和社会认知职业理论，以旅游管理专业大四学生为研究对象，构建大学生乡村旅游创业意向影响因素理论模型，探究了其作用机理并识别出乡村旅游创业结果期望、可感知的乡村旅游创业能力的双重中介作用。研究发现：(1)冒险倾向、个体创新性对大学生乡村旅游创业意向的影响不显著。(2)不确定性容忍、成就渴望、乡村旅游创业榜样对大学生乡村旅游创业意向存在显著正向影响。(3)乡村旅游创业结果期望、可感知的乡村旅游创业能力在乡村旅游创业榜样的存在、乡村旅游创业榜样的绩效、不确定性容忍、成就渴望与乡村旅游创业意向之间起中介作用。,"['乡村旅游', '创业意向', '创业榜样', '个体创业特质', '创业能力']",T16,T20,1.0,0.7158554551304314,摘要:理论模型,0.1495773719263717,-0.0296038919254905,0.6155555555555555,T20,A45,A04,15.0,0.7242812627227777,标题:旅游；关键词:旅游；摘要:旅游；标题:乡村旅游；关键词:乡村旅游；摘要:乡村旅游,0.4065632564097444,0.3734375908769832,0.98,A45,False,False,False,medium,medium,high
ZH_0068,中国对外直接投资促进经济高质量发展的空间溢出效应和机制,对外直接投资（OFDI）作为资本在全球范围内流动的主要形式，对中国的经济发展和在全球价值链中地位的提升发挥了至关重要的作用。文章首先基于2003—2021年中国省际面板数据，构建了经济高质量发展评价指标体系，测度了省域经济高质量发展指数，分析经济高质量发展的演变特征；继而通过面板双固定模型和空间杜宾模型分析了OFDI对中国经济高质量发展的影响及其空间溢出效应，进一步探究了OFDI推动中国经济高质量发展的具体作用机制。研究发现：(1)中国经济高质量发展指数上升趋势明显，且基本呈现东高西低的空间分布格局；(2)OFDI对中国经济高质量发展具有正向影响，该结论在考虑一系列影响因素后依然成立；(3)OFDI不仅能驱动省域经济高质量发展，还存在显著的正向空间溢出效应，促进邻近省域的经济高质量发展；(4)OFDI可以通过促进产业结构升级、就业水平提升和资源优化配置推动经济高质量发展。,"['对外直接投资', '投资动机类型', '经济高质量发展', '产业结构升级', '就业水平', '资源优化配置', '产业转移']",T42,T37,2.0,-0.3428123050364393,摘要:面板数据；摘要:空间杜宾模型,0.1759000825959674,0.1227692497397183,0.5911111111111111,T42,A43,A50,7.0,-0.0352389461213366,关键词:产业结构；摘要:产业结构；关键词:产业转移,0.1871283424705348,0.0911503848475954,0.8600000000000001,A43,False,False,False,needs_review,needs_review,high
ZH_0069,省域共同富裕水平测算及其时空演进,共同富裕是社会主义的本质要求，是中国式现代化的重要特征。文章根据共同富裕内涵、推动方向和路径，以2012—2020年中国31个省域为研究对象，构建了省域共同富裕水平的评价指标体系，并利用熵值法测算了中国31个省域的共同富裕进程。研究发现：2012—2020年中国共同富裕呈阶段性发展，全国共同富裕进程趋势积极向好。具体而言，从空间演进来看，共同富裕水平低的省域数量随时间推移明显减少，共同富裕水平中等的省域数量增长最快，共同富裕水平高的省域数量增长明显；从演进方向来看，共同富裕水平中等的省域发展方向由东南向西北方向发展，共同富裕水平高的省域首先以东部沿海省域向南拓展，2020年逐步向西北方向延伸；从地区差距来看，全国、中部地区、西部地区共同富裕离散程度存在扩大趋势，东部地区呈显著缩小的状态，除西部地区两极分化现象加剧外，其他区域极化现象均明显缓解；从长期演进趋势来看，随着时间推移，中国各省域均会转向高水平共同富裕。,"['共同富裕', '地区差距', '高质量发展', '中等收入群体', '农民农村', '评价指标体系', '演进趋势']",T41,T44,4.0,0.7190308964401131,关键词:指标体系；摘要:指标体系,0.1391372881813075,-0.0069221682849064,0.7822222222222223,T44,A41,A42,7.5,0.5024560478020843,标题:共同富裕；关键词:共同富裕；摘要:共同富裕,0.4569001389201154,0.5032574843006019,0.98,A41,False,False,False,high,high,high
ZH_0072,新阶段美国清洁能源战略解构与比较研究,当前美国政府积极推行清洁能源革命战略，系统解析美国战略部署的内在逻辑和实现路径，对我国深入推进能源革命具有现实意义。在系统论和政策范式理论基础上，文章选取政策目标、治理机制、政策工具三要素，设计提出宏观—中观—微观的战略政策研究框架模型。结果显示，美国将清洁能源作为实施气候安全“国策”的核心，聚焦科技创新、供应链安全、基础设施战略目标，构建政府统筹下跨机构决策、组织管理创新、全社会参与的推进机制，采用技术清单、规划蓝图、全链攻关、创新主体等政策工具。根据美国相关经验，并结合我国实际，建议强化宏观战略目标、完善创新推进机制，通过凝练若干技术清单、更新发展路线图，强化、重组或设立专项研究计划稳定支持，有组织推进战略科技力量技术攻关，推动国际深度合作等举措，建构全方位一体化清洁能源创新路径。,"['清洁能源', '战略', '政策范式', '美国', '科技创新']",T46,T32,1.0,0.7493225613235496,摘要:治理机制,0.3649498374394753,0.2094468665967832,0.6755555555555555,T46,A40,A46,4.0,0.5496632759608657,关键词:科技创新；摘要:科技创新,0.229139312894254,0.0690233997204694,0.8422222222222222,A40,False,False,False,medium,medium,high
ZH_0074,新时期自然资源要素促进城乡融合发展：目标选择与政策设计,重塑自然资源要素在乡村地域系统与城市地域系统的“逆向漫流”是实现城乡融合发展的基本形态要求。以“目标选择—现实障碍—制度需求—体系构建”为逻辑主线，从城乡融合发展框架下自然资源要素配置现状出发，梳理出自然资源在城乡融合发展方面存在城乡自然资源产权设计不对称、承载各类规划不统一、自然资源收益共享机制缺失、资产流动渠道与交易体系不畅等问题；以“统一布局、还权赋能、有偿使用、收益共享”为核心，以推进城乡要素合理配置、基础设施一体化、城乡公共服务均等化、一二三产业融合发展为导向，从切实可行的角度出发，构建自然资源要素支持城乡融合发展的政策体系。,"['自然资源', '要素流动', '城乡融合', '空间规划']",T46,T21,0.0,0.0024610817837098,,0.1007537559762388,0.0175791555979276,0.4827071899620808,T46,A41,A46,7.5,0.6722501394341336,标题:城乡融合；关键词:城乡融合；摘要:城乡融合,0.4024073222547504,0.3446438531009542,0.98,A41,False,False,False,needs_review,needs_review,high
ZH_0078,浙江县域共同富裕的测度、评价及区域分异,文章从富裕和共享两个维度阐释共同富裕内涵，构建县域共同富裕指标体系，测度和评价了浙江县域共同富裕指数，并对共同富裕指数的区域分异进行了剖析。结果表明：(1)从总体评价来看，浙江县域共同富裕指数具有明显的梯队差异。(2)从分项评价来看，浙江县域共同富裕可以划分为共同富裕型、率先富裕型、相对滞后型、优先共享型县域4种类型。(3)从多尺度空间评价来看，浙江县域共同富裕指数均存在明显的区域差异，浙东北共同富裕水平较高，浙西南共同富裕水平较低。(4)从空间分布格局来看，向心力与离心力的共同作用使浙江县域共同富裕指数展现出显著空间集聚特征，空间外溢服从距离衰减规律。,"['共同富裕', '富裕和共享', '区域特征', '经济发展水平', '城乡差异', '因县施策', '高质量发展']",T41,T44,1.0,0.718515890272463,摘要:指标体系,0.0710585526209675,-0.0106007837681212,0.6155555555555555,T44,A41,A39,7.5,0.6766793532067278,标题:共同富裕；关键词:共同富裕；摘要:共同富裕,0.5157774335236424,0.3762810943337706,0.98,A41,False,False,False,medium,medium,high
ZH_0079,黄河流域绿色发展与共同富裕耦合协调水平变化及其影响因素,文章在解析绿色发展与共同富裕耦合协调机理基础上，采用耦合协调度模型对2011—2020年黄河流域绿色发展效率与共同富裕发展耦合协调水平进行了测度，并运用探索性空间数据分析和地理探测器对绿色发展与共同富裕耦合协调度的时空演变特征及影响因素进行了分析。结果表明：(1)研究期内黄河流域绿色发展效率缓慢波动上升，空间上呈现“下游>中游>上游”的梯度格局特征；共同富裕指数呈稳步提升的演变轨迹，空间分布上由低水平均衡向高水平不均衡格局演进。(2)研究期内黄河流域绿色发展与共同富裕耦合协调度呈阶段性波动上升趋势，空间上形成以省会城市为高水平协调中心的“中心—外围式”圈层结构；绿色发展与共同富裕耦合协调度存在正向空间自相关性，并具有高—高集聚与低—低集聚的空间俱乐部趋同效应，但空间自相关性趋于减弱。(3)金融发展、科技创新、数字经济和城镇化水平是驱动黄河流域绿色发展与共同富裕耦合协调空间分异的主导因子，影响因子对耦合协调度的作用强度存在显著的空间异质性，且各因子交互作用后的解释力具有双因子增强和非线性增强特征。,"['绿色发展', '共同富裕', '耦合协调', '科技创新', '城镇化', '黄河流域']",T44,T48,1.0,-0.4514006862798678,摘要:耦合协调度,0.3969435823668847,0.204280812286658,0.5355555555555556,T44,A41,A44,11.5,0.2821681546903577,关键词:城镇化；摘要:城镇化；标题:共同富裕；关键词:共同富裕；摘要:共同富裕,0.3689959608309003,0.2266669434404437,0.98,A41,False,False,False,needs_review,needs_review,high
ZH_0080,完善城乡融合发展体制机制研究,城市和乡村是互促互进、共生共存的，能否处理好城乡关系，关乎社会主义现代化建设全局；加快推进城乡融合发展、促进城乡共同繁荣既是中国式现代化建设的内在要求，也是把新型城镇化和乡村全面振兴有机结合起来的重大举措。文章在分析当前我国城乡发展存在不平衡不协调问题的基础上，提出了要健全推进新型城镇化体制机制、巩固和完善农村基本经营制度、完善强农惠农富农支持制度、深化土地制度改革，加快建立城乡融合发展的体制机制，全面提高城乡规划、建设、治理融合水平，促进城乡要素平等交换、双向流动，不断缩小城乡发展差别，加快形成工农互促、城乡互补、全面融合、共同繁荣的新型工农城乡关系，逐步实现城乡居民基本权益平等化、城乡公共服务均等化、城乡居民收入均衡化、城乡要素配置合理化以及城乡产业发展融合化等目标的政策建议。,"['城乡融合发展', '体制机制', '新型城镇化', '乡村全面振兴', '中国式现代化']",T46,T02,0.0,0.012529062374082,,0.1499128669453861,0.0894933026720146,0.4937819686114902,T46,A41,A42,11.5,0.7179809389638117,关键词:城镇化；摘要:城镇化；标题:城乡融合；关键词:城乡融合；摘要:城乡融合,0.575535470382009,0.4327831043998975,0.98,A41,False,False,False,needs_review,needs_review,high
ZH_0082,人工智能应用促进了长江经济带三大城市群的绿色创新吗？——基于“数字红利”和“数字鸿沟”视角,文章以2011—2021年长江经济带三大城市群面板数据为样本，利用空间杜宾模型实证检验了人工智能应用对绿色创新的空间效应。结果表明：(1)长江经济带三大城市群人工智能应用水平与绿色创新水平均存在显著的空间正相关，同时绿色创新水平的Moran's I值呈现距离衰弱特征。(2)在长江经济带三大城市群范围内人工智能应用能够显著促进本地绿色创新水平产生“数字红利”，但对其邻地绿色创新水平的负向溢出加剧了“数字鸿沟”，并且这种关系会伴随地理区位差异显著变化。此外，进一步分析发现人工智能应用对绿色创新水平的本地效应和溢出效应均存在先促进后抑制的“倒U型”影响关系。(3)空间效应衰减分析发现，人工智能应用对绿色创新水平的负向溢出效应呈地理距离衰减态势，450 km处达到最大溢出衰减边界。数字普惠金融和数字产业集聚在人工智能应用水平与绿色创新水平的“倒U型”影响关系中具有显著的调节作用。聚焦人工智能与绿色创新双重视角，为推动中国实现绿色低碳循环发展提供理论支撑和经验证据。,"['人工智能应用', '绿色创新', '倒U型曲线', '空间溢出效应', '衰减边界', '城市群']",T42,T48,2.0,0.3811134075726676,摘要:面板数据；摘要:空间杜宾模型,0.1972766302974634,0.1508100540904833,0.731111111111111,T42,A39,A26,7.5,-0.0445430284127784,标题:城市群；关键词:城市群；摘要:城市群,0.1243856234956929,-0.3181644886627038,0.8,A26,False,False,False,medium,medium,high
ZH_0083,沿海三大城市群发挥高质量发展动力源作用的创新驱动机制,随着中国经济由高速增长转向高质量发展，创新驱动已经成为推动高质量发展的核心动力。党的二十届三中全会明确提出要“推动京津冀、长三角、粤港澳大湾区等地区更好发挥高质量发展动力源作用”。文章在梳理创新驱动高质量发展以及城市群作为高质量发展动力源的相关理论研究基础上，构建沿海三大城市群发挥高质量发展动力源作用的创新驱动机制模型，论述了沿海三大城市群成为高质量发展动力源的创新发展基础和存在的问题，进而提出创新驱动沿海三大城市群成为高质量发展动力源的相关策略和政策建议，以期为实现以创新为动力、以沿海三大城市群为动力源，推动全国高质量发展提供研究支撑和经验借鉴。,"['沿海三大城市群', '高质量发展', '动力源', '创新驱动']",T46,T22,0.0,0.0027078045195108,,0.0878276275052123,0.0193414608536488,0.4829785849714619,T46,A39,A40,9.5,0.7363384015707676,标题:城市群；关键词:城市群；摘要:城市群；摘要:长三角；摘要:京津冀,0.2353989656243892,0.1167028683626258,0.98,A39,False,False,False,needs_review,needs_review,high
ZH_0087,考虑主轴疲劳载荷的虚拟同步双馈风电场有功功率分布式优化方法,为降低风电场内各台基于虚拟同步发电机控制策略的双馈风电机组在响应电网功率指令值变化时所承受的主轴疲劳载荷，提出一种基于改进惩罚系数的交替方向乘子法的考虑主轴疲劳载荷的有功功率分布式优化方法。在推导可量化表征机组有功功率指令值与其主轴力矩之间关系的离散化模型基础上，以各台机组的主轴力矩波动总和最小作为目标函数，并根据机组运行状态设定目标函数的约束条件。为分担风电场中央控制器的计算压力，基于改进惩罚系数的交替方向乘子法将目标函数拆解为主函数(中央控制器)和多个子函数(本地控制器)的分布式优化结构，各本地控制器通过在线优化各台机组有功功率指令值以实现主轴疲劳载荷的降低。最后，仿真结果验证了所提优化方法的优越性。,"['风电场', '主轴疲劳载荷', '虚拟同步发电机', '改进惩罚系数的交替方向乘子法', '分布式优化方法']",T49,T13,1.0,0.0292764088033254,摘要:控制策略,0.22424921420811,0.2091172057380392,0.5677596052392135,T49,A34,A38,7.5,0.6930034967284054,标题:风电；关键词:风电；摘要:风电,0.0374439801622379,-0.1928321662256756,0.94,A38,False,False,False,needs_review,needs_review,high
ZH_0091,考虑新能源配网三相不平衡治理的电动汽车充电策略,针对大规模电动汽车和新能源并网引发的三相不平衡问题，提出考虑中压配网三相不平衡治理的电动汽车充电策略。首先，分别建立了电动汽车聚合商模型和多相配网模型；其次，提出三相平衡激励机制，鼓励电动汽车自发地帮助改善三相电压不平衡；然后，以最大化电动汽车利益为目标，考虑电动汽车充电约束和配网安全约束，建立电动汽车充电确定性优化模型；并进一步基于鲁棒优化理论研究新能源出力不确定性，建立电动汽车充电鲁棒优化模型；最后，采用改编的IEEE 13节点配网进行仿真验证。结果表明，所提出的充电策略能够有效降低配网三相电压不平衡与电动汽车用户成本，并在新能源出力不确定时保证配网的安全运行。,"['电动汽车', '新能源', '三相不平衡', '有序充电', '不确定性', '鲁棒优化']",T39,T12,4.0,0.5809740534704327,关键词:鲁棒优化；摘要:鲁棒优化,0.3079513967654172,0.2926718105030912,0.8422222222222222,T39,A35,A34,7.5,0.7807644989299779,标题:电动汽车；关键词:电动汽车；摘要:电动汽车,0.5090927780389495,0.4340321352141279,0.98,A35,False,False,False,high,high,high
ZH_0092,适用于含新能源交流电网继电保护整定计算的故障计算方法研究,基于阻抗矩阵的故障计算方法以其计算量小、适用于局部求解等特性，在交流电网继电保护整定计算中得到了广泛应用。新能源的大范围接入改变了整定计算中故障计算的局部性特征，增加了故障计算所需内存、降低了故障计算效率。针对这一问题，该文基于含新能源的故障计算公式，根据新能源对故障节点的影响因素，提出了适用于含新能源交流电网继电保护整定计算的故障计算方法。首先，从网络结构方面，筛选对故障电气量具有强影响的新能源，构建初始计算域；其次，从新能源输出方面对初始计算域进一步增补和修正；最后，经过逐层外扩，形成最终计算域。在保证工程所需计算精度的同时，降低了矩阵元素使用率，减少了故障计算的计算量，提高了计算效率。在IEEE39节点、IEEE118节点系统中验证了该方法的准确度和计算效率。,"['阻抗矩阵', '新能源', '故障计算', '逐层外扩', '计算效率']",T40,T36,0.0,0.0022946847816577,,0.1777423163027888,0.0163906055832698,0.4825241532598235,T40,A37,A34,4.5,0.7316792107052892,标题:继电保护；摘要:继电保护,0.2270287927798729,0.0834229336092088,0.8699999999999999,A37,False,False,False,needs_review,needs_review,high
ZH_0096,计及随机性的多分布式电源接入中压配电网承载能力评估,电力系统的源侧和荷侧均具有随机性，影响配电网接入分布式电源的容量分析。为此，提出了一种考虑源荷随机性的中压配电网多分布式电源承载能力评估方法。首先，将分布式电源和负荷出力分解为可预测变量和随机变量，结合序贯蒙特卡洛模拟法，分别模拟时序周期内源荷随机生产模型。其次，在划分供电分区和简化源荷接入位置基础上，以各供电分区可接入分布式电源容量最大为目标，考虑传输容量、电压偏差、短路电流等约束，对配电网承载能力模型进行随机潮流求解。然后，以指标变化量和限值距离为衡量依据，确定多分布式电源有序接入策略，防止局部运行参数不优而导致配电网对分布式电源承载能力受限。最后，将该模型应用在中部某城市的区域配电网中，验证该方法的可行性和有效性。,"['配电网', '分布式电源', '承载能力', '序贯蒙特卡洛', '电压偏差']",T39,T14,4.0,0.6876665203106653,关键词:蒙特卡洛；摘要:蒙特卡洛,0.0622625779388935,-0.23095342635239,0.7822222222222223,T14,A31,A05,15.0,0.7682414100892022,标题:配电网；关键词:配电网；摘要:配电网；标题:分布式电源；关键词:分布式电源；摘要:分布式电源,0.438881041210827,0.3445815006371585,0.98,A31,False,False,False,high,high,high
ZH_0099,对外开放对粤港澳大湾区旅游业生态效率影响的空间效应,高水平开放是实现高质量发展的内在要求，有助于推动构建“双循环”新发展格局。文章基于“污染光环”假说与相关理论，选取2005—2019年粤港澳大湾区面板数据，运用基准回归模型和空间杜宾模型，实证分析了对外开放对旅游业生态效率的影响及其空间溢出效应。结果表明：(1)研究期间粤港澳大湾区对外开放水平相对稳定，旅游业生态效率显著提高。在空间分布上，对外开放水平呈现出“东南高、西北低”特征，旅游业生态效率表现出“中间低、两侧高”的分布态势。(2)对外开放对粤港澳大湾区旅游业生态效率具有显著的正向影响，对外开放水平提升有助于提升旅游业生态效率。(3)对外开放水平提高对粤港澳大湾区旅游业生态效率存在正向空间溢出效应。,"['对外开放', '旅游业生态效率', '绿色转型', '空间效应', '国际合作', '粤港澳大湾区']",T42,T25,2.0,0.7446062888084869,摘要:面板数据；摘要:空间杜宾模型,0.2531902897634026,0.1757592057749061,0.731111111111111,T42,A45,A16,7.5,0.718602261217968,标题:旅游；关键词:旅游；摘要:旅游,0.0489387223848033,-0.0099838484430859,0.94,A16,False,False,False,medium,medium,high
ZH_0100,省域农村基础设施建设与乡村振兴的耦合协调发展研究,农村基础设施建设是实现乡村振兴的基石和先决条件。文章揭示了农村基础设施和乡村振兴协调发展机制，并借助2013—2022年中国30个省份的面板数据，运用耦合协调度模型、Dagum基尼系数和障碍因子模型等方法，研究了两者协调发展的时空演变特征，厘清了两者协调发展的重要障碍因素。结果表明：(1)农村基础设施建设与乡村振兴协调度随时间演进而逐渐提升，但也存在潜在的下降风险。(2)区域间整体协调度差异有所下降，但区域差异存在地区间交叉重叠现象。(3)各准则层的障碍度差别较大，生活和环境基础设施投入不足是农村基础设施建设的主要短板。(4)环境卫生是农村基础设施建设与乡村振兴协调发展的主要障碍因子，供水问题是障碍度上升最快的因素。现阶段农村基础设施建设与乡村振兴的协调发展虽然取得了一定进展，但挑战依然存在，要因地制宜地提升各地区农村基础设施建设的充分化、协调化发展，促进乡村振兴战略的高质量实施。,"['农村基础设施建设', '乡村振兴', '耦合协调', '时空演变', '障碍因子']",T44,T42,2.0,0.4375540079991314,摘要:耦合协调度；摘要:Dagum基尼,0.6385636398043473,0.5539571999937962,0.731111111111111,T44,A42,A46,15.0,0.4073442263024475,标题:农村；关键词:农村；摘要:农村；标题:乡村振兴；关键词:乡村振兴；摘要:乡村振兴,0.5696290155187781,0.3381730450174821,0.98,A42,False,False,False,medium,medium,high
ZH_0101,长三角地区科技型中小企业发展的时空格局及其影响因素,文章基于长三角地区科技型中小企业的微观数据，运用核密度、平均最近邻指数、局域热点分析等方法揭示了企业数量变化和空间集聚演变特征，并采用ZINB回归模型进一步识别其微观集聚的影响因素。研究发现：(1)2001—2023年长三角地区科技型中小企业经历了由数量增长到结构优化的发展阶段，对应企业城市分布的“中心—外围”结构不断凸显。(2)长三角地区科技型中小企业总体形成“一体三带多核心”的空间集聚格局：以上海大都市圈为高密度集聚区；以沿江、沿海、沿沪杭金为3条高密度发展轴带；以上海、南京、合肥、杭州为主要核心，以苏州、无锡、常州、宁波、温州、蚌埠等为次要核心，其他城市为重要支撑点。(3)制造业高值集聚区由环太湖、环杭州湾区域向北向西扩展，科技服务业由中心城市向周边蔓延，信息类服务业则持续向心集聚。(4)要素环境、支持服务环境、基础设施环境、政务环境、市场环境均是科技型中小企业布局的重要影响因素。前两者作为系统条件，其行业异质性更为明显；后三者作为框架条件普遍影响企业数量规模而不是行业构成。研究结论为科技创业生态系统建设、优化科技企业布局提供参考。,"['科技型中小企业', '制造业', '科技服务业', '信息服务业', '空间集聚', '要素环境', '长三角地区']",T07,T42,0.0,2.4184496411477907e-05,,0.099440220464714,0.0001727464029391,0.4800266029460526,T07,A43,A39,7.5,0.0198633469373011,关键词:制造业；摘要:制造业；标题:企业发展,0.2267453885713428,0.1418810495521511,0.8818496816310313,A43,False,False,False,needs_review,needs_review,high
ZH_0104,基于电气转矩法的VSC-HVDC系统直流电压振荡稳定性评估,文章采用电气转矩法分析了VSC-HVDC系统的直流电压振荡稳定性。首先，基于电压源型换流器的平均值模型，分别研究了基于功率控制的换流器及基于电压控制的换流器的动态响应特征以得到适用于电气转矩法的并网换流器模型。基于提出的评估模型，建立了双端VSC-HVDC系统的Phillips-Heffron模型并推导出系统的阻尼系数和同步系数。经典电气转矩法指出：电力系统稳定性与系统阻尼系数高度相关。因此，基于电气转矩法推导出的稳定条件揭示了系统直流电压振荡失稳机理，量化了直流网络动态及换流器控制动态对直流电压振荡稳定性的影响。当由基于电压控制的换流器及直流网络提供的正阻尼无法抵消由基于功率控制的换流器产生的负阻尼时，系统直流电压振荡稳定性将无法得到保证。此外，合理设置电压控制器的比例增益能够使系统获得足够的稳定裕度。最后，通过仿真验证了电气转矩法在分析VSC-HVDC系统直流电压振荡稳定性问题时的可行性及所得稳定条件的正确性。,"['直流电压振荡稳定性', '电气转矩法', '阻尼系数', 'Philips-Heffron模型', '稳定裕度']",T49,T40,0.0,0.0123691210780759,,0.2031550767416139,0.0883508648433997,0.4936060331858835,T49,A32,A31,5.5,0.7512045007326489,标题:HVDC；摘要:HVDC；摘要:换流器,0.3209403296974429,0.2228892909474917,0.9255555555555556,A32,False,False,False,needs_review,needs_review,high
ZH_0105,基于卡尔曼滤波和模型预测控制的混合储能平抑风电功率波动策略,"针对混合储能平抑风电功率波动时储能系统成本过高的问题，提出一种基于卡尔曼滤波和模型预测控制的风电波动平抑控制策略。该方法基于风储联合发电系统，在满足风电平抑需求的基础上，通过预设截止频率以储能容量变化最小与功率波动最低为多目标，利用遗传算法求解卡尔曼滤波自适应参数获得最优储能目标功率。为提高混合储能系统协调运行能力，考虑调节储能荷电状态(state of charge,SOC)通过模型预测控制实现计及电池运行寿命与超级电容SOC变化的动态功率分配。最后，结合实际风电功率数据进行仿真验证。结果表明，所提策略能够有效改善电池SOC、降低超级电容容量，符合储能平抑风电功率需求，能充分考虑两种储能设备的特性差异，提高功率分配的合理性，改善储能系统经济性。","['遗传算法', '卡尔曼滤波', '模型预测控制', '混合储能', '荷电状态', '风电波动平抑']",T49,T26,1.0,-0.677336003928642,摘要:控制策略,0.0695705387270834,-0.3809714566331566,0.4755555555555555,T26,A35,A34,8.5,0.101917656452267,标题:储能；关键词:储能；摘要:储能；摘要:SOC,0.1593220540430462,0.1229412435666135,0.9121094220974938,A14,False,False,False,needs_review,needs_review,high
ZH_0108,面向极端事件的配电网差异化韧性供电服务及其定价方法,"近年来，由极端事件导致的大停电事故给用户的生产生活带来巨大挑战。为解决不同用户对配电网灾后应急供电需求的差异性问题，提出一种面向极端事件的配电网差异化韧性供电服务及其定价方法。首先，基于电网-交通网融合系统提出考虑移动储能(mobile energy storage system,MESS)规划与调度的配电网韧性提升方法。然后，基于用户差异化的灾后供电需求设计多种韧性供电等级下的服务定价菜单。最后，为将韧性供电服务的提供与用户需求相匹配，构建韧性供电服务提供与定价双层模型，上层配电网运营商(distribution system operator,DSO)提供差异化的韧性供电服务并设计定价菜单，下层用户结合服务成本与效益订购最佳的韧性供电服务等级。改进混沌模拟退火粒子群算法(chaoticsimulated annealing particle swarm optimization,CSAPSO)，结合gurobi求解器迭代寻找模型的均衡解。算例分析表明，所提方法可有效权衡DSO与用户的效益，满足了用户差异化的灾后供电需求，实现双赢。","['极端事件', '配电网', '韧性', '供电服务', '双层优化模型']",T13,T12,1.0,0.0363317311223027,摘要:TEM,0.3473401761738192,0.2595123651593046,0.5755204597900885,T13,A31,A35,7.5,0.6401349322450556,标题:配电网；关键词:配电网；摘要:配电网,0.1478089511281111,0.1152495160361113,0.98,A31,False,False,False,needs_review,needs_review,high
ZH_0109,电-碳-绿证交易耦合下新能源发电商参与投标竞争的多市场博弈分析,引入碳市场和绿证市场有助于通过市场机制提高新能源的市场竞争力，进而促进新能源发展和实现电力行业低碳运行。在电力、碳和绿证交易耦合的多市场环境下，如何研究新能源发电商的策略性竞争行为及其影响是一个重要的理论课题。为此，该文建立了一个计入新能源出力不确定性且考虑电-碳-绿证交易耦合的多市场博弈均衡模型，其中考虑了新能源发电商和传统发电商在电-碳-绿证3个市场中的博弈行为，并引入偏差惩罚机制对新能源发电商的投标偏差进行处理，采用非线性互补方法求得该均衡模型的解。最后，通过算例仿真验证了所提理论模型的合理性和有效性，结果表明：与单独引入碳市场或绿证市场相比，同时引入碳市场和绿证市场更能增强新能源的市场竞争力，降低碳排放量。,"['碳市场', '绿证市场', '新能源不确定性', '多市场耦合', '博弈分析']",T16,T38,1.0,0.7226047142754808,摘要:理论模型,0.1381767666424362,0.0186051019677198,0.6755555555555555,T16,A36,A34,11.5,0.4282692647836909,关键词:碳市场；摘要:碳市场；标题:绿证；关键词:绿证；摘要:绿证,0.2670102660529643,-0.0713686055823318,0.94,A34,False,False,False,medium,medium,high
ZH_0111,基于改进MMD-GAN的可再生能源随机场景生成,"针对可再生能源出力不确定性的准确表征问题，提出了一种基于改进的最大均值差异生成对抗网络(maximum mean discrepancy generative adversarial networks, MMD-GAN)的可再生能源随机场景生成方法。首先，阐述了GAN及MMD-GAN的基本原理，提出了MMD-GAN的改进方案，即在MMD-GAN的基础上改进鉴别器损失函数，并采用谱归一化和有界高斯核提升生成器和鉴别器的训练稳定性。然后，设计了基于改进MMD-GAN的可再生能源随机场景生成流程。最后，分析了所提方法在可再生能源随机场景生成中的效果，比较了改进MMD-GAN方法与MMD-GAN方法及典型GAN方法的性能差异。结果表明，改进MMD-GAN方法在生成分布和真实分布的Wasserstein距离上较对比方法降低超过50%，生成的场景精度得到有效提升。","['场景生成', '最大均值差异', '生成对抗网络', '可再生能源', '数据驱动']",T01,T13,8.5,0.6808345252418598,关键词:生成对抗网络；摘要:生成对抗网络；标题:GAN；摘要:GAN,0.3063075532434891,0.32528862567715,0.98,T01,A34,A30,7.5,0.7548957550107145,标题:可再生能源；关键词:可再生能源；摘要:可再生能源,0.3380256870476075,0.2492553929336756,0.98,A34,False,False,False,high,high,high
ZH_0112,基于投入并联小电阻的含多分支配电网单相接地故障行波测距方法,含多分支配电网拓扑结构复杂，传统算法常忽略分支，测距精度受到影响。为此，提出基于投入并联小电阻的含多分支配电网单相接地故障行波测距方法。首先，检测故障零模、线模波到达首端的时间差，投入消弧线圈处并联小电阻，利用并联小电阻产生的零模波到达首端的时刻，以及零模波到达故障点后折、反射产生的线模波到达首、末端的时刻，消除零模波波速影响。其次，定义故障判别系数，判断故障发生在主干线路或分支上，根据故障所在区段精确计算故障距离，并根据混合线路的特点对故障判别系数进行修正以适应混合线路。最后，在PSCAD仿真平台上对所述方法进行验证，结果表明所提方法可判断故障区段，精确定位故障点且耐受过渡电阻能力和抗同步误差能力强。,"['配电网', '分支', '单相接地故障', '线模波', '故障判别系数', '混合线路']",T14,T47,1.0,-0.0098685324629639,摘要:PSCAD,-0.0073731086869511,-0.0704895175925997,0.4755555555555555,T36,A31,A14,7.5,0.726468607212869,标题:配电网；关键词:配电网；摘要:配电网,0.1266360707118552,0.0462043372347787,0.98,A31,False,False,False,needs_review,needs_review,high
ZH_0117,基于级联式模糊控制的电氢耦合直流微网能量管理策略研究,"针对电氢混合储能系统在平抑直流微网中功率波动时面临的功率分配问题，提出了一种基于级联式模糊控制的电氢耦合直流微网能量管理策略。该策略中一次模糊控制器依据储氢罐储氢状态(stateofhydrogenstorage,SOH)与锂电池荷电状态(state of charge, SOC)求解出一次功率分配因子，对直流微网净功率进行一次分配；二次模糊控制器结合一次功率分配参考值与SOH对一次功率分配因子作出校正。此外，为使氢储能系统中具有非线性工作特性的电流控制型装置(电解槽、燃料电池)能够对能量管理系统作出高效响应，采用插值法将功率分配参考值转换为电流参考值。通过Matlab/Simulink仿真结果证明，所提能量管理策略有效缩小了氢储能系统在非合理区间的功率波动范围并提高了氢储能系统中装置的响应精度与速度。","['直流微网', '电氢耦合', '混合储能系统', '能量管理', '级联式模糊控制', '插值法']",T26,T07,0.0,0.0034423517441208,,0.0938287408472387,0.0245882267437203,0.4837865869185329,T26,A35,A14,5.0,0.5634578019332255,关键词:储能；摘要:储能；摘要:SOC,0.1651495788982565,-0.0895871290483889,0.8377777777777778,A14,False,False,False,needs_review,needs_review,high
ZH_0119,基于自适应高斯混合模型的含高渗透率分布式光伏电力系统风险评估,"高渗透率分布式光伏(distributedphotovoltaic, DPV)的接入增加了电力系统的运行风险。针对出力分布呈现形态复杂的特征，首先，提出一种基于改进近邻传播聚类的自适应高斯混合模型，优化了分布式光伏联合出力概率拟合迭代过程。然后，提出基于改进三阶多项式正态估计过程的Nataf变换方法，结合半不变量和Cornish-Fisher级数展开，实现分布式光伏出力相关性条件下的概率潮流计算。最后，采用电压越限和线路重过载指标计算电力系统运行风险。基于修改的IEEE 14节点电力系统，对不同分布式光伏渗透率的接入场景进行仿真。以蒙特卡洛模拟作为对比，结果表明所提方法在电网状态变量的概率分布计算上具有更高的精度，并验证了评估结果能够有效反映不同分布式光伏渗透率对电力系统风险水平的影响。","['分布式光伏', '高斯混合模型', '近邻传播聚类', 'Nataf变换', '概率潮流', '风险评估']",T39,T30,5.0,-0.1810555002785565,关键词:概率潮流；摘要:概率潮流；摘要:蒙特卡洛,0.1552948390702567,-0.1064403866050739,0.6977777777777778,T30,A34,A31,7.5,0.7156107056884787,标题:光伏；关键词:光伏；摘要:光伏,0.0450094517533252,-0.0313521022251514,0.94,A31,False,False,False,medium,medium,high
ZH_0120,综合提升新能源高占比受端电网小干扰和暂态电压稳定性的SVG优化配置方法,"由于新能源发电设备的弱支撑性，新能源高占比的受端电网的电压支撑强度难以满足系统安全稳定运行的要求。为了解决现有静止无功发生器(static var generator, SVG)配置方法未能充分提升系统小干扰电压稳定性和暂态电压稳定性的问题，提出了一种综合考虑系统小干扰电压稳定和暂态电压稳定的SVG优化配置方法。首先，在第一阶段考虑SVG投资运行总成本和系统小干扰电压稳定裕度，在第二阶段引入SVG接入对系统故障后暂态电压稳定裕度的影响。然后，利用基于组合赋权法和相对熵距离的改进理想解法得到最优配置方案。最后，应用PSD-BPA对新能源高占比受端电网算例进行分析，验证了所提配置方法能充分发挥SVG对系统电压稳定的提升作用。","['受端电网', '小干扰电压稳定性', '暂态电压稳定性', '静止无功发生器']",T37,T32,4.5,0.5613895109722784,标题:优化配置；摘要:优化配置,0.0920038811247708,0.0099250783734168,0.8099999999999999,T20,A38,A34,4.5,0.544749841051699,标题:SVG；摘要:SVG,0.1082909298789477,-0.1089297067735779,0.8099999999999999,A34,False,False,False,high,high,high
ZH_0122,基于多阶反馈重构的微电网端口变换器自抗扰策略,直流微电网低压负载侧电能稳定供应是新型电力系统中新能源有效消纳的重要保障。针对微电网供能枢纽变换器受扰情况下输出不稳定的问题，提出了一种观测器状态变量重构补偿的改进型自抗扰策略。首先，通过剖析自抗扰框架下无法避免的结构问题，推导出观测误差精准范式，并对扰动观测变量进行重构补偿，实现对总扰动的快速跟踪和消除。然后，进一步对改进策略在稳定性能、跟踪性能、抗扰性能、鲁棒性能4个维度进行理论分析，验证了该策略的正确性与有效性。最后，利用数字仿真和物理实验模拟实际工况进行对比分析，验证了该策略在微电网系统多种内外不确定扰动下均具有较好的动态性能。,"['直流微电网', '端口变换器', '自抗扰控制', '扩张状态观测器', '观测量补偿']",T13,T49,0.0,0.0038716058587174,,0.1545709164112391,0.0276543275622674,0.4842587664445892,T13,A33,A27,7.5,0.6432056074757749,标题:微电网；关键词:微电网；摘要:微电网,0.1803322452135442,0.1371829105412495,0.98,A33,False,False,False,needs_review,needs_review,high
ZH_0123,考虑源荷相关性及条件风险价值的综合能源系统参与电能量-备用市场优化,"为充分挖掘多种备用资源的调节潜力，针对综合能源系统同时参与电能量与备用市场时的优化调度问题进行了研究。考虑同一区域内能源和负荷的相关特性以及系统的运行风险，建立综合能源系统的日前调度随机优化模型。首先，采用基于Cholesky分解的拉丁超立方采样技术生成符合综合能源系统中源荷相关性的风-光-荷样本矩阵。其次，采用近邻传播(affinity propagation, AP)聚类算法生成典型场景。然后，以日前调度成本、备用资源调整期望成本及条件风险价值构成的调度总成本最低为目标，构建综合能源系统随机优化调度模型。最后，建立综合能源系统仿真模型，验证所提方法能够刻画综合系统内部的源荷相关性，并实现系统运行经济性和安全性的平衡。","['综合能源系统', '电能量市场', '旋转备用市场', '源荷相关性', '条件风险价值']",T34,T39,1.0,-0.6672919930600252,摘要:聚类算法,0.199240466168608,-0.2285562529497594,0.4755555555555555,T39,A33,A30,7.5,0.7720931636956355,标题:综合能源系统；关键词:综合能源系统；摘要:综合能源系统,0.5614475216433088,0.3720940263973959,0.98,A33,False,False,False,needs_review,needs_review,high
ZH_0124,聚智引才咨政创新 打造大湾区思想新高地——大湾区科学论坛回顾与展望,高质量发展是全面建设社会主义现代化国家的首要任务，加快构建新发展格局是推动高质量发展的战略基点。当前，粤港澳大湾区正在积极构建具有国际竞争力的现代化产业体系，向着国际一流湾区和世界级城市群的目标不断前行。文章深入探讨了粤港澳大湾区在科技创新发展方面的进展与成就，并分析其面临的问题与挑战。在此基础上，阐述了高水平论坛在促进粤港澳大湾区科技创新发展中的重要作用；并以大湾区科学论坛为实践案例，提出以高水平论坛为平台，为粤港澳大湾区科技创新的蓬勃发展提供参考。,"['粤港澳大湾区', '大湾区科学论坛', '科技创新', '创新驱动发展']",T06,T48,3.5,0.7110134395961747,标题:回顾与展望,-0.0073818519807523,-0.0641897171701808,0.7544444444444445,T48,A40,A39,4.0,0.562254699203363,关键词:科技创新；摘要:科技创新,0.1865732767753737,0.1589621371668787,0.8422222222222222,A40,False,False,False,high,high,high
ZH_0126,数字经济的基石：芯片技术的“危”与“机”,作为信息时代数字经济的基石，芯片的本质是利用物理现象来代表并处理信息。中国不仅在芯片制造领域面临“卡脖子”的挑战，在集成电路设计自动化（EDA）工具和相关人才培养领域也面临非常严峻的形势。文章在回顾芯片技术的背景和现状的基础上，分析了粤港澳大湾区的优势、需要关注的问题和潜在的技术突破领域。,"['芯片', '集成电路', '电子设计自动化', '数字经济', '人才培养']",T10,T26,0.0,0.0051941411138483,,0.1826830878907807,0.0371010079560593,0.4857135552252331,T10,A40,A25,7.5,0.3775113510230506,标题:数字经济；关键词:数字经济；摘要:数字经济,0.3626827712002113,0.296509650164648,0.98,A40,False,False,False,needs_review,needs_review,high
ZH_0129,考虑多馈入系统无功电压特性的同时换相失败评估方法,"针对目前基于多馈入相互作用因子(multi-infeedinteractionfactor, MIIF)同时换相失败评估准确度不足的问题，首先阐明了多馈入高压直流系统中交流系统故障后暂态无功功率的作用机理，揭示了无功功率和电压之间复杂的相互作用对MIIF的显著影响。其次，提出了一种考虑到无功功率和电压相互作用的改进MIIF因子，用于衡量多馈入直流系统之间的相互作用，分别计算了交直流系统间无功功率不平衡引起的电压降和直流换流站间无功功率传输引起的电压变化。然后，基于最小关断角定理，综合考虑了暂态无功功率和电压特性的影响，提出了临界同时换相失败因子(critical simultaneous commutation failure factor, CSCFF)及其计算表达式。通过比较MIIF和CSCFF，提出了一种同时换相失败评估方法，在评估同时换相失败时具有更高的准确性。最后，利用PSCAD/EMTDC平台构建了双馈入和三馈入高压直流仿真模型，验证了所提方法在不同故障类型、耦合阻抗和故障严重程度下的有效性和适用性。","['多馈入直流系统', '无功功率', '多馈入交互作用因子', '换相失败评估方法']",T14,T11,2.0,0.3414934268431622,摘要:PSCAD；摘要:仿真模型,-0.0494734247213842,-0.1321898082631276,0.6711111111111111,T13,A32,A09,9.5,0.6971977882162733,摘要:高压直流；标题:换相失败；关键词:换相失败；摘要:换相失败；摘要:换流站,0.4524465562127623,0.3784804421463133,0.98,A32,False,False,False,medium,medium,high
ZH_0132,区域旅游开发强度与生态系统功能的耦合协调及驱动机制,厘清旅游开发强度与生态系统功能的动态交互关系及驱动机制，对于推动生态脆弱型旅游地人与自然和谐共生具有重要意义。文章以贵州省为研究对象，基于人地关系耦合理论建构旅游开发强度与生态系统功能耦合框架，采用集对分析法测度旅游开发强度与生态系统功能得分，运用面板向量自回归模型和耦合协调模型分别揭示旅游开发与生态系统功能长期存在的动态交互关系、耦合协调类型，并采用地理探测器模型揭示了二者耦合协调度时空分异的驱动机制。研究发现：(1)旅游开发强度与生态系统功能之间存在长期稳定的互动响应关系，旅游开发对生态系统功能的冲击作用程度要大于生态系统对旅游发展的馈赠效应。(2)研究期间，旅游开发与生态系统功能耦合协调是长期的，结构上具有相对稳定性；研究区耦合协调等级呈现持续提升态势，内部差异先收敛后扩散；耦合协调等级的热点集中在“贵阳—遵义—黔南”一带；邻域间耦合协调度存在“近朱者赤”的空间溢出效应，且不同耦合协调等级之间存在向上跳跃式转移现象。(3)研究区旅游开发与生态系统功能耦合协调类型整体趋势向好，耦合亚类总体由失调衰退类转向勉强协调类和协调发展类。(4)自然静态因子对耦合协调度解释力相对较小，社会、经济和政府动态因子对耦合协调度解释力较大。,"['旅游开发强度', '生态系统功能', '交互响应', '耦合协调', '喀斯特生态旅游地', '贵州']",T44,T48,2.0,0.4082584045113988,摘要:耦合协调度；摘要:耦合协调模型,0.4649047878179057,0.3447028893671339,0.731111111111111,T44,A45,A12,7.5,0.7184372927901685,标题:旅游；关键词:旅游；摘要:旅游,0.0989259560152911,-0.0111621943559388,0.94,A12,False,False,False,medium,medium,high
ZH_0138,城市居住区绿色空间可达性的社会与制度影响机制——以宁波为例,绿色空间可达性是推进社区生活圈建设和公共服务均等化的关键环节。文章借鉴欧美政治哲学解释绿色资源分配的社会与制度双重维度，构建了中国城市居住区绿色空间可达性的理论分析框架，采用基于高德地图API的可达性模型和随机森林模型，测度了宁波居住区的绿色空间可达性，并揭示其影响机制。结果表明：(1)宁波居住区与绿色空间具有较好的空间匹配度，拥有高可达性的居住区规模较大，但居住区可达性由市中心向绕城高速外递减，表现出明显的城郊二元差异现象。(2)影响居住区绿色空间可达性的关键因素依次为居民需求、财政基础、规划调控，且存在非线性影响作用。(3)宁波居住区绿色空间可达性的“城—郊”差异是多重社会与制度因素共同作用的结果。其中，人口集聚刺激绿色空间配套的需求，财政基础影响绿色资源的持续供应，规划调控引发绿色空间配套的城郊二元差异。,"['居住区', '绿色空间', '可达性', '影响机制', '人口集聚', '规划调控', '城郊差异']",T02,T46,1.0,0.7246699644661003,摘要:随机森林,0.1543192023090475,0.0333568890435739,0.6755555555555555,T02,A46,A41,7.5,0.3417105006971067,标题:可达性；关键词:可达性；摘要:可达性,0.1548197467068988,0.0407892906936205,0.94,A47,False,False,False,medium,medium,high
ZH_0140,碳中和目标下的长江中游城市群产业生态可持续性演化特征与影响机制,产业生态可持续性是反映产业与生态协同发展的重要指标，市域碳平衡能力是衡量其能否实现碳中和的关键。文章以碳中和为目标，构建产业生态可持续性指数定量测度2005—2020年长江中游城市群产业生态可持续性，并揭示其碳中和目标下的空间匹配分区与影响机制。结果表明：(1)2005—2020年长江中游城市群产业生态可持续性指数呈波动上升趋势，空间分布逐渐演变成以武汉为中心的“高—低—高—低”的圈层空间格局。碳平衡呈三阶段下降趋势，市域碳平衡呈现“集中分布”和“点—线分布”2种空间分布模式。(2)2005—2020年长江中游城市群的市域碳平衡与产业生态可持续性分区匹配呈现6种类型，其空间匹配分区在碳平衡方向上呈收敛趋势，在产业生态可持续性方向上呈发散趋势。(3)产业结构升级、能源效率、政府治理和技术创新对本地区产业生态可持续性具有显著的促进作用，但在碳赤字和碳盈余的分区下具有异质性表现。以碳平衡为门槛变量时，跨越门槛后的能源效率、政府治理和技术创新对其促进作用更加强烈和显著。,"['产业生态可持续性', '碳平衡', '长江中游城市群', '匹配分区', '门槛效应', '能源效率', '技术创新']",T48,T15,1.0,0.7103616205392804,摘要:空间格局,0.0473232274281782,-0.068845567576568,0.6155555555555555,T15,A39,A44,7.5,0.2826900438170721,标题:城市群；关键词:城市群；摘要:城市群,0.0447645850916689,-0.0379282584494852,0.94,A43,False,False,False,medium,medium,high
ZH_0142,中国陆地边境县域旅游资源活力空间错位及其影响因素,随着国家持续推进扩大高水平对外开放，边境地区作为“对外开放前沿”，激发边境旅游资源活力是重振边境经济的必要举措。文章以中国陆地边境县域为研究区，在界定边境旅游资源活力内涵的基础上，借助多源数据，利用标准差椭圆、空间错位指数及多尺度地理加权回归模型，探讨了2023年中国陆地边境县域旅游资源活力与旅游资源的空间特征、空间错位格局及其影响因素。结果表明：(1)西部边境片区县域旅游资源活力较强，东北边境片区县域旅游资源水平较高；旅游资源活力与旅游资源正向错位的边境县域多分布于内蒙古、新疆、云南、广西等4个省区。(2)地缘环境、区域政策、经济水平、交通基建及网络关注对于边境县域旅游资源活力与旅游资源错位的影响效应空间分异明显。(3)区域政策、经济水平及交通基建对边境旅游资源活力与旅游资源空间错位的作用尺度较大。,"['旅游资源活力', '空间错位', '边境旅游', '多源数据', '陆地边境县域']",T48,T19,1.0,0.7154609028559715,摘要:空间分异,0.0992794683721973,-0.0324221224573453,0.6155555555555555,T19,A45,A46,7.5,0.637227571296854,标题:旅游；关键词:旅游；摘要:旅游,0.1175630970032785,0.0944826521203865,0.94,A51,False,False,False,medium,medium,high
ZH_0143,国土空间生态韧性研究进展与前沿分析,构建韧性国土空间是提高区域生态风险治理的新思路，如何从吸收、恢复或转换能力等方面提升国土空间生态韧性，是国土空间生态风险治理亟需解决的关键问题。文章在梳理国土空间生态韧性的概念内涵和评价方法的基础上，对国土空间生态韧性的理论框架、测度模型以及研究需求等方面进行了总结。研究发现不同学科对国土空间生态韧性研究上各有侧重，其中地理科学侧重于区域尺度的生态韧性研究，强调与社会—自然耦合，而生态学则更注重生态系统本身稳态变化的评估。国内研究侧重于抵抗力、恢复力和适应性3个维度衡量生态韧性，而国外研究则更加注重从韧性角度来研究城市建设和防灾减灾问题。基于此提出了3个国土空间生态韧性的重点研究方向：以机理解析为支撑，实现生态韧性的动态测度的新突破；以社会—自然过程耦合为引领，推动多要素、多层次、多目标的机制研究；以生态修复为导向，加强多学科融合和探索国土空间生态韧性应用模式，以期为实现人与自然和谐共生的现代化提供新的途径。,"['国土空间演化', '生态韧性', '生态修复', '社会—自然过程耦合', '机理解析', '人与自然和谐共生', '研究进展']",T06,T45,6.5,0.3315189023208239,标题:研究进展；关键词:研究进展,-0.0276724674755352,-0.0056342141919167,0.9211111111111112,T46,A51,A28,7.5,0.7449745123231849,标题:国土空间；关键词:国土空间；摘要:国土空间,0.4484487205994449,0.1783893737370349,0.98,A51,False,False,False,high,high,high
ZH_0146,数字经济驱动城市产业结构升级的时空演变,数字经济是中国经济高质量发展的新动能，将为城市产业结构升级带来机遇。文章基于2004—2021年中国304个地级及以上城市样本数据，采用标准差椭圆模型、重心迁移模型等刻画了数字经济发展与城市产业结构升级的时空演变特征，并使用固定效应和空间计量模型对数字经济驱动城市产业结构升级的影响效应进行了实证研究。结果表明：(1)中国数字经济发展和城市产业结构升级成果显著，二者空间依赖与集聚特征鲜明，在环渤海、长三角、珠三角、成渝城市群等地区形成了高值空间集聚区。(2)数字经济驱动城市产业结构升级存在明显的区域异质性，对位于东部或长江经济带地区、经济发展水平更高、产业结构基础更优的城市而言，数字经济促进其产业结构升级的积极效应更显著。(3)数字经济不仅能促进本城市产业结构升级，还对周边城市产业结构升级产生较强的空间溢出效应。,"['数字经济', '产业结构升级', '产业结构合理化', '产业结构高度化', '空间集聚', '空间计量模型']",T42,T44,5.0,0.5812286170692791,摘要:固定效应；关键词:计量模型；摘要:计量模型,0.1631895342586339,0.0373472647805648,0.8977777777777778,T42,A40,A43,7.5,0.0101042730543416,标题:数字经济；关键词:数字经济；摘要:数字经济,0.3155943936670727,0.0721733789595838,0.8711147003597759,A40,False,False,False,high,high,high
ZH_0148,多维邻近下中国绿色创新网络空间结构特征及机制识别,文章基于2006—2021年中国城市的绿色发明专利合作申请数据构建绿色创新网络，剖析绿色创新网络结构特征，通过地理探测器揭示绿色创新合作的城市驱动因素，并利用断点回归评估区域协同战略的绿色创新合作促进效应。结果表明：(1)中国合作申请的绿色发明专利和参与合作的城市数逐年上升，呈现典型的集聚特征与社区分布趋势。城市角色和联系路线具有明显的等级性和地理区位性，北京、南京、上海等省会城市和中心城市具有较强的影响力，这些城市间的关联搭建了绿色创新网络骨架，并主导形成了六大绿色创新社区；(2)中国城市绿色创新网络的形成是双边城市属性、多维邻近性和网络效应等因子协同交互后增强的产物，网络效应的影响最强，城市间环境、技术邻近性也起着重要作用；(3)区域重大协同战略是形成现有城市绿色创新网络的重要外部力量，粤港澳大湾区建设、长三角一体化和京津冀协同发展等战略显著促进了区域内城市间的绿色创新合作。此外，文章还为进一步优化和完善城市绿色创新网络、促进高质量发展和中国式现代化建设提供了经验证据和政策启示。,"['绿色创新网络', '多维邻近', '社会网络分析', '创新社区', '城市角色', '区域协同战略']",T43,T48,18.0,0.750406645610824,关键词:社会网络分析；标题:创新网络；关键词:创新网络；摘要:创新网络；标题:多维邻近；关键词:多维邻近；摘要:多维邻近,0.5666258942302015,0.5029046115058864,0.98,T43,A40,A39,7.5,0.5369014354324466,标题:创新网络；关键词:创新网络；摘要:创新网络,0.3057422652491312,0.0635816816603324,0.98,A40,False,False,False,high,high,high
ZH_0152,传统村落农户活性分异及其影响因素——以浙江省长濂村为例,随着乡村振兴战略的深入实施，乡村内生活力的提升及传统建筑活化利用逐渐成为乡村振兴的着力点和学界关注的重点。文章基于村落有机体理论与熵增定律，将村落中农户（细胞）作为研究对象，以“用电量”这一指标来表征农户活性，系统分析了传统村落农户活性的空间分异特征，并利用地理探测器揭示了影响农户活性的主要因素。结果表明：(1)村落空间发展方向受到交通要道的牵引，高活性的农户大多分布在村落外围。(2)活性分区特征明显，区与区之间存在农户活性的“塌陷区”；活性塌陷区与传统建筑高度耦合，说明传统建筑的活化利用率仍不高；村落存在“活性孤峰”景观，说明村落社会阶层分化明显；宗祠活性的缺失，标志着血缘村落结构正在瓦解，宗祠“睦族”功能降低，纽带功能衰退。(3)多代同居模式已经丧失，取而代之的是核心小家庭的居住模式；活性两级（高活性、低活性）农户呈集聚分布，中间活性农户呈分散分布。(4)经济因素是农户活性的主导因素，其他要素则间接影响农户活性。同时，从村落熵减视角出发，提出保障能量供给、提升开放度、加强数字乡村建设等是促进乡村发展的有效途径。,"['乡村振兴', '村落有机体', '细胞活性', '农户', '空间分异', '数字乡村']",T48,T13,5.0,0.6003245000000514,关键词:空间分异；摘要:空间分异；摘要:地理探测器,0.2221671413914676,0.173746428571796,0.8977777777777778,T48,A42,A39,11.5,0.7174777140507158,关键词:乡村振兴；摘要:乡村振兴；标题:农户；关键词:农户；摘要:农户,0.5365801276668868,0.4291886407349271,0.98,A42,False,False,False,high,high,high
ZH_0153,旅游业高质量发展的多尺度空间解构与模拟评估,文章参照新发展理念构建中国旅游业高质量发展指标体系，基于2011—2022年30个省份的面板数据，使用系统动力学模型分析了中国旅游业高质量发展的时空演化特征，并设置“生态建设优先型、产业协调配置型、质量规模驱动型和成效共享导向型”4种模拟情境，从国家级—区域级—省级尺度开展模拟评估研究。研究发现：(1)中国旅游业高质量发展水平整体稳中有进，各省份相对发展状况呈现出产业重心梯度转移、比较优势随时间轮替的特征。(2)中国旅游业发展具有较强的政策导向性，政策红利的落地有助于解决区域间发展不平衡的问题。(3)对比4种模拟情境，发现其均能在部分省份展现出比较优势。其中成效共享导向型情境更适用于发展水平较高的东部省份和西部大部分省份；产业协调配置型情境适用范围最广，但边际优势逐渐减弱；生态建设优先型情境在模拟仿真初期适用性较差，但相对优势持续增强，在模拟仿真末期产生了较好成效。,"['旅游业高质量发展', '评估体系', '政策导向', '系统动力学模型', '多尺度']",T42,T44,1.0,0.0013376857264165,摘要:面板数据,0.1757278769571214,0.0095548980458327,0.4770270098546137,T16,A45,A16,7.5,0.7212386297357614,标题:旅游；关键词:旅游；摘要:旅游,0.0935084640966847,0.0088473552554385,0.98,A45,False,False,False,needs_review,needs_review,high
ZH_0156,长三角城市群高铁与民航服务网络空间特征及其影响因素,文章从联系广度、联系强度、服务能力等方面分析了长三角城市群各城市在全国高铁与民航服务网络中的空间组织特征，并采用地理探测器探讨了其影响因素。研究发现：(1)高铁联系广度与联系强度及其均衡性均明显高于民航，高铁联系广度及联系强度大的城市在空间上呈以沪宁、沪杭为轴线的集中分布特征，民航网络中高值城市则呈岛状分布，上海的航空枢纽地位较之高铁枢纽更为突出。(2)高铁网络中，联系强度呈现一定的距离衰减规律，强度高的城市对主要集中于城市群内部，其中沪宁沿线最为集中；民航网络中，强度高的联系则主要发生在远距离城市群之间，且集中于远距离城市群中心城市之间。(3)综合考虑联系广度和联系强度的服务能力，无论是在高铁网络还是在民航网络中，上海、南京和杭州优势均突出，空间分布与联系广度、联系强度特征基本一致。(4)经济、社会和城市性质三方面因素对民航运输的影响均明显大于对高铁的影响，其中产业结构在高铁和民航服务网络格局形成中发挥着关键作用，多因素交互作用对两者空间组织的影响作用更大。,"['高铁网络', '民航网络', '空间组织', '城市联系', '轴线', '产业结构', '城市群']",T48,T17,1.0,0.7247107936943294,摘要:地理探测器,0.1161090615509338,0.0336485263880676,0.6755555555555555,T48,A39,A46,12.0,0.3089422061043861,标题:城市群；关键词:城市群；摘要:城市群；标题:长三角；摘要:长三角,0.3180473754789337,0.2781586150313295,0.98,A39,False,False,False,medium,medium,high
ZH_0158,海运服务贸易网络结构演变与各国角色识别,海运服务是实现贸易流通和经济全球化的纽带，准确辨析世界各国在海运服务贸易中的实际地位，对促进贸易良性循环和海运业稳定发展，量化识别海运服务贸易的格局及特征具有现实意义。文章利用社会网络方法，探究了全球海运服务贸易网络的拓扑特征和演化规律。研究发现：(1)从网络结构特征演变看，样本期内网络密度由0.143增长到0.241，海运服务贸易网络趋于复杂化稠密化，具有核心边缘层级结构、小世界性和极化特征，而无标度性不明显；度和强度的Pearson相关系数分别在-0.4780～-0.3930及-0.0206～-0.0155之间，海运服务贸易网络是典型异配网络；GCX、F8X、FKX 3种模体在各年出现频次均较高，出口结构和互惠结构是海运服务贸易的重要模式，高度集中化贸易模式则并不突出。(2)从各国网络地位和承担角色看，美国、德国、日本等核心国家在网络中具有绝对引领作用，南亚为贸易低值集聚区，空间上呈现以欧洲、亚洲、北美为主导的格局；中国、印度的节点度中心性逐渐提高，新兴经济体网络地位明显增强；新加坡是海运服务贸易枢纽中心，德国和美国是海运服务贸易的重要输出国，日本、英国和泰国倾向于承担进口发起国角色，中国作为核心国和中间节点起着重要的传输作用。,"['海运服务贸易', '社会网络分析', '出口结构', '网络模体', '层级结构', '贸易匹配']",T43,T01,4.0,0.8117817855045065,关键词:社会网络分析；摘要:中心性,0.7489699671413134,0.655584182175047,0.8422222222222222,T43,A50,A09,11.5,0.7300591272815996,标题:贸易；关键词:贸易；摘要:贸易；关键词:出口；摘要:出口,0.1569881893110383,0.0718509091542831,0.98,A50,False,False,False,high,high,high
ZH_0160,基于土地利用的数字经济赋能中国城市高质量发展的机制与效应,文章以中国30个省份2011—2022年数据为样本，首先基于“创新、协调、绿色、开放、共享”的新发展理念阐释城市高质量发展的理论内涵，测算城市高质量发展综合水平，并从互联网、信息化、数字化产业3个发展维度衡量了数字经济水平；在此基础上探讨数字经济赋能中国城市高质量发展的作用机制与效应且进行实证检验。结果表明：(1)数字经济和城市高质量发展水平发展态势总体向好，数字经济发展水平表现为东部地区>西部地区>东北地区>中部地区，城市高质量发展水平呈自东向西梯度递减特征，与数字经济发展水平相比发展速度较为缓慢。(2)数字经济显著促进城市高质量发展，表现为数字经济发展水平每提升1个单位，将直接赋能城市高质量发展水平提升0.575个单位，在考虑一系列稳健性检验后该结论依然成立。(3)要素优化配置、产业结构高级化和科学技术进步在数字经济赋能城市高质量发展过程中发挥中介作用。(4)为充分发挥数字经济发展的经济效应，提高城市高质量发展水平，提出了持续提升数字经济发展水平以缩小区域发展差距、提高城市土地要素在数字经济发展中的配置精准性和利用效率、强化数字经济在城市高质量发展中的赋能效应等建议。,"['数字经济', '城市高质量发展', '产业结构', '数字化', '机制', '中介效应', '新发展理念']",T37,T46,1.0,-0.0050757415486145,摘要:优化配置,0.0632402824675392,-0.0362552967758183,0.4755555555555555,T46,A40,A43,7.5,0.3695463425324918,标题:数字经济；关键词:数字经济；摘要:数字经济,0.3732593894534692,0.2396167323749421,0.98,A40,False,False,False,needs_review,needs_review,high
ZH_0161,长江经济带市域数字经济与城乡融合发展耦合协调格局及其作用机制,文章基于2011—2020年长江经济带108个地级市的面板数据，应用耦合协调度和PVAR模型分析并探讨了数字经济与城乡融合发展的耦合协调和相互作用关系。结果表明：(1)2011—2020年长江经济带108个地级市数字经济与城乡融合发展的关系基本实现了从轻度失调向基本协调的转变，其中省会城市的数字经济与城乡融合发展始终保持较高的耦合协调度，且对邻近地级市具有较强的辐射带动作用。(2)从不同地区数字经济与城乡融合发展的耦合协调度看，长江下游城市>长江上游城市>长江中游城市。其中，长江下游城市长期处于领先状态；长江中、上游城市在2011—2016年基本相当，但自2017年以来上游城市要明显高于中游城市。(3)目前长江经济带地级市数字经济与城乡融合尚未形成长期良性的互动关系。具体来说，城乡融合发展促进了数字经济增长，而数字经济对城乡融合发展的作用存在明显的区域异质性。其中，对上游城市和下游城市的城乡融合发展具有短期推动作用，但对中游城市城乡融合发展存在一定的负面影响。因此，为实现数字经济与城乡融合发展的最优解，上游欠发达的地级市应注重发展问题，增强经济发展动力；中游地区应补齐发展短板，打造数字经济发展增长极；下游发达的地级市应注重区域协调问题，统筹推进区域数字经济发展。,"['数字经济', '城乡融合', '耦合协调', '作用机制', '区域协调发展', '长江经济带']",T44,T46,1.0,-0.5820709197238934,摘要:耦合协调度,0.2822635659900406,0.1939989250491128,0.5355555555555556,T44,A41,A40,7.5,0.0021482375592037,标题:城乡融合；关键词:城乡融合；摘要:城乡融合,0.3026619961753201,0.0153445539943128,0.8623630613151243,A41,False,False,False,needs_review,needs_review,high
ZH_0162,长三角地区智能设备制造业空间布局演化及影响因素,文章以2014—2023年长三角地区41个地级及以上城市的智能设备制造业企业为研究对象，利用高德地图接口采集企业坐标，通过核密度估计、空间杜宾模型等方法，深入研究了长三角地区智能设备制造业空间布局演化及影响因素。结果表明：(1)长三角地区智能设备制造业空间演化集聚效应明显，呈现“热点东南聚集、冷点西北分散”的空间分异格局。(2)长三角地区智能设备制造业核密度呈“多核心—环核群带状连片”分布特征，逐步形成以合肥、苏州、杭州、宁波、温州5市为核心的集聚区，且集聚度不断增强。(3)长三角地区智能设备制造业呈现明显的“东南—西北”方向空间演化态势，不同细分智能设备制造业演化方向与整体演化方向相似。(4)经济规模、政府支持力度、创新水平、人力资本、设施完善度均对本地智能设备制造业发展具有显著促进作用，其中经济规模、政府支持力度、设施完善度还存在正向空间溢出效应。,"['新质生产力', '智能设备制造业', '产业集聚', '工业机器人', '无人飞行器', '创新水平', '长三角地区']",T42,T26,1.0,-0.4813076420016165,摘要:空间杜宾模型,0.1335704721732908,-0.0093403000115463,0.4755555555555555,T26,A43,A39,7.5,0.0247726434311325,标题:制造业；关键词:制造业；摘要:制造业,0.2817065635714043,0.1769474530795179,0.8872499077742457,A43,False,False,False,needs_review,needs_review,high
ZH_0165,中蒙俄高铁可达性及其空间效应,文章以中蒙俄经济走廊西线、东线铁路为对象，在高速铁路情境下，利用可达性指标测度沿线城市可达性的动态变化，研究了线路升级提速后对沿线区域和城市的空间效应。研究发现：(1)未来中蒙俄高铁的运行使得沿线可达性大幅提升，高铁1 d交流圈覆盖全线，东线的可达性及其改善程度略强于西线。(2)中国城市可达性强于俄罗斯和蒙古国城市，表现出“东南高、西北低”的格局特征。蒙古国城市可达性改善程度大于中国和俄罗斯城市，呈线路“中间高、首末低”的格局特征。(3)高铁可达性的提升加速沿线格局的演变和重塑。人口和经济重心向中蒙俄高铁轴带迁移，极化效应凸显；高铁轴带内部边界效应消失，一体化效应显现；走廊沿线贸易创造和转移效应加深，同走廊外的跨境投资规模增大。,"['可达性', '“一带一路”', '经济潜力', '跨境贸易', '中蒙俄经济走廊', '高铁轴带', '边界效应']",T11,T07,0.0,0.0011998724385672,,0.0861146818984711,0.0085705174183374,0.4813198596824239,T11,A46,A50,16.0,0.3670041118609387,标题:高铁；关键词:高铁；摘要:高铁；摘要:铁路；标题:可达性；关键词:可达性；摘要:可达性,0.2138975209247617,0.0500293704352761,0.98,A46,False,False,False,needs_review,needs_review,high
ZH_0167,乡村振兴与新型城镇化良性耦合——中国式城乡现代化发展科学内涵与时代选择,乡村振兴与新型城镇化良性耦合发展是中国式城乡现代化发展的基本要求与时代选择。从科学内涵上看，乡村振兴与新型城镇化良性耦合推动中国式城乡现代化发展是国家城乡建设进程中战略上成熟与实践上丰富的进一步推进与拓展，蕴含了丰富的马克思主义城乡发展思想，诠释了“乡村现代化”与“城镇现代化”发展的辩证统一，凸显了“以人民为中心的现代化”。中国式城乡现代化发展一方面继承弘扬了社会主义城乡发展思想，另一方面拓展深化了新时代中国特色社会主义城乡关系，具有人民普惠性、共富共享性、协同协调性、共生可持续性、互利共赢性等特征。就个人而言，中国式城乡现代化发展更加符合新时代个人全面健康发展需求；就国家而言，中国式城乡现代化发展是国家建设社会主义现代化强国的价值取向与时代选择；就全球而言，中国式城乡现代化发展是探索和开辟现代化发展新道路所形成的具有中国特色的智慧方案。乡村振兴与新型城镇化耦合系统涵括的多个要素产生交互耦合作用形成耦合关系影响着中国城乡整体发展与演进方向，两者良性耦合发展不断推进中国式城乡现代化建设。乡村振兴与新型城镇化良性耦合在政治建设维度、经济建设维度、文化建设维度、社会建设维度与生态建设维度等领域彰显出中国式城乡现代化发展的时代选择，其内涵丰富、路径多元。,"['乡村振兴', '新型城镇化', '中国式城乡现代化', '科学内涵', '时代选择']",T02,T35,0.0,0.0031750208492716,,0.0847922478003662,0.0226787203519402,0.4834925229341987,T02,A42,A41,7.5,-0.0098908832805652,标题:乡村振兴；关键词:乡村振兴；摘要:乡村振兴,0.3697754634546882,-0.0706491662897517,0.8,A41,False,False,False,needs_review,needs_review,high
ZH_0168,城市更新作用下生态韧性时空分异及其影响效应——以环长株潭城市群为例,生态风险的持续累积使得城市越来越脆弱，城市更新所带来生态系统抵抗力、适应力和恢复力的变化，成为生态韧性的重要影响因素。在梳理城市更新对生态韧性影响机理的基础上，基于2006—2020年环长株潭城市群8个地级市的样本数据，运用基于博弈论的组合赋权、TOPSIS模型、因子分析等方法，探究政府主导型与社会参与型城市更新对生态韧性的影响效应。研究结果表明：(1)2006—2020年环长株潭城市群生态韧性区域差异整体减小，空间分布呈现聚集态势。(2)政府主导型城市更新对环长株潭城市群生态韧性有抑制作用，加强环境规制、增大科教投入、调整产业结构有助于生态韧性的提升。(3)城市更新社会关注、城市更新社会行动和城市更新社会认可是社会参与型城市更新的主要因子，高密度、高强度的城市更新社会关注将抑制环长株潭城市群生态韧性的提升，而城市更新社会行动则有助于提高生态韧性，城市更新对生态系统恢复力的影响作用尚不明确。,"['城市更新', '生态韧性', '环长株潭城市群', '因子分析']",T41,T38,1.0,0.7264568020857398,摘要:TOPSIS,0.1593100580329412,0.046120014898142,0.6755555555555555,T41,A39,A43,8.5,0.6490732821894125,标题:城市群；关键词:城市群；摘要:城市群；摘要:区域差异,0.1638908591896137,0.0984226038739546,0.98,A39,False,False,False,medium,medium,high
ZH_0170,海岸带城市经济发展质量与生态韧性协同发展演化及空间收敛特征,经济发展质量与生态韧性协同发展是人与自然和谐共生的重要体现。基于2003—2020年中国53个海岸带城市数据，利用熵权—TOPSIS法和耦合协同模型测算经济发展质量与生态韧性协同发展度，通过核密度估计、标准差椭圆分析其时空演化规律，采用Dagum基尼系数及分解、空间收敛模型考察区域差异和空间收敛特征。研究发现：(1)整体及三大区域（渤黄海岸、东海岸、南海岸）的协同发展度呈波动上升，且各区域存在不同程度极化现象；(2)协同发展格局呈东北—西南走向，空间集聚特征明显，具有“勉强协调区逐渐消失、初级协调区成为主体、中级协调区团块状发展”的演化特点；(3)协同发展度总体及区域差异呈波动下降趋势且程度各异，超变密度是总体差异的主要来源；(4)整体及各区域协同发展具有σ收敛、绝对和条件β收敛特征，空间收敛性表现存在区域差异。基于此，在补足经济高质量发展短板、坚持一体化发展、制定区域差异化政策方面提出对策建议。,"['海岸带城市', '经济发展质量', '生态韧性', '协同发展', '演化特征', '一体化发展', '区域差异化政策']",T41,T44,1.0,-0.3921594890804418,摘要:TOPSIS,0.2154787442800088,-0.2297106362888702,0.4755555555555555,T44,A39,A51,4.0,0.7233278245196529,关键词:区域差异；摘要:区域差异,0.134677791951739,0.0237701751403787,0.8422222222222222,A39,False,False,False,needs_review,needs_review,high
ZH_0171,工业用地出让结构倾向对碳排放效率的影响及其传导机制——基于绿色技术创新中介视角,如何优化区域制度环境和规范地方政府行为，从而实现绿色转型是环境经济地理学关注的核心议题之一。利用2010—2019年我国261个地级及以上城市的面板数据，借助超效率SBM-DEA模型测算得出城市尺度的工业碳排放效率，研究了工业用地出让结构倾向对碳排放效率的影响及其传导机制。结果表明：(1)偏向低端技术行业的工业用地出让结构对碳排放效率具有显著负向影响，且该影响在中西部地区及中小城市更为显著；(2)绿色技术创新在工业用地出让结构倾向对碳排放效率的影响中发挥部分中介作用；(3)绿色技术创新传导机制具有非线性特征，即在不同的绿色技术创新影响下，工业用地出让结构倾向对碳排放效率的影响存在明显差异。研究认为，为实现高质量发展，需要调整地方政府工业用地出让激励，不仅要合理控制地方政府工业用地出让规模，更重要的是优化工业用地出让结构，从而为实现“双碳”目标和区域可持续发展提供支持。,"['工业用地', '出让结构倾向', '碳排放效率', '绿色技术创新']",T42,T19,1.0,0.7242732289891689,摘要:面板数据,0.1276864414995515,0.0305230642083495,0.6755555555555555,T42,A44,A40,7.5,-0.0062853039510341,标题:碳排放；关键词:碳排放；摘要:碳排放,0.1892737441213139,-0.0448950282216719,0.8,A40,False,False,False,medium,medium,high
ZH_0172,中国粮食生产韧性的时空格局及其影响因素,粮食安全是国家安全的基石，在当前复杂多变的外部环境下，探索粮食生产韧性显得尤为重要。文章基于2004—2020年中国31个省份的面板数据，构建了粮食生产韧性综合指标，运用熵值法、标准差椭圆和地理探测器模型方法，分析了粮食生产韧性的空间格局和影响因素。研究发现：(1)2004—2020年，中国粮食生产韧性整体呈下降趋势，粮食生产抗风险能力不足。其中，中部、东部地区韧性水平较高，西部地区韧性水平较低，但整体皆呈下降趋势，只有东北地区韧性水平较为稳定。(2)城镇化率、科技因素和农业生产资料价格变动为影响粮食生产韧性的主要因素，各影响因子两两之间交互关系主要为双因子增强和非线性增强。最后，从统筹推进新型城镇化发展与粮食生产，积极构建新型的现代粮食产业体系，加快构建粮食产业发展新格局等方面提出了增强中国粮食生产韧性水平的政策建议。,"['粮食生产韧性', '空间格局', '熵值法', '地理探测器', '影响因素']",T42,T48,1.0,-0.6482609315991426,摘要:面板数据,0.0731438313962224,-0.1304352257081614,0.4755555555555555,T48,A42,A41,8.5,0.6262663744531719,摘要:农业；标题:粮食；关键词:粮食；摘要:粮食,0.0644015785880728,-0.0644838799563351,0.94,A41,False,False,False,needs_review,needs_review,high
ZH_0175,考虑“燃煤+”耦合发电与电-碳-氢-化工耦合的综合能源虚拟电厂随机低碳调度,"双碳”目标下，为促进火电机组低碳发展，同时实现大规模新能源的开发和利用，综合能源系统低碳转型迫在眉睫。对此，该文集成生物质耦合发电、碳捕集以及电化工等低碳技术，提出考虑“燃煤+”耦合发电与电-碳-氢-化工耦合的综合能源虚拟电厂(integrated energy virtual power plant,IEVPP)随机低碳调度策略，降低系统碳排放并提升系统经济性。首先，考虑“燃煤+”耦合发电与碳捕集技术，将火电机组改造为生物质混燃碳捕集电厂，分析其低碳特性；其次，考虑电-碳-氢-化工耦合过程，引入低碳化工生产单元并分析其能量流动关系，通过化工生产促进风光消纳；再次，考虑风光不确定性对系统的影响，以能源耦合、设备运行等约束构建IEVPP随机低碳调度模型；最后，以系统收益期望最大为目标，通过算例仿真验证该文所提调度策略可实现IEVPP的协调运行，提升系统经济性与低碳性。","['综合能源虚拟电厂', '生物质混燃碳捕集电厂', '化工生产', '风光不确定性', '随机低碳调度']",T09,T23,0.0,0.0006190179196148,,0.1129911440976132,0.0044215565686771,0.4806809197115763,T09,A33,A34,8.5,0.4107271771181207,摘要:综合能源系统；标题:虚拟电厂；关键词:虚拟电厂；摘要:虚拟电厂,0.3678317203104949,0.2110764752134672,0.98,A33,False,False,False,needs_review,needs_review,high
ZH_0176,基于故障及其恢复特征的光伏逆变器电流环控制参数辨识方法,"精确的逆变器控制参数是分析光伏电源故障特性的基础，故障过程中光伏逆变器电流环控制参数对其故障特性起决定性作用，而准确的故障特性分析是继电保护的基础。但由于技术保密的原因，设备制造厂商不提供精确参数，因此需要对光伏逆变器电流环控制参数进行辨识。针对电流环积分系数灵敏度低，与其他参数同时辨识导致其辨识效果差的问题，提出了一种基于故障及其恢复特征的光伏并网逆变器电流环控制参数辨识方法。该方法通过对故障及故障恢复过程的系统电流响应进行解析，从机理上将比例系数与积分系数分离，利用2个不同控制阶段的电流响应数据，分别辨识比例系数和积分系数，解决了低灵敏度参数辨识精度低的问题。在实时数字仿真平台(real time digital simulator,RTDS)搭建半实物硬件在环测试系统，利用测试数据验证了所提方法的有效性。","['光伏逆变器', '故障恢复', '参数辨识', '降阶辨识']",T17,T47,0.0,-0.7312886893759881,,0.0063685792749927,-0.0806334955427725,0.26,T13,A38,A34,7.5,0.0493821909775366,标题:逆变器；关键词:逆变器；摘要:逆变器,0.3154533038359897,0.3527299355538333,0.8543204100752904,A37,False,False,False,needs_review,needs_review,high
ZH_0177,基于改进型主动深度学习框架的油浸式变压器故障辨识算法,变压器作为电网的核心枢纽节点，对电网安全运行有着至关重要的影响作用。然而，在变压器状态评估及故障研判中，存在故障样本收集困难，数据集不平衡等问题。因此，现有诊断方法在实际应用时极易出现误报、漏报等情况。为此，该文提出了一种改进型主动学习-深度神经网络融合的变压器故障诊断算法。首先提出了4种与深度神经网络适配的主动学习策略，对油色谱数据样本进行定向选择学习，提高故障辨识算法在小样本及不均衡样本下的学习表现，降低数据标注及模型训练成本；其次，引入标签平滑算法对深度神经网络交叉损失函数进行改良，以改善训练集与预测集分布不一致导致的过拟合问题。仿真实验结果表明，所提出的主动学习算法与随机采样等传统的被动采样学习方法相比，能够有效降低模型训练成本，并提升故障辨识精度10%以上；与支持向量机等常见方法相比，算法性能提高15%以上。,"['变压器故障辨识', '主动学习', '深度学习', '小样本学习', '非均衡数据集']",T36,T01,1.0,-0.6333581867273802,摘要:故障诊断,0.3134722986518813,-0.0668441909098587,0.4755555555555555,T01,A37,A09,7.5,0.7617576790687541,标题:变压器；关键词:变压器；摘要:变压器,0.4154253533941426,0.2982691362053864,0.98,A37,False,False,False,needs_review,needs_review,high
ZH_0180,计及配电网业务适配性的智能通感算资源分配方法,"在高质量新型配电网建设方针的指导下，如何构建灵活感知、实时通信、高效计算的配电网，助力供电可靠性与系统智能化的提升，是目前配电网分级调控模式的主要研究方向。为此，文章考虑边缘侧与云侧通感算资源联动的可行性，建立配电网分级调控业务的通感算协同架构，提出边缘-边云联合协作的数据处理模型。在此基础上，考虑不同配电网分级调控业务数据量、时延敏感度等指标与边云协作处理模式的适配性，提出计及配电网业务适配性的通感算资源分配方法。首先，提出基于相对靶心度的适配性评估方法，综合分析各终端对于边云协作的适配性。其次，引入动作函数改进深度Q网络(deep Q network,DQN)学习通感算资源分配策略，突出每个动作相对于特定状态下的优缺点，提高网络在配电网通感算资源动态变化场景下的算法性能。最后，基于CPLEX优化感知数据压缩比，实现业务处理总时延的最小化。仿真结果表明，所提算法能在保障终端差异化业务需求的同时，提升全终端业务处理性能。","['配电网分级调控', '通感算融合', '智能资源分配', '适配性评估', '灰靶模型']",T19,T47,0.0,0.0058950367745197,,0.1328146231891582,0.0421074055322841,0.4864845404519717,T19,A31,A13,7.5,0.7223953836476047,标题:配电网；关键词:配电网；摘要:配电网,0.1397468252932481,0.0171098831971768,0.98,A31,False,False,False,needs_review,needs_review,high
ZH_0181,附加储能的直驱型风电机组的构网型控制与小信号稳定性分析,为使风电具备常规电源的惯量支撑、一次调频功能，面向直流侧附加储能的直驱型风电机组，提出一种构网型控制架构。然后，根据“频域模态分析法”，给出计及机侧、网侧以及储能变换器动态交互作用的小信号稳定裕度量化方法。在此基础上，采用“复功率系数法”揭示动态交互机理，对比依靠风轮动能、电池储能2种惯量支撑方式对机组稳定性的影响规律。研究结果表明，储能变换器的下垂控制不仅可实现一次调频，还能够引入正阻尼、增强风电机组的小信号稳定性；利用风轮动能提供惯量支撑会引入负阻尼，而依靠储能实现惯量支撑可以引入正阻尼。最后，为进一步增强附加储能的构网型风电机组的稳定性，提出一种主动阻尼控制策略。搭建了基于PSCAD/EMTDC的仿真模型，验证了所提控制方法的可行性以及理论分析的正确性。,"['直驱型风电机组', '构网型控制', '交互稳定性', '储能', '一次调频']",T49,T14,6.5,0.5679144721340251,摘要:控制策略；摘要:下垂控制；标题:稳定性分析；摘要:阻尼控制,0.4903385359838012,0.4960923833749047,0.98,T49,A35,A38,7.5,-0.1174241177596364,标题:储能；关键词:储能；摘要:储能,0.0715133223560327,-0.233701681476394,0.8,A38,False,False,False,high,high,high
ZH_0183,基于基频调制电流源换流器的中频分布式远海风电直流输电系统,"基频调制主动换相型电流源换流器(fundamental frequency modulation-based current source converter,FFM-CSC)无需子模块电容，且不需要大量无功补偿装置和滤波器组，有望成为远海风电直流送出的更优选择。然而现有FFM-CSC远海风电送出方案存在以下不足：1）海上汇集频率为工频，轻型化效果有限；2）集中送出时，一旦海上汇集系统发生故障，交流电压无法建立；3）电流源换流器(current source converter,CSC)与风电机组协同控制交流电压需要大量通信。对此，提出一种基于FFM-CSC的中频分布式远海风电直流输电系统，介绍其拓扑结构和数学模型；接着，提出了无需通信的海上CSC与风电场群协调控制交流电压策略；同时，针对风电场群风速不同造成的直流过电压问题提出双端直流电压协同控制；针对海上汇集系统故障提出一种双端CSC协同旁通与风机耗能装置相配合的故障穿越策略；最后，在PSCAD中对方案进行仿真验证，结果验证了基于FFM-CSC的中频分布式远海风电直流输电系统及其控制策略的有效性。","['远海风电', '电流源换流器', '中频分布式', '自同步', '协同旁通']",T49,T27,1.0,-0.0099242291015427,摘要:控制策略,0.0005284373610076,-0.070887350725306,0.4755555555555555,T15,A34,A32,7.5,0.0084953344170621,标题:风电；关键词:风电；摘要:风电,0.1551204118799218,0.060680960121872,0.8693448678587685,A34,False,False,False,needs_review,needs_review,high
ZH_0187,基于稳态信息和条件分布自适应的风电场阻抗智能辨识和稳定性评估,大规模风电集中并网系统存在潜在的小干扰稳定风险。基于稳态运行数据的在线稳定性评估技术可为振荡预警提供关键支撑。针对风电场稳定性评估需求，基于数据驱动的阻抗稳定评估方法被提出。然而，这类方法需大量数据训练模型，难以应用于实测数据较少的场景。为此，提出一种基于稳态信息和条件分布自适应的风电场阻抗智能辨识和稳定性评估方法。该方法基于稳态数据结合状态估计评估风电场稳定性，避免了直接量测法判断稳定性的滞后问题，并降低了噪声影响。为缓解数据驱动方法所需大量数据与实测量测数据不足的矛盾，应用条件分布自适应方法，结合大量仿真数据和少量实测数据，构建了风机阻抗辨识模型。并利用状态估计得到的相角构建了风电场阻抗模型并实现了在线评估，在不明显降低精度的情况下量测成本。最后，以25机风电场并网系统为例，验证了所提方法的正确性。,"['在线稳定性评估', '阻抗法', '人工神经网络', '条件分布自适应', '状态估计']",T35,T21,4.0,0.7682599210281791,关键词:状态估计；摘要:状态估计,0.5327290786181144,0.3447137216298505,0.8422222222222222,T35,A34,A26,4.5,0.7238089928871098,标题:风电；摘要:风电,0.1359886777382314,0.0272070920507836,0.8699999999999999,A34,False,False,False,high,high,high
ZH_0188,计及联盟合作成本的新能源场站共享储能优化配置策略,共享储能是缓解新能源发电侧储能配置成本压力的重要发展方向。为解决由于忽视场站间交互行为所产生的合作成本而造成联盟组合理想化的问题，该文设计了一种计及联盟合作成本的场站集群共建共享储能配置策略。首先，利用多场站储能需求的时空互补特性，构建多场站参与下共建共享储能系统框架，提高场站跟踪出力计划的能力；其次，考虑场站间“竞合”关系，建立场站间的合作成本模型，提出基于合并-分裂算法的场站联盟博弈模型与成本分摊方法，以兼顾投资主体在共建下的整体理性和共享下的个体理性。最后，通过数值仿真验证了所提模型和方法的有效性，相较于大联盟模型下可进一步降低年化成本，提升新能源场站集群储能配置效率和联盟合作稳定性。,"['共享储能', '新能源场站', '联盟博弈', '合作博弈', '优化配置']",T38,T37,4.0,-0.1982629244011839,关键词:合作博弈；摘要:博弈模型,0.5769612738754046,0.5618582322992344,0.7022222222222223,T38,A35,A34,7.5,0.5909066846535538,标题:储能；关键词:储能；摘要:储能,-0.0120780532242614,-0.2363808239031866,0.94,A34,False,False,False,medium,medium,high
ZH_0191,基于非线性系统辨识的长距离直流输电线路色散补偿及故障定位方法,对于长距离高压直流输电线路，当故障行波到线路两端传输距离相差较大时，传输色散会导致较大行波波峰平滑及偏移，产生了额外的初始行波时刻误差，降低故障定位的精度。针对以上问题，提出一种基于非线性系统辨识的直流线路色散补偿及定位方法。基于实际故障数据及短路试验数据得到全线路及分段线路响应，利用自适应Volterra滤波器实现对线路传输特性的辨识，以反卷积反演方式恢复信号波形，使得两端信号的波峰非线性偏移趋于一致，实现传输色散的补偿，从而提高直流线路故障定位精度。该文通过仿真及实际数据对该方法进行了验证。,"['高压直流输电', '行波定位', '系统辨识', '色散补偿']",T36,T27,4.5,0.5765933486113348,标题:故障定位；摘要:故障定位,0.23021479877056,0.118523918652391,0.8699999999999999,T36,A32,A37,4.0,0.7394869112216306,关键词:高压直流；摘要:高压直流,0.3421988469543323,0.1391922230116475,0.8422222222222222,A32,False,False,False,high,high,high
ZH_0193,计及负序并网标准的双馈风电机组调控关键技术,随着风电等新能源装机规模的不断增加，全球主要风电大国、IEEE标准协会等陆续制定了风电负序并网标准。为了满足上述标准，双馈风电机组将面临暂态同步稳定性、小干扰稳定性与正-负序、机-网侧协同控制等3个方面的问题与挑战。为此，该文首先介绍了国内外风电负序并网标准。接着，结合已有研究对双馈风电机组满足负序并网标准所面临的问题与挑战进行了剖析。进一步，针对所面临的问题与挑战，对双馈风电机组的负序调控关键技术进行了归纳对比。最后，对风电负序并网标准与双馈风电机组关键技术的发展前景进行了讨论与展望。,"['双馈风电机组', '电网不对称故障', '风电负序并网标准', '负序控制']",T49,T20,0.0,0.0043691578701965,,0.130741999657526,0.0312082705014036,0.4848060736572161,T49,A34,A09,7.5,0.7300140568352804,标题:风电；关键词:风电；摘要:风电,0.1558314494899275,0.0715289773948607,0.98,A34,False,False,False,needs_review,needs_review,high
ZH_0197,基于FHO-CatBoost的分布式电源调控异常事件检测,"新型电力系统的全面推进仍然面临多重安全挑战，特别是分布式电源系统容易受极端天气、自然灾害和网络攻击等威胁，从而导致系统波动异常和设备故障，使得分布式电源调度控制面临更加复杂的局面。为应对这些挑战，提高异常事件的检测效率和准确率，以辅助分布式电源系统的调控决策技术，提出了一种基于火鹰优化的Cat Boost算法(fire hawk optimizer-CatBoost,FHO-CatBoost)的分布式电源调控异常事件检测模型。该模型充分利用了Cat Boost的强大梯度框架和自动处理类别特征的能力，通过FHO算法的调整超参数优化模型，提高了检测效率与识别准确率。实验结果证明，FHO-Cat Boost模型在不同类别异常事件准确检测和整体性能上均表现优越，并在多方面性能评估中均优于其他主流梯度提升算法，在准确率上达到了91.59%，较最好的CatBoost方法提升了6.58%，具有更出色的性能表现，在分布式电源调控异常事件检测中具有显著优势，为电力系统安全运行提供了重要支持。","['分布式电源', '异常事件检测', '火鹰优化算法']",T40,T24,0.0,0.0002728909169337,,0.1185594192740913,0.0019492208352414,0.4803001800086271,T40,A31,A28,7.5,0.6519047493494539,标题:分布式电源；关键词:分布式电源；摘要:分布式电源,0.3501919098568493,0.1993196382103854,0.98,A31,False,False,False,needs_review,needs_review,high
ZH_0204,考虑复合指标优化模态分解和Stacking集成的综合能源系统多元负荷预测,"为提高综合能源系统多元负荷分解水平及预测模型的整体性能，提出考虑复合指标优化模态分解和Stacking集成的综合能源系统多元负荷预测方法。首先以排列熵结合互信息为适应度函数，利用金豺优化算法自适应获取变分模态分解的最优参数组合，进而将多元负荷序列分解为本征模态函数集合；其次，通过基于反向传播(back propagation,BP)神经网络扰动的平均影响值(mean impact value,MIV)算法对与多元负荷相关的气象、日期及负荷因素进行特征筛选，从而为多元负荷构建高耦合度的特征矩阵；充分考虑到各单一模型的差异性及优势性，在采用k折交叉验证法减少过拟合的基础上，构建Stacking集成学习模型对多元负荷进行预测；最后采用美国亚利桑那州立大学坦佩校区多元负荷数据集进行实例验证，结果显示所提方法在电、冷、热负荷预测中的平均绝对百分比误差分别达到了0.903%、2.713%和1.616%，预测精度相比其他预测模型具有较大提升。","['多元负荷预测', '综合能源系统', '平均影响值算法', '金豺优化算法', '复合指标']",T35,T25,7.5,0.653862774326223,标题:负荷预测；关键词:负荷预测；摘要:负荷预测,0.2792608361774494,0.2133055309015935,0.98,T35,A33,A09,7.5,0.6937008679910184,标题:综合能源系统；关键词:综合能源系统；摘要:综合能源系统,0.5275222989034876,0.4978633427929881,0.98,A33,False,False,False,high,high,high
ZH_0205,基于数据增强的配电网运行态势预警方法,新型电力系统背景下，配电网运行态势的及时预警是保障其安全稳定运行的重要前提。针对配电网运行态势预警的量测数据不充分问题，该文提出一种基于数据增强的配电网运行态势预警方法。首先，基于支持向量数据描述识别初始预警边界，结合模糊隶属度函数，增强数据样本密度对边界识别的影响，准确识别初始预警边界；其次，建立基于改进深度卷积生成对抗网络的配电网运行状态电气量数据增强模型，其损失函数中引入边界形态偏差量、样本概率分布偏差量以及态势预测回归关系曲线偏差量，以修正配电网的运行态势预警边界；然后，提出态势预警方法的判别依据，得到运行点向边界的行动趋势，在线实现配电网运行态势预警。最后，基于改进IEEE 33节点和IEEE 123节点算例验证了所提方法能够有效提高配电网运行态势预警的速度和精度。,"['配电网', '态势预警', '边界识别', '数据增强', '生成对抗网络']",T01,T45,4.0,0.7547128097705964,关键词:生成对抗网络；摘要:生成对抗网络,0.3520240426719857,0.2479486412185459,0.8422222222222222,T01,A31,A39,7.5,0.7284320675488415,标题:配电网；关键词:配电网；摘要:配电网,0.1390159841276455,0.0602290539202965,0.98,A31,False,False,False,high,high,high
ZH_0206,中长期电力市场梯级水电站群多目标对冲模型研究,中长期电力市场环境下，如何满足自身市场利益诉求与期末蓄能控制目标成为当下梯级水电站群多目标决策的核心问题之一，其关系到梯级水电站群稳定运行和电网安全。考虑到年内来水不确定性对于梯级水电站群市场利益目标与期末蓄能目标的影响，以及目标间不同量纲的因素，针对性提出2种目标函数：年内来水满足梯级水电站群市场效益与期末蓄能控制需求目标时，以两者优化结果的归一化值最大为目标；反之，以与需求目标差的归一化值平方和最小为目标，利用需求目标之间的“对冲”特性，降低整体损失。首先基于流域历史径流资料，分析来水频率分布特性，通过相关解集法构建符合历史径流特性的场景集作为输入条件；其次根据所提目标函数分别构建非线性优化模型，通过多项式描述梯级水电站发电特性曲线，并实现高效求解；最后根据目标函数条件筛选优化计算结果，得到年可用水量-目标决策对，并分别构建市场效益目标和期末蓄能目标优化决策集。以西南某流域梯级电站群为研究对象，从目标权重系数、与常规调度规则比较、预测电价误差和不同需求目标组合等进行了详细分析，结果表明所提的模型能够在根据来水条件满足需求目标的程度给出最优目标决策；不同权重会影响目标在对冲阶段的侧重；电价误差的不确定性极大地影响对冲阶段的决策，增加了整体的损失；市场目标大小对曲线的对冲阶段范围有较大影响。,"['电力市场', '最优对冲策略', '期末蓄能', '梯级调度', '非线性规划']",T37,T26,0.0,0.0167154636070338,,0.2461453165358497,0.1193961686216698,0.4983870099677372,T37,A36,A39,7.5,0.7590730452314781,标题:电力市场；关键词:电力市场；摘要:电力市场,0.3932972793294678,0.2790931802248437,0.98,A36,False,False,False,needs_review,needs_review,high
ZH_0209,基于纳什谈判的光伏产消者与共享储能协同参与市场优化策略,文章聚焦分布式光伏快速发展所带来的能源消纳问题，从配电侧电力市场的角度出发，重点关注分布式光伏配储参与市场交易的情景。提出了基于点对点交易的多产消者和共享储能联盟场景，将联盟就地消纳效益纳入联盟成本收益函数，构建联盟协同参与市场的优化模型。为保证市场交易的可行性，采用纳什谈判方法对模型进行改进；为凸显共享储能在联盟协同中的作用，在模型设计中，采用两阶段非对称纳什议价方法进行能量共享。同时，考虑联盟主体数据隐私安全，采用改进交替方向乘子方法进行分布式求解，并通过算例分析验证了模型的有效性。研究结果表明，所构建的产消者与共享储能联盟协同参与市场交易的优化模型，是分布式光伏参与电力市场的可行模式，不仅具有一定的经济成本优势，还有利于促进分布式清洁能源的就近消纳。,"['分布式光伏产消者', '用户侧共享储能', '清洁能源消纳', '非对称纳什议价', '改进交替方向乘子法']",T38,T32,4.5,0.7946666098202951,标题:纳什谈判；摘要:纳什谈判,0.6101742520675852,0.5333329272878227,0.8699999999999999,T38,A35,A34,7.5,-0.0114415225603907,标题:储能；关键词:储能；摘要:储能,0.0121601880347494,-0.0817251611456482,0.8,A36,False,False,False,high,high,high
ZH_0213,基于近似动态规划的配电网实时协同调压策略,大规模具有出力不确定性的分布式电源接入配电网易导致电压越限和线路过载等问题，同时电动汽车的快速扩张也使得配电网用电负荷激增，多重因素导致配电网的电压稳定性问题日益突出。因此，在不确定性运行环境下如何保障配电网电压的实时稳定性是一个亟待解决的问题。该文从减小电压偏移的角度，考虑采用配电网中的有载调压器和电动汽车进行协同调压。首先分析了电动汽车集群调度的特点，并以系统电压偏移量最小作为配电网电压优化目标，建立了考虑电动汽车充电位置、功率等因素的调控模型和多档位有载调压器调控模型。随后为实现随机环境下的配电网电压实时优化调控，提出了基于近似动态规划的有载调压器与电动汽车实时协同调压策略，采用分段线性函数对贝尔曼方程中的值函数进行近似，避免了“维数爆炸”问题。分段线性函数的斜率可通过预测数据抽样产生的一组离线训练场景训练后获得，并用于后续实时在线优化。算例分析表明所提实时协同调压策略在减小配电网电压偏移的同时保证了随机环境下的优化准确性，进一步验证了电动汽车与有载调压器参与配电网协同调压技术的可行性。,"['配电网', '电压优化', '电动汽车', '有载调压器', '近似动态规划']",T37,T39,0.0,0.0040256998040459,,0.1487179322908228,0.028754998600328,0.4844282697844504,T37,A31,A35,8.5,0.3531940048352475,标题:配电网；关键词:配电网；摘要:配电网；摘要:分布式电源,0.2296973596124544,-0.199874755378484,0.94,A35,False,False,False,needs_review,needs_review,high
ZH_0214,计及能耗特性的风光制氢碱性质子交换膜混合电解槽多列优化策略,氢能具有巨大的发展潜力，被视为未来能源转型的重要组成部分。利用风光作为可再生能源技术与制氢相结合，为能源可持续发展提出解决方案。为优化碱性-质子交换膜混合电解槽多列运行调度，该文基于风光发电、氧中氢及多种电解槽模型，以系统净收益最大化为目标，提出了一种计及能耗特性的风光制氢碱性-质子交换膜混合电解槽多列优化策略，该系统离网式运行，可再生能源进行发电，配置蓄电池以确保系统稳定连续运行。结果表明：与传统同步运行且不考虑电解槽功率-效率特性的方案相比，使用碱性-PEM混合电解槽多列优化策略调度后，在不改变系统设备容量的前提下系统年收益提高12.47%，同时弃电率降低1.34%。该策略综合考虑两种电解槽之间动态响应差异，达到对风光资源的充分利用。最后，对系统电解槽容量配比进行了分析。研究成果有望为大型制氢项目碱性-PEM混合电解槽制氢生产调度提供一定的指导。,"['可再生能源', '碱性电解槽', '优化调度']",T37,T32,3.0,0.7229935899904427,关键词:优化调度,0.1590523820223355,0.0213827856460191,0.7866666666666666,T37,A34,A14,8.5,0.7696556453652691,关键词:可再生能源；摘要:可再生能源；标题:风光；摘要:风光,0.487041122772996,0.3546831811804933,0.98,A34,False,False,False,high,high,high
ZH_0215,租赁市场中储能容量配置双层鲁棒优化模型,多元的应用场景和丰富的商业模式是共享储能的规模化布局的有效途径，有利于提升共享储能的经济效益，同时丰富电网的调节性资源。基于共享储能的自主性和趋利性，提出了市场环境下考虑风电场的集群租赁的共享储能配置的双层鲁棒优化方法。描述了共享储能提供租赁服务和参与现货市场交易的商业运营模式。考虑风电机组的出力和现货价格在多时间尺度的不确定性，构建了共享储能配置的主从博弈的鲁棒优化模型。模型上层以共享储能的年成本最小化为目标，确定风电场集群互动博弈的场景下共享储能各时段的租赁价格及容量规划方案；模型下层以风电场集群的考核成本最低为目标，利用各时段租赁价格和风电机组的输出功率的最恶劣场景下租赁需求，来更新各时段租赁容量。通过多场景对比分析验证了配置结果的有效性，为共享储能的多应用场景的容量优化配置提供了新思路。,"['市场环境', '共享储能', '容量配置', '鲁棒优化', '风电场集群', '租赁服务', '主从博弈']",T38,T39,4.0,-0.3170328860649142,关键词:主从博弈；摘要:主从博弈,0.4391282874446435,0.1354793852506132,0.7022222222222223,T38,A35,A34,7.5,0.3266113027898329,标题:储能；关键词:储能；摘要:储能,0.0457194449035777,-0.0670621229297644,0.94,A34,False,False,False,medium,medium,high
ZH_0217,基于属性数学理论的电网停电事故网络舆情风险评估,电力是现代生活中不可或缺的一部分，停电事故的发生会影响人民的正常生活，不仅会对社会安全和经济安全造成巨大影响，也会引发相关的网络舆情。若网络舆情引导不当，将严重威胁社会稳定和国家安全。网络舆情风险评估是网络舆情引导的基础，通过分析停电事故与网络舆情的关系，从事件主体特性、公众关注度和政府调控力度3个维度建立了停电事故网络舆情风险评估体系，提出了一种基于熵权法和属性数学理论的停电事故网络舆情风险评估模型，并以2021年美国得州停电和2020年美国加州停电两次事故为例进行实证研究，得到两次停电事故造成的网络舆情风险等级，并将结果与层次分析法和网络舆情平台的结果进行了对比，验证了所提出评估方法的合理性和可行性。,"['大停电事故', '网络舆情', '属性数学理论', '熵权法', '风险评估']",T41,T30,5.0,-0.2920426350341003,摘要:层次分析法；关键词:熵权法；摘要:熵权法,0.1289344112242373,-0.3717331073864311,0.6977777777777778,T30,A27,A28,7.5,0.721869013286498,标题:数学；关键词:数学；摘要:数学,0.0707464583691345,0.0133500949035572,0.98,A27,False,False,False,medium,medium,high
ZH_0218,含海上风电制氢的综合能源系统分布鲁棒低碳优化运行,海上风电制氢是实现海上风电完全消纳及综合能源系统低碳经济运行的有效手段。针对海上风电出力不确定性高难以完全消纳，以及氢能利用单一造成系统经济性低和碳排放高等问题，该文提出了一种基于数据驱动分布鲁棒和凸松弛技术的含海上风电制氢综合能源系统低碳优化运行策略。首先，通过研究海上风电制氢及其输氢系统的运行机理，建立了海上风电制氢系统及氢能多元转换与利用的数学模型；其次，构造了基于Wasserstein距离的源荷不确定性模型，并以综合运行成本最低为目标。此外，该文采用强对偶理论，将原始模型转换为混合整数线性规划模型，实现了模型的快速精确求解。最后，对IEEE-33节点电网和23节点热网组成的综合能源系统进行仿真分析，算例结果表明，所提模型能够有效提高系统的风电消纳水平和能源利用效率，具有显著的低碳经济效益。,"['海上风电制氢', '氢能多元利用', '电热综合能源系统', '凸松弛技术', '分布鲁棒']",T39,T37,7.5,0.6185322956229572,标题:分布鲁棒；关键词:分布鲁棒；摘要:分布鲁棒,0.2104494505711853,-0.0390550312645918,0.94,T37,A33,A34,7.5,0.0577751819066796,标题:综合能源系统；关键词:综合能源系统；摘要:综合能源系统,0.5242089613840242,0.4126798707619973,0.9235527000973476,A33,False,False,False,high,high,high
ZH_0219,一种新型单芯移相变压器的差动保护方法研究,移相变压器作为潮流调控设备，能够动态调节输电线路的传输功率，从而大大提高潮流输送的灵活性。然而，由于其特殊的接线形式和内部结构，新型非对称六角接线形式的单芯移相变压器相较于普通电力变压器而言，故障特征更为复杂，给其本体保护配置带来了困难。为了解决这个问题，首先明确了新型单芯移相变压器的拓扑结构和工作原理。在对其磁路结构进行进一步分析的基础上，利用基尔霍夫电流定律、电磁感应定律等基本电路原理，针对这种特殊结构的移相变压器建立了一套完整的差动保护方案。该方案通过两套电平衡和一套磁平衡差动来反映调压绕组和励磁绕组之间的匝间故障、匝地故障以及引线的短路故障，实现了对移相变压器内部故障的全面覆盖，同时能够快速判断故障位置和故障类型。最后，在MATLAB/Simulink仿真平台上构建了新型单芯移相变压器的仿真模型，通过大量仿真验证了该文提出方案的可行性和有效性。,"['移相变压器', '单芯式', '差动保护', '电平衡差动', '故障定位']",T36,T47,3.0,0.4834758544709908,关键词:故障定位,0.0992824528345162,0.0248275319356485,0.7866666666666666,T36,A37,A25,7.5,0.7449677881562627,标题:变压器；关键词:变压器；摘要:变压器,0.2413239817682531,0.1783413439733058,0.98,A37,False,False,False,high,high,high
ZH_0220,考虑配电网全过程韧性提升的多类型韧性资源分布鲁棒机会约束规划,"针对现有配电网韧性提升策略研究侧重于某一阶段、考虑韧性资源单一、刻画线路故障不确定性不全面等问题，提出了考虑配电网全过程韧性提升的多类型韧性资源分布鲁棒机会约束规划方法。首先，构建了基于Wasserstein距离的风场强度与线路故障概率、风机出力阈值之间强耦合下的不确定性模糊集。其次，建立了基于极端灾害时序特性的“预防-应急-抢修”双层三阶段配电网分布鲁棒机会约束规划模型对多类型韧性资源进行联合部署、调度。然后，进一步对模型进行线性化处理，并基于条件风险价值理论(conditional value-at-risk,CVa R)和强对偶理论将所提分布鲁棒模型转化为混合整数二阶锥规划问题。最后，基于算例数字仿真验证了所提方法能够保障强不确定环境下配电网的韧性和供电可靠性。","['配电网规划', '全过程韧性提升', '分布鲁棒机会约束', '条件风险价值理论']",T39,T37,19.0,0.696892266331495,标题:分布鲁棒；关键词:分布鲁棒；摘要:分布鲁棒；标题:机会约束；关键词:机会约束；摘要:机会约束；关键词:条件风险价值；摘要:条件风险价值,0.6119298399644622,0.3762981429693255,0.98,T39,A31,A28,7.5,0.723244309519923,标题:配电网；关键词:配电网；摘要:配电网,0.1102360429299476,0.0231736394280215,0.98,A31,False,False,False,high,high,high
ZH_0221,考虑灾害不确定性和调度过程非预期性的配电网多阶段韧性提升策略,近年来，台风暴雨成为影响沿海城市配电网安全稳定运行的典型自然灾害。为有效应对该极端灾害的影响，提出一种考虑台风暴雨灾害时空不确定性的配电网多阶段韧性提升策略。首先，根据台风历史数据模拟其灾害场景，计算相应场景下的配电线路故障概率，从而构建考虑台风暴雨灾害攻击的不确定集。在此基础上，结合电力系统调度过程的非预期性特点，建立基于上述不确定集的多阶段鲁棒优化模型。其次，提出一种预拓展鲁棒对偶动态规划算法对其进行求解，获取灾前防御策略和训练好的灾中最恶劣情况未来成本函数，据此求解极端灾害发生过程中各时段的紧急响应策略，从而在离线训练和在线应用有机结合的框架下制定最优的配网韧性提升策略。最后，以不同规模的配网为测试系统，验证了所提模型和方法的有效性。,"['韧性提升', '台风暴雨灾害时空不确定性', '多阶段鲁棒优化', '非预期性', '预拓展鲁棒对偶动态规划']",T39,T37,4.0,0.7658033984931081,关键词:鲁棒优化；摘要:鲁棒优化,0.4409966207443135,0.3271671320936291,0.8422222222222222,T39,A31,A28,4.5,0.5238780199782653,标题:配电网；摘要:配电网,0.084888791533694,-0.2580141430123902,0.8099999999999999,A28,False,False,False,high,high,high
ZH_0224,基于知识引导Raindrop学习的变压器健康评估方法,变压器健康状态评估是提高供电可靠性的重要前提，也是实现设备精益化运维管控基础任务之一。现有方法实现变压器健康状态精准评估的前提是获得完备、有效的特征参量集。然而，由于实际中特征参量采样间隔不固定、部分参量采集错误或传输丢失等问题，实际数据的不规则性显著降低了现有方法健康评估的精准度。为此，首次在本领域探索应用高性能处理非完备、不规则数据集的Raindrop学习算法，并在模型训练过程中引入形式化表达的领域知识规则，从而增强样本空间有效信息、引导学习器趋优训练。最后，基于实际获取的110kV变压器数据开展多场景下的健康评估，结果表明所提方法在各场景下均优于基线学习方法，能够更好地适应实际电力设备的健康评估需求。,"['变压器', '健康评估', '知识引导', '不规则数据']",T25,T30,1.0,0.7276876294997388,摘要:数据集,0.2294075772078681,0.0549116392838477,0.6755555555555555,T25,A37,A04,7.5,0.7389291880680016,标题:变压器；关键词:变压器；摘要:变压器,0.3321197891432531,0.1352084862000111,0.98,A37,False,False,False,medium,medium,high
ZH_0225,电力信息物理系统故障通信恢复策略,"极端灾害将导致电力系统与通信系统同时发生大面积瘫痪，基于“保电救灾、通信先行”原则，优先恢复故障通信是支撑保障电力系统安全运行的关键。该文针对灾后电力通信高效恢复问题，提出了一种计及电力侧状态感知需求与运行调控能力保障的增广路径最大流电力通信网络恢复算法。首先考虑到电力通信系统与电力物理系统的紧耦合特性，设计了计及电力侧影响的状态感知与运行调控能力量化指标，辨识关键信息节点。然后，通过图论最大流理论，搜寻关键信息节点的增广路径集。在此基础上，引入恢复贡献度，从增广路径集中选择具有大容量、低延时以及少故障链路的通信路径进行优先重建，为灾后电力系统快速恢复过程提供可达、可靠的通信支撑。最后，以IEEE39标准系统作为仿真算例，验证了所提恢复策略下的通信系统具有更高的通信服务质量(quality of service,Qo S)，避免了在恢复过程中由于带宽容量不足而发生业务频繁掉线风险。","['通信故障', '电力信息物理系统', '最大流理论', '状态感知', '运行调控']",T40,T10,0.0,0.0012000700039577,,0.1289880911089581,0.0085719285996983,0.4813200770043535,T40,A27,A37,7.5,0.6957800706540226,标题:物理；关键词:物理；摘要:物理,0.1069498512396317,-0.1729994953284096,0.94,A37,False,False,False,needs_review,needs_review,high
ZH_0226,直流微网系统小干扰稳定性分析及有源阻尼控制,直流微电网包含众多变流器，结构复杂。为了简化直流微电网的稳定性分析，该文首先将系统分为各变流器和线路网络两个部分，结合变流器的端口阻抗和线路网络的节点导纳矩阵建立了直流微电网的开环传递函数矩阵，然后基于此开环传递函数矩阵，使用特征值法分析了系统稳定性关于不同变流器的灵敏度，最后根据灵敏度对不稳定贡献最大的变流器进行附加有源阻尼以增强系统阻尼，提升系统稳定性。结合Matlab/Simulink仿真算例，验证了稳定性分析方法及控制策略的有效性。,"['直流微电网', '稳定性分析', '灵敏度分析', '有源阻尼方法', '恒功率负荷']",T49,T03,12.0,0.7668979511343913,摘要:控制策略；标题:稳定性分析；关键词:稳定性分析；摘要:稳定性分析；标题:阻尼控制,0.4134385135830433,0.3349853652456522,0.98,T49,A33,A38,4.0,0.5515125727857693,关键词:微电网；摘要:微电网,0.1330720036569552,0.0822326627554942,0.8422222222222222,A33,False,False,False,high,high,high
ZH_0227,锁相环动态对切换延迟导致的暂态过电压的影响,"随着“碳达峰、碳中和”战略的深入实施，新能源占比不断提升，新能源汇集地区电网强度较弱，交流短路故障后的暂态过电压易引发连锁故障。该文基于电压源型并网变流器(voltagesourceconverter,VSC)低电压穿越切换控制模型，分析了锁相环动态对故障后VSC延迟切换导致的暂态过电压的影响。研究结果表明，短路故障清除时刻并网点电压相位一般向后跳变，由于锁相环动态，使延迟过程中动态无功支撑电流失准，若VSC在低电压穿越期间只注入无功电流，该失准现象有利于暂态过电压改善，若同时注入有功电流，在锁相环参数不合适时可能会恶化暂态过电压水平。此外，该文还提出了锁相环PI参数整定解析方法，以保证利用锁相环动态抑制故障后的暂态过电压水平。通过MATLAB电磁暂态仿真验证了分析结论。","['暂态过电压', '低电压穿越', '锁相环动态', '切换延迟']",T49,T14,4.0,0.5749486477879883,关键词:低电压穿越；摘要:低电压穿越,0.2566233473184553,0.2496331984856305,0.8422222222222222,T49,A38,A44,5.0,0.6252377350536945,摘要:变流器；关键词:低电压穿越；摘要:低电压穿越,0.3978611943535814,0.3516981075263889,0.8977777777777778,A38,False,False,False,high,high,high
ZH_0230,基于光储协调电压自均衡的光伏直流汇集方案研究,"光伏直流汇集系统具备效率高、成本低以及稳定性好等优势。其中，多端口、模块化的直流汇集系统有可控性强和便于升压的特点。然而，各发电单元间的功率失配易导致模块输出电压失衡，制约了发电效率与系统稳定性。为此，提出一种基于光储协调电压自均衡技术的两级升压式直流汇集方案。首先，基于异构子模块混合，构建了输入独立输出串联(input-independent-output-series, IIOS)型光伏直流汇集系统结构。在保障各模块输出电压自均衡的前提下，实现了独立光伏单元的升压汇集。其次，IIOS经隔离型MMC直流变换器实现二级升压，降低了各级升压需求。最后，在Matlab/Simulink环境下搭建仿真模型。仿真结果表明，所提光伏直流汇集方案可靠性好、效率高，在发电单元功率严重失配的情况下也能保证优异的发电效率和系统稳定性。","['光伏直流汇集', '电压自平衡', '光储协调']",T14,T04,1.0,0.7140621237868092,摘要:仿真模型,0.0020028175650481,-0.0424134015227911,0.6155555555555555,T04,A34,A38,7.5,0.7195442783844339,标题:光伏；关键词:光伏；摘要:光伏,0.1601490772705004,-0.0032551543969003,0.94,A38,False,False,False,medium,medium,high
ZH_0232,考虑P2G-CCS-HFC协调运行的园区综合能源系统分布鲁棒优化调度,"为提高低碳园区综合能源系统(regional integrated energy system, RIES)的低碳性和可再生能源消纳率，提出一种考虑电转气(power-to-gas, P2G)、碳捕集装置(carbon capture and storage, CCS)和氢燃料电池(hydrogen fuel cell,HFC)协调运行的RIES低碳经济调度方法。首先，根据传统火电机组集中碳排放的特点，加入CCS打造更具灵活性的碳捕集电厂(carboncapturepowerplant, CCPP)。其次，在两阶段P2G中加入HFC，细化氢能使用，建立P2G-CCS-HFC整体模型，在氢能平衡约束条件下，分析不同设备决策对整体模型优化成本的影响。同时，在供能侧和需求侧分别引入绿证-碳交易和综合需求响应双重市场机制激励。最后，考虑风光不确定性，以风光历史数据为基础，构建考虑场景分析和数据驱动的、以最小化总成本为目标函数的RIES分布鲁棒调度模型。基于算例的仿真结果表明，该方法可有效降低碳排放水平，促进新能源消纳，为区域综合能源系统低碳经济调度等研究提供参考。","['碳捕集电厂', '电转气', '氢燃料电池', '绿证碳交易', '分布鲁棒优化', '区域综合能源系统']",T39,T37,14.0,0.5674810738419642,标题:鲁棒优化；关键词:鲁棒优化；标题:分布鲁棒；关键词:分布鲁棒；摘要:分布鲁棒,0.2490727329240746,0.1962933845854587,0.98,T39,A33,A36,7.5,0.2810318363624768,标题:综合能源系统；关键词:综合能源系统；摘要:综合能源系统,0.3786130630185182,0.2930845454462632,0.98,A33,False,False,False,high,high,high
ZH_0233,基于数字孪生模型的主从博弈掺氢综合能源系统最优决策方法,"建立了一个包含综合能源系统运营商(integratedenergysystemoperator, IESO)、基于碳捕集系统(carbon capture system, CCS)的能源供应商(energy supplier, ES)以及考虑需求响应的负荷聚合商(load aggregator, LA)的综合能源系统(integratedenergysystem, IES)数字孪生模型系统。首先，构建了IES系统模型，针对不同系统类型制定相应的约束条件，同时引入弃风弃光惩罚方法。其次，采用一种基于主从博弈的IES分布式协同优化运行策略，并结合遗传算法和二次规划算法求解模型，得到IES最优调度方案。在该主从博弈的框架中，IESO作为主导者，与CCS的ES和考虑需求侧响应的LA作为跟随者协同优化，优化IESO的定价策略、ES的出力计划和用户需求。通过数字孪生系统获得实时的IES数据，对不同维度、不同格式的数据进行统一处理分析后，再利用所提方法进行优化，得到IES最优决策方案。最后，通过数字孪生模型获得IES基础运行数据并基于扩展的IEEE39节点系统和6节点供暖系统仿真实验得到了IESO最优价格策略、ES最佳出力计划及LA最佳用能计划，使得供能更加经济、用能更加合理。基于数字孪生模型的主从博弈的决策方法能够使电网摆脱对历史运行数据的强依赖，降低决策的外推误差，实现IES优化决策技术升级。","['综合能源系统', '主从博弈', '数字孪生', '碳捕集系统', '需求侧响应']",T38,T47,7.5,-0.0074483527394274,标题:主从博弈；关键词:主从博弈；摘要:主从博弈,0.1943940711092942,-0.053202519567339,0.8,T47,A33,A36,7.5,0.6582902083781373,标题:综合能源系统；关键词:综合能源系统；摘要:综合能源系统,0.3320832929702128,0.2449300598438382,0.98,A33,False,False,False,high,high,high
ZH_0234,“源-网-荷-储”协调控制低碳经济优化及降碳效果分析,在“双碳”目标背景下，针对实现配电网低碳经济运行问题，提出了一种“源-网-荷-储”协调控制的配电网低碳经济优化方法。首先，以考虑弃风弃光成本、柔性负荷与储能装置调度成本、碳排放成本等的配电网综合成本最小为目标函数进行建模。其次，通过二阶锥松弛技术，将其转变为混合整数凸规划模型，进一步提高计算速率。然后通过修改的IEEE 33节点配电系统证明了该方法在降低配电网经济成本和碳排放方面的优越性。最后，对“源-网-荷-储”协调优化中不同降碳措施的效果进行了灵敏度分析，并以此为基础研究了协调低碳经济运行与传统经济运行之间矛盾与统一的博弈关系，得出了在不同环境条件下两种运行方式之间的相同点与差异点。,"['配电网低碳经济运行', '“源-网-荷-储”协同优化', '混合整数二阶锥规划', '降碳效果分析']",T37,T12,7.0,0.6757468888851665,关键词:混合整数；摘要:混合整数；关键词:二阶锥规划,0.4916778605924062,0.4186002267307822,0.98,T37,A31,A44,5.0,0.5812779763438172,关键词:配电网；摘要:配电网；摘要:配电系统,0.1544764874521646,0.0376998310272652,0.8977777777777778,A31,False,False,False,high,high,high
ZH_0236,基于卷积功率能量比的全直流风电系统汇集线路故障选线方法,全直流风电系统能够有效地解决交流电缆对地电容导致的无功功率及电压波动等问题，逐渐成为研究热点之一。针对全直流风电系统汇集支路多，相邻线路间的故障特征差异小和阈值整定等问题，提出一种基于卷积功率能量比的全直流风电系统汇集线路故障选线方法。首先，分析了故障线路与非故障线路的频域暂态功率幅值特征，发现在特征频带下，故障线路的暂态功率大于非故障线路。其次，构造了一种时域故障特征量——卷积功率，对频域暂态功率特征进行有效提取。同时，为了提高耐受过渡电阻能力，提出了各汇集线路与汇流母线出口处时域卷积功率能量比，分析发现在特征频带内时域卷积功率能量比可以有效识别故障线路。结合故障启动判据、选极判据构成故障选线识别方案。最后，PSCAD/EMTDC仿真结果表明：所提选线方法可以正确识别全直流风电系统汇集线路中的故障线路，在80?过渡电阻和20 dB的噪声干扰下仍能有效识别故障，且无需仿真整定。,"['全直流风电系统', '故障选线', '特征频带', '卷积功率能量比']",T36,T14,7.5,0.6761178203191138,标题:故障选线；关键词:故障选线；摘要:故障选线,0.3955638553233263,0.372270145136528,0.98,T36,A34,A50,7.5,0.6269462498835296,标题:风电；关键词:风电；摘要:风电,0.0443992426780962,0.0210446420252122,0.94,A36,False,False,False,high,high,high
ZH_0241,基于事件触发的动态一致性馈线负载均衡控制策略,随着大规模间歇式新能源和多元化柔性负荷的接入，加剧了馈线间负载不平衡程度。为实现馈线负载均衡并稳定直流电压，提出基于事件触发的动态一致性馈线负载均衡控制策略。首先，设计基于事件触发的动态一致性算法计算相关状态量，避免信息集中化处理。其次，设计馈线负载均衡控制的功率计算模块和功率更新模块，以实现分布式馈线负载均衡控制。然后，基于电压下垂控制对下垂特性曲线和功率参考值进行改进，以达到直流电压无差跟踪。最后，在PSCAD/EMTDC平台搭建四端MMC柔性互联配电网验证所提控制策略的有效性。仿真结果表明：所提控制策略能快速均衡馈线负载，提高直流电压控制可靠性，降低系统通信量。,"['柔性互联配电网', '改进电压下垂控制', '事件触发', '动态一致性算法', '负载均衡']",T49,T14,8.5,0.6831005791557152,标题:控制策略；摘要:控制策略；关键词:下垂控制；摘要:下垂控制,0.3024867986561165,0.3414747250618308,0.98,T49,A31,A38,8.5,0.3742179582123088,关键词:配电网；摘要:配电网；标题:馈线；摘要:馈线,0.1438650689829625,-0.0497036598280455,0.94,A38,False,False,False,high,high,high
ZH_0244,基于聚合电流的高比例分布式电源接入配电网短路故障计算与分析,分布式电源数量多、接入点分散，故障期间输出特性取决于其低电压穿越控制策略，导致推导配电网短路故障电流、电压解析表达式困难，也难以解释故障电流电压变化机理和变化规律。针对这些难点问题，提出了一种基于聚合电流的高比例分布式电源接入配电网短路故障计算与分析方法。首先，该方法根据分布式电源并网位置对测量支路短路电流的不同影响，将分布式电源按照位置分类并聚合，利用道路矩阵形成节点阻抗矩阵进而确定聚合位置。然后，推导基于聚合短路电流的短路故障电流、电压计算的解析表达式。进一步，根据聚合短路电流和解析表达式从机理上分析分布式电源接入对故障电流、电压的影响，探讨故障电流、电压随聚合短路电流的变化规律。最后，通过算例验证了所提故障计算与分析方法的正确性。,"['分布式电源', '故障分析方法', '聚合短路电流', '故障规律']",T49,T12,2.0,-0.5139763591473706,摘要:控制策略；摘要:低电压穿越,0.1468966285247038,0.1001688632330669,0.5311111111111111,T40,A31,A38,12.0,0.7000047990612623,标题:配电网；摘要:配电网；标题:分布式电源；关键词:分布式电源；摘要:分布式电源,0.4092592727428271,0.2857485647233018,0.98,A31,False,False,False,needs_review,needs_review,high
ZH_0245,小样本条件下基于深度特征融合的配电网高阻接地故障识别方法,针对基于数据驱动的高阻接地故障检测可靠性低和样本需求度高的问题，提出一种小样本条件下基于深度特征融合的配电网高阻接地故障识别方法。首先，在配电网高阻故障特性分析的基础上，利用离散小波变换对高阻故障信号的波形进行深度挖掘，构造多尺度时频特征图和全局统计特征矩阵以增强高阻故障特征的表达。其次，结合轻量型残差网络结构和自注意力机制设计深度特征提取网络，实现局部和全局时频特征的融合提取。然后，引入度量元学习计算各类样本在度量空间中的特征类原型以及类原型与样本之间的距离，从而实现高阻故障分类器的构建。最后，在不同复杂运行条件和现场数据集上进行算例测试，验证了所提方法的有效性。,"['配电网', '高阻接地故障', '时频特征融合', '小样本', '自注意力机']",T36,T01,1.0,-0.5425982009604522,摘要:故障检测,0.1043418586123723,-0.0185585782889437,0.4755555555555555,T27,A31,A05,7.5,0.7264098604648965,标题:配电网；关键词:配电网；摘要:配电网,0.1075643643859239,0.0457847176064047,0.98,A31,False,False,False,needs_review,needs_review,high
ZH_0246,基于Lyapunov能量函数的单电压环幅值控制构网型储能虚拟阻抗参数整定方法,集中式构网型储能电站是高比例新能源电力系统中的重要装备，能够主动为系统提供电压、惯量支撑以及阻尼。常用的构网型控制方案包括电压电流双环与单电压环幅值控制，后者具备更强的暂态电压支撑能力，但面临着更为严峻的暂态过电流风险。在单电压环幅值控制的基础上，叠加虚拟阻抗控制抑制暂态过流，同时将有功环节的相角与无功环节的电压动态过程综合考虑，构建了系统的Lyapunov能量函数，分析系统的暂态稳定性，进行虚拟阻抗参数整定。与传统的仅考虑有功环节相角动态过程的相平面法相比，采用Lyapunov能量函数得到的参数范围更加准确。仿真结果验证了添加虚拟阻抗控制后，构网型储能电站能够应对上级电网电压暂降及相位跳变，并将暂态电流限制在合理范围内。同时，验证了Lyapunov能量函数法进行虚拟阻抗参数整定的有效性。,"['构网型储能电站', '单电压环幅值控制', '虚拟阻抗']",T49,T34,1.0,0.75886049033232,摘要:暂态稳定,0.4464394321338596,0.2775749309451426,0.6755555555555555,T49,A35,A38,7.5,-0.0535411116670339,标题:储能；关键词:储能；摘要:储能,0.0195101590818005,-0.3824365119073851,0.8,A38,False,False,False,medium,medium,high
ZH_0247,宽短路比工况下构网型逆变器功率自同步控制的稳定性分析,"基于功率同步控制(power synchronization control, PSC)的构网型(grid-forming, GFM)电压源型逆变器(voltage source converter, VSC)通过模拟同步机功角特性以实现电网支撑，但其在宽短路比(short-circuit ratio, SCR)运行工况下存在振荡风险。为分析构网型逆变器在宽短路比工况下的稳定情况，首先建立了PSC-VSC小信号模型，得到了有功、无功功率的传递函数，并以此揭示了GFM逆变器在宽短路比工况下小干扰失稳机理。结果表明，PSC-VSC在强电网下面临小信号失稳风险。进而提出基于功率自同步控制(power self-synchronization control, PSSC)的VSC控制策略，通过限制有功功率传递函数的增益，增强构网型逆变器强电网下的稳定性。然后分析了基于PSSC的GFM逆变器在电网故障下的稳定性。最后通过半实物实时仿真验证了所提分析方法的正确性和有效性。","['宽短路比', '构网型逆变器', '功率自同步', '稳定性分析', '半实物实时仿真']",T49,T26,7.5,0.7655674806102155,摘要:控制策略；标题:稳定性分析；关键词:稳定性分析,0.4612998136443744,0.3254820043586826,0.98,T49,A38,A07,15.0,0.7441448551904702,标题:逆变器；关键词:逆变器；摘要:逆变器；标题:构网型；关键词:构网型；摘要:构网型,0.3420816141803185,0.1724632513605016,0.98,A38,False,False,False,high,high,high
ZH_0250,基于相角差余弦值奇异熵的远海风电交流汇集线路单端量保护原理,海上风电柔直送出系统两侧电力电子设备均采用负序抑制控制策略。交流汇集线路故障时，两侧故障电流相角和幅值都发生较大变化，使传统工频量距离保护可靠性降低。为此，首先阐述了海上风电交流汇集系统结构，并分析负序抑制策略实现方法。其次，考虑电容电流分析传统距离保护适应性，并分析不同故障下相电流与其超前相电流相角差值余弦值的变化情况。在此基础上，利用Hankel矩阵反映特征量突变程度，提出一种基于相角差余弦值奇异熵的交流汇集线路单端量保护原理。最后，基于PSCAD/EMTDC搭建海上风电系统模型，分析并验证所提保护方案的有效性。结果表明，所提保护方案动作灵敏，可靠性高，能耐受20 dB噪声和100Ω过渡电阻。,"['采样算法', '单端量保护', '奇异熵', '接地故障', '海上风电']",T49,T14,1.0,0.0043507460686087,摘要:控制策略,0.0720171221132596,0.0310767576329197,0.4803413762310251,T36,A34,A38,7.5,0.7255430370515008,标题:风电；关键词:风电；摘要:风电,0.1250245591700186,0.0395931217964342,0.98,A34,False,False,False,needs_review,needs_review,high
ZH_0259,人工智能时代的开源与闭源技术模式探讨,文章阐述了人工智能时代开源与闭源两种技术模式在技术创新和生态系统建设中的优势与不足，讨论了两种技术模式当前存在的一些前沿争议，提出了一些破局的基本思路，为推动人工智能技术健康发展提供借鉴。,"['开源大模型', '闭源大模型', '技术创新', '人工智能监管']",T40,T22,0.0,0.0040979560941136,,0.1025017306888715,0.0292711149579544,0.484507751703525,T40,A26,A40,7.5,0.3829226145995534,标题:人工智能；关键词:人工智能；摘要:人工智能,0.6183934024191526,0.3351615328539538,0.98,A26,False,False,False,needs_review,needs_review,high
ZH_0261,中美地缘技术竞争视角下的中美智库观点及对我国的启示,中美地缘政治与技术竞争（地缘技术竞争）是21世纪大国竞争的主要舞台，它以意想不到的方式冲击了全球供应链与经济发展版图。虽然学界对此议题有广泛讨论，但对中美一流智库行动的系统性研究是缺位的。因此，文章选取美国信息技术与创新基金会（ITIF）、美国布鲁金斯学会（Brookings Institution）和中国社会科学院（CASS）为研究对象，收集、梳理并分析其2000—2024年的公开在线评论，尝试探索双方一流智库的决策偏好。文章发现，虽然双方智库在“供应链”和“指控”关键词上存在竞争，但在“接触”和“平等与治理”关键词上展现出共同关切，且中美地缘技术竞争将长期化存在。文章的学术贡献为：（1）构建2000年以来中美一流智库的观点集合；（2）分析中美智库决策偏好并对双方行动做出趋势预判。希望文章为地缘技术竞争发展趋势与应对策略提供信息支持。,"['地缘技术竞争', '中国', '美国', '智库']",T45,T28,0.0,0.003553762355156,,0.120333279309751,0.0253840168225429,0.4839091385906716,T45,A48,A30,7.5,0.7068664989630079,标题:智库；关键词:智库；摘要:智库,0.0960299166315598,-0.0938107216928007,0.94,A30,False,False,False,needs_review,needs_review,high
ZH_0267,考虑相关性的配电网分布式光伏承载能力提升方法,配电网中分布式光伏渗透率的不断提升对其充分消纳提出了更高的要求。针对配电网分布式光伏承载能力提升的问题，提出一种考虑相关性的分布式光伏承载能力提升方法。首先，利用Frank-Copula函数描述分布式光伏出力与负荷间的相关性，基于Nataf变换得到各随机变量的相关性样本矩阵，并进行概率潮流计算。然后，以分布式光伏接入容量最大为目标，电网运行安全指标为约束，建立分布式光伏承载能力提升模型。最后，提出采用非线性反向学习鲸鱼算法对模型进行求解，以IEEE 33节点系统为算例进行仿真分析。结果表明，所提方法能够有效提升配电网分布式光伏承载能力。,"['配电网', '分布式光伏', '相关性', '承载能力', '非线性反向学习鲸鱼算法']",T39,T40,1.0,0.005616841128614,摘要:概率潮流,0.1673901899455759,0.0401202937758152,0.541734080797031,T39,A31,A34,7.5,0.0108973282427513,标题:配电网；关键词:配电网；摘要:配电网,0.1445559602959036,0.0778380588767949,0.8719870610670266,A31,False,False,False,needs_review,needs_review,high
ZH_0268,基于行波全频带特征的配电网故障行波波头标定方法,"针对配电网行波波头标定方法易受噪声、波头畸变影响的问题，提出一种基于行波全频带特征的配电网故障行波波头标定方法。首先，根据行波高频段分量包含奇异点特征、行波中低频段分量不受噪声干扰的特点，提出利用行波全频带分量特征来标定行波，并分析了不同工况下利用行波全频带分量特征标定波头的优势。然后，设计并搭建基于目标检测模型的卷积神经网络(convolutional neural network, CNN)，以行波全频带分量作为特征输入量，利用一维卷积核提取行波信号的波头特征。最后，结合特征金字塔网络与路径聚合网络结构，融合行波波头高中低频带特征，实现行波到达时刻的准确标定。与传统方法相比，所提方法在短线路、强噪声情况下具有较强的适应性，并且在微弱故障行波场景下也能够实现波头标定，具有良好的现场应用效果。","['配电网', '波头标定', '行波全频带', '目标检测模型']",T12,T01,1.0,-0.0402878292448399,摘要:聚合,0.1072190814418331,-0.2877702088917142,0.4755555555555555,T01,A31,A37,7.5,0.7164251448160286,标题:配电网；关键词:配电网；摘要:配电网,0.0601269255866611,-0.0255346798855099,0.94,A37,False,False,False,needs_review,needs_review,high
ZH_0272,基于改进堆叠降噪自编码器的配电网高阻接地故障检测方法,针对配电网高阻故障判定阈值选取难、噪声影响大和识别精度低等问题，提出了一种基于改进堆叠降噪自编码器的高阻接地故障检测方法，从特征提取及网络模型两个层面增强检测方法的可靠性与抗噪性能。首先，结合时频数据处理手段刻画高阻接地故障与正常工况的物理特性差异，为构建故障样本特征库提供理论依据；其次，通过皮尔逊相关系数对时域、频域和时频域的故障特征进行分析与筛选，从而构造多域特征融合样本库，避免特征冗余现象；然后，利用极限学习机的强高维特征分类特性对堆叠降噪自编码器模型进行改进，以提高高阻接地故障分类器的鲁棒性和准确性；最后，在Matlab/Simulink中搭建10 kV配电网仿真模型进行算例分析。结果表明，该方法在-1 dB强噪声条件下仍有95.57%的高阻故障检测准确率，具有较高的工程实用价值。,"['配电网', '高阻接地故障', '多域特征融合', '堆叠降噪自编码器', '极限学习机']",T36,T27,4.5,-0.3457509322695408,标题:故障检测；摘要:故障检测,0.1412925096258201,-0.0494814489841153,0.6699999999999999,T27,A31,A27,7.5,0.6309869091916565,标题:配电网；关键词:配电网；摘要:配电网,0.077006217259245,0.0499064942261184,0.98,A31,False,False,False,medium,medium,high
ZH_0273,考虑预测误差不确定性和功率互济的配电网直流合环重构,"为了准确量化光伏功率波动，缓解分布式光伏接入配电网引起的电压越限风险，提出考虑预测误差不确定性和功率互济的配电网直流合环重构方法。引入概率潮流思想，分别建立基于高斯混合模型(Gaussianmixture model, GMM)的光伏功率预测误差以及由此引起的配电网节点电压偏差的概率分布模型。定义电压越限高风险节点，进而根据节点电压偏差的条件概率分布分析任意两节点合环重构的可行性。并通过计算合环节点间的待平衡功率，量化其作用于缓解电压越限的功率支援能力。在此基础上，提出以合环可行性和功率支援能力为主要约束，以最小化综合投资成本、运行损耗和节点电压偏差为优化目标的配电网直流合环重构模型。通过基于Matlab 2020a平台的IEEE 33节点测试算例验证了所提方法的有效性和优越性。","['配电网直流合环', '分布式光伏', '预测误差不确定性', '高斯混合模型', '功率互济', '二阶锥凸优化']",T35,T39,1.0,-0.0073318058502236,摘要:功率预测,0.1757444146548201,-0.0523700417873114,0.4755555555555555,T39,A31,A34,7.5,0.3550141476730221,标题:配电网；关键词:配电网；摘要:配电网,0.1541133459775556,0.1358153405215866,0.98,A31,False,False,False,needs_review,needs_review,high
ZH_0277,基于锁相环相位补偿的光伏逆变器低电压穿越快速无功控制,在低电压穿越故障恢复阶段，针对弱网下光伏并网系统无功回撤速度慢易导致暂态过电压的问题，提出了基于锁相环相位补偿的光伏逆变器低电压穿越快速无功改进控制策略。首先从相位跳变、锁相环动态、电网强度几个方面分析了常规光伏逆变器无功回撤速度不足的原因。然后根据光伏逆变器出口内电势与锁相环相角关系的机理分析，提出了基于相位补偿的锁相环改进控制策略。从无功控制需求出发推导了补偿相位的确定方法，并建立光伏并网系统单机电磁暂态仿真模型，验证了所提出的改进控制策略在三相对称、不对称、线路切除等故障场景下的有效性。最后基于RT-Lab搭建光伏发电并网系统半实物仿真平台，进一步验证了改进控制策略的有效性。该控制策略使光伏逆变器获得了更快的无功回撤能力，可有效抑制低电压故障恢复阶段的暂态过电压问题。,"['光伏逆变器', '锁相环', '相位补偿', '前馈控制', '低电压穿越', '暂态无功特性']",T49,T14,8.5,0.5961671222736376,摘要:控制策略；标题:低电压穿越；关键词:低电压穿越；摘要:低电压穿越,0.3361568560721047,0.325563478425142,0.98,T49,A38,A34,15.0,0.4375391073118448,标题:逆变器；关键词:逆变器；摘要:逆变器；标题:低电压穿越；关键词:低电压穿越；摘要:低电压穿越,0.5428609846226631,0.553850766513177,0.98,A38,False,False,False,high,high,high
ZH_0279,计及老化失效与系统可靠性的电力变压器群体预防性检修/退役计划协同优化方法,"随着大规模电力变压器运行年限的增长，其老化问题已日益突出。为提升电网对于老化变压器群体资产管理的工作质效，提出一种计及老化失效与系统可靠性的变压器群体预防性检修/退役计划协同优化方法。首先，基于数据-模型混合驱动的变压器退化轨迹分析技术，建立了一种计及检修/退役影响的变压器老化失效模型。通过动态校正模型中老化阈值及预期寿命两个参数，可定量表征不同时间执行检修/退役措施对变压器可靠性的影响。然后，通过积分离散化推导了变压器老化失效不可用率计算公式，并根据全概率公式建立了系统可靠性指标关于待决策变压器不可用率参数的解析模型。以规划期内的预期检修/退役投资成本、故障处置成本以及可靠性损失成本之和最小为优化目标，建立了计及系统可靠性约束的变压器群体检修/退役计划协同优化模型，并采用基于模拟退火(simulated annealing, SA)-粒子群优化(particle swarm optimization, PSO)的混合方法进行迭代求解。最后，在改进的RTS-79系统上进行算例分析，验证了所提方法的有效性。","['电力变压器群体', '预防性检修/退役计划', '老化失效建模', '可靠性评估', '退化轨迹模拟']",T12,T13,1.0,-0.0226179644893708,摘要:退火,0.0878288116800398,-0.1615568892097921,0.4755555555555555,T13,A37,A50,7.5,0.6572332065103061,标题:变压器；关键词:变压器；摘要:变压器,0.1943532172774233,0.2373800465021867,0.98,A37,False,False,False,needs_review,needs_review,high
ZH_0293,中国科学院海洋研究所：七十五载深蓝志 科研巨擘映辉煌,中国科学院海洋研究所（以下简称“海洋所”）始建于1950年，是新中国第一个专门从事海洋科学研究的国立机构，是我国海洋科学的发源地。建所75年来，海洋所在我国海洋基础研究领域做出了许多奠基性和开创性的工作，引领了我国海洋科学的发展。文章以历史发展、科研成就和未来展望等视角，清晰展示了海洋所在服务国家战略、国家需求方面所做的贡献，展望了海洋所未来辉煌发展的新篇章。,"['海洋强国战略', '高能级平台建设', '国际合作', '创新发展']",T26,T27,0.0,0.0025254543594942,,0.0687976458227571,0.0180389597106734,0.4827779997954436,T26,A51,A28,7.5,-0.0047458520366993,标题:海洋；关键词:海洋；摘要:海洋,0.1797197960280646,-0.0338989431192807,0.8,A28,False,False,False,needs_review,needs_review,high
ZH_0296,能源转型下的锂、钴、镍资源需求及回收潜力分析——基于电动汽车的视角,近年来锂、钴、镍金属的需求快速增长，中国、美国、欧盟等将这3种金属列为战略性关键矿产。文章研究了中国和全球电动汽车产业对锂、钴、镍需求的增长情况，预测了3种金属的回收潜力，研判了我国锂、钴、镍面临的资源安全挑战。文章建议加强海外矿产资源开发国际合作，提高对海外资产和权益的保驾护航能力；加快建设电动汽车电池循环回收体系，通过布局电池回收网络和监管体系，保障我国锂、钴、镍金属的供应安全，为实现“双碳”目标提供有力支撑。,"['碳中和', '能源转型', '资源安全', '循环回收']",T19,T13,0.0,0.0133774116574869,,0.2033105676460814,0.0955529404106209,0.4947151528232356,T19,A35,A44,4.5,0.2882679117345057,标题:电动汽车；摘要:电动汽车,0.4699418156977253,0.3447707981036123,0.8699999999999999,A35,False,False,False,needs_review,needs_review,high
ZH_0297,中美两国人工智能头部企业研发和创新的比较分析与启示,人工智能是当前科技界最受关注的领域之一，而中国和美国是全球最重要的两个人工智能研究和开发中心。然而，中美两国在这个领域的发展存在明显差异。尤其是2022年ChatGPT的问世，引发了对中国人工智能企业能力和竞争力的广泛讨论。文章通过对中美两国过去5年获批的超过12万件人工智能发明专利的分析，首先构建了一个基于专利特征的多维度指标，并基于该指标定义了中美两国人工智能领域的前十大企业。进一步的分析显示，这2组企业在专利技术和研究网络上存在显著差异。中国人工智能头部企业的专利数量相对较少，引用率和转化率也较低。中国头部企业的专利主要集中在图像识别、语音识别等应用层技术上，并且尚未形成独具特色的技术集群。与此相对，美国人工智能头部企业产出了更多具有高影响力的专利，并在人工智能产业的基础层和技术层形成了多个技术集群。就学术研究而言，中国人工智能头部企业主要与国内的研究机构进行合作，而美国头部企业则表现出更强的中美合作及美国本土企业间的合作。文章的比较分析揭示了中美两国人工智能头部企业在技术能力和合作策略上的差异，并为中国更好地发展人工智能产业提供了企业管理启示和3条政策建议。,"['人工智能', '中美比较', '头部企业', '专利技术', '研发合作']",T07,T28,0.0,0.0050821896767913,,0.1169662461547942,0.0363013548342237,0.4855904086444704,T07,A26,A15,7.5,0.7886451520932014,标题:人工智能；关键词:人工智能；摘要:人工智能,0.6038834494091532,0.4903225149514388,0.98,A26,False,False,False,needs_review,needs_review,high
ZH_0300,人胚胎来源细胞在生物医药领域的应用历史及研究和监管进展,自20世纪60年代人类首次利用流产胎儿组织建立人二倍体细胞系（HDCs）以来，人胚胎来源的细胞就被广泛应用于生物医学研究领域，为提高人类健康水平作出了重大贡献。近年来，包括人胚干细胞在内的人多能干细胞在再生医学领域展现出巨大的治疗潜力，并受到各国政府和社会公众的高度关注。同时，由于历史文化、宗教信仰、伦理道德等多方面的因素，人胚胎来源细胞的研究和应用一直存在较大争议。文章通过介绍人胚胎来源细胞在生物医药领域研究应用的历史和进展，探究不同国家监管制度的演进，以期为完善我国对该领域的监管框架和技术要求提供有益参考。,"['人胚胎来源细胞', '人胚干细胞', '伦理', '监管']",T23,T09,0.0,0.0064352734415692,,0.2713864213282898,0.0459662388683514,0.4870788007857261,T23,A24,A30,7.5,0.6676455723965853,标题:监管；关键词:监管；摘要:监管,-0.0020899501055745,-0.3739601971672477,0.94,A30,False,False,False,needs_review,needs_review,high
ZH_0301,中国耕地资源利用的“五化”态势与治理对策,认识耕地资源利用的态势并分析治理对策，探索区域适宜的耕地利用模式，是落实具有中国特色的“最严格的耕地保护”新战略的重要前提。当前中国耕地资源利用面临加剧的“非农化”“非粮化”“细碎化”“边际化”“生态退化”（以下简称“五化”）问题。文章在评估中国耕地“五化”时空变化态势基础上，从复杂成因、相态特征、责任主体认知差异、外部因子动态变化等方面分析“五化”治理的挑战，并获得相应的启示，以期为加快建设人与自然和谐发展的美丽中国提供管窥之见。,"['耕地健康', '非农化', '非粮化', '细碎化', '边际化', '生态退化']",T29,T25,0.0,0.0014820953235332,,0.1067810573980636,0.0105863951680944,0.4816303048558865,T29,A42,A04,7.5,0.6337796128033543,标题:耕地；关键词:耕地；摘要:耕地,0.1041068446453645,0.0698543771668162,0.94,A51,False,False,False,needs_review,needs_review,high
ZH_0304,基于直流侧电压等效补偿的光伏并网系统间谐波电流抑制策略,"在光伏发电单元并联接入电网的背景下，最大功率点跟踪(maximum power point tracking,MPPT)控制引起的直流侧电压振荡导致低频间谐波电流问题日益严重，极大影响了电能质量。对此，介绍了多个光伏发电单元并联入网的常见形式，建立了含2个光伏单元并联接入电网的模型；然后，利用扰动式MPPT振荡特性建立了间谐波电流模型，分析了扰动步长对光伏并网系统间谐波特性的影响，并定义了间谐波含有率；接着，提出了一种基于直流侧电压等效补偿的光伏并网系统间谐波电流抑制方法，该方法使得多个并联光伏发电单元直流电压振荡相互抵消，兼具MPPT动态性能和抑制效果。最后，通过仿真分析验证了所提方法在降低光伏并网间谐波电流幅值、提高电能质量方面的有效性。","['光伏发电单元并联', '最大功率点跟踪', '直流侧电压振荡', '间谐波']",T24,T37,0.0,0.0045557303334574,,0.0956760343844303,0.0325409309532672,0.4850113033668031,T24,A34,A38,7.5,0.6084239394099853,标题:光伏；关键词:光伏；摘要:光伏,0.1487059096616951,-0.1112575756429622,0.94,A38,False,False,False,needs_review,needs_review,high
ZH_0305,低温寒潮天气下的风电短期功率预测技术研究,"随着风电等新能源占比的不断提升，电力系统的气候依赖性日趋凸显。低温寒潮天气易导致大规模风电机组非计划停运，而现有风电功率预测方法难以预测，基于此，文章提出了一种基于极端场景划分的低温寒潮天气风电功率短期组合预测方法。根据低温寒潮影响风电停运的机理不同，划分了低温停机、大风切机和覆冰减载3种场景，优选各场景关键气象参量并采用隐马尔科夫模型(hidden Markov model,HMM)进行修正，分别建立了低温停机预估模型、大风切机预测模型和覆冰场景减载预测模型，通过与基于正常天气样本建立的常态化功率预测模型组合，最终实现低温寒潮天气风电出力的准确预测。将低温寒潮天气下3种场景预测结果与常态化功率预测进行对比，验证所提方法的有效性。","['低温寒潮天气', '场景预测', '小样本扩充', '状态预测', '组合预测']",T35,T02,4.5,0.7609091936489766,标题:功率预测；摘要:功率预测,0.3903235594005385,0.2922085260641188,0.8699999999999999,T35,A34,A28,4.5,0.57678150517518,标题:风电；摘要:风电,0.1541087071505363,0.1198678941084291,0.8699999999999999,A34,False,False,False,high,high,high
ZH_0306,基于物理机理引导的数据驱动潮流计算方法,随着电力系统可再生能源波动性、负荷随机性等不确定因素的增加，特别是在N-1故障场景下，高效大规模重复潮流计算对于实时安全分析愈发重要。然而，基于物理机理的传统潮流计算方法计算成本较高，运算速度较慢，无法满足实时风险评估需求；数据驱动潮流计算方法运算速度较快，但严重依赖数据质量，预测结果与物理机理缺乏一致性，难以应用于实际工业场景。对此，该文在数据驱动模型上引入电力系统领域知识，构建符合物理约束的深度学习模型，提高了模型性能；采用门控机制和正则化策略，将电力系统拓扑结构和物理公式嵌入到深度神经网络结构，使模型能够适应N-1故障场景下网络拓扑结构的变化。该文采用接入新能源的IEEE 14、IEEE 39以及IEEE 300节点系统进行仿真实验，在正常和N-1故障场景中验证模型效果。实验结果表明，该文方法在误差精度和遵守物理约束的程度上，较传统深度学习潮流计算方法均有提升，可以有效地评估系统在不同故障情况下的运行状态，验证了所提方法的有效性。,"['潮流计算', '数据驱动', '深度学习', '物理机理引导', '拓扑门控']",T40,T01,7.5,0.2435318954540365,标题:潮流计算；关键词:潮流计算；摘要:潮流计算,0.3160738610024095,0.0252278246716894,0.98,T40,A27,A34,7.5,0.6136957003213528,标题:物理；关键词:物理；摘要:物理,0.0745200315084802,-0.0736021405617657,0.94,A34,False,False,False,high,high,high
ZH_0310,多分区异步互联电力系统频率稳定分析与控制研究综述,"随着可再生能源装机的快速增长，以及电网由大同步电网向多分区异步互联电网的架构转变，使得分区电网逐步呈现“低惯量+调频资源匮乏”的特性，频率安全问题日益凸显。利用高压直流输电系统(highvoltagedirectcurrent,HVDC)的快速功率控制能力可实现对异步互联分区电网之间调频资源的共享，抑制大频率扰动后的频率变化率及频率极值点，提升异步互联电网的频率稳定性。首先，介绍了国内外基于直流系统的调频控制方法以及直流参与调频后异步互联系统频率稳定分析的研究现状。然后，详细阐述了基于电网换相换流器和基于电压源型换流器两种类型HVDC频率控制方法的基本原理，以及HVDC参与频率支撑后异步互联系统的频率稳定分析方法。最后，对多分区异步互联系统频率稳定分析和直流调频控制目前存在的问题以及未来发展方向进行了总结和归纳。","['高压直流输电', '异步互联系统', '直流频率控制', '频率稳定分析']",T06,T11,3.5,0.5240010462854078,标题:综述,0.0886488669496674,0.0693952285692388,0.7544444444444445,T31,A32,A34,6.0,0.6507471256904687,关键词:高压直流；摘要:高压直流；摘要:HVDC；摘要:换流器,0.4742144636448333,0.3624794692176338,0.9533333333333334,A32,False,False,False,high,high,high
ZH_0311,考虑准线需求响应的高比例新能源电力系统调度优化,"随着新能源装机容量与发电量占比的快速攀升,传统火电机组装机容量大幅降低,为平移新能源出力的随机性和波动性,迫切需要将负荷侧纳入调度优化。为此,提出一种考虑准线需求响应的高比例新能源电力系统调度模型。首先,构建考虑新能源出力存在极端出力和极端爬坡情况的不确定性场景集;其次,根据各节点负荷结构特点,刻画节点负荷响应能力差异,并加入正则化项对准线形状进行约束,在此基础上提出了考虑负荷响应能力的节点负荷准线模型;再次,将准线需求响应引入日前调度,建立高比例新能源电力系统两阶段调度优化模型;最后,通过对IEEE-30节点系统的算例分析表明,所提调度方法能够有效抑制新能源的不确定性,增强高比例新能源电力系统的新能源消纳能力和电力可靠供应能力。","['需求响应', '节点负荷准线', '高比例新能源', '电力调度']",T40,T39,0.0,0.0013201884377862,,0.1490588394934155,0.0094299174127587,0.4814522072815648,T40,A36,A34,7.5,0.737276785904903,标题:需求响应；关键词:需求响应；摘要:需求响应,0.2799819022203504,0.12340561360645,0.98,A36,False,False,False,needs_review,needs_review,high
ZH_0313,针对电力系统人工智能算法的数据投毒后门攻击方法与检测方案,"人工智能(artificial intelligence,AI)算法已经成为应对新型电力系统不确定性和复杂性的重要手段，其利用历史或仿真数据拟合特征与问题间的关联关系，避免了对复杂物理机理的建模分析，从而可以降低问题维度并提高计算效率。然而，AI的黑箱运行模式亦存在安全风险，攻击者可通过恶意手段影响算法模型的训练过程，在模型中植入后门，从而控制算法的输出结果，最终影响电力系统相关业务。该文分析了对电力系统AI植入后门的可行性，设计了一种针对电力系统基于数据投毒的后门攻击方法，根据系统节点入侵难度构造后门触发器致使AI对特定场景样本产生错误判别；为防御此类攻击，在模型层面和样本层面设计了后门攻击的检测方案。最后在AI驱动的暂态稳定评估案例中测试了所提攻击与检测效果。","['人工智能', '深度学习', '数据投毒', '后门攻击']",T01,T49,3.0,0.4860501205808287,关键词:深度学习,0.1549310961509127,0.0432151470059199,0.7866666666666666,T01,A26,A27,7.5,0.6941961830884763,标题:人工智能；关键词:人工智能；摘要:人工智能,0.52292902715453,0.5014013077748313,0.98,A26,False,False,False,high,high,high
ZH_0314,面向电动汽车用户的电价套餐模块化设计,"合理的电价套餐能够有效地调动电力用户主动参与需求响应的积极性,在减少供电公司的基础建设投资和运行压力的同时,提升售电公司的收益,降低用户的用电费用。针对当前电力市场中用户类型多样,市场竞争压力日增,各方对电价套餐的需求各异,且缺少合适的电价套餐以供选择的情况,提出了一种面向电动汽车(electric vehicle,EV)用户的电价套餐模块化设计方法。首先,通过采用两阶段聚类法生成典型EV用户的充电负荷曲线来确定其充电需求,其中第一阶段使用凝聚层次聚类算法,第二阶段使用K-means聚类方法。其次,运用大规模定制理论并根据典型EV用户的充电需求来设置齐备的电价套餐模块,并计算不同EV用户的个性化充电需求与各模块之间的综合相关度矢量。然后,根据该相关度矢量为每个EV用户分别选择适合的个性化模块组,并逐一配置模块组的相应个性化属性及特征值。最后,结合所选用模块及其属性合特征值配置情况构造考虑需求响应的模块化电价套餐的定价模型。算例结果表明了所提出的电价套餐设计方法是正确、可行的,能够达成供、售电公司以及用户三方共赢的局面。","['电价套餐', '大规模定制理论', '模块化设计']",T34,T11,1.0,0.0231178097990191,摘要:聚类算法,0.2428962490582386,0.1651272128501364,0.5609851463344766,T34,A35,A36,4.5,0.3938687802565276,标题:电动汽车；摘要:电动汽车,0.3476582786771244,-0.0437944267390891,0.8099999999999999,A36,False,False,False,needs_review,needs_review,high
ZH_0315,基于在线潮流反馈优化的配电网光伏电源功率公平分配策略,"大规模光伏接入配电网,光伏发电高峰期受并网点电压限制存在严重弃光,受其所在位置影响有功削减量不同导致电站间功率分配不公平。因此,提出一种基于在线潮流反馈优化的配电网光伏电源功率公平分配策略。收集配电网各节点历史电压、功率数据,搭建循环神经网络(recurrentneural network,RNN),通过训练得到节点间电压和功率的关系,结合配电网实时运行数据求解节点间实时电压灵敏度矩阵。将控制策略划分为无功控制和有功削减两种模式,分模式制定各电站初始发电计划,然后在配电网仿真模型上进行潮流计算,根据结果反馈修正发电计划,将最终结果下达电站并执行。经验证,所提策略能够有效抑制电压越限及波动,实现各电站有功削减量的公平分配。","['潮流', '光伏电站', '配电网', '电压灵敏度', '有功削减公平分配']",T49,T01,1.0,-0.0229720611245383,摘要:控制策略,0.1108510831478265,-0.1640861508895592,0.4755555555555555,T01,A31,A34,7.5,-0.0014969421676386,标题:配电网；关键词:配电网；摘要:配电网,0.1191216782497132,-0.0106924440545616,0.8,A34,False,False,False,needs_review,needs_review,high
ZH_0316,基于时段主导特征的三相不平衡台区识别及治理,间歇性家庭新能源及汽车充电桩的单相接入，加剧了台区三相不平衡问题。台区数量巨大且负荷随机性大，导致不平衡台区识别复杂，不平衡治理的人力及物力成本巨大。为减小成本和提高治理效果，该文提出了任选时段(如前日)的主导不平衡度评估及主导相分量平衡的优化方法，以筛选出严重不平衡台区，得到相间负荷转供的方案。研究发现，台区总表三相电流的时序矩阵经奇异值分解后，主导阵为原矩阵的主要成份；由其左奇异向量可表征任选时段内唯一的主导不平衡度、相间转供的方向及主导分量占比；根据右奇异向量的时序特征，可提取重载相的各单相负荷主导及次要分量。故以主导相分量平衡及次要相分量相抵为目标的优化，可避免随机组合寻优的灾难计算量，得到相间转供的单相负荷组合的有效方案。算例验证了所提方法的有效性。该文思路不追求每一时刻的精准，旨在寻求任选时段的总体最优；提出的严重不平衡台区识别及治理方法，具有较好的可行性，对提高配网的供电质量和设备安全性具有实际意义。,"['台区三相不平衡度', '奇异值分解', '主导特性', '严重不平衡台区识别', '相间负荷转供']",T27,T13,4.0,0.5174096884142543,关键词:奇异值分解；摘要:奇异值分解,-0.003376173002262,-0.1613593684696119,0.7822222222222223,T36,A31,A35,7.5,0.6131645051790484,标题:台区；关键词:台区；摘要:台区,0.0616635630534487,-0.077396391578226,0.94,A35,False,False,False,high,high,high
ZH_0317,电池储能参与传统第三道防线频率调整的协调控制策略,针对传统第三道防线难以应对低惯量电力系统频率突变的问题，提出一种电池储能参与传统第三道防线频率调整的协调控制策略。通过分析不同惯量水平下第三道防线触发条件的变化，揭示系统惯量水平对传统第三道防线频率调整的影响。建立含触发、功率分配和荷电状态限制3个模块的储能系统参与第三道防线的频率调整控制模型。利用功率分配协调控制模块对不同状态的储能组进行频率响应信号分配，充分利用各组储能的可调节容量。通过荷电状态限制模块对储能的实际充放功率进一步优化，减缓储能到达容量阈值限制的速度。案例分析表明，所提控制策略可有效提高传统第三道防线频率调整的响应效果，并为传统第三道防线的触发条件优化提供了理论参考。,"['电池储能', '第三道防线', '频率调整', '控制策略']",T49,T40,7.5,0.7277722377050673,标题:控制策略；关键词:控制策略；摘要:控制策略,0.13972671477241,0.0555159836076234,0.98,T49,A35,A14,7.5,0.713709398478878,标题:储能；关键词:储能；摘要:储能,0.104889095827664,-0.0449328680080137,0.94,A14,False,False,False,high,high,high
ZH_0319,计及占用影响的集成楼宇暖通空调负荷群配电网优化方法,"提出了一种考虑人员占用影响的集成楼宇暖通空调(heating,ventilation and air conditioning,HVAC)负荷群配电电网优化方法。首先,依据建筑围护热阻热容网络和配电网支路潮流方程构建了集成暖通空调负荷群配电网数学模型。其次,利用梯形隶属度函数模糊化占用人数并考虑其对暖通空调负荷温度调控的影响,形成包含占用松弛函数约束的暖通空调负荷群与配电网联合优化方法。最后,通过模型预测控制方法实现了集成楼宇暖通空调负荷群配电网的滚动优化控制。改进的IEEE33节点配电网系统仿真结果表明,所提出的计及占用影响的联合优化模型,在楼宇侧能够满足人员热舒适性,同时减少楼宇暖通空调负荷能耗,在电网侧则减少配电网线路损耗和节点电压的波动,有效提高楼宇侧和电网侧整体的节能水平。","['楼宇暖通空调', '配电网', '联合优化', '占用影响', '模型预测控制']",T26,T37,4.0,0.7956768996481474,关键词:模型预测控制；摘要:模型预测控制,0.6862875615126037,0.5405492832010531,0.8422222222222222,T26,A31,A27,7.5,0.6329186668536619,标题:配电网；关键词:配电网；摘要:配电网,0.112355512841765,0.0637047632404425,0.98,A31,False,False,False,high,high,high
ZH_0322,基于随机微分方程的光伏电源机电随机特性的代数建模方法及应用,以光伏电源为代表的逆变型新能源具有强随机性，且不具备转动惯量，无法套用传统发电机特性模型和电力系统机电暂态分析方法中的转子运动方程。该文研究了用于代数分析的光伏电源随机性建模方法，构造单位随机变量为Gauss白噪声，并根据光伏电源并网装置的结构建立随机微分方程，进而推导出随机微分方程的解析解，然后分析了同时考虑多随机因素时的建模方法，并通过Maple软件计算出方程的数值解，与MATLAB/Simulink平台上仿真电路的波形相对比，结果验证了所提建模方法的有效性。最后，研究了所建模型在新型电力系统机电暂态分析中的应用，通过算例得到了系统稳定性的充分条件临界值，突破了因转动惯性缺失而带来的新型电力系统机电暂态计算瓶颈。,"['光伏电源', '随机性代数建模方法', '随机微分方程', '新型电力系统', '机电暂态分析']",T16,T40,1.0,0.7126779708317421,摘要:解析解,0.1558789106683986,-0.0523002083446986,0.6155555555555555,T40,A34,A48,7.5,0.7180695249622473,标题:光伏；关键词:光伏；摘要:光伏,0.0628971671647186,-0.0137891074125188,0.94,A48,False,False,False,medium,medium,high
ZH_0325,支持新型储能发展的国际政策与中国发展模式探讨,大力发展新型储能对支撑新能源消纳，提升电力系统调节能力，构建新型电力系统具有重大意义。在深入研究新型储能产业国内外发展现状以及支撑政策导向的基础上，以重庆电网为例，对我国省级电网新型储能发展3个方面的需求及现状开展分析，同时进一步研究并指出当前新型储能盈利模式以及推动其规模化发展所面临的3个主要问题。最后从推动系统友好型“新能源+储能”发展模式、以多元化激励模式加大储能政策支持力度、从多类型市场出发完善储能交易机制3个方面提出解决思路建议，以促进新型储能产业健康发展。,"['新型能源体系', '新型储能发展', '新能源', '市场机制']",T38,T40,0.0,0.0002353942304428,,0.1604605109058071,0.0016813873603058,0.480258933653487,T38,A35,A34,7.5,0.7044950381499525,标题:储能；关键词:储能；摘要:储能,0.0550045453962035,-0.1107497275003389,0.94,A34,False,False,False,needs_review,needs_review,high
ZH_0329,柔性直流换流站供电无源交流线路电压单环控制策略研究,高比例新能源经柔性直流并网送出时无源交流线路空载加压是必不可少的环节，换流站闭环运行控制存在谐振失稳风险。针对该应用场景，提出了一种具备故障限压限流和谐振抑制能力的电压单环控制策略。首先，在考虑换流站链路延时的基础上，采用常规电压单环控制方式，分析了该场景下诱发谐振失稳的关键因素。其次，考虑故障限压限流和谐振抑制需求，提出了电压前馈和电流前馈补偿控制策略，推导了故障电流与电压单环控制器限幅和电流前馈补偿等效直流增益之间的数学关系。再次，以抑制谐振为目标，从不同频率段实现了前馈补偿器参数选择范围的解析计算和优化设计。最后，采用电磁暂态仿真模型验证所给控制策略和参数解析计算与优化设计的有效性。,"['无源交流线路', '柔性直流输电', '电压单环', '谐振振荡', '补偿控制']",T49,T14,4.5,0.4125582597414278,标题:控制策略；摘要:控制策略,0.1480346811232369,0.089701855295913,0.8699999999999999,T49,A32,A27,12.0,0.7104171261064663,标题:柔性直流；关键词:柔性直流；摘要:柔性直流；标题:换流站；摘要:换流站,0.338097775371982,0.3601223293319021,0.98,A32,False,False,False,high,high,high
ZH_0330,高海拔高速运行高铁车顶绝缘子风压分布及海拔修正,"车顶绝缘子是高铁动车组列车重要的组成部件，高海拔地区运行中车顶绝缘子在高速气流作用下周围风压分布形成负压区导致其综合气压远低于实际海拔对应的气压进而影响车顶绝缘子电气性能。该文基于计算流体力学(computational fluid dynamics,CFD)，建立仿真模型，分析高速气流作用下车顶绝缘子周围风压分布特性及影响因素，并提出高海拔高速气流综合作用下车顶绝缘子电气强度修正方法。结果表明：车顶绝缘子的风压低值分布在侧风面伞裙根部(大伞在下表面根部，小伞在上表面根部)；迎风面风压、背风面和侧风面风压的绝对值都随风速的增大呈指数增长，且海拔越低，增长越快；攻角为80°左右时将形成更明显的低压区；海拔4000m、运行速度为360km/h综合作用下车顶绝缘子形成负压相当于4599米海拔对应的气压，车顶绝缘子外绝缘修正应予以考虑。","['车顶绝缘子', '海拔', '风速', '攻角', '风压', '海拔修正']",T14,T15,2.0,0.7241376667159705,摘要:计算流体力学；摘要:仿真模型,0.344156862436292,0.0295547622569329,0.731111111111111,T14,A46,A07,4.5,0.690094923689518,标题:高铁；摘要:高铁,0.0233614678910398,-0.2136076879320138,0.8099999999999999,A07,False,False,False,medium,medium,high
ZH_0331,提升特高压直流系统送端频率稳定性的协调控制策略,随着特高压直流输电系统送端电网新能源渗透率的日益提高，系统惯量水平大幅降低，频率稳定问题日趋突出。该文综合考虑特高压直流系统与传统同步电源的频率响应特性，提出了一种主动支撑送端系统频率的多时间尺度协调控制策略，在提升系统频率稳定性的同时实现调频资源的合理利用。结合送端系统最大调频备用容量和扰动后的不平衡功率，分析了不同场景下的系统调频需求，提出了特高压直流系统的多时间尺度调频控制策略，使其同时具备惯量支撑与一次调频的能力；结合同步机一次调频最大备用容量，设计了特高压直流系统调频控制策略的死区值，实现了不同场景下特高压直流系统惯量支撑与一次调频作用的自适应切换，在保证送端交流系统频率稳定的同时实现同步机调频能力的充分利用；在此基础上，分析了不同场景下频率支撑协调控制策略的动态响应特性，进一步凸显了其相比于现有控制策略的优越性。最后，基于RTLAB实时数字仿真平台搭建了新能源基地经特高压直流送出系统的仿真模型，验证了所提频率主动支撑协调控制策略的有效性。,"['特高压直流系统', '惯量支撑', '一次调频', '协调控制', '频率稳定性']",T49,T47,4.5,0.5818841466681288,标题:控制策略；摘要:控制策略,0.2134522395928657,0.1563153333437769,0.8699999999999999,T49,A32,A37,15.0,0.770810729928425,标题:高压直流；关键词:高压直流；摘要:高压直流；标题:特高压；关键词:特高压；摘要:特高压,0.4307067656231237,0.3629337852030359,0.98,A32,False,False,False,high,high,high
ZH_0334,单相接地时LCC-HVDC换相失败时序机理研究,为准确掌握换流站交流母线发生单相接地故障时，高压直流输电系统中容易发生换相失败的换流阀，以便从原理上采取针对性更强的换相失败抑制措施，以A相故障为例推导出换流站母线电压以及换流变换相电压幅值和相角变化量故障前后随接地电阻、接地电抗之间的数学关系式，影响故障后首次换相时换相失败顺序的因素包括故障相别、系统等值阻抗、接地阻抗和换流变接线组别。进一步通过计算故障前后换流阀的换相面积比值，找出故障发生后更容易发生换相失败的换流阀。换流站母线通过电抗接地时，接地故障发生后首次换相的阀容易发生换相失败的顺序相同，A相故障时依次为Y3(Y6)、D5(D2)、D3(D6)，其余阀在故障发生后首次换相时不会发生换相失败。但通过电阻接地时，容易发生换相失败的换流阀顺序与接地电阻大小密切相关，详细推导出不同接地电阻范围内故障后首次换相时容易发生换相失败的换流阀顺序，并在PSCAD/EMTDC电磁暂态仿真软件中的CIGRE高压直流标准测试系统及实际工程模型中验证了文中理论研究结果的正确性。,"['高压直流输电系统', '单相接地', '电压变化', '相角偏移', '换相面积', '换相失败']",T14,T13,2.0,0.7054512459474637,摘要:电磁暂态仿真；摘要:PSCAD,-0.021006752594689,-0.1039196718038302,0.6711111111111111,T13,A32,A27,16.0,0.7732738561291896,关键词:高压直流；摘要:高压直流；标题:HVDC；标题:换相失败；关键词:换相失败；摘要:换相失败；摘要:换流站,0.6860547690940864,0.701956115208498,0.98,A32,False,False,False,medium,medium,high
ZH_0336,基于融合少数类过采样均衡多分类数据的改进极限学习机的变压器故障诊断方法,"针对变压器小概率故障事件导致数据集不均衡时，严重影响故障识别能力的问题，提出一种基于融合少数类过采样(synthetic minority over-sampling technique,SMOTE)算法均衡多分类数据的改进麻雀搜索算法(improved sparrow search algorithm,ISSA)优化极限学习机(extreme learning machine,ELM)的变压器故障诊断方法。首先，利用K-means算法对样本空间进行聚类，基于不平衡度选择聚类中心，利用SMOTE算法向聚类簇合成新样本以增强类内特征的聚合性；其次，针对边界区的样本，利用基于不同策略的Borderline-SMOTE算法向聚类簇合成新样本以增大类间特征的差异性；最后，利用基于Tent混沌映射的麻雀搜索算法(sparrow search algorithm,SSA)对极限学习机(extreme learning machine,ELM)模型中的输入权值和隐藏层偏置进行优化，以提高算法的全局搜索能力和模型的诊断精度。基于变压器油色谱数据的故障诊断实验结果表明：所提基于融合SMOTE均衡多分类数据的ISSA-ELM变压器故障诊断方法能够有效改善诊断模型对多数类的偏向问题，进一步提升模型的诊断精度、收敛速度和稳定性，适用于变压器非均衡数据集的多分类故障诊断。","['变压器', '故障诊断', '非均衡数据', '合成少数类过采样', '麻雀搜索算法', '极限学习机']",T36,T02,7.5,0.0133567366377322,标题:故障诊断；关键词:故障诊断；摘要:故障诊断,0.2248249931131672,0.0954052616980885,0.8746924103015055,T36,A37,A09,7.5,0.7224040718668914,标题:变压器；关键词:变压器；摘要:变压器,0.213129224177697,0.0171719419063673,0.98,A37,False,False,False,high,high,high
ZH_0337,主动换相型电流源换流器直流故障特性及恢复策略,"主动换相型电流源换流器(current source converter,CSC)兼具电压源换流器(voltage source converter,VSC)与电网换相换流器(line commutated converter,LCC)的部分优点，为高压直流输电系统提供了新方案。然而，现有对CSC直流故障特性的研究不够深入，直流故障清除与恢复的控制策略有待探索。首先，分阶段分析刻画了CSC高压直流输电系统的直流故障特性；随后，基于CSC的直流故障特性，提出了直流故障时交流过电压与振荡的抑制方法，以及直流故障后系统重启恢复的控制策略；最后在PSCAD/EMTDC仿真软件中搭建了基于CSC的高压直流输电系统，验证了CSC直流故障特性分阶段刻画分析的正确性，以及CSC直流故障抑制方法与重启恢复控制策略的有效性。","['电流源换流器', '直流故障', '交流过电压', '振荡', '恢复与重启']",T49,T14,1.0,0.0177723275171027,摘要:控制策略,0.1294290222811147,0.1269451965507335,0.5551051158243685,T49,A32,A09,8.5,0.744981715936601,摘要:高压直流；标题:换流器；关键词:换流器；摘要:换流器,0.2747228198691638,0.1784408281185782,0.98,A32,False,False,False,needs_review,needs_review,high
ZH_0338,考虑风光不确定与碳交易的区域综合能源系统双层博弈优化运行,"随着“双碳”目标的提出，多能源交互和新能源消纳的区域综合能源系统(region integrated energy system,RIES)成为研究热点。为兼顾RIES中各主体利益，文中提出一种考虑风光不确定和碳交易的RIES双层博弈优化运行策略。首先，基于多智能体技术，建立以能源销售代理商(energy sales agent,ESA)、能源运营代理商(energy operation agent,EOA)和用户代理商(energy use agent,EUA)为主体的双层多智能体系统模型；其次，针对风光出力不确定性，采用蒙特卡洛法进行随机场景生成并通过k-means聚类和同步回代消除技术进行场景削减；然后，在考虑源侧各主体运行收益、碳交易成本以及负荷侧综合需求响应基础上，搭建纵向Stackelberg博弈嵌套横向EOA非合作博弈竞价的双层博弈框架并证明Nash均衡；最后，利用改进双变异差分进化算法结合YALMIP工具箱和商业软件CPLEX在MATLAB中进行仿真分析，算例结果表明所提优化策略可有效实现各主体利益提升的同时减少弃风光率和碳排放量。","['区域综合能源系统', '多智能体', '风光不确定性', '非合作博弈', '碳交易', '综合需求响应']",T38,T39,4.0,0.5488673661064549,关键词:合作博弈；摘要:合作博弈,0.2127480217768433,0.0633383293318207,0.8422222222222222,T38,A33,A34,7.5,0.046225542883639,标题:综合能源系统；关键词:综合能源系统；摘要:综合能源系统,0.3737005219200776,0.3301824491688498,0.910848097172003,A33,False,False,False,high,high,high
ZH_0341,考虑三段式线路保护主保护范围的电网故障诊断解析模型,"当电力系统中的线路发生故障时，如果线路主保护没有发生动作，则会被认为拒动，系统将付出主保护拒动的代价。为避免主保护被认为拒动的情况，准确判断主保护的动作，提出了一种考虑三段式线路保护主保护范围的电力系统故障诊断解析模型。该模型依据线路首末两端主保护的保护范围，将线路分成3部分，并对这3部分的保护动作逻辑表达式进行细化描述，再与母线和变压器的解析模型相结合建立完整的电力系统故障诊断解析模型。并利用改进后的粒子群优化算法(particle swarm optimization,PSO)对电网中实际的故障案例进行仿真验证，证明该模型能够有效地解决线路主保护被认为拒动的情况，且实现了对电力系统故障的准确诊断。","['线路', '主保护', '保护范围', '故障诊断', '解析模型']",T36,T16,7.5,0.0617026048168422,标题:故障诊断；关键词:故障诊断；摘要:故障诊断,0.4976019276799145,0.4407328915488727,0.9278728652985264,T36,A37,A09,5.5,0.7583957649463472,摘要:变压器；标题:线路保护；摘要:线路保护,0.5213497016916148,0.2742554639024801,0.9255555555555556,A37,False,False,False,high,high,high
ZH_0344,考虑电动汽车灵活储能的交直流混合微电网功率协调控制策略,孤立交直流混合微电网集中储能荷电状态趋近充、放电临界值，容易引发微电网及其子网功率越限，从而导致系统供电不可靠。在此背景下，该文提出了一种考虑电动汽车灵活储能的交直流混合微电网功率协调控制策略。首先，根据交直流混合微电网及其子网功率盈缺状态，同时考虑混合储能中传统集中和灵活储能之间协调配合，将交直流混合微电网运行模式划分为正常、临界平衡和功率越限3种。在此基础上，根据储能荷电状态不均衡或异常、子微网越限等非正常状态进一步划分工况，以将控制目标进行细分。接着，通过分析电动汽车灵活储能、传统集中储能与互联接口变换器在同一时间尺度下的响应优先级，设计混合储能功率分配和互联接口变换器功率传输原则，并提出系统运行模式及工况间平滑切换方法。最后，基于MATLAB/Simulink搭建的交直流混合微电网仿真模型验证了所提控制策略的有效性。,"['交直流混合微电网', '电动汽车', '灵活储能', '优先级响应', '模式划分', '协调控制']",T49,T14,4.5,0.5806005760926651,标题:控制策略；摘要:控制策略,0.1250653287130246,0.147146972090465,0.8699999999999999,T49,A33,A35,7.5,-0.3932944639655584,标题:微电网；关键词:微电网；摘要:微电网,0.0489216107759714,-0.2378175997539883,0.8,A35,False,False,False,high,high,high
ZH_0352,基于抗频率偏移电感辨识的并网逆变器模型预测控制,电感参数对实现并网逆变器高精度模型预测控制至关重要，而传统电感辨识方法易受到电网频率偏移的影响，且在有功功率为零时无法使用。为提高模型预测控制中电感参数的频率鲁棒性，提出了一种基于模型参考自适应的电感在线辨识方法。首先，设计了一种二阶滑模观测器观测电网电压。其次，在不补偿低通滤波器造成观测电压幅值和相位偏差的情况下，令实际电网电压也产生相同的幅值和相位偏差，而后利用二者之间的误差与电感误差的关系建立电感辨识模型，从而克服了电网频率偏移对电感辨识结果的影响，且在有功功率为零时也可实现电感辨识。最后，将辨识出的电感参数代入模型预测控制算法，即可实现对逆变器更准确地控制。实验研究验证了所提电感辨识方法的有效性和准确性。,"['并网逆变器', '电感辨识', '模型预测控制', '滑模观测器', '频率鲁棒性']",T26,T27,7.5,0.695387002779849,标题:模型预测控制；关键词:模型预测控制；摘要:模型预测控制,0.527601099603943,0.5099071627132076,0.98,T26,A38,A25,7.5,0.7319751249343872,标题:逆变器；关键词:逆变器；摘要:逆变器,0.1436880302248383,0.0855366066741948,0.98,A38,False,False,False,high,high,high
ZH_0355,基于电动汽车两阶段充电站分配的聚合商定价方法,随着“双碳”目标的提出，电动汽车数量与日俱增，充电桩数量不足导致电动汽车充电排队时间增加、聚合商定价等问题日益凸显。针对上述问题，提出电动汽车两阶段充电站分配的聚合商定价方法。首先将聚合商与电动汽车签约模式分为完全调度、奖罚机制调度和自由调度三类，考虑外部因素对电动汽车能耗影响并建立路网模型。然后采用改进A*算法求解最短路径，在A*算法的估价函数中引入时间因子。同时根据交通能耗、不间断行驶时间、红绿灯等待时间等因素改进估价函数。聚合商根据电动汽车的充放电需求、库伦定律得到充电站对电动汽车的吸引力。再建立电网-聚合商-电动汽车供应链，并进行两阶段的合理定价及充电站分配。最后通过算例验证聚合商定价方法可以显著提高调峰效率和聚合商利润，减少电动汽车排队时间及交通能耗。,"['改进A*算法', '库伦定律', '吸引力', '充电站分配', '两阶段', '供应链']",T12,T31,4.5,0.71575642013182,标题:聚合；摘要:聚合,0.0735901155352176,-0.030311284772714,0.8099999999999999,T31,A35,A46,5.5,0.6721761724152107,标题:电动汽车；摘要:电动汽车；摘要:充电桩,0.6452154715763512,0.5934661666021548,0.9255555555555556,A35,False,False,False,high,high,high
ZH_0357,孤岛光伏并联逆变器系统的固定时间模糊反步控制策略,针对孤岛光伏并联逆变器系统存在固有的建模不确定性以及动态性能差的问题，提出一种固定时间模糊反步控制策略。首先，将滤波器参数和输出电流作为未知项，建立含有滤波器参数摄动和输出电流扰动的单台逆变器等效数学模型。其次，将固定时间Lyapunov稳定性原理、模糊逻辑控制理论和反步控制理论相结合，利用固定时间模糊反步控制器逼近系统中的未知项，以改善逆变器的输出电压。然后，基于严格的Lyapunov定理证明所提控制策略下的系统是固定时间稳定的，且稳定时间的上界与系统的初始状态无关。最后，通过两台20 kW样机验证了所提控制策略的有效性。,"['孤岛模式', '并联逆变器', '固定时间控制', '模糊控制', '反步控制']",T49,T17,4.5,0.5966880812605505,标题:控制策略；摘要:控制策略,0.2832568174608305,0.2620577232896463,0.8699999999999999,T49,A38,A34,7.5,0.3331694959248219,标题:逆变器；关键词:逆变器；摘要:逆变器,0.2765384202633725,0.3226392566058711,0.98,A38,False,False,False,high,high,high
ZH_0358,配电网站域式快速线路保护方案及其实现,"为解决现有配电线路保护越级跳闸、动作时限长以及分布式电源(distributed generation, DG)并网后保护不适用等问题，提出了配电网站域式快速线路保护及其实现方案。首先，采用基于连接点路径搜索的拓扑模型解析方法，并构建基于单向邻接矩阵的拓扑描述模型，形成保护应用拓扑矩阵。然后，分析随机投退的多类型DG并网系统相间和接地短路时的故障特征，并提取故障定位有效信息，形成故障信息矩阵。综合保护应用拓扑和故障信息生成故障定位矩阵，提出故障定位判据。最后，设计开发保护成套装置，并利用已研制样机进行基于RTplus平台的试验。试验结果证明配电线路不同位置发生不同类型故障时保护出口时间不超过60 ms，目标终端接收到跳闸命令并控制相应断路器跳闸，保护速动性和选择性要求均能得到满足。","['配电网', '站域式保护', '快速线路保护', '保护应用拓扑', '故障信息矩阵']",T36,T17,1.0,0.0383732221217409,摘要:故障定位,0.3989125732789406,0.2740944437267215,0.5777660998894707,T36,A31,A37,8.5,0.0959920453762601,标题:配电网；关键词:配电网；摘要:配电网；摘要:分布式电源,0.2376286258320845,0.080615450166564,0.9655912499138865,A31,False,False,False,needs_review,needs_review,high
ZH_0360,考虑电池储能老化和需求侧响应的交直流混合配电网动态重构方法,现有的电池储能模型一方面认为电池的充放电功率和效率为固定不变的，另一方面有关电池储能的充放电过程对循环老化的影响缺少考虑，这与电池单元本体的非线性等效电路模型相违背。因此，考虑电池储能的循环老化成本、需求侧响应，提出了交直流混合配电网动态重构方法。通过对实际电池储能的充放电功率的运行区域进行采样，在凸包络的采样点集合中将非理想状态下的电池储能模型重构为线性模型。在此基础上，分别建立了基于累积吞吐电量和放电深度的循环老化成本模型，构建了综合成本最小化的交直流混合配电网动态重构模型。并采用混合整数二阶锥规划方法求解。在改进的33节点算例上仿真验证了所提基于放电深度的循环老化成本模型的经济性，分析了交直流混合配电网重构方法经济性的影响因素。,"['电池储能', '非理想线性模型', '交直流混合配电网', '动态重构', '混合整数二阶锥规划']",T37,T12,8.0,0.6827216379765856,关键词:混合整数；摘要:混合整数；关键词:二阶锥规划；摘要:二阶锥规划,0.4541165369067577,0.3765831284041829,0.98,T37,A31,A35,7.5,-0.0045893821000388,标题:配电网；关键词:配电网；摘要:配电网,0.0708601427905634,-0.0327813007145636,0.8,A14,False,False,False,high,high,high
ZH_0362,基于抖音数据的浙江省景区村庄网络关注度的空间分异及其影响因素,文章基于抖音数据，运用位序—规模、核密度、最邻近指数等方法揭示了浙江省景区村庄网络关注度的空间分布格局和结构特征，并运用地理探测器探究了景区村庄网络关注度空间分布的影响因素。研究发现：(1)网络关注度头部景区村庄优势明显，中部和尾部景区村庄发育较差；(2)景区村庄网络关注度核密度分布整体呈现“T”字形空间聚集结构，并且在“T”字形内部呈现出五大核心集聚区；(3)三类景区村庄网络关注度核密度分布整体呈现“一低两高、分异鲜明”的空间格局；(4)地区经济水平、服务业支撑是影响整体景区村庄网络关注度空间分布的重要因子，其次是植被覆盖率、农村居民生活水平和网络普及水平等，而且影响因子交互探测结果表明，多因子作用强于单因子；(5)三类景区村庄驱动力因子影响程度各不相同，其中网络普及水平是特色休闲类景区村庄网络关注度空间分布的最大影响因子，地区经济水平是民俗文化类和自然生态类景区村庄网络关注度空间分布的最大影响因子，但植被覆盖率和空气质量是自然生态类景区村庄网络关注度空间分布作用较大的影响因子。,"['景区村庄', '网络关注度', '乡村旅游', '高质量发展', '影响因素', '抖音数据']",T48,T30,5.5,0.7419717514227883,摘要:空间格局；标题:空间分异；摘要:地理探测器,0.2735387549826252,0.1569410815913449,0.9255555555555556,T48,A45,A42,6.0,0.5946753517343935,关键词:旅游；关键词:乡村旅游,0.0690009115364725,-0.038033201897189,0.8933333333333333,A42,False,False,False,high,high,high
ZH_0363,大运河江浙段沿线城市文旅消费水平时空特征与影响路径研究,推进文旅融合发展和提升人民生活品质是大运河国家文化公园建设的内在要求和重要目标，大运河沿线城市文旅消费水平的研究为其提供理论依据与实践路径。文章以中国大运河江浙段13个城市为研究区域，从文旅消费环境、文旅消费能力、文旅消费支出和文旅消费满意度4个维度构建文旅消费水平评价指标体系，运用数理统计、模糊集定性比较分析等方法，系统探究了大运河江浙段沿线城市文旅消费水平的时空特征与影响路径。研究发现：(1)大运河江浙段沿线城市文旅消费水平呈现波动性增长态势，其中浙江段消费水平相对较高，苏州和杭州市是文旅消费水平的2个核心，江浙段沿线城市差异逐年减缓。(2)大运河江浙段沿线城市文旅消费水平的4个维度具有明显时空分异性，其中时序上文旅消费能力指数逐年增长，文旅消费满意度变动幅度较小；空间上文旅消费环境指数差异最大，而文旅消费支出和文旅消费满意度地区差异相对较小。(3)从构建“供给—需求—政策”的文旅消费组态影响因素模型分析看，文旅消费水平受资源产品基础、服务设施水平、经济收入水平、文化教育水平和政府支持引导5个变量的组态影响，高文旅消费水平组态路径可分为环境供给驱动型、内在需求驱动型和供需多元联动型。,"['文旅消费水平', '文旅资源', '文旅融合', '组态影响', '大运河江浙段']",T41,T20,1.0,0.7320310836209775,摘要:指标体系,0.1861267693761676,0.0859363115784112,0.6755555555555555,T41,A45,A25,4.0,0.5894023924422263,关键词:文旅融合；摘要:文旅融合,0.3890824031373481,0.3528742317301873,0.8422222222222222,A45,False,False,False,medium,medium,high
ZH_0364,长三角城市群旅游经济一体化形成机制与协同发展模式——基于联系网络视角,文章以2011、2016和2021年为时间点，从旅游经济规模和效益2个维度构建旅游经济发展质量综合评价体系，借助熵权TOPSIS方法、修正引力模型、社会网络分析法和GIS空间分析法，分析旅游经济联系空间分布及网络结构，刻画长三角城市群旅游经济一体化特征。结果表明：(1)长三角城市群旅游经济联系通道增多，联系强度持续增强，联系总量不断增加，区域旅游经济一体化建设取得阶段性成效，但仍表现出“富人俱乐部”与“孤岛现象”并存状态。(2)上海、南京、杭州等9个城市是长三角城市群主要旅游经济输出地，溢出效应显著，其余城市承担接收角色，核心节点城市在长三角城市群旅游经济一体化进程中发挥关键作用。(3)旅游经济联系呈现“核心—边缘”分层集聚空间结构，大社团嵌套“小世界”，由核心城市、次核心城市和一般城市共同构筑的长三角城市群等级协作体系逐渐形成。根据旅游经济一体化形成机制，提出“多核引领、四廊串联、五区联动”三位一体的长三角城市群旅游经济一体化发展模式。,"['旅游经济一体化', '旅游经济联系', '网络结构', '协同发展模式', '长三角城市群']",T43,T46,1.0,-0.5375593978496892,摘要:社会网络分析,0.2436721539261994,0.1602900153593628,0.5355555555555556,T43,A39,A45,15.0,-0.0015027223454143,标题:城市群；关键词:城市群；摘要:城市群；标题:长三角；关键词:长三角；摘要:长三角,0.2721838400534423,-0.0107337310386737,0.8,A45,False,False,False,needs_review,needs_review,high
ZH_0365,土地出让价格对国土空间格局演变的作用机制与空间效应——以长三角地区为例,揭示土地出让价格对国土空间格局演变的作用机制是纾解国土空间冲突的逻辑基础。文章采用地学图谱、综合地价和标准差椭圆模型刻画了长三角地区2007—2022年国土空间格局和土地出让价格的演变过程，并应用空间杜宾模型检验了土地出让价格对国土空间格局的影响机制和溢出效应。结果表明：（1）研究期内，长三角地区城乡建设空间增加19026.82 km 2 ，农业生产空间和生态服务空间分别减少9231.95和9794.86 km 2 ，国土空间格局演变过程由农业生产空间转为城乡建设空间和生态服务空间转为农业生产空间主导；（2）长三角地区土地出让价格快速上涨，形成东西分化的地理格局，其中上海、南京、杭州、苏州等市下辖的县域土地出让价格增加值较高，安徽省西部的土地出让价格增加值较低；（3）长三角地区土地出让价格对城乡建设空间具有显著的正向空间溢出效应，对生态服务空间和农业生产空间具有显著的负向空间溢出效应。未来应建立健全地域化、差异化和差别化的土地出让价格机制优化国土空间格局。,"['土地出让价格', '国土空间格局', '建设用地', '农业生产空间', '生态服务空间', '长三角地区']",T46,T48,4.5,-0.2799717568466779,标题:作用机制；摘要:作用机制,0.0983345315808244,0.0573445939523004,0.6699999999999999,T42,A51,A39,7.5,0.0368843906441925,标题:国土空间；关键词:国土空间；摘要:国土空间,0.3258171952567731,0.263459933172804,0.900572829708612,A51,False,False,False,medium,medium,high
ZH_0366,碳交易政策对高耗能企业碳排放强度的影响,文章基于2009—2022年中国高耗能企业的面板数据，聚焦高耗能企业碳排放，深入剖析了其时空特征并探究影响因素。结果表明：(1)高耗能企业碳排放在时间上呈阶段性变化，空间分布存在聚集特征且各地区差异明显缩小。(2)碳交易政策对高耗能企业碳排放强度具有抑制作用，且对中部地区企业、非国有企业、正增长企业及盈利企业的影响更为显著。(3)技术创新是碳交易政策减排的核心路径，绿色信贷则通过资本配置强化政策效果。为进一步降低高能耗企业碳强度，政府应进一步完善碳交易政策，加快碳交易市场建设，扩大碳交易政策的覆盖范围，加强政策工具间的协同设计；企业应加大技术创新投入，非上市高耗能企业则应借鉴上市企业的碳减排成功经验，积极实施减排措施。,"['高耗能企业', '碳交易政策', '碳排放', '技术创新', '绿色信贷', '绿色发展']",T42,T21,1.0,0.7153779855817386,摘要:面板数据,0.0609180698498308,-0.0330143887018668,0.6155555555555555,T21,A44,A40,10.5,0.4455886415502592,关键词:绿色发展；标题:碳排放；关键词:碳排放；摘要:碳排放,0.228338570835229,-0.000897458314475,0.94,A40,False,False,False,medium,medium,high
ZH_0369,国家战略驱动的跨界地区治理重构——以长三角生态绿色一体化发展示范区为例,文章以尺度重构理论和跨界治理实践为基础，构建国家战略驱动的跨界地区协同治理的分析框架，以长三角生态绿色一体化发展示范区为案例，总结了中央和地方共同推动跨界地区协同治理的内在逻辑及关键路径。结果表明：(1)国家战略驱动的跨界地区协同治理，本质上是国家通过战略赋权进行指导监督、由地方政府具体实施的柔性治理，旨在突破行政区治理思维下跨界地区的发展困境。在该模式中，国家在重构跨界地区话语体系的同时，也保留了地方在规划实施中的裁量空间，这种多层级主体跨界协同治理的模式具有渐进性和稳定性。(2)在跨界地区治理的过程中，中央政府尝试通过重构空间治理体系调和地方关系和优化地方利益分配，最终解决跨界治理事务缺乏地方政府重视、地方间竞争激烈和跨界地区治理权力行政分割等问题。在此过程中，跨界地区不仅成为国家推动地方政府事权调整的战略安排，还转型为国家和地方共同推进治理重构的空间表达。(3)国家主要借助话语体系重构、治理主体架构重构、治理权力重构3个手段构建多层级跨界治理网络，以纵向行政主体权力重组、横向地方竞合关系重构和地方间的责权关系调整为重点，针对性地解决跨界地区的分割发展问题。在中央政府动员和地方政府积极响应下，跨界地区实现了纵向的尺度跃迁和横向的要素跨界融合，进而在实现国家治理意图的同时保障了地方间利益的合理分配。,"['跨界地区', '省际毗邻地区', '尺度重构', '行政壁垒', '区域治理', '长三角']",T34,T46,0.0,0.0025582244476588,,0.1646894127887194,0.0182730317689921,0.4828140468924247,T34,A39,A09,7.5,0.7097398106929864,标题:长三角；关键词:长三角；摘要:长三角,0.0797630087838122,-0.0732870664786675,0.94,A09,False,False,False,needs_review,needs_review,high
ZH_0370,长江中游城市群数智融合对制造业绿色转型的影响及空间效应,文章以2011—2022年长江中游城市群19个城市为研究对象，运用超效率SBM模型和耦合协调度模型测算数智融合和制造业绿色转型水平，分析数智融合与制造业绿色转型的空间演变格局，并构建空间杜宾模型探究了数智融合对制造业绿色转型的影响及空间效应。研究发现：(1)长江中游城市群制造业绿色转型水平整体呈下降态势，其中环长株潭城市群下降幅度较大；空间演变上，长江中游城市群制造业绿色转型从分化转向趋同发展，各中心城市引领制造业绿色转型。(2)数智融合高—高集聚分布于武汉城市圈；低—低集聚分布于大南昌都市圈，且集聚范围随时间缩减。(3)数智融合不仅能促进本地制造业绿色转型，还能通过正向空间溢出效应促进邻地制造业绿色转型。,"['数智融合', '制造业绿色转型', '耦合协调度模型', '空间杜宾模型', '长江中游城市群']",T44,T42,4.0,0.0030045057990595,关键词:耦合协调度；摘要:耦合协调度,0.2147577599583471,0.0214607557075679,0.7055271786011876,T44,A39,A43,7.5,-0.0015684562104979,标题:城市群；关键词:城市群；摘要:城市群,0.1009740427308073,-0.0112032586464135,0.8,A43,False,False,False,medium,medium,high
ZH_0371,基于自适应虚拟阻抗的构网型变流器暂态稳定性提升策略研究,"在电网故障期间，构网型变流器(grid-forming converter, GFC)切换至限流模式将引起功率输出不可控，并可能导致暂态失稳。为了确保GFC在故障期间能够同时满足电流限制并保持与系统同步稳定的要求，同时解决故障清除后出现的暂态过电流问题，提出了一种提升暂态稳定性的自适应虚拟阻抗控制策略。首先，基于GFC暂态运行的功角曲线分析，提出了GFC的暂态稳定运行条件。其次，分析暂态过程中虚拟阻抗对故障过电流限制和同步稳定性的影响规律，提出了一种自适应虚拟电感的闭环控制策略来提高同步稳定性，并采用自适应虚拟电阻限制故障过电流。最后，通过单机无穷大系统硬件在环实验测试和8总线系统仿真，验证了所提控制策略在故障期间不仅可以有效限制故障过电流和稳定输出功率，并在故障恢复瞬间不产生峰值功率和电流。","['构网型变流器', '暂态稳定性', '虚拟阻抗', '电流限制', '同步稳定性']",T49,T13,8.5,0.7774780212226062,摘要:控制策略；标题:暂态稳定；关键词:暂态稳定；摘要:暂态稳定,0.5251426032905883,0.410557294447187,0.98,T49,A38,A37,15.0,0.7141000459182876,标题:构网型；关键词:构网型；摘要:构网型；标题:变流器；关键词:变流器；摘要:变流器,0.4187456501888835,0.3007146137020545,0.98,A38,False,False,False,high,high,high
ZH_0372,长三角地区国土开发强度与城市宜居性的适配及其影响因素,文章在构建国土开发强度与城市宜居性评价体系基础上，采用综合适配模型、最优参数地理探测器等方法，对2005—2022年长三角地区国土开发强度与城市宜居性适配时空特征及其影响因素进行了深入探讨。结果表明：(1)研究期内两系统呈波动增长趋势，国土开发强度由2005年的0.071上升至2022年的0.570，城市宜居性从0.087增至0.704。(2)适配类型由初期的较不适配转变为末期的相对适配，空间集聚特征显著，高值区存在一定空间锁定特征。(3)自然环境、经济发展对适配度的影响力较强，经济发展与其他因子的交互作用显著，在自然环境、经济发展、城市建设、政策支持等多方面因素的合力作用下适配度逐渐提升。,"['国土开发强度', '城市宜居性', '适配', '自然环境', '经济发展水平', '城市建设', '长三角地区']",T48,T17,1.0,0.7102473800644001,摘要:地理探测器,0.0527355004667878,-0.06966157096857,0.6155555555555555,T17,A39,A05,7.5,0.7163568535570062,标题:长三角；关键词:长三角；摘要:长三角,0.0640371314835457,-0.0260224745928122,0.94,A05,False,False,False,medium,medium,high
ZH_0375,多策略改进DBO算法与KELM的变压器故障辨识,,"['变压器', '故障诊断', '多策略改进蜣螂算法', '核极限学习机', '核主成分分析']",T36,T02,3.0,0.0138705338298562,关键词:故障诊断,0.3651351453237753,0.0990752416418307,0.5619242538795085,T36,A37,A09,6.5,0.7568208302116851,标题:变压器；关键词:变压器,0.4127025971697261,0.2630059300834653,0.8811111111111111,A37,True,False,False,needs_review,needs_review,high
ZH_0376,基于构网变流器的新能源场站暂态电压分散协同控制策略,"为充分利用构网控制的电压源特性，协同场站内多无功源进一步提升新能源场站对高比例新能源电力系统的暂态电压主动支撑能力，提出了基于构网变流器的新能源场站暂态电压分散协同控制策略，包括多无功源暂态电压控制改进策略和容量配置方法两方面。首先，对场站无功源的基本特性进行分析。然后，构网变流器增加了基于无功补偿的暂态控制，提高暂态内电势电压。跟网变流器和静止同步补偿器(static var generator, SVG)分别通过暂态有功/无功自适应变化控制策略、暂态参考值变化策略，增大两者的暂态无功出力。静止无功补偿器(static var compensator, SVC)采用暂稳态切换控制策略，由稳态的无功控制切换为电压控制，以进一步提高电压调节水平。同时基于最大暂态电流和补偿容量需求提出多无功源的容量配置方法。最后，构建弱电网下暂态电压主动支撑典型场景，验证了所提分散协同控制策略提高了场站的暂态电压支撑能力，挖掘了构网控制在场站主动暂态电压支撑方面的作用。","['构网', '暂态电压', '主动支撑', '新能源', '分散协同控制']",T49,T24,4.5,0.7340940079617112,标题:控制策略；摘要:控制策略,0.1918192786155497,0.1006714854407944,0.8699999999999999,T49,A38,A34,5.5,0.7546979761941683,摘要:SVG；标题:变流器；摘要:变流器,0.3320749716986445,0.247842687101203,0.9255555555555556,A38,False,False,False,high,high,high
ZH_0377,高渗透率下计及并网逆变器动态性能的新型锁相环设计方法及鲁棒性分析,针对高渗透率下并网逆变器输出阻抗与电网阻抗之间相互耦合引发系统稳定性和动态性能下降的问题，从优化锁相环控制结构角度考虑，提出一种基于前馈补偿的新型锁相环设计方案。首先，建立考虑锁相环影响的并网逆变器输出阻抗模型，基于此模型对传统锁相环和惯性锁相环特性进行分析，结果表明二者在弱电网下面对电网扰动时系统的动态和稳态性能均有所下降。为解决上述问题，通过对闭环系统零极点进行合理配置，推导出基于前馈补偿的新型锁相环结构小信号模型，同时给出参数设计方法并对其系统性能进行详细分析。分析表明，所提新型锁相环能够在提供附加惯性与阻尼的同时提升系统鲁棒性，有效解决弱电网下锁相环引起的系统稳定性与动态性能下降的问题。最后，通过RT-LAB硬件在环实验验证所提新型锁相环设计方案的有效性。,"['高渗透率', '并网逆变器', '新型锁相环', '零极点配置', '鲁棒性']",T13,T49,0.0,0.0095659302770279,,0.1766252547632876,0.0683280734073422,0.4905225233047307,T13,A38,A49,7.5,0.7450365861141874,标题:逆变器；关键词:逆变器；摘要:逆变器,0.2230913041588579,0.1788327579584814,0.98,A38,False,False,False,needs_review,needs_review,high
ZH_0378,业态分类视角下湖南省乡村旅游产业空间分布特征及影响机理,文章从业态视角界定乡村旅游产业内涵，以11537个乡村旅游业态POI数据为研究对象，运用平均最近邻指数、核密度估计、冷热点分析、地理探测器等方法分析湖南省乡村旅游产业的空间分布特征，并剖析其影响因素及作用机理。结果表明：(1)湖南省乡村旅游产业总体呈集聚分布态势，呈现“一极多核，多处点状聚集区”的分布格局，核心区以长沙市为中心，向湘潭、株洲辐射；主要表现为“环城、沿路、依景、趋平”的空间特征。(2)乡村旅游产业空间分布差异显著。休闲度假类集聚程度最高，NNI值为0.256，且其核心集聚区与总体乡村旅游产业核心集聚区相吻合；农事体验类、历史文化类和自然风景类均表现出多核心网络状分布特征，分布范围较广。热点区主要集中于长沙和张家界。(3)乡村旅游产业空间分布受资源禀赋、政策支持、自然环境、经济水平、客源市场和交通条件等因素的共同交互影响。资源禀赋是主导因素，海拔与3A级及以上旅游景区交互后q值解释力度最大，为0.246。因子探测结果表明，多因素共同驱动形成“资源禀赋主导—政策支持引导—自然环境与交通条件驱动—经济水平与客源市场拉动”的交互影响作用。基于研究结果，最后提出了促进湖南省乡村旅游产业高质量发展的对策建议。,"['业态分类', '乡村旅游产业', '高质量发展', '空间分布', '湖南省']",T48,T30,1.0,0.7270847448286641,摘要:地理探测器,0.174420812921862,0.0506053202047434,0.6755555555555555,T48,A45,A46,15.0,0.6992245779312288,标题:旅游；关键词:旅游；摘要:旅游；标题:乡村旅游；关键词:乡村旅游；摘要:乡村旅游,0.2232651672656177,0.1944612709373491,0.98,A45,False,False,False,medium,medium,high
ZH_0379,文旅高质量融合发展的理论建构与研究展望,文化和旅游高质量融合发展具有强烈的新质生产力发展特性，是推进我国经济高质量发展的重要内容，探索新时代新征程的文旅高质量融合发展研究迫在眉睫。文章科学梳理中国文旅关系的学术史，聚焦文旅高质量融合发展的理论阐释和实践路径，从文旅高质量融合发展认识层面的理论与现实逻辑、概念层面的研究框架和实践层面的类型谱系3个方面建构中国文旅高质量融合发展的理论体系。未来，在研究实践中需重点关注文旅高质量融合发展的场景营造与主体互动、驱动机制、实践路径和政策体系等科学议题。研究期望建立文旅高质量融合发展的“典型案例库”，不断深化文旅高质量融合发展的体系化研究、学理化阐释，对于构建我国文旅发展自主知识体系具有重要意义。,"['文旅融合', '高质量融合发展', '新质生产力', '理论体系', '场景营造', '实践路径', '政策体系']",T06,T46,0.0,0.0001835800611808,,0.1568414767323136,0.0013112861512918,0.4802019380672989,T06,A45,A30,4.0,0.7588543478048531,摘要:旅游；关键词:文旅融合,0.4105056538556597,0.2775310557489507,0.8422222222222222,A45,False,False,False,needs_review,needs_review,high
ZH_0383,新型同送同受路径的多回直流系统交互影响及协调恢复分析,青豫与天中特高压直流已形成近似同送同受路径的多回直流输电系统，其送受端的网架结构和子系统间的交互特性更加复杂，因此故障交互影响和协调恢复问题是目前系统稳定研究的焦点。量化分析了多回直流各子系统电压交互特性，重新修订了适用于评价多回直流系统的交互因子和有效短路比，推导出实用的多回直流协调恢复因子实用计算方法。在此基础上，提出了由多回直流协调恢复因子指导恢复秩序、通过各子系统非线性低压限流环节控制配合的多回直流协调恢复策略。最后经过多回直流系统等值模型仿真测试，表明所提协调恢复策略控制效果最优，所推导的多回直流协调恢复因子工程实用性强。,"['多回特高压直流输电系统', '电压交互特性', '协调恢复策略', '低压限流环节']",T40,T14,1.0,0.7191402052046979,摘要:等值模型,0.1295474311108062,-0.0061413913950149,0.6155555555555555,T14,A32,A24,8.0,0.7930271219710019,关键词:高压直流；摘要:高压直流；关键词:特高压；摘要:特高压,0.6178811773611624,0.5216222997928706,0.98,A32,False,False,False,medium,medium,high
ZH_0384,全域视角下旅游廊道构建与网络体系评价——以渭南市为例,随着全域旅游战略的深入推进，旅游廊道体系的构建及其空间布局的优化已成为推动文旅产业融合发展与实现可持续发展的必然路径选择。文章以陕西省渭南市为例，根据旅游热度值识别旅游源地，进而采用MCR模型和重力模型提取渭南市的旅游廊道，并对不同情景的旅游网络结构进行了分析和评价。结果表明：(1)渭南市44个旅游源地与118条旅游廊道构成全域旅游空间的基本格局，其中包括44条一级廊道，15条二级廊道和59条三级廊道，廊道总长2423.02 km，识别出旅游“夹点”46处，障碍点28处。(2)根据旅游源地的不同模拟情景，增“源”全面发展情景对旅游网络系统的效能提升有限，优化减“源”发展情景比增“源”全面发展情景对网络系统的改善更加有效。(3)根据旅游综合阻力值，将渭南市旅游发展空间划分为旅游发展极重要区、重要区和一般重要区，并针对性地提出差异化的旅游发展策略，为渭南乃至全国文旅融合高质量发展提供了科学依据。,"['旅游廊道', '旅游网络', '旅游源地', '文旅融合', '渭南市']",T15,T22,0.0,0.0040393475604347,,0.1290555304272149,0.028852482574534,0.4844432823164782,T15,A45,A42,11.5,0.7673777935462207,标题:旅游；关键词:旅游；摘要:旅游；关键词:文旅融合；摘要:文旅融合,0.4443930592110292,0.3384128110444337,0.98,A45,False,False,False,needs_review,needs_review,high
ZH_0386,城乡融合发展：政府和市场作用的空间分异,地理环境对政府和市场这两种推动城乡融合发展的力量起制约作用，导致两者作用的空间分异。文章在构建城乡融合发展和地理环境评价指标体系的基础上，基于2010—2020年湖南省122个县域的面板数据，从时空维度运用计量模型方法实证探讨了城乡融合发展中政府和市场作用的空间分异特征。结果表明：(1)政府和市场都显著地推动了湖南省各县域的城乡融合发展，但总体上政府作用大于市场作用，市场在推动湖南城乡融合发展中的作用还有很大的提升空间。(2)地理环境对湖南各县域的城乡融合发展起制约作用，地理环境对政府和市场作用的发挥存在门槛效应，并表现出很强的空间分异特征：地理环境好的县域，市场推动城乡融合发展的作用大于政府；地理环境差的县域，政府的作用大于市场。据此，文章提出了在城乡融合发展决策中有效实现政府作用和市场作用分别与各地区地理环境状况相匹配的对策建议。,"['城乡融合发展', '政府作用', '市场作用', '地理环境', '门槛效应', '空间分异']",T41,T48,1.0,-0.6440558372342133,摘要:指标体系,0.0302527961769646,-0.1432559802443817,0.4755555555555555,T48,A41,A45,7.5,0.7566724324786753,标题:城乡融合；关键词:城乡融合；摘要:城乡融合,0.3563366330969409,0.2619459462762524,0.98,A41,False,False,False,needs_review,needs_review,high
ZH_0387,民营经济强镇的企业空间格局及其影响因素——以晋江市陈埭镇鞋服企业为例,文章以“中国鞋都”——晋江市陈埭镇为例，基于全域鞋服企业和相关建成环境、社会经济数据，综合采用核密度估计、标准差椭圆、空间自相关和地理加权回归模型等方法，系统解析了陈埭镇鞋服企业空间格局及其影响因素。研究发现：(1)陈埭镇鞋服企业呈现出“多点集聚、少量带状分布”的空间特征，不同产业链环节企业空间分异明显。(2)建成环境主要影响制造环节，社会经济、设施条件主要影响上游设计研发、下游包装销售环节，营商环境主要影响上游设计研发、中游成品制造环节，上述因素的影响呈现明显的空间异质性。研究结论可为民营经济强镇产业空间优化、经济健康可持续发展提供借鉴。,"['民营经济强镇', '企业空间格局', '晋江模式', '鞋服企业', '产业集聚', '产业链', '建成环境']",T48,T44,9.5,0.733825328332658,摘要:空间自相关；标题:空间格局；关键词:空间格局；摘要:空间格局；摘要:空间分异,0.1829869116970885,0.0987523452332716,0.98,T48,A43,A19,4.0,0.736252148474984,关键词:产业链；摘要:产业链,0.204875912286071,0.1160867748213144,0.8422222222222222,A43,False,False,False,high,high,high
ZH_0388,基于MIGDT的工业园区综合能源系统鲁棒运行优化,"需求响应和可再生能源接入给综合能源系统(integrated energy systems, IES)运行带来了诸多不确定性和灵活性，增加了系统运行优化的复杂度。为提高含可再生能源的IES运行经济性和可靠性，研究了集成装配制造系统的工业园区IES鲁棒运行问题。首先，深入分析了工业园区中集成装配制造系统的需求响应特性，构建了以系统运行成本最小化为目标的工业园区IES优化模型。其次，针对风光出力的不确定性，提出了一种基于多目标信息间隙决策理论(multi-objective information gap decision theory, MIGDT)的鲁棒双层运行模型，并设计了一种结合随机二分法与GUROBI求解器的双层求解算法。最后，通过算例对所提模型和不确定处理算法的有效性进行验证，并与确定性优化和随机优化方法进行对比，验证了所提模型和方法的有效性。","['综合能源系统', '运行优化', '需求响应', '鲁棒优化', '不确定性']",T39,T13,4.0,0.5533756625556201,关键词:鲁棒优化；摘要:随机优化,0.2205697429406413,0.0955404468258573,0.8422222222222222,T39,A33,A36,7.5,0.351861656724885,标题:综合能源系统；关键词:综合能源系统；摘要:综合能源系统,0.2908034727247108,0.1132975480348932,0.98,A33,False,False,False,high,high,high
ZH_0393,长江中上游地区承接东部地区产业转移的实证分析,"运用产业梯度系数和产业相对梯度系数分析方法对长江中上游各省区重点承接东部沿海地区产业进行实证分析。首先,通过产业梯度系数的测度确立东部沿海地区和长江中上游地区开发开放的优势产业,实证表明东部沿海地区产业存在向长江中上游地区转移的客观条件和动力。其次,根据产业相对梯度系数计算东部沿海地区产业梯度系数与长江中上游地区产业梯度系数的比值,明确长江中上游各省区重点承接的产业。最后,从促进长江中上游地区承接东部沿海地区产业转移、优化长江中上游地区产业结构及进一步推动长江中上游地区经济良性发展的角度提出政策建议。","['产业转移', '产业梯度', '重点产业', '长江中上游地区', '长江经济带']",T31,T07,0.0,0.0011535287089521,,0.0791415189545231,0.0082394907782298,0.4812688815798474,T31,A43,A03,8.5,0.7535732221294068,摘要:产业结构；标题:产业转移；关键词:产业转移；摘要:产业转移,0.3548379006613904,0.2398087294957627,0.98,A43,False,False,False,needs_review,needs_review,high
ZH_0397,湖南政府投融资平台融资风险测度实证研究,"基于微观视角,考虑单笔融资的情形,建立了基于Credit Metrics模型的一维融资风险度量模型;进而考虑多笔融资间的非线性关系,结合Copula函数建立了多维融资风险度量模型。分别选择湘北的长沙市GXKG集团、湘南的郴州市CJT公司、湘西的张家界市JFT集团作为实证对象,度量和对比了不同经济发展水平区域下的三家平台公司的融资风险状况,探寻了差异性的来源,并提出了相关政策建议。","['政府投融资平台', '融资风险', 'Credit Metrics模型', 'Copula函数']",T05,T24,0.0,0.0022851537013203,,0.2426862741911803,0.0163225264380025,0.4825136690714524,T05,A50,A09,7.5,0.698692225364435,标题:融资；关键词:融资；摘要:融资,0.0515614225813471,-0.1521983902540352,0.94,A09,False,False,False,needs_review,needs_review,high
ZH_0398,深化科技与金融结合 赋能企业高质量创新,我国推动科技与金融结合已历经40余年，现已基本形成了覆盖企业技术创新不同环节的科技金融体系。当前我国已经进入高质量发展新阶段，面临新的发展形势，对科技金融提出重大挑战和突出问题，亟待进一步升级发展。面向新需求建议完善基于创新规律的融资体系，构建差异化定位、一体化链接的科技金融服务系统；大胆创新金融制度，探索建立全国政策性科技银行、在“新三板”建立终身保荐人制度等新举措；进一步明确政府创业投资基金的功能定位，培育“耐心”资本，引导社会资金“投科”“投小”“投早”“投长”；优化创新导向的政策环境，为科技与金融结合提供有力保障。,"['科技金融', '企业', '技术创新', '创新链']",T46,T31,0.0,0.0045958298112361,,0.1152955780514488,0.0328273557945437,0.4850554127923597,T46,A50,A40,10.5,0.4303135589767081,标题:金融；关键词:金融；摘要:金融；摘要:投资；摘要:融资；摘要:银行,0.2694311224660067,-0.110005190982697,0.94,A40,False,False,False,needs_review,needs_review,high
ZH_0400,基于影子价格和空间误差面板数据模型的配电网投资优化方法,"针对目前配电网的投资分配忽略地理邻接及电网互联影响的问题,提出了一种基于影子价格和空间误差面板数据模型的配电网投资优化方法。首先建立由底层指标和目标层指标构成的评价体系,利用最优化问题的求解方法求解各底层指标的影子价格和最优解。据此,结合各层指标权重得出配电网综合评分。引入空间误差面板数据模型,根据综合评分结果,构建投资效益测算模型。以综合评分最高为目标,通过寻优得出效益最大化的投资额分配方案。以贵州省五个地区配电网的实际数据为例进行投资分配。算例分析结果表明,所得投资分配方案符合各地区配电网的发展情况,可以实现投资效益的最大化。","['配电网', '综合评价体系', '影子价格', '空间误差面板数据模型', '投资效益']",T42,T41,7.5,0.4325272251519524,标题:面板数据；关键词:面板数据；摘要:面板数据,0.2270185186147645,0.0037658939425169,0.98,T42,A31,A50,7.5,0.0119176065841828,标题:配电网；关键词:配电网；摘要:配电网,0.149874939949069,0.0851257613155912,0.8731093672426011,A31,False,False,False,high,high,high
ZH_0401,长江中游城市群环境压力的时空特征——以工业SO2排放为例,"采用工业SO排放总量作为环境压力的衡量指标,基于自然正交函数(EOF)揭示了长江中游城市群工业SO排放量的时空演变特征,将工业SO排放的空间异质性纳入STIRPAT模型分析框架中,通过地理加权回归(GWR)模型进行空间变系数的驱动因素分析。结果表明:长江中游城市群工业SO排放总体处于上升态势,但增加速度呈现明显的减缓趋势。EOF第一模态结果显示,SO排放量以武汉和长株潭为中心向周边地区扩散。低值地区集中在江西的东南部和湖南的西南部。第二模态结果显示,SO排放量增加速度较快的城市大部分位于湖北的宜昌、荆州、黄冈地区和湖南的株洲、衡阳、永州地区以及江西的萍乡、新余和赣州地区,SO排放量增加速度减缓的地区则是三省省会城市及其相邻地市。驱动因素分析结果显示,SO强度、人口、第二产业比重和人均GDP是SO排放的主要影响因素,并且各个因素存在明显的空间差异。因此,各个地区必需制定区域差异化的环境保护政策。","['绿色发展', '减排', '工业SO', '排放量', '自然正交函数', '地理加权回归', '长江中游城市群']",T23,T31,0.0,0.0003630327471006,,0.0817243144276056,0.0025930910507185,0.4803993360218107,T23,A39,A44,8.5,0.4614111062320556,标题:城市群；关键词:城市群；摘要:城市群；摘要:区域差异,0.1053856694344858,-0.0319374764937194,0.94,A44,False,False,False,needs_review,needs_review,high
ZH_0402,国立科研机构形象资产管理体系的规划与思考,"形象资源的建设与维护是当代公共机构必须面对的使命,是组织影响力和发展空间的重要组成部分。而将组织的形象资源转化为形象资产进行管理则是新的理论及实践探索,其理论主要借鉴自无形资产计量方法和智力资本管理理论。文章诠释了形象资产管理的核心概念与内涵,思考了相应的建设路径,在理论解析基础上,将建设视野聚焦于国立科研机构这一""国有资产+科技共同体""的专有类型,期望提炼出将该类型机构的形象资源转化为形象资产进行管理的路径特征。文章以中科院形象资产体系的架构和工作规划清单的先期探索为案例,希望能为国立科研机构形象资产管理体系建设提供管理方法与推进路径的参考。","['形象资源', '形象资产', '体系构建', '规划清单', '评估模型', '科学传播']",T10,T13,0.0,0.0077163725986378,,0.184974393214203,0.055116947133128,0.4884880098585016,T10,A48,A21,4.5,0.7517455505743317,标题:科研机构；摘要:科研机构,0.4648494069483209,0.2267539326737982,0.8699999999999999,A48,False,False,False,needs_review,needs_review,high
ZH_0403,城乡一体化发展背景下中国农村土地管理制度创新研究,"在对当前中国农村土地管理制度中存在的问题进行深入剖析基础上,结合城乡一体化发展的内涵,从制度改革协调联动性、整体性角度出发,设计了农村土地管理制度改革的Land-PPET框架。通过对农村土地产权、规划、征收和流转制度的创新研究,以明晰集体土地所有权、宅基地使用权、农地承包经营权的主体、年限和范围;转变规划理念,科学开展农村土地规划,积极引导多方主体参与规划的编制,有效引导村庄建设发展;提高土地征收补偿标准,严格限定征收范围,完善征地手续,保证征地的公平;有序开展土地流转,探索改革农村住宅用地供地模式,推进农村宅基地确权流转市场化,解决农村土地管理制度中存在的问题,促进城乡一体化发展。","['城乡一体化发展', '农村土地管理', '制度创新', 'Land-PPET框架', '中国']",T46,T07,0.0,0.0010545671076306,,0.1400030127529957,0.0075326221973616,0.4811600238183937,T46,A42,A24,9.5,0.6972809458217033,标题:农村；关键词:农村；摘要:农村；摘要:土地流转；摘要:宅基地,0.3720724882377283,0.3790744250422421,0.98,A42,False,False,False,needs_review,needs_review,high
ZH_0404,政府主导型区域经济一体化对周边城市发展的影响差异分析——基于工业水平视角的PSM-DID实证研究,"以政府主导型区域经济一体化对周边城市经济增长的影响及机制作为研究内容,采用2000—2016年中国277个城市面板数据,运用双重差分倾向得分匹配法(PSM-DID)进行实证检验。研究发现:①政府主导型区域经济一体化能够促进周边城市的经济增长,对工业水平中等的周边城市的经济增长效果最大,工业水平较高的周边城市效果次之,工业水平较低的周边城市效果最低。②政府主导型区域经济一体化促使周边城市政府增加财政投入和提高第二产业就业比来增强其城市竞争力。③政府主导型区域经济一体化对于不同工业水平周边城市的全社会固定资本投资和劳动力流动的作用具有异质性。","['区域经济一体化', '周边城市', '政府干预']",T42,T10,10.0,0.7412943525331568,摘要:面板数据；标题:DID；摘要:DID；标题:PSM；摘要:PSM,0.2445729349156284,0.1521025180939769,0.98,T42,A39,A50,7.5,0.660320122256392,标题:区域经济；关键词:区域经济；摘要:区域经济,0.2754326467953918,0.2594294446885146,0.98,A39,False,False,False,high,high,high
ZH_0405,企业技术创新在世界科技强国建设中的地位和作用,"2016年5月30日,习近平总书记作了""为建设世界科技强国而奋斗""的重要讲话,在新中国成立100年时使我国成为世界科技强国。之后,引起社会各界热烈讨论,为了实现这一战略目标,企业必须把技术创新放在长远发展的头等重要位置。在发展过程中,腾讯公司始终把技术创新放在第一位,并采取了一系列举措,取得了一定成效。文章最后从企业角度提出了加快世界科技强国建设的几点建议。","['企业', '世界科技强国', '作用']",T31,T07,0.0,0.0021161070848466,,0.0746544327591946,0.0151150506060475,0.4823277177933313,T31,A40,A50,4.5,0.7501821969353739,标题:技术创新；摘要:技术创新,0.2795028067690193,0.2155871209669565,0.8699999999999999,A40,False,False,False,needs_review,needs_review,high
ZH_0406,基于分层定位模型的含DG配电网故障定位方法研究,针对现有配电网故障定位算法在含DG的故障定位中存在耗时长、准确率低等问题，提出了一种将分层模型与改进免疫算法相结合用于含DG的配电网故障定位方法。简化配电网模型，使用改进的免疫算法定位故障区域，并使用改进的免疫算法对故障区域进行二次定位。通过试验对单点故障和多点故障进行分析，验证了所提方法的优越性。试验结果表明，相比于传统的故障定位方法，所提方法引入了分层理论，有效降低了故障节点的搜索维数，在保证速度的情况下，具有较高的故障定位精度。,"['配电网', '分布式电源', '故障定位', '分层模型', '免疫算法']",T36,T10,7.5,0.7561074083067587,标题:故障定位；关键词:故障定位；摘要:故障定位,0.375261848708592,0.2579100593339908,0.98,T36,A31,A37,10.5,0.705806121300632,标题:配电网；关键词:配电网；摘要:配电网；关键词:分布式电源,0.1928142048029293,-0.101384847852628,0.94,A37,False,False,False,high,high,high
ZH_0407,“一带一路”沿线国家投资环境评价,"长期以来,以中国为代表的发展中国家处于世界边缘,被动地纳入了经济全球化进程中。随着""一带一路""倡议的提出,中国正逐步改变其参与经济全球化的方式,积极主动地推进和建立更为包容的经济全球化。文章根据2014—2017年中国与""一带一路""沿线国家关系数据及东道国属性数据,构建包括关系联系与东道国特征的评价体系,重点考察各要素时空分布差异,评价""一带一路""沿线国家的投资环境。通过对各国投资环境的聚类分析,将""一带一路""沿线国家分为6大类,进一步利用主成分分析法对""一带一路""沿线国家投资环境进行打分。研究结果表明,中国应继续巩固其与主要贸易伙伴国家之间的贸易和投资联系,同时挖掘西亚北非、西欧、中亚部分国家的潜在投资机会,加强合作,实现互联互通。","['投资环境', '评价体系', '经济全球化“', '一带一路”沿线国家', '地缘政治', '贸易联系', '营商环境']",T02,T21,0.0,0.003436017770692,,0.1337814395571736,0.0245429840763717,0.4837796195477612,T02,A50,A07,19.0,0.7894319100221325,标题:投资；关键词:投资；摘要:投资；关键词:贸易；摘要:贸易；标题:一带一路；关键词:一带一路；摘要:一带一路,0.5427029612233327,0.495942214443804,0.98,A50,False,False,False,needs_review,needs_review,high
ZH_0409,辽宁省乡村多功能评价和演变特征分析,"在界定乡村多功能性的基础上,构建乡村多功能评价指标体系,运用改进熵值法计算指标权重和各年份功能得分,通过全局空间自相关和纵向比较系数模型辨识乡村多功能演变特征,采用主成分回归分析乡村多功能演变的影响因素。结果表明:各功能具有显著的空间自相关性,存在空间集聚特征,并呈现弱化的趋势;粮食主产区范围有所扩大并不断西移,经济发展和生活保障呈现由中心区域向外围扩散的特点,生态保育高水平区域向辽宁东部长白山地和西部山地集中;乡村多功能变化具有显著的空间差异性,部分地区存在一定的空间集聚特征,总体呈现增强趋势;乡村多功能演变是内核系统因素和外缘系统因素交互影响的结果;粮食生产功能主要受自然禀赋、农业机械化和作物结构的影响,经济发展和生活保障功能与农业现代化、工业化、城镇化、全球化进程中的人口、产业转型和基础设施建设密切相关,生态保育功能则主要受自然禀赋的影响。","['乡村多功能', '社会需求', '乡村振兴战略', '粮食生产', '生态保育', '工业化', '城镇化']",T48,T41,1.0,-0.0058774940342939,摘要:空间自相关,0.0748174956695966,-0.0419821002449565,0.4755555555555555,T31,A42,A41,8.0,0.3927319022073325,摘要:农业；关键词:乡村振兴；关键词:粮食；摘要:粮食,0.3852267297134484,0.2337993014809473,0.98,A42,False,False,False,needs_review,needs_review,high
ZH_0410,基于可达性的医疗服务功能空间分异特征及其服务强度研究——以河北省张家口市为例,"基于张家口市诊所、专科医院、综合医院三种类型的医疗服务点、交通网络、城镇村建设用地数据,采用GIS可达性空间分析与统计方法,对张家口市医疗服务功能空间分布特征进行制图,系统分析了张家口市医疗服务功能空间分异特征及其服务强度。结果表明:张家口市医疗机构点均呈现集聚分布态势,集聚程度由强到弱依次为专科医院>综合医院>诊所。专科医院与综合医院服在不同等级功能区的服务功能分布特征及服务强度分布趋势基本一致,而诊所医疗机构的服务功能及其服务强度远大于前两者,但仍存在9.46%和0.53%的建设用地面积诊所医疗服务可达性时间分别超过30 min和60 min。医疗服务总功能及其服务强度以中部市区为中心,以及各区、县城中心为次中心向外围逐渐减小,边远山区医疗服务较低。张家口市医疗服务资源配置区域分配不均衡,尤其在赤城县、沽源县、康保县、尚义县和张北县等乡村地区服务功能较弱。","['医疗服务功能', '服务强度', '空间分异', '可达性', '张家口市']",T48,T30,8.5,0.7362738656826564,摘要:GIS；标题:空间分异；关键词:空间分异；摘要:空间分异,0.24848881143511,0.1162418977332602,0.98,T48,A46,A36,8.5,0.7266982134301865,摘要:交通；标题:可达性；关键词:可达性；摘要:可达性,0.185840660366526,0.0478443816441894,0.98,A46,False,False,False,high,high,high
ZH_0414,大规模新能源基地经特高压直流送出系统中长期运行方式优化方法,大规模新能源基地经特高压直流送出是我国未来新能源消纳的重要形式，合理优化特高压直流中长期运行方式，是提高新能源基地外送消纳能力的重要基础。提出了基于时序生产模拟的大规模新能源基地经特高压直流送出系统中长期运行方式优化方法。首先，考虑生产模拟计算准确性与复杂度的要求，建立了不同类型光热电站、火电机组和储能电站的聚合运行模型；然后，考虑特高压直流运行模式、灵活调节性能和受端电网负荷调峰需求，建立了不含整数变量的特高压直流运行模型。最后，建立了以新能源最大化外送消纳为目标，考虑各类电源与特高压直流运行约束的中长期运行方式优化模型，提出了基于逐周计算的全年8760h生产模拟计算方法。算例基于含风电/光伏/光热/火电/储能的大规模新能源基地开展测试，结果表明所提出方法能够优化特高压直流年/月运行曲线，实现新能源的最大化外送消纳，计算准确性与效率能够满足工程实用性需求。,"['新能源基地', '特高压直流', '时序生产模拟', '光热发电', '中长期运行方式']",T12,T15,1.0,0.6961816233251791,摘要:聚合,-0.0120426639641735,-0.1701312619630066,0.6155555555555555,T15,A32,A34,15.0,0.6415550267735757,标题:高压直流；关键词:高压直流；摘要:高压直流；标题:特高压；关键词:特高压；摘要:特高压,0.3274308983043696,0.1253930483826829,0.98,A32,False,False,False,medium,medium,high
ZH_0416,基于SD模型的中国西南水—能源—粮食纽带系统仿真模拟,"基于系统动力学构建以水资源、能源、粮食为主体,涵盖经济、社会、环境的复杂系统,以西南四省市2004—2017年数据为基础模拟2018—2030年该区域水—能源—粮食与水电生产状况,并设置四个情景进行仿真模拟,在单要素模拟基础上协同分析其水—能源—粮食三者的纽带关系。结果表明:(1)西南四省市的用水总量呈现先上升后下降趋势,2030年预计超过606亿m3,整体水资源压力低于30%;能源消费总量逐年递增,预计达到7.4亿t标准煤,平均单位能耗仍较高;粮食生产量稳步增长到7 900万t,但人均粮食产量仍低于全国平均水平;水力发电总量在保持现有的开发速度,预计超过1.5万亿k W·h,为2018年的2.2倍。(2)水—能源—粮食纽带关系呈协同优化趋势,三者资源利用效率明显提升,推动社会经济与生态环境呈良性发展态势。(3)通过对四种情景进行权衡协同分析,建议选择情景四即综合节约与水能发展,有助于当地经济与生态可持续发展。","['水—能源—粮食纽带', '情景仿真', '权衡协同', '水能资源', '粮食生产', '可持续发展', '生态安全']",T45,T29,1.0,0.7274862928185467,摘要:发展态势,0.1963745979868504,0.0534735201324764,0.6755555555555555,T45,A42,A51,7.5,0.6081179543182397,标题:粮食；关键词:粮食；摘要:粮食,0.0566255542479212,-0.1134431834411447,0.94,A51,False,False,False,medium,medium,high
ZH_0418,珠三角城市群战略实施以来的效率评价,"珠三角城市群是中国的三大城市群之一,已成为中国经济发展的重要战略平台。随着国家城市群战略及珠三角改革发展规划纲要的全面实施,珠三角城市群的经济运行效率得到大幅提升。为全面评价珠三角城市群的区域运行效率,本文依据相关面板数据,运用数据包络分析方法(DEA),对珠三角城市群战略实施的整体效率与城市群内部城市的结构效率进行了分析,发现随着珠三角城市群战略的不间断实施,珠三角城市群的整体运行效率与结构运行效率持续有效,且结构运行效率一直处于动态变化中,有效区域不断放大。","['珠三角', '效率评价', '城市群', '数据包络分析']",T42,T41,1.0,-0.5867923810562186,摘要:面板数据,0.0165438823740499,-0.3342312932587042,0.4755555555555555,T41,A39,A43,15.0,0.7685379007032975,标题:城市群；关键词:城市群；摘要:城市群；标题:珠三角；关键词:珠三角；摘要:珠三角,0.4192915555051381,0.34669929073784,0.98,A39,False,False,False,needs_review,needs_review,high
ZH_0419,基于购买力平价的江苏省区域经济分异,"利用购买力平价理论进行江苏省地区间购买力平价,采用基尼系数、Mann-Kendall法和聚类分析的方法对1985—2012年江苏""名义""和""实际""区域经济差异变化和格局进行分析,研究结果表明:1通过地区间购买力平价,江苏省""实际""区域经济差异呈现缓慢上升状况;2通过地区间购买力平价,江苏省地区经济差异的变化可分为四个阶段:1985—1992年、1993—2000年、2001—2008年、2009—2012年;3地区间购买力平价不会改变经济差异变化的表现形式,江苏地级市间的经济差异主要表现为三大地带的差异;4地区间购买力平价表现为对于较为发达地区的经济发展水平测度影响较大。","['购买力平价', '居民消费价格指数', '区域经济差异', '江苏']",T46,T48,0.0,0.0067520079191151,,0.1066377005896824,0.0482286279936795,0.4874272087110266,T46,A39,A15,7.5,0.7448524374259282,标题:区域经济；关键词:区域经济；摘要:区域经济,0.2464306141620521,0.177517410185202,0.98,A39,False,False,False,needs_review,needs_review,high
ZH_0422,河南省城市入境旅游规模与位序差异化,"选取河南18个地市2000—2010年入境旅游人数,运用标准差、变异系数、基尼系数、首位度、赫芬达尔系数等方法,对入境旅游规模差异与位序规模分布进行分析。研究发现:①2000—2010年,河南城市入境旅游差异化明显,首位度呈现交替性变化,入境旅游差异化逐渐降低。②通过对数据进行双对数回归分析发现,入境旅游符合位序规模分布,首位城市主要在郑州与洛阳之间交替分布。③入境旅游发展态势呈现四种形态:平稳发展型、波动发展型、快速进步型、减速衰退型。并从资源禀赋、旅游经济发展水平、服务设施、交通区位、政治政策等方面分析了影响河南入境旅游发展态势的原因,提出发展建议,以期对河南入境旅游发展提供参考。","['入境旅游', '规模差异', '位序规模分布', '河南']",T45,T20,1.0,0.7298576655198836,摘要:发展态势,0.1961423990338647,0.070411896570597,0.6755555555555555,T45,A45,A46,8.5,0.6642217947256914,标题:旅游；关键词:旅游；摘要:旅游；摘要:旅游经济,0.1972187635297101,0.2066262648473766,0.98,A45,False,False,False,medium,medium,high
ZH_0427,基于多谐振电网电压前馈的并网逆变器相位补偿算法研究,"在传统比例前馈并网逆变器中,使用多谐振控制能够有效抑制电网背景谐波,提高适应性。但是在弱电网情况下,电网电感会使得系统的相位裕度大幅降低并出现多谐振环节的谐振峰与0 dB线相交的问题。因此提出了一种多谐振控制器与相位补偿器的组合控制策略。首先通过在电网电压前馈回路增加多谐振控制器以抑制电网背景谐波的干扰。其次,为了解决加入多谐振控制器后系统相位裕度不足的局限性,在逆变桥PWM传递函数处增加参数自适应的相位补偿器以提升系统相位裕度。仿真与实验结果证明了提出的控制策略能够有效地提升系统的相位裕度,增强对高次谐波的抑制能力。","['多谐振控制', '相位补偿', '弱电网', '并网逆变器', '自适应控制']",T49,T26,1.0,0.7196004977645216,摘要:控制策略,0.1016713578428643,-0.0028535873962736,0.6155555555555555,T26,A38,A50,7.5,0.7464537465335576,标题:逆变器；关键词:逆变器；摘要:逆变器,0.2431542325984402,0.1889553323825545,0.98,A38,False,False,False,medium,medium,high
ZH_0428,江西省制造业产业集聚、地区专业化与经济增长实证研究,"采用2006—2009年江西省11地级市20个制造业构成的时间—地区—行业的三维面板数据,实证分析产业集聚、地区专业化与经济增长的关系。结果表明,产业集聚、地区专业化与经济增长之间的关系并不是简单的线性关系,而是呈现倒U型的关系,并运用新地理经济学的相关理论分析拐点出现的原因。结果表明:追求经济增长最大化时,加工制造业较非加工制造业需要更高的专业化水平,非加工制造业较加工制造业需要更高的集聚水平;要素禀赋高的鄱阳湖地区较要素禀赋低的非鄱阳湖地区可以达到更高的产业集聚、地区专业化水平;江西省11个地区的产业集聚、专业化水平远没有达到经济增长最大时的水平。","['产业集聚', '地区专业化', '经济增长', '制造业', '江西']",T42,T12,1.0,0.7319041090401824,摘要:面板数据,0.1590543526037459,0.0850293502870173,0.6755555555555555,T42,A43,A19,7.5,0.7495721854104183,标题:制造业；关键词:制造业；摘要:制造业,0.3166332824301165,0.2112298957887014,0.98,A43,False,False,False,medium,medium,high
ZH_0429,基于协同发展的长三角城市群空间格局研究,"利用协同发展的相关理论,从长三角22城市之间的经济能级、经济联系以及产业协同发展三个方面对长三角城市群的空间格局进行研究,并提出了建设性的评论。研究发现,长三角区域正在逐渐从单一中心向多中心化模式转变,基本形成以上海为核心的圈层和以苏州、杭州、宁波、无锡、南京为次核心的多核心圈层结构,总体上可划分为上海凝聚团、南京凝聚团和杭甬凝聚团三大凝聚子团。研究认为,通过组团式协同实现""多中心""的城市空间格局是未来长三角城市群发展的必然趋势,助推整个城市群系统向更为有序的宏观自组织结构演化。","['城市群', '协同发展', '空间格局', '长三角']",T48,T06,7.5,0.728734838088978,标题:空间格局；关键词:空间格局；摘要:空间格局,0.1192677895776866,0.0623917006355576,0.98,T48,A39,A41,15.0,0.7224575753393383,标题:城市群；关键词:城市群；摘要:城市群；标题:长三角；关键词:长三角；摘要:长三角,0.4051831771485515,0.360411252423845,0.98,A39,False,False,False,high,high,high
ZH_0430,省会城市旅游中心性聚类研究,"城市的中心性是城市地理学研究的主要内容。采用反映旅游业发展水平的指标,定量研究了27个省会城市的旅游中心性特征及其差异;用SPSS聚类分析功能将27个省会城市分成7类,并分析各自的特征。最后对省会城市旅游中心性的发挥及在省域旅游业中的带动作用提出了建议。","['省会城市', '旅游中心性', '聚类分析']",T43,T41,7.5,0.7230315657164115,标题:中心性；关键词:中心性；摘要:中心性,0.1351203369581526,0.0216540408315113,0.98,T43,A45,A30,7.5,0.7292924188042279,标题:旅游；关键词:旅游；摘要:旅游,0.164525898839947,0.0663744200301996,0.98,A45,False,False,False,high,high,high
ZH_0433,基于文化遗产视角的陵墓遗址旅游开发——以乾陵、西夏王陵和明十三陵为例,"体验经济时代,旅游是为了获得某种高峰体验。作为体验时代的遗产旅游,是遗产保护、利用和遗产文化传播的重要方式。遗产文化内涵的展示不够,体验性严重不足是当前存在的主要问题。遗产文化内涵""活化"",""可视化"",能够体现文化遗产的历史静态性和历史动态性的结合。以唐文化为特色的乾陵遗产要突出唐文化,展示唐朝政治、经济的发展盛况;以""党项风情,神秘西夏""的西夏文化为主的西夏陵活化的过程就是丰富和活化西夏王陵遗址旅游产品;以明文化特色的十三陵陵墓建筑要体现明代汉族礼教、皇室文化和堪舆文化,展示明代陵寝建筑和雕塑等有形的历史遗产文化内涵。","['体验经济', '文化遗产', '旅游开发']",T21,T02,0.0,0.0044008467424167,,0.1265082586969104,0.031434619588691,0.4848409314166584,T21,A45,A12,15.0,0.7682675470591105,标题:旅游；关键词:旅游；摘要:旅游；标题:文化遗产；关键词:文化遗产；摘要:文化遗产,0.4918554820151492,0.344768193279361,0.98,A45,False,False,False,needs_review,needs_review,high
ZH_0434,我国分布式光伏发电的现状与展望,"文章论述了分布式光伏发电的战略意义和技术优势,以及中国分布式光伏发电的市场状况、政策措施。中国目前的光伏市场仍是以集中式为主,到2014年分布式光伏电站仅占总累计光伏电站的17.62%。考虑到中国适合于集中发电的土地资源区域与用电地区的分布十分不均匀,因此分布式发电更适合于所发电力的消纳。为此中国政府在2014年后出台了一系列鼓励分布式发电的法规政策,各地方政府也出台了一系列的补贴配套政策,可以预测在未来中国将会掀起一个分布式光伏发电系统的建设热潮。文章还对光伏技术对于分布式发电的适用性进行了分析。","['分布式', '光伏发电系统', '太阳电池']",T35,T45,0.0,0.0013820238043311,,0.0647833595529381,0.009871598602365,0.4815202261847642,T35,A34,A31,7.5,0.725152296287806,标题:光伏；关键词:光伏；摘要:光伏,0.1753598221569682,0.0368021163414716,0.98,A34,False,False,False,needs_review,needs_review,high
ZH_0435,基于旅游目的的特殊时段旅游流时空分布特征研究——以武汉市为例,"以武汉市18个主要旅游景区特殊时段旅游流为研究对象,使用地理集中G指数、绘制饱和曲线和斯泰恩斯峰值指数M图进行分析;用基尼系数(Gini)和不平衡指数S来分析其空间特征,并利用洛伦兹曲线检验。结果显示:①在各段时间上,来武汉观光游览的游客分布较为均匀;探亲访友、商务会议、购物美食在时间上分布的集中度较高,旅游流在短期内涌涨,具有明显的突出高峰。②在空间分布上,不同旅游目的的旅游流Gini系数均大于0.8,呈现集中分布特征,且分布不均匀。旅游流分布在各景区的不平衡指数S为0.4412,较不均衡,主要集中在黄鹤楼、东湖、长江大桥、汉口江滩、武汉大学、归元寺、湖北省博物馆、户部巷8个景区。③通过对比分析旅游流的空间分布和案例景区的地理空间结构,发现不同旅游目的的旅游流在空间分布上形成对区域旅游地理结构的响应现象,并提出了具体的响应模式。","['特殊时段', '旅游流', '不同旅游目的', '武汉市']",T48,T30,0.0,9.377757427231348e-05,,0.1189583106427836,0.0006698398162308,0.4801031553316995,T48,A45,A09,15.0,0.7559708669257308,标题:旅游；关键词:旅游；摘要:旅游；标题:旅游流；关键词:旅游流；摘要:旅游流,0.3468340394267457,0.2569347637552204,0.98,A45,False,False,False,needs_review,needs_review,high
ZH_0437,武陵源风景区旅游客流量时空变化与调控对策,"以我国著名的武陵源风景区为例,分析了旅游客流在景区的时空分布,探讨客流活动分布与景区生态旅游承载力之间的关系。结果表明,武陵源景区客流时空分布不均衡;有很强的季节性,淡旺季明显;客流在游览的路线上趋同程度高,导致客流在景区各景点上冷热不均。同时,客流分布与景区生态旅游承载力之间存在负相关关系。最后从生态旅游承载力的角度,提出了协调景区客流活动的对策建议。","['客流活动', '特征', '生态旅游承载力', '武陵源风景区']",T06,T29,0.0,0.0026831746480987,,0.1715102885789529,0.0191655332007053,0.4829514921129086,T06,A45,A21,7.5,0.7308109505111653,标题:旅游；关键词:旅游；摘要:旅游,0.1606701433175549,0.0772210750797523,0.98,A45,False,False,False,needs_review,needs_review,high
ZH_0438,考虑储能系统调度与风电消纳的峰谷分时电价优化模型研究,"针对风力发电不稳定导致的“弃风”以及风电大量接入导致的电力系统不稳定性问题，构建了考虑发电侧储能系统(energy storage system,ESS)调度和风电消纳的峰谷分时电价模型。在电网向发电企业收取过网费机制下，根据电力需求价格弹性矩阵计算实施峰谷分时电价后的电力负荷，构建了考虑用户满意度、ESS寿命以及火电机组收益的约束条件；以火电机组调峰成本、弃风成本和ESS运维成本最低为目标函数，通过输配电价连接上网电价和用电电价以及输电损耗电量连接发电量与用电量，达到发电侧与需求侧电价与电量的联动。算例分析表明，所建立的模型能更好地消纳风电并节省综合运行成本。","['峰谷分时电价', '需求价格弹性', '风电消纳', '价格联动', '储能系统']",T13,T08,1.0,0.7338284867091762,摘要:TEM,0.2125760583426062,0.0987749050655444,0.6755555555555555,T13,A35,A34,7.5,-0.0024249437148922,标题:储能；关键词:储能；摘要:储能,0.0925864156874914,-0.0173210265349443,0.8,A36,False,False,False,medium,medium,high
ZH_0439,高等教育和人才集聚投入对区域经济增长的共轭驱动研究——以江苏、浙江两省为例,"高素质人才需要高等教育投入进行培养积累,就区域来说还需要相关投入进行集聚。研究引入共轭的概念来描述高等教育与人才集聚""两投入""之间的关系,即在区域总投入和其他投入既定的条件下,""两投入""存在共轭关系,而当""两投入""达到共轭状态时,可以形成共轭效应,对经济增长产生共轭驱动力。通过建立""两投入""对经济增长的共轭驱动模型,对江苏、浙江两省的""两投入""数据进行实证分析得出:两省的""两投入""均背离共轭状态,江苏高等教育具有优先发展特征,浙江人才集聚拥有比较优势。因此,江苏应进一步提高人才集聚投入,而浙江则应进一步提高高等教育投入,从而实现两省的""两投入""对经济增长的共轭驱动。","['高等教育投入', '人才集聚投入', '共轭驱动', '区域经济增长']",T23,T09,0.0,0.0024676558356725,,0.1251503730685295,0.0176261131119469,0.4827144214192397,T23,A39,A25,6.5,-0.0891641503992023,标题:区域经济；关键词:区域经济,0.157937925534748,0.0488274971485545,0.8411111111111111,A39,False,False,False,needs_review,needs_review,high
ZH_0441,基于风险分摊的多风电场机会约束机组组合求解方法,在含风功率等新能源出力不确定性的联合机会约束机组组合问题中，如何将多维联合机会约束转化为确定性约束是求解此问题的关键。含多维随机变量的联合机会约束规划问题是非凸问题，难以直接求解。提出了一种考虑风电功率不确定性的基于改进风险分摊的联合机会约束机组组合问题求解方法。首先，建立了基于联合机会约束的考虑风电功率不确定性的机组组合模型，将机组组合的多维联合机会约束的风险水平(违反概率)按权重分摊给每个单维机会约束的风险水平，再利用散度函数和散度容差去修正每个单维机会约束的风险水平。然后，利用自适应带宽核密度估计拟合每个单维机会约束中随机变量的概率密度函数。最后，通过随机变量累积分布函数求逆的方法将这一系列的单维机会约束转化为确定性约束，从而实现将难以求解的联合机会约束转化为易于求解的确定性约束。仿真结果验证了上述方法的有效性以及相对于传统多维联合机会约束求解方法的优越性。,"['机组组合', '联合机会约束', '风险水平', '核密度估计', '风电场']",T39,T31,7.5,0.7683054875998413,标题:机会约束；关键词:机会约束；摘要:机会约束,0.4786658636076139,0.3450391971417241,0.98,T39,A34,A16,7.5,0.7310394156515089,标题:风电；关键词:风电；摘要:风电,0.1728017880130809,0.0788529689393488,0.98,A34,False,False,False,high,high,high
ZH_0443,基于海洋经济地理视角的中国与加拿大海洋经济对比,"海洋经济地域系统是人海关系地域系统重要的研究内容,是海洋地理研究的核心。中国和加拿大两国均为世界海洋大国,有较长海岸线和广阔的海域,海洋及其资源在两国经济发展中有着十分重要的作用。首先,应用标准差、变差系数、集中化指数(基尼系数),分析了中、加两国的海洋资源状况、海洋产业及构成以及两国区域海洋经济的差异与特征。然后用主成分分析方法对两个囯家各个海区的海洋经济综合实力水平比较,并分析差异的形成原因。通过对比,了解中、加两国海洋经济形成差异的状况。","['海洋经济地理', '区域海洋经济', '对比', '中国', '加拿大']",T02,T44,0.0,0.012767010136163,,0.1697089596678684,0.0911929295440217,0.4940437111497793,T02,A51,A28,7.5,0.005796189052488,标题:海洋；关键词:海洋；摘要:海洋,0.2248286383941677,0.0414013503749149,0.8663758079577368,A51,False,False,False,needs_review,needs_review,high
ZH_0446,黄河下游水土匹配系数与粮食生产协调发展测度及影响因素,黄河下游水土资源对粮食生产能力的硬约束日益趋紧，厘清黄河下游水土匹配与粮食生产的协调程度及其影响因素，对稳定黄河下游粮食生产能力具有重要意义。文章基于2010—2020年黄河下游17个城市的面板数据，测度了水土匹配系数与粮食单产水平耦合协调度，借助核密度估计和空间计量模型揭示了水土匹配系数与粮食单产水平协调发展特征及影响因素。结果表明：(1)时间维度上，黄河下游水土匹配系数与粮食单产水平耦合协调度较高，整体呈波动下降趋势。粮食单产水平稳定增长，水土匹配系数持续降低已成为制约二者耦合协调发展的关键因素。(2)空间维度上，水土匹配系数与粮食单产水平耦合协调度呈现“东中高—西低”的分布特征，极化现象初显，变异系数呈现“东西高—中间低”的分布特征。(3)农林水投入、机械化水平、耕地质量对耦合协调度有正向影响，城镇化水平、种植结构对耦合协调度有负向影响。,"['黄河流域', '水土资源', '粮食安全', '城镇化', '农林水投入', '耦合协调度', '空间计量']",T44,T42,4.0,0.4093427519600144,关键词:耦合协调度；摘要:耦合协调度,0.4119562578830523,0.3524482282858185,0.8422222222222222,T44,A42,A41,8.5,0.3759381553126478,摘要:耕地；标题:粮食；关键词:粮食；摘要:粮食,0.0342455064907471,-0.0374165376827675,0.94,A41,False,False,False,high,high,high
ZH_0447,基于场景构建的电压暂降特征量随机评估方法,"电压暂降幅度与持续时间分布是电压暂降的主要特征量,也是敏感负荷损失预估及治理方案选择的重要依据。但现有随机评估方法往往存在计算量大、精度低等不足,使得分析得到的电压暂降特征值难以进行实际应用。针对配电网节点众多、负荷变化特征明显等特点,选择将场景法应用于电压暂降特征量随机评估中。首先通过K-medoids聚类方法进行节点类别划分及典型节点选取。其次通过节点加权网络等值实现了配电网初始运行状态的多维场景降维处理。进而结合短路故障概率分布曲线及网络阻抗折算,提出了典型电压暂降场景集生成方法。最后以某配电网网架结构为例,计算了其供区内敏感负荷点处电压暂降特征量,验证了方法的有效性与可行性。","['配电网', '电压暂降', '随机预测', '短路计算', '敏感负荷']",T21,T35,0.0,0.0032874889613312,,0.1655430596842407,0.0234820640095091,0.4836162378574644,T21,A31,A15,4.0,0.7339667731080594,关键词:配电网；摘要:配电网,0.1758010486435687,0.099762665057567,0.8422222222222222,A31,False,False,False,needs_review,needs_review,high
ZH_0448,世界文明格局演进与文化遗产保护战略,"人类社会的每一次发展进步,都是人类文明价值的凸显,古国文明责任的担当,同时也成就了闪烁文明之光的伟大国家。不幸的是,长期以来古国文明保护和传承遭到来自三个方面的严重挑战。一是军事战争带来的野蛮破坏,古国文明面临生死存亡;二是全球化浪潮导致文化冲突加剧,守护人类共同价值的道路异常艰难;三是自然灾害的不可抗力则从古至今潜藏着威胁。文明古国作为世界多极化进程中的重要存在,作为推动世界发展的有生力量,再次被推向时代前沿,具有广泛的地区和全球影响。发展是文明古国共同的战略目标。因此,应该聚焦发展、分享经验,深化互利合作,努力实现和平发展、合作发展、包容发展。文明古国要做更加紧密的发展伙伴、合作伙伴、全球伙伴。充实文明古国战略协作关系内涵,建立更加紧密的全球发展伙伴关系,共同实现民族复兴。","['文明古国', '文化遗产保护', '文明交流互鉴', '文化自信']",T21,T12,0.0,0.0167905354222487,,0.2211314735787926,0.1199323958732051,0.4984695889644736,T21,A45,A28,6.5,0.6237355093317418,标题:文化遗产；关键词:文化遗产,0.428512483021164,0.1036052864355182,0.98,A45,False,False,False,needs_review,needs_review,high
ZH_0449,强化国家战略科技力量建设的思考,"党的十九大报告指出,创新是引领发展的第一动力,是建设现代化经济体系的战略支撑,要加强国家创新体系建设,强化战略科技力量。强化国家战略科技力量是建设世界科技强国的战略选择,高标准建设国家实验室是强化国家战略科技力量的重要抓手,主动适应国家发展战略、对接国家需求、优化创新布局是国立科研机构在新时代担负国家战略科技力量使命的现实要求。文章重点讨论4个问题,即:什么是国家战略科技力量;发达国家强化国家战略科技力量的举措和镜鉴;以国家实验室为抓手强化战略科技力量需要处理好的几个关系;国立科研机构担当国家战略科技力量重任的战略选择。","['国家战略科技力量', '国家实验室', '国立科研机构', '世界科技强国']",T31,T13,0.0,0.0016135435783616,,0.0941960091639663,0.0115253112740116,0.4817748979361977,T31,A48,A21,4.0,0.7529323631123838,关键词:科研机构；摘要:科研机构,0.3372235289022965,0.2352311650884554,0.8422222222222222,A48,False,False,False,needs_review,needs_review,high
ZH_0452,江浙沪城市商业银行竞争力及其影响因素分析,"城市商业银行在促进地方经济发展和中小企业融资方面起着无可替代的重要作用。运用相关指标体系对江浙沪地区8家具有代表性的城市商业银行竞争力进行了比较分析,结果表明浙江城市商业银行竞争力领先,上海银行相对落后。但是2008年金融危机后,浙江多家城市商业银行出现了不良贷款率上升、拨备覆盖率下降的情况。影响江浙沪城市商业银行竞争力的主要因素是经济金融环境、政府干预行为、银行定位和发展战略。地方政府应逐步减少对城市商业银行的持股比例和行政干预,以扩大城市商业银行经营自主性和灵活性,提高经营效率。江浙沪城市商业银行应实施协同发展和错位发展战略,以提高整体竞争力并各自走出特色化发展之道路。","['城市商业银行', '银行竞争力', '区域金融', '江浙沪']",T41,T29,1.0,0.7019966808060487,摘要:指标体系,0.0349177136594527,-0.128595137099651,0.6155555555555555,T29,A50,A09,12.5,0.7194455350077965,关键词:金融；摘要:金融；摘要:融资；标题:银行；关键词:银行；摘要:银行,0.1310162582073329,-0.0039604642300244,0.94,A09,False,False,False,medium,medium,high
ZH_0454,基于改进旗鱼算法的综合能源系统能量管理,综合能源系统在实现可再生能源利用中具有重要价值。为使系统中各设备出力得到进一步优化，将生物质能与综合能源系统相结合，并且将各个时刻的柔性负荷纳入能量调度，构建了一种沼气发电系统、光伏发电系统与微型燃气轮机驱动下的源-储-荷协同多目标能量管理模型。以系统与主电网的交互及燃料费用、惩罚费用和设备投资及运行费用为优化目标，以用户综合用能满意度、新能源利用率和电能自治程度为评价指标，求解模型最优配置。利用非线性攻击方式、差分变异策略、哈里斯鹰算法中的软包围策略及防止算法停滞策略来改善旗鱼算法的全局搜索能力。通过算例对比分析表明，所提出的改进算法和能量管理模型在不同场景下均有效地提高了经济效益和环保效益，并且改进旗鱼算法在全局寻优和搜索精度等方面具有优势。,"['综合能源系统', '能量管理模型', '旗鱼算法', '运行策略', '生物质能']",T28,T32,0.0,0.0031252409654141,,0.1368087761497714,0.0223231497529583,0.4834377650619555,T28,A33,A34,7.5,0.5824662091145786,标题:综合能源系统；关键词:综合能源系统；摘要:综合能源系统,0.6545955127397235,0.3890443508184186,0.98,A33,False,False,False,needs_review,needs_review,high
ZH_0456,中国中部六省的碳排放趋势研究,"采用王铮等人提出的中国碳排放预估模型,测算在经济平稳增长条件下,中部六省未来的能源碳排放趋势,考虑了6省未来水泥工业的碳排放,并采用CO2FIX模型计算各省森林碳汇量,从而得出各省的净碳排放量,为各省制定碳排放战略提供参考。结果显示:各省的能源碳排放量都呈现先增长后下降的倒U型特征,能源碳排放高峰出现的先后顺序分别是河南、湖南、山西、安徽、江西、湖北;6个省份水泥工业的碳排放都呈现不断增长的趋势,水泥工业产生的碳排放量最大的是河南,最小的是山西;累计森林碳汇量最大的是江西省,其次是湖南省,河南省最小;各省应在减少能源碳排放的同时,控制水泥工业产生的碳排放,积极增加森林碳汇,从多方入手减少碳排放。","['能源消费量', '碳排放', '人均碳排放', '森林碳汇']",T14,T26,0.0,0.0065804434648251,,0.126360577634,0.0470031676058943,0.4872384878113077,T14,A44,A26,7.5,0.7383917161790254,标题:碳排放；关键词:碳排放；摘要:碳排放,0.21179061940973,0.1313694012787538,0.98,A44,False,False,False,needs_review,needs_review,high
ZH_0458,风电场群联合共享储能两阶段协同并网优化,"风电场合作并网可降低风电不确定性影响,该文针对风电场群联合共享储能协同并网机制展开研究。首先,结合改进Shapley值法建立了风电场群不确定性成本分摊机制;其次,基于纳什谈判模型和合作成本分摊机制建立了多风电场联合共享储能日前调度优化模型,结合日前调度结果与偏差成本,进一步考虑风电预测误差影响建立了实时调度滚动优化模型;最后,通过算例分析对风电场群联合共享储能两阶段协同并网优化的合理性进行验证。结果表明,协同并网能有效降低风电场集群运营成本,且风电场群各成员在该协同并网优化机制下所分得的两阶段调度结果客观公正,依此调度结果所结算的合作收益受到充分保障,从而有效提升了各成员运营收益。","['风电场群', '共享储能', '合作博弈', '两阶段优化', '改进Shapley值法']",T38,T27,4.0,0.7742351430515815,摘要:纳什谈判；关键词:合作博弈,0.504126308823975,0.387393878939868,0.8422222222222222,T38,A35,A34,7.5,-0.0217725269739496,标题:储能；关键词:储能；摘要:储能,0.0365673814934257,-0.1555180498139259,0.8,A34,False,False,False,high,high,high
ZH_0461,“一带一路”沿线国家安全形势评估及对策,"""一带一路""战略构想的核心内涵是主动发展与沿线国家的经济合作伙伴关系。随着""一带一路""战略的不断推进,恐怖主义成为沿线国家五大非传统安全问题之首。自""9?11""事件之后,""一带一路""沿线地区和国家面临的恐怖主义威胁正在上升,各种形式的恐怖主义活动频繁。在总结恐怖主义事件研究进展的基础上,文章根据国家恐怖主义与反恐研究联盟、经济与和平研究所、国际海事组织发布的数据,采用核密度估计法和全球恐怖主义指数分析""一带一路""沿线国家恐怖主义事件空间集聚区的时空格局特征,较为全面地评估各国安全形势。结果显示:从空间格局上看,1970—2014年恐怖主义事件分布整体呈现出""北非—中东—西亚—中亚—南亚—东南亚""的弧形震荡地带,南亚和中东是陆上恐怖主义集中区域,东南亚则是海上恐怖主义的热点区域;从时间演化上看,1970—2014全球恐怖事件发生数量及死亡人数逐年增多,在2014年达到顶峰,并呈现四大主要特征。此外根据恐怖主义指数进行安全形势评估结果显示:""一带一路""沿线国家中40个处于和平状态,15个处于危险状态,11个处于震荡状态,伊拉克、阿富汗、巴基斯坦、印度、叙利亚5个国家处于高危红色区域。基于研究结果,文章提出建立全球安全预警和防范机制,制定国际非传统安全情报合作机制,实施国家""整体政府""反恐情报战略,多部门协调建立应急管理机制,打击虚拟空间的新型网络犯罪,高度重视跨国跨境民族宗教问题等战略对策。","['一带一路', '恐怖主义', '安全形势评估', '时空格局', '核密度估计法', '全球恐怖主义指数']",T48,T06,1.0,0.0028485139622037,摘要:空间格局,-0.0055301707384595,0.0203465283014549,0.4786889209139796,T44,A50,A28,7.5,0.7796295152908203,标题:一带一路；关键词:一带一路；摘要:一带一路,0.4726393128525239,0.4259251092201446,0.98,A50,False,False,False,needs_review,needs_review,high
ZH_0466,甘肃省粮食产量变化的驱动分析及趋势预测,"基于甘肃省1949—2011年的农业生产相关数据,采用小波分析和5年趋势滑动等方法对甘肃粮食产量变化进行多时间尺度分析;利用主成分分析方法探讨了改革开放后粮食生产的主要影响因子;结合甘肃63年粮食总产量的历史数据,建立GM(1,1)模型,对甘肃省未来10年(2012—2021年)的粮食产量进行模拟预测。结果表明:①1949—2011年,甘肃省粮食生产在波动中增长;粮食总产量、人均粮食产量及单产的曲线的动态变化基本吻合;在建国以来63年的时间尺度上,粮食产量变化主要存在38年、23年、15年左右的年代际振荡周期,其中38年左右和23年左右的振荡周期较强烈。②影响粮食生产的4个主要成分分别是社会经济发展水平、自然灾害因子、生态保护及恢复和粮食生产成本。③粮食生产在2012—2021年将保持平稳增长的良性发展态势。","['粮食', '小波分析', '主成分分析', 'GM(1,1)模型', '甘肃省']",T45,T02,1.0,0.711294905053032,摘要:发展态势,0.212986795750871,-0.062179249621201,0.6155555555555555,T02,A42,A28,8.5,0.6186837558106288,摘要:农业；标题:粮食；关键词:粮食；摘要:粮食,0.0631864517296224,-0.1186454416887851,0.94,A28,False,False,False,medium,medium,high
ZH_0470,吉林省粮食生产地域城乡空间统筹研究,"长期以来我国粮食生产地域存在的""产粮大省、经济穷省""、农民收入增长缓慢、农民种粮积极性受到严重挫伤等问题始终没有得到妥善解决。同时,受地方利益驱使的招商引资与城镇建设大量蚕食耕地的状况日益突出。以城乡用地空间统筹为视角,以吉林省为例,分析粮食生产地域城乡空间统筹发展所面临的困境,基于耕地保护、农民收入水平提高与粮食主产区经济增长能力增强等目标的实现,系统分析粮食生产地域城乡空间统筹的实施路径。最后,提出我国北方经济落后的粮食主产区城乡空间统筹的地区模式。","['粮食生产地域', '城乡空间统筹', '吉林省']",T30,T48,0.0,0.0110390172038902,,0.1950717695069579,0.0788501228849305,0.4921429189242793,T30,A42,A09,8.5,0.7155977911098513,摘要:耕地；标题:粮食；关键词:粮食；摘要:粮食,0.0691283343348207,-0.0314443492153476,0.94,A09,False,False,False,needs_review,needs_review,high
ZH_0471,电影引致旅游的理论模型与计量分析,"基于""推—拉""理论和现有实证结论构建了电影引致旅游的理论模型,并利用2000—2011年中国31个省级行政区域的空间面板数据,从旅游者和目的地两个视角对电影与旅游需求的关系进行了实证检验。研究发现:电影能够有效激发或者强化旅游者的旅游动机,从而提升旅游者的出游率和旅游花费,但电影对城乡旅游者行为的影响存在差异;电影事业投入与旅游目的地旅游收入显著正向相关,但电影观影人次和电影票房对旅游需求的影响有所不同,电影观影人次能够更为显著地带动目的地旅游收入提升。因此,多渠道提升电影观影人次应该是目的地介入电影摄制和发行各个环节的重点目标。","['电影旅游', '旅游收入', '旅游需求', '空间面板']",T42,T16,1.0,-0.5489034822835928,摘要:面板数据,0.2889845051224122,0.07926084083148,0.5355555555555556,T42,A45,A21,7.5,0.7676854405364695,标题:旅游；关键词:旅游；摘要:旅游,0.419911657197871,0.3406102895462107,0.98,A45,False,False,False,needs_review,needs_review,high
ZH_0475,衡阳市城镇化进程的障碍与对策研究,"农村城镇化是地域空间结构优化升级的必然反映。通过对衡阳市5县2市的问卷调查发现,在农村城镇化过程中农村地区还存在诸如思想观念落后、对城镇化信息缺乏了解、社会保障体系不完善、资金短缺等一系列问题,这些问题已然成为了制约衡阳市农村城镇化发展的瓶颈。针对上述问题,提出了加强宣传力度、提高农民素质、完善社会保障体系和拓宽融资渠道等对策以达到推进衡阳市城镇化进程的目的。","['城镇化', '障碍', '对策', '衡阳市']",T20,T29,1.0,0.7493527586130899,摘要:问卷调查,0.3283373621493791,0.2096625615220708,0.6755555555555555,T20,A41,A47,7.5,0.6320033780851968,标题:城镇化；关键词:城镇化；摘要:城镇化,0.2833589320285474,0.0571669863228343,0.98,A41,False,False,False,medium,medium,high
ZH_0476,基于阻抗模型闭环极点的双馈风电系统次同步振荡稳定性分析,"近年来,电网的运行中发生了多起由风电并网引发的新型次同步振荡事故,其机理和振荡的影响因素错综复杂。基于频域阻抗模型的阻抗分析法是研究该问题的有效方法,基于考虑电力电子变换器和锁相环动态过程的双馈风电机组阻抗模型,提出了适用于系统次同步振荡稳定性分析的闭环极点稳定性判据,与目前广泛使用的等效电路阻尼稳定性判据进行对比。并将所提判据与灵敏度分析相结合,建立了闭环极点相对灵敏度,研究了关键参数对于系统次同步振荡特性的影响。最后通过时域仿真验证了所提判据与灵敏度在系统次同步振荡分析中的有效性与准确性。","['双馈风电机组', '次同步振荡', '阻抗模型', '闭环极点', '灵敏度分析']",T49,T20,4.5,0.7483494564112712,标题:稳定性分析；摘要:稳定性分析,0.3034815218982708,0.2024961172233662,0.8699999999999999,T49,A34,A38,7.5,0.717817931240365,标题:风电；关键词:风电；摘要:风电,0.068636015087929,-0.015586205425964,0.94,A38,False,False,False,high,high,high
ZH_0477,不同发展阶段的城市群综合承载能力评价研究,"在定义城市群综合承载能力内涵的基础上,强调承载体对承载能力的影响并构建相应的指标体系,以处于成熟阶段的长三角城市群和初始发育阶段的吉林中部城市群为例,运用状态空间法来定量描述2005—2009年两个城市群的现实承载情况,进而从各承载体的角度分析其对综合承载能力的影响。结果显示,土地紧缺是两个城市群共同存在的问题,且超载情况不断恶化;环境治理资金投入不足是制约城市群综合承载能力提升的关键因素;约束型承载体的优化是长三角城市群综合承载能力提升的主要原因;可变型承载体建设是吉林中部城市群综合承载能力提升的重点方向。研究认为,要增强城市群的综合承载能力,成熟型城市群应以修复和改善约束型承载体为主,辅之以可变型承载体的提升;发育型城市群应重点完善可变型承载体的建设,同时加强对约束型承载体的保护。","['城市群综合承载能力', '约束型承载体', '可变型承载体', '长三角城市群', '吉林中部城市群']",T41,T21,1.0,0.7281816326742376,摘要:指标体系,0.1868492152970473,0.0584402333874119,0.6755555555555555,T41,A39,A44,11.5,0.6810088054287802,标题:城市群；关键词:城市群；摘要:城市群；关键词:长三角；摘要:长三角,0.2391195374175348,0.1686964362925301,0.98,A39,False,False,False,medium,medium,high
ZH_0479,中国金融中心的等级制网络分析——以改革开放以来资本市场中介的成长为例,"在金融地理学的概念和理论框架下,文章探讨中国资本市场中介机构的演变及其对金融中心发展的影响。研究表明,该行业的地理特征遵循中国政治经济演化的主要阶段:1980年代空间上分散的增长,1990年代呈现出集中化和集聚化趋势,2000年代之后逐步走向开放和自由化,并在2010年代开始进行向外扩张。通过利用总部所在地、分支机构网络、就业和交易的数据,文章指出:北京、上海和深圳作为金融中心等级制网络中的主导地位,并表明资本市场中介对中国金融业在""一带一路""倡议下的对外扩张至关重要。","['资本市场中介', '金融中心', '等级制网络', '证券公司', '期货公司', '总部所在地', '“一带一路”']",T46,T43,1.0,0.7232129185660681,摘要:理论框架,0.230945257924671,0.0229494183290576,0.6755555555555555,T46,A50,A36,19.0,0.7978386503392271,标题:金融；关键词:金融；摘要:金融；关键词:一带一路；摘要:一带一路；标题:资本市场；关键词:资本市场；摘要:资本市场,0.688836780315326,0.5559903595659077,0.98,A50,False,False,False,medium,medium,high
ZH_0484,基于多智能体深度强化学习的分布式电源优化调度策略,"针对分布式电源集中优化调度难以解决隐私保护的问题,提出一种基于多智能体深度强化学习的分布式优化调度方法。该方法可自适应源荷不确定性,在源荷随机波动的情况下实时给出优化调度策略。首先,阐述了基于通信神经网络架构的多智能体深度强化学习方法原理。然后,提出基于多智能体深度强化学习的分区分布式优化调度框架,以日运行成本最低为目标构建日前优化调度模型,并考虑各种运行约束。继而,采用近端策略优化算法对该模型进行离线训练,利用训练好的模型进行在线优化调度决策。最后通过改进IEEE33节点算例进行仿真验证,结果表明,各自治区域在仅利用局部通信的情况下即可计算出各自的近似全局最优解。","['分布式电源', '分布式优化调度', '多智能体', '深度强化学习']",T37,T39,7.5,0.7361800581109401,标题:优化调度；关键词:优化调度；摘要:优化调度,0.2794010380323292,0.1155718436495717,0.98,T37,A31,A21,7.5,0.7327502395340463,标题:分布式电源；关键词:分布式电源；摘要:分布式电源,0.2081803314258971,0.0910731395289014,0.98,A31,False,False,False,high,high,high
ZH_0485,产业链延伸与资源型城市演化研究——以安徽省铜陵市为例,"推进城市转型、改变""矿竭城衰""发展轨迹是目前我国资源型城市可持续发展的首要任务。考虑到接续替代产业发展在转型战略中的普遍性和重要性,尝试从资源开发、空间结构演化、生态环境变化三个视角探究产业链延伸与资源型城市演化间的内在关系,并对安徽省铜陵市进行实证,以期为国内资源型城市转型实践提供一些思路和启示。","['产业链延伸', '资源型城市', '资源开发', '空间结构', '生态环境']",T19,T42,0.0,0.0208100404806116,,0.2555028830284515,0.148643146290083,0.5028910445286728,T19,A43,A13,7.5,0.7371035845700971,标题:产业链；关键词:产业链；摘要:产业链,0.2471520834459983,0.1221684612149797,0.98,A43,False,False,False,needs_review,needs_review,high
ZH_0486,我国新材料产业集群发展战略研究,新材料产业是国民经济的基础性、战略性产业，也是全球科技产业竞争的关键领域。新发展格局下，推动新材料产业集群化发展已经成为提升新材料产业发展水平的关键。文章描述了我国新材料产业集群的空间分布，分析了我国新材料产业集群特征与发展阶段，对比了我国新材料产业集群与世界级先进制造业集群的差距，并提出了新形势下加快推进我国新材料产业集群高质量发展的建议。,"['新材料', '集群化发展', '产业链', '自主创新']",T12,T13,0.0,0.0028398655144733,,0.156925369645503,0.0202847536748098,0.4831238520659207,T12,A43,A15,8.5,0.7482127908136103,摘要:制造业；标题:产业集群；摘要:产业集群；关键词:产业链,0.466684350466243,0.2015199343829307,0.98,A43,False,False,False,needs_review,needs_review,high
ZH_0489,光伏发电接入柔直互联区域调频策略,"针对大规模光伏发电接入柔直互联区域带来受端电网调频能力不足的问题,采用人工耦合受端电网频率的同时,设计光伏发电虚拟惯量控制策略,实现了光伏发电主动参与受端电网的频率调节。其次,建立了含光伏发电、柔性直流输电的电力系统频率响应模型,分析不同控制参数对受端电网频率动态特性的影响及其变化规律。再次,分析不同控制参数对系统小干扰稳定性的影响。在EMTDC/PSCAD中建立了系统仿真模型,验证了控制策略的可行性以及对频率动态特性的改善作用。","['光伏发电', '频率调节', '虚拟惯量控制', '柔性直流输电']",T49,T14,1.0,-0.334329315646969,摘要:控制策略,0.1819424888459769,0.183362031093079,0.5355555555555556,T49,A34,A32,7.5,0.3332646097940568,标题:光伏；关键词:光伏；摘要:光伏,0.150532805064856,-0.0195385014710226,0.94,A32,False,False,False,needs_review,needs_review,high
ZH_0490,长沙市休闲旅游资源空间分布特征及形成机制,休闲旅游资源旨在满足人们日益增长的休闲旅游需求。文章以长沙市为研究区域，运用GIS分析和地理探测器模型等方法研究休闲旅游资源空间分布特征及形成机制。结果显示：(1)长沙市休闲旅游资源呈“一心多点”的分布格局，具有集聚、向心、沿路性和傍水性等特征，呈东南—西北分布格局。(2)康娱类、文化类呈“大聚集、小分散”分布形态，康娱类沿商业中心布局，在19 km达到集聚峰值，文化类以文化景点为中心，在16 km达到集聚峰值；自然类和专项类呈“小聚集、大分散”分布形态，自然类集聚于橘子洲、岳麓山等自然禀赋较高的景区附近，在20 km达到集聚峰值；专项类具有较明显以“度假休闲区”为中心的分布规律，未形成集聚峰值。(3)长沙市休闲旅游资源发展历程大体经历了“修复—起步—发展—成熟”4个阶段，其时序演化、空间分布是经济、人口、资源、交通、政府等多因素相互作用的结果，各因素对不同类型资源的作用程度有所差别。最后基于“路径依赖”理论，从条件、环境、引力、动力4个方面分析其影响因素的作用机理。,"['城市休闲', '休闲旅游', '旅游资源', '空间特征', '形成机制', '长沙市']",T48,T46,2.0,-0.5360504030724399,摘要:GIS；摘要:地理探测器,0.183309098152384,-0.0575028790888561,0.5311111111111111,T46,A45,A46,7.5,0.6192731496578703,标题:旅游；关键词:旅游；摘要:旅游,-0.0021927679178902,-0.0337632167294977,0.94,A13,False,False,False,needs_review,needs_review,high
ZH_0492,阶梯式碳交易下考虑源荷不确定性的储能优化配置,双碳愿景下，维持高比例新能源电力系统的稳定性和灵活性，配置储能是关键。建立了考虑阶梯式碳交易和分时电价的储能鲁棒模型。在模型中考虑了源荷双侧的不确定性影响，利用时间平滑约束和空间集群约束来缩小源荷不确定性集边界，降低模型的保守性。通过拉格朗日推理把不确定性约束转换为确定性约束，并用改进的麻雀算法对模型进行求解。算例表明，时空耦合效应下系统经济性将得到显著提升，决策者可通过选择不确定性的置信概率来平衡系统经济性与鲁棒性。针对不同灵活性改造阶段提出了不同的储能规划方案，指出区域内火电存量低于43%时，系统开始具有碳收益。,"['储能规划', '鲁棒模型', '不确定性集', '阶梯式碳交易', '灵活性改造']",T37,T32,3.5,0.526602213332353,标题:优化配置,0.145475816068512,0.0879749931902769,0.7544444444444445,T39,A35,A23,7.5,0.7072223036371481,标题:储能；关键词:储能；摘要:储能,0.0083252810836494,-0.0912692597346564,0.94,A23,False,False,False,high,high,high
ZH_0493,北京市Airbnb房源价格影响因素计量分析,文章以2021年北京市Airbnb数据为基础，综合运用OLS回归和空间计量模型方法对北京市Airbnb房源价格影响因素进行研究。结果表明：(1)不同类型特征变量对房源价格的解释力从高到低依次为：房源特征、声誉特征、房东特征、邻里特征，房源物理属性是消费者支付意愿和Airbnb房价的决定因素；(2)房东特征是房源价值的重要组成部分，更多的身份验证信息和更短的回复时间有助于实现Airbnb房源溢价；(3)不同项目评分对价格的影响存在显著差异，其中性价比和干净整洁的评分影响最为显著；(4)交通可达性、旅游景点、周边酒店供应量对价格有显著积极影响；(5)空间计量模型的拟合优度优于传统OLS模型，Airbnb房价存在显著的空间溢出效应。,"['共享住宿', '共享经济', '价格', '空间计量模型', '房东特征', '旅游景点']",T42,T28,4.0,0.724905400820446,关键词:计量模型；摘要:计量模型,0.1604883682378433,0.0350385772888998,0.8422222222222222,T42,A45,A46,4.0,0.3688978952643107,关键词:旅游；摘要:旅游,0.0664245076840947,0.0635563947450769,0.8422222222222222,A45,False,False,False,high,high,high
ZH_0494,中国碳市场顶层设计重大问题及建议,"基于中国碳市场建立的背景、社会经济影响及其有效运行条件,文章系统分析了与中国碳市场顶层设计密切相关的重大议题,包括中长期经济可持续发展、区域协调发展、产业及经济结构调整、低碳技术创新、能源市场化改革、与其他能源环境政策之间的协同互补等。根据中国当前经济发展阶段及未来改革发展方向,对未来全国碳市场顶层设计提出了相应的政策建议。","['中国碳市场', '可持续发展', '区域协调发展', '经济及产业结构', '市场化改革', '技术创新', '政策协同']",T21,T08,0.0,0.0017591247265995,,0.0971123749436675,0.0125651766185682,0.4819350371992595,T21,A36,A40,7.5,0.3425478993529707,标题:碳市场；关键词:碳市场；摘要:碳市场,0.2143463019358537,0.0467707096640774,0.98,A36,False,False,False,needs_review,needs_review,high
ZH_0495,我国耕地资源开发利用的问题与整治对策,"当前我国耕地资源开发利用问题突出,主要表现在利用效率低下、生态环境退化、土壤污染严重等,影响了粮食安全。文章针对目前耕地资源开发利用存在的突出问题,从土地整治入手,分析了土地整治促进耕地资源合理开发利用的实现途径,提出了""十三五""时期土地整治的发展战略。","['耕地利用', '土壤安全', '生态良田', '土地整治']",T29,T19,0.0,0.0027791109203049,,0.1298465240511011,0.0198507922878926,0.4830570220123354,T29,A42,A13,8.5,0.726952917280055,标题:耕地；关键词:耕地；摘要:耕地；摘要:粮食,0.1937649266669733,0.0496636948575351,0.98,A42,False,False,False,needs_review,needs_review,high
ZH_0500,产业转移的经济地理学研究:进展与展望,"从经济地理学的学科视角出发,对产业转移概念、国际产业转移动因与区位选择研究、国家内部产业转移动因与区位选择研究、产业转移的区域效应研究进行全面梳理,对产业转移研究进行展望。研究认为:针对新一轮产业转移的空间格局与过程研究;以国际""新经济地理学""相关理论解释产业转移的动因与区位选择;从经济地理学学科特点出发建立综合性分析框架研究产业转移的区域效应;加强产业转移的空间计量以及模拟分析应成为未来研究的方向。","['产业转移', '区位选择', '区域效应', '经济地理学']",T48,T06,1.0,0.7102216698796255,摘要:空间格局,0.0392333919568977,-0.0698452151455317,0.6155555555555555,T06,A43,A03,7.5,0.7435966650592052,标题:产业转移；关键词:产业转移；摘要:产业转移,0.2907779740687578,0.1685476075657508,0.98,A43,False,False,False,medium,medium,high
ZH_0503,国际科学教育发展的对比研究――理念、主题与实践的革新,"科学教育的重要性不在于传递给学习者确定性的知识,而在于让他们学会把知识作为认知世界的方式,以应对世界的不确定性。21世纪国际科学教育发展以人类可持续发展为指向,以培育科学素养为目标,注重渗透科学本质教育,关注通过深度与连贯的课程搭建科学学习的""共同基础"",利用技术激发和融合科学教育创新,强调科学与人文的统一,发挥非正式学习的重要作用,并通过国际评估提升质量。对于科学教育及其重要性的新认识推动着国际科学教育的持续变革,这些趋势对于我国科学教育的战略转型具有启示意义。","['科学教育', '青少年', '科学素养', '创新']",T20,T39,0.0,0.0053324107622629,,0.1962305946067188,0.038088648301878,0.4858656518384892,T20,A25,A04,8.5,0.6805573406199283,标题:教育；关键词:教育；摘要:教育；摘要:课程,0.3301197608534754,0.3233087355204968,0.98,A25,False,False,False,needs_review,needs_review,high
ZH_0504,新型农业经营主体融合发展与农户多维生计提升——基于政策势能集聚分析框架的实证研究,有效提升农户多维生计水平是脱贫攻坚与乡村振兴有效衔接的必然要求。文章在建构政策势能集聚分析框架基础上提出新型农业经营主体融合发展典型样态和相关假设，利用问卷调查数据并应用二元Logistic、多元线性回归加以检验。结果表明：(1)新型农业经营主体融合发展对农户多维生计提升作用限于一般农户和建档立卡脱贫经营户，而在脱贫非经营户中并没有发现其显著作用。(2)与新型农业经营主体建立组织化联结者多为脱贫户或脱贫非经营户，建立要素化联结者多为一般农户或脱贫经营户，并且不论是组织化还是要素化集聚都向一般农户或脱贫经营户倾斜。(3)相较于组织化政策势能联结，要素化政策势能联结对脱贫户多维生计提升有着更为一致的效应。(4)多维生计剥夺指数与组织化势能联结指向性成正比，而与要素化势能集聚性成反比。研究认为，在脱贫攻坚与乡村振兴进程中尽管可能存在路径依赖式的政策对象选择倾向，但通过提升农户与新型农业经营主体势能联结的组织化、要素化水平，可以实现新型农业经营主体多元融合发展与农户多维生计提升的理想格局。,"['新型农业经营主体', '融合发展', '政策势能集聚', '多维生计提升', '社会网络']",T42,T20,1.0,-0.0226737827972048,摘要:Logistic,0.1079963204423464,-0.161955591408606,0.4755555555555555,T20,A42,A12,13.0,0.7822277527607072,标题:农业；关键词:农业；摘要:农业；摘要:乡村振兴；标题:农户；摘要:农户,0.5976481788322099,0.444483948290766,0.98,A42,False,False,False,needs_review,needs_review,high
ZH_0507,长三角城市群上市民营企业发展水平变化及其影响因素,以长三角城市群上市民营企业微观数据为基础进行实证，通过最近邻指数、核密度估计等方法探究其集聚和发展水平的时空格局特征，借助相关性系数、后向逐步回归与随机森林模型探究影响上市民营企业的关键因素。结果表明：上市民营企业空间集聚强化，以都市圈成员间等级扩散形成“核心—边缘”结构；上市民营企业发展格局呈多核心嵌套环绕，其发展水平沿海高于内陆，与其集聚空间具有相似性特征；影响上市民营企业发展的因素重要性排序依次为知识密集度、市场规模、研发投入、劳动密集度、宏观税负及资本密集度，除知识密集度和宏观赋税外均有利于推动上市民营企业发展，同时各因素影响效应存在一定的边际效应，在适度规模时均能促进上市民营企业发展。,"['民营经济', '上市民营企业', '空间集聚', '宏观税负', '创新发展', '长三角城市群']",T02,T24,1.0,0.7191894044846945,摘要:随机森林,0.0949847500788084,-0.005789967966467,0.6155555555555555,T24,A39,A43,15.0,0.5049549783243834,标题:城市群；关键词:城市群；摘要:城市群；标题:长三角；关键词:长三角；摘要:长三角,0.210709065526995,0.0068212737455961,0.98,A39,False,False,False,medium,medium,high
ZH_0508,京津冀城市群就业密度空间分布特征及溢出效应,"城市群的发展是国家经济发展的主要载体,对就业密度的考察是理解城市群规模与效率的一个重要视角。文章基于2000—2015年京津冀城市群180个区县(市)的面板数据,考察了其就业密度的空间分布特征与溢出效应。文章研究发现:城市群整体的就业密度向一线城市集中,廊道扩散特征明显;城市群内部就业密度的空间分布差异显著,是以北京强中心为主导的多中心结构;就业密度的空间溢出效应与就业集聚程度有关,就业密度越高的地区,其空间溢出效应明显,就业密度低的地区不具有空间溢出效应。文章的政策建议是:进一步降低中心城市就业门槛,支持经济的跨地区合作;在不同就业密度地区,实行差异化的产业发展功能定位。","['就业密度', '空间溢出效应', '京津冀城市群', '区域协同发展', '扩散廊道', '就业中心', '多中心结构']",T42,T30,1.0,0.7352543281164889,摘要:面板数据,0.2035127689174029,0.1089594865463501,0.6755555555555555,T42,A39,A15,15.0,0.7555398964808966,标题:城市群；关键词:城市群；摘要:城市群；标题:京津冀；关键词:京津冀；摘要:京津冀,0.315764590370338,0.2538564034349755,0.98,A39,False,False,False,medium,medium,high
ZH_0511,适用于变压器保护的数字孪生建模技术研究,常用的大型建模软件规模庞大、计算效率低，所建模型不满足保护速动性的要求。该文提出基于数字孪生技术的多绕组变压器保护模型，能够满足变压器保护速动性要求，同时具有不受励磁涌流影响、区内故障检测灵敏度高的优点。首先建立了与物理实体变压器运行行为一致的数字空间物理属性模型，并在对应行为下利用离散迭代法求解数字空间模型。然后利用物理实体电流和虚拟实体电流之间的偏差确认变压器的异常工况。最后，通过动模实验和ANSYS软件建立的仿真模型验证所建模型的有效性。,"['变压器模型', '离散迭代法', '数字孪生', '异常工况']",T36,T47,1.0,-0.6702678940548095,摘要:故障检测,0.1532653112365461,-0.3304849575343536,0.4755555555555555,T47,A37,A27,7.5,0.6613989217034886,标题:变压器；关键词:变压器；摘要:变压器,0.3062542088004649,0.2671351550249178,0.98,A37,False,False,False,needs_review,needs_review,high
ZH_0512,基于上海世博会背景下的永康市会展旅游发展思路,"在上海世博会召开的背景下,利用问卷调查与实地典型调研相结合的方法,对永康会展旅游进行SWOT分析后认为永康发展会展旅游存在很大潜力。利用EXCEL2003和SPSS软件,从职业和文化水平两个角度分析不同群体对会展旅游品牌的认知与感受,提出永康会展旅游的发展思路:借鉴上海世博会强化会展品牌意识;加强浙苏沪区域合作;针对群体的职业和文化差异进行合理宣传;完善会展硬件设施和品质服务建设;加大会展旅游延伸产品的开发。","['会展旅游', '品牌认知', '上海世博会', '永康市']",T20,T29,1.0,0.7614038558008674,摘要:问卷调查,0.5381555935911008,0.2957418271490528,0.6755555555555555,T20,A45,A04,7.5,0.3569109030760834,标题:旅游；关键词:旅游；摘要:旅游,0.24370897541942,0.1493635934005956,0.98,A45,False,False,False,medium,medium,high
ZH_0516,基于派送效能与顾客满意度视角的物流快递自提柜选址及空间优化——以长沙市侯家塘北为例,结合自提柜选址理论和方法，基于派送效能与顾客满意度视角构建物流快递自提柜选址和空间优化方法，以湖南省长沙市侯家塘北的自提柜典型需求点为样本进行自提柜选址及空间优化案例研究。通过分析研究区域快递需求和自提柜现状，在实地调研收集研究区域快递需求人数总量、需求点数、需求点快递需求量和需求点坐标等数据基础上构建集合覆盖模型，利用LINGO软件进行求解运算，再运用AHP法和Matlab软件进行计算求解其自提柜最优选址方案，进而针对物流企业提出相关建议，旨在提高物流派送效能与顾客满意度。,"['物流业', '快递', '派送效能', '顾客满意度', '自提柜', '选址优化']",T20,T22,1.0,0.7104481478101183,摘要:实地调研,0.0047623943663259,-0.0682275156420111,0.6155555555555555,T22,A46,A36,7.5,0.7156564405441947,标题:物流；关键词:物流；摘要:物流,0.0914120137523881,-0.0310254246843232,0.94,A36,False,False,False,medium,medium,high
ZH_0519,长三角城市群R&D资源投入产出效率分析及空间分异,"从投入产出效率视角,构建研发资源投入产出评价指标体系,运用DEA中的CRS、VRS模型和Malmquist指数方法,测度了长三角城市群研发资源的投入产出效率、变化趋势以及空间分异特征,并运用因子分析定权法验证DEA计算的结果,二者表现出高度的一致性。结果表明,长三角城市群研发资源的投入产出效率总体较低,但呈上升趋势:2000、2005、2010以及2012年长三角城市群研发资源投入产出的综合效率分别为0.591、0.622、0.669和0.784,均不足最优效率的80%;江苏研发资源投入产出效率显著高于上海和浙江;长三角城市群研发资源投入产出效率分异程度逐渐缩小,但空间格局变化较大;长三角城市群研发资源投入产出效率各类效率变动指数均呈现上升趋势,且全要素生产率变动较为显著。","['研发资源', '投入产出效率', '因子分析定权法', '长三角城市群']",T41,T48,1.0,-0.5890394901227227,摘要:指标体系,0.1328835334964851,0.0003672783441873,0.5355555555555556,T41,A39,A30,15.0,0.7420375397165089,标题:城市群；关键词:城市群；摘要:城市群；标题:长三角；关键词:长三角；摘要:长三角,0.2188750521169255,0.1574109979750634,0.98,A39,False,False,False,needs_review,needs_review,high
ZH_0520,演化经济地理学视角下创新网络研究进展与展望,"""要素驱动""向""创新驱动""、""地方空间""向""流动空间""转变的背景下,多主体、多尺度的网络化模式成为创新导向,动态性、路径依赖性与邻近性等演化经济地理学分析思维有助于理解创新网络演化规律和机制。文章基于Web of Science和中国知网中1991—2016年经济地理学领域创新网络演化研究文献,借助CiteSpace V软件,运用文献计量分析法以及对相关文献资料的回顾,系统梳理创新网络演化研究的热点领域、知识基础,明晰核心研究内容和学术争议。结果表明:①创新网络结构演化、演化路径与演化机理是国外研究的热点领域,通过借鉴西方演化理论和研究范式,企业、产业和区域等创新网络演化实证探讨受到国内研究重视;②多维邻近性机制下的创新网络形成与演化、全球—地方多空间尺度耦合的创新结网以及产业集群创新网络成为研究的知识基础;③创新网络演化是否呈现路径依赖有待解答,不同维度邻近性对创新网络演化影响的重要程度存在争议,着眼于多集群的创新网络演化则是新近的前沿领域。","['创新网络', '演化经济地理学', '研究热点', '邻近性', '路径依赖', '产业集群']",T45,T43,2.0,-0.5587230746693455,摘要:文献计量；摘要:Citespace,0.2782324421486213,-0.0581059955373416,0.5311111111111111,T43,A40,A43,7.5,0.3660353137219878,标题:创新网络；关键词:创新网络；摘要:创新网络,0.3293320200580976,0.2145379551570563,0.98,A40,False,False,False,needs_review,needs_review,high
ZH_0523,珠江三角洲城市群灾害易损性时空格局差异分析,"在灾害环境变化的背景之下,城市灾害易损性研究成为新时期城市化进程和城市可持续发展研究的主题之一。应用贡献权重模型,从人口易损性、经济易损性、社会易损性和环境易损性4个方面,对珠江三角洲城市群17个城市的灾害易损性时空格局差异进行了分析。结果表明:珠江三角洲城市群灾害易损性评价因子的贡献率发生明显变化,由城市绿化率和道路密度向经济密度、建成区面积比和人口密度转移;时间上2010年城市灾害整体易损性变化速率高于2000年,空间上以广州和深圳为代表的东侧城市易损性整体有明显上升的趋势,而以恩平和四会为代表的西侧城市易损性有下滑的趋势或变化不明显,并且内圈层城市灾害易损性高于外圈层城市。这说明10年来,珠江三角洲城市群的经济和城市化进程得到迅速发展,可是城市防灾减灾能力亟待进一步提高;同时灾害易损性的时空格局反映出珠江三角洲城市群东西侧和内外圈层城市在人口、经济、社会和生态环境方面存在着较大的差异,这将成为珠江三角洲城市群实现优化整合、区域一体化面临的关键问题。","['城市易损性', '时空差异', '贡献权重模型', '珠江三角洲']",T10,T19,0.0,0.0101995560027876,,0.1771448677027947,0.072853971448483,0.4912195116030663,T10,A39,A24,4.5,0.7375294393970498,标题:城市群；摘要:城市群,0.2275217656804498,0.1252102814074993,0.8699999999999999,A39,False,False,False,needs_review,needs_review,high
ZH_0524,环长株潭城市群技术进步及空间溢出效应研究,"首先分析技术进步及空间溢出机理,运用DEA方法测算2001—2011年环长株潭城市群的技术进步水平,利用Moran系数分析其空间关联性。在此基础上构建动态空间面板数据模型,探索技术溢出的主要因子,结果证实:环长株潭城市群存在日益明显的技术溢出效应和集聚效应,技术扩散与空间邻近紧密相关,研发投入、产业结构、市场化制度和人均资本是重要促进因子,且存在滞后现象,但外商直接投资和高级人力资源作用不显著。","['空间溢出效应', '空间计量经济', '技术进步', '环长株潭城市群']",T42,T48,1.0,0.0256971040593587,摘要:面板数据,0.260855524397603,0.1835507432811336,0.5638223700208502,T42,A39,A43,7.5,0.6338033340991442,标题:城市群；关键词:城市群；摘要:城市群,0.2057527142396001,0.0700238149938872,0.98,A39,False,False,False,needs_review,needs_review,high
ZH_0527,日美贸易摩擦中知识产权的作用及其对我国的启示,"在世界经济的十字路口,贸易保护和单边主义蔓延,美国为维护其经济地位而故意挑起贸易争端。知识产权是国际贸易的重要内容,通过研究日美贸易摩擦中的知识产权因素可以为当前中国应对中美经贸摩擦提供参考。文章对日美贸易摩擦进行了回顾,总结了日美贸易摩擦中的知识产权因素,指出知识产权是国际贸易摩擦的引爆剂和管理国际贸易的重要工具,知识产权政策是国际政治经济格局的国内反应,在此基础上提出了对我国的启示。","['知识产权', '贸易摩擦', '国际贸易管理']",T20,T18,0.0,0.0037372856129354,,0.197622101400812,0.0266948972352529,0.4841110141742289,T20,A50,A24,7.5,0.0281752717731348,标题:贸易；关键词:贸易；摘要:贸易,0.1859562207876406,0.2012519412366777,0.8909927989504485,A50,False,False,False,needs_review,needs_review,high
ZH_0531,区域经济发展方式转变进程评价及路径探索——基于长江经济带11省2003—2015年的经验数据,"通过运用PCA,对长江经济带11省2003—2015年的数据进行分析发现,长江经济带经济发展方式转变的进程与经济实力和地理位置有着密切联系,大致趋势为自西向东逐渐加快。再通过AHP和PCA进行组合赋权的方式,得出经济发展是影响长江经济带经济发展方式转变的重要指标,最大的三级指标是地区GDP。在结论的基础上,建议政府应将经济发展、资源环境作为工作的重心,同时提出注重经济发展的质量、提高科研投入产出率,优化产业结构、建立资源节约与环境友好的激励约束机制等建议。","['长江经济带', '区域经济', '经济发展方式转变']",T19,T24,0.0,0.0007341448084418,,0.0779824084161154,0.0052438914888699,0.480807559289286,T19,A39,A43,6.5,0.6126079548286246,标题:区域经济；关键词:区域经济,0.1015191365522636,0.0241227542703957,0.98,A39,False,False,False,needs_review,needs_review,high
ZH_0535,电力市场环境下工业需求响应技术的应用与研究综述,"工业需求响应(industrial demand response,IDR)的巨大潜力将更有助于可再生能源在新型电力系统建设中发挥关键作用。因此，将从资源、市场和策略三方面系统回顾电力市场环境下IDR的应用与研究。首先，对工业需求响应的贡献与基本概念进行了介绍，阐述了电力市场环境下工业需求响应的总体框架；并在此基础上建立IDR资源库，考虑生产流程与需求响应方式，总结了具有需求响应潜力的主要工业类型。然后，理清了IDR的可用范围，包括电能量、调频、备用及调峰市场，并整理了IDR领域的运行优化策略与风险管理手段，以管理工业用户的潜在风险。最后，选取美国PJM和澳大利亚地区的电力市场，总结其需求响应发展现状及最新政策，并结合我国各省市的工业需求响应特点及差异，分析了IDR发展的挑战。","['工业需求响应', '电力市场', '运行优化策略', '风险管理']",T06,T40,3.5,0.7153881302391276,标题:综述,0.1601098180031795,-0.032941926863373,0.7544444444444445,T40,A36,A34,15.0,0.7466041279403328,标题:电力市场；关键词:电力市场；摘要:电力市场；标题:需求响应；关键词:需求响应；摘要:需求响应,0.6869205117667919,0.532886628145235,0.98,A36,False,False,False,high,high,high
ZH_0541,中国机器人产业发展现状与展望,"文章分析了国内外机器人产业发展现状,介绍了新松机器人产业布局,并对机器人与工业4.0、互联网+融合产生的影响进行了展望。","['机器人', '智能制造', '工业4.0']",T26,T02,7.5,0.7590707429537571,标题:机器人；关键词:机器人；摘要:机器人,0.4399731891098961,0.2790767353839789,0.98,T26,A20,A19,7.5,0.8036887554633803,标题:机器人；关键词:机器人；摘要:机器人,0.7985647464478853,0.5977768247384305,0.98,A20,False,False,False,high,high,high
ZH_0543,江苏粮食生产地域分化的耕地因素分解,"以粮食产量计算模型为基础,将粮食生产分解成耕地利用的数量、结构、强度、广度4个因子。以江苏省为例,从省域—分区域—地市等不同空间尺度,分析粮食生产的耕地因子过程,比较各地粮食生产变化的差异及其耕地利用变化的成因。结果显示:1990年代中期以来,江苏粮食生产区域分化显著,南部耕地大幅减少、有限耕地的生产功能减退,导致粮食生产全面萎缩;中北部耕地利用集约度提升,粮食生产功能总体趋于强化。影响各地市粮食生产变化的主导因子各有不同:粮食单产是连云港、盐城、宿迁、扬州、泰州5市粮食增产的主导因子,结构调整是南京、徐州、南通粮食减产、淮安粮食增产的主导因素;复种指数调减是苏州、无锡粮食生产衰退的首要因子。","['粮食生产', '区域分化', '耕地变化', '因素分解']",T13,T31,0.0,0.0019483114191258,,0.0846156256340076,0.0139165101366136,0.4821431425610384,T13,A42,A39,15.0,0.7323603945862864,标题:耕地；关键词:耕地；摘要:耕地；标题:粮食；关键词:粮食；摘要:粮食,0.1782030660523812,0.0882885327591891,0.98,A42,False,False,False,needs_review,needs_review,high
ZH_0544,基于多智能体建模的旅游交通方式跃迁现象仿真研究,旅游交通方式跃迁现象的客观性和跃迁带位置的移动规律是值得研究的科学问题。采用多智能体建模技术对旅游交通方式跃迁现象进行仿真研究。发现：(1)旅游者根据广义交通费用最小原则进行交通方式选择是产生旅游交通方式跃迁现象的原因。(2)客源城市的人均居民收入、居民自驾车可获得率、对外交通方式的发达程度等是影响跃迁带位置的决定性因素。(3)不同收入群体对交通条件变化的敏感程度不同导致跃迁带位置移动幅度也不同，新高铁线路开通对中低收入和中收入群体旅游交通方式选择行为影响最大，新自驾游线路开发对中收入和中高收入群体影响最大。(4)在理想交通条件下，不同收入群体的主交通方式及其跃迁规律不同。,"['旅游交通方式', '跃迁现象', '多智能体建模', '仿真', '高速铁路', '自驾游', '居民收入']",T25,T12,0.0,0.0003096405418437,,0.0778670167676241,0.0022117181560265,0.4803406045960281,T25,A45,A46,7.5,-0.2481496547287146,标题:旅游；关键词:旅游；摘要:旅游,0.1391427861352513,0.0163223419998648,0.8,A25,False,False,False,needs_review,needs_review,high
ZH_0545,乡村旅游发展对农户生计的影响——以秦岭北麓乡村旅游地为例,"选取秦岭北麓四个不同旅游发展阶段景区,采用半结构性访谈方法对景区周边农户进行问卷调查,根据英国国际发展署(DFID)可持续生计分析框架设计农户生计资本评价指标体系,采用熵值法确定指标权重。基于农户分类,对乡村旅游影响下六种不同生计类型农户的家庭特征、生计策略和生计资本进行对比分析。最后提出提高农户可持续生计的对策建议。主要结论包括:1乡村旅游深刻改变了农户传统的生计组合模式,农户生计方式发生变迁和重构,传统单一的生计方式趋于多样化;2在乡村旅游的影响下,当地农业生产功能衰退,大量传统生计农户向新型生计(旅游经营和务工结合)农户转化,形成六种不同理性偏好共存的生计模式;3乡村旅游发展改变了农户的生计资本储量和组合形式,改善了农户原有的生计环境。总体而言,当地农户生计资本规模有限,且不同类型农户生计资本的差异显著,传统生计型农户生计资本储量和生计活动多样性均明显低于旅游参与型农户。","['可持续生计', '乡村旅游', '农户生计', '秦岭北麓']",T41,T20,1.0,-0.4007396631192743,摘要:指标体系,0.1409073723355462,-0.2909975937091022,0.4755555555555555,T20,A42,A45,8.5,-0.3216829169807209,摘要:农业；标题:农户；关键词:农户；摘要:农户,0.2290931843080411,-0.0691636927194356,0.8,A45,False,False,False,needs_review,needs_review,high
ZH_0546,基于ABC-RFEKF算法的锂电池SOC估计,准确、可靠的荷电状态(SOC)估计可以为电池管理系统的安全高效使用提供保障。针对锂电池SOC估计精度不足的问题，提出人工蜂群算法(ABC)和随机森林优化EKF算法(RFEKF)分别实现电池模型的参数辨识和SOC估计。在建立双极化模型的基础上，为解决在线辨识初始误差累积的问题，采用ABC算法搜索最小模型电压误差下的全局最优阻抗参数值，实现模型参数的精确辨识。在获得精确的模型参数基础上，使用随机森林(RF)对SOC后验估计误差进行在线补偿，达到弥补传统EKF算法高阶项误差的目的，进而实现SOC高精度估计。联合半实物仿真系统和电池测试平台，在EPA城市动力工况下对SOC估计算法实现快速控制原型验证。结果表明：基于ABC-RFEKF的锂电池SOC估计算法各项误差指标均低于传统SOC估计算法，平均误差在1%左右，满足实际工程需求。,"['荷电状态', '人工蜂群算法', '随机森林', '扩展卡尔曼滤波', '快速控制原型']",T02,T27,4.0,0.1960554379142501,关键词:随机森林；摘要:随机森林,0.2136485696856339,0.1146816993875012,0.7822222222222223,T35,A35,A14,4.5,0.7316401300849162,标题:SOC；摘要:SOC,0.1851847728662109,0.083143786320831,0.8699999999999999,A35,False,False,False,high,high,high
ZH_0548,基于异质聚类与Stacking的双集成光伏发电功率预测,"光伏功率预测是实现能源优化分配与电网稳定运行的关键基础。然而传统方法中数据预处理不精细以及预测算法对数据挖掘不到位的问题，往往致使准确率不足。针对上述问题，该文提出基于聚类集成和预测集成的双集成光伏功率预测方法，以异质集成的方式提升了气象分类和功率预测的精度。首先，基于重标记法和投影法，构建了融合Kmeans、高斯混合模型(gaussianmixturemodel, GMM)、AGNES(agglomerativenesting)和BIRCH(balancediterative reducing and clustering using hierarchies)4种异质算法的聚类集成框架，并依据滑动时间窗口筛选离群日，建立典型气象模型。其次，基于Stacking集成学习框架，在采用k折交叉验证法规避过拟合的基础上，构建由门控循环单元(gated recurrent unit,GRU)、随机森林(random forest,RF)、XGBoost和Light GBM组成的预测集成模型，深度挖掘光伏数据的潜在规律。最后以澳大利亚某光伏电站为例进行仿真，结果表明双集成功率预测的准确性比传统模型有较大提升，证明了聚类集成和预测集成的有效性。","['光伏功率预测', '聚类集成', '异质集成', 'k折交叉验证法']",T35,T02,7.5,0.6427628672412536,标题:功率预测；关键词:功率预测；摘要:功率预测,0.3094380887230469,0.1340204802946688,0.98,T35,A34,A23,7.5,0.7257464786640017,标题:光伏；关键词:光伏；摘要:光伏,0.0946163725665334,0.0410462761714406,0.98,A34,False,False,False,high,high,high
ZH_0549,苏、鲁产业结构比较分析,"回顾分析了我国产业结构的实证研究。选取产业结构演进评价指标:产业结构相似度指数、多样化指数、产业结构变动值、Moore结构值变化指标、产业结构超前系数。通过产业结构演进分析方法—Shift-share方法,构建数学模型。选取2000—2009年的《江苏省统计年鉴》和《山东省统计年鉴》相关数据,使用excel软件进行数据处理并利用数学模型计量,利用计量结果,首次对苏、鲁两省1999—2008年产业结构进行了静态、动态、SSM分析比较研究,得出客观结论。依据结论,提出苏、鲁产业结构调整的对策,为苏、鲁两省建立科学双赢的合作模式和良性的竞争模式,促进两省经济社会科学发展提供科学依据。","['江苏省', '山东省', '产业结构', '研究']",T42,T33,0.0,0.0058161033065722,,0.1682542897684668,0.0415435950469448,0.4863977136372294,T42,A43,A27,7.5,0.6628876203413971,标题:产业结构；关键词:产业结构；摘要:产业结构,0.4176383771629355,0.2777687167242663,0.98,A43,False,False,False,needs_review,needs_review,high
ZH_0550,基于交通视角的新疆城市等级体系演变研究,"通过主成分分析、集中度系数、非均衡系数以及改进的重力模型对新疆各城市的交通运输综合水平、复合流量的集中程度和基于复合流量的城市引力及引力节点分析,得出结论:①1985—2005年新疆城市交通运输综合水平变化明显,国道和北疆铁路沿线城市发展水平较高,发展水平较低的城市主要集中在南疆,且比较分散;②集中度系数波动明显,乌鲁木齐、克拉玛依、昌吉、阿克苏等城市对新疆客货流影响较大,而区域非均衡系数较低,呈现明显缩减的趋势;③受绿洲城镇发育程度和自然地理条件影响,各等级节点数量变化不大。乌鲁木齐、克拉玛依、昌吉、石河子在不同年份对新疆各城市的影响较为明显,节点等级较高。④基于交通视角的城市体系呈现出交通运输中心区域不断强化,二级节点城市变化明显,经过20年的演变,基本形成了以乌鲁木齐都市圈为核心,以石河子为次级中心,以喀什和米泉为三级中心,以克拉玛依、伊宁、乌苏、库尔勒为重要节点的城市体系。","['交通运输水平', '复合流量', '城市等级体系', '空间结构', '新疆']",T02,T46,0.0,0.0108064331581629,,0.1494466777957901,0.0771888082725919,0.4918870764739791,T02,A46,A09,8.5,0.7171197981942198,标题:交通；关键词:交通；摘要:交通；摘要:铁路,0.0922286271514363,-0.020572870041287,0.94,A09,False,False,False,needs_review,needs_review,high
ZH_0551,面向新型电力系统灵活性提升的调峰容量补偿机制设计,随着新型电力系统建设加速以及电力市场改革不断深化，可再生能源将快速成为中国主要的能源供应主体并广泛参与到电力市场之中，其波动性和不确定性将对电力系统灵活性带来极大挑战。针对目前电力系统面临调峰资源不足的困局，单一电能量市场无法回收灵活性成本的实际情况，提出了激励火电灵活性改造的调峰容量补偿机制，从中长期至现货全时间尺度上解决系统灵活性资源不足的问题。首先，精确计算系统调峰缺口，并构建火电深度调峰的成本模型。其次，将火电灵活性改造成本分解为固定成本与变动成本，固定成本向发生弃电的可再生能源分摊，变动成本参与现货市场竞争回收。这一方面保障了必要的灵活性成本合理回收，避免了过度支付或回收不足的风险，另一方面将调峰市场纳入电能量市场之中，降低了现货市场出清模型的求解难度，理顺了价格信号。最后，进行多市场机制耦合运行模拟，基于改进的IEEE30节点系统验证了所提机制和模型的有效性。,"['电力市场', '灵活性', '深度调峰', '补偿机制']",T40,T19,0.0,0.0103422137035514,,0.22560370395449,0.0738729550253677,0.4913764350739066,T40,A36,A34,4.0,0.5504253091934009,关键词:电力市场；摘要:电力市场,0.2371063223416646,0.0744664942385779,0.8422222222222222,A36,False,False,False,needs_review,needs_review,high
ZH_0554,非晶合金材料发展趋势及启示,金属材料的发展与人类文明和进步息息相关。非晶合金材料是一类原子结构长程无序，具有独特优异性能的新型金属材料。近年来，非晶合金材料的研发、相关科学问题的研究、在高新技术领域的应用得到快速发展，并对金属材料的设计和研发、结构材料、绿色节能材料、磁性材料、催化材料、信息材料等领域产生深刻的影响。为此，文章在回顾非晶合金材料研究和研发历史过程的基础上，分析了当前其学科的前沿科学问题、发展方向，以及我国在该领域发展的问题、机遇和挑战，并提出相应的启示和建议，以期为加快新金属材料的发展，特别是在高新技术领域的应用提供管窥之见。,"['非晶合金材料', '进展', '科学问题', '应用', '启示']",T12,T13,0.0,0.0049147971324123,,0.2573285459929399,0.0351056938029455,0.4854062768456536,T12,A15,A21,7.5,0.7055793482981452,标题:合金；关键词:合金；摘要:合金,0.5889755820502035,0.5827096307010374,0.98,A15,False,False,False,needs_review,needs_review,high
ZH_0557,中国—东盟自贸区内各经济体经济发展差异研究,"采用数理统计方法测度了各年自贸区内各经济体之间不同指标的变异系数,然后运用主成分分析法计算了各年各经济体经济发展综合评价值及变异系数。研究发现,自贸区内各经济体之间经济规模、产业构成、外资吸引力及内资积累能力、经济外向程度都存在显著差异,经济发展综合水平差异显著。此外,运用χ2检验法对区内各经济体之间经济发展综合水平差异的趋势进行了检验,发现近10多年来区内各经济体之间经济发展综合水平的差异没有呈现收敛的现象,也就意味着,区内经济发展差异将长期存在。因此,作为自贸区成员国之一的中国,有必要从自贸区制度安排的制定和执行上发挥作用,消除由于经济差异存在带来的成员国对推进自贸区的疑虑和抵触。","['中国—东盟自贸区', '变异系数', '主成分分析', '经济差异']",T41,T02,1.0,0.6874454005964494,摘要:综合评价,0.176779062973342,-0.2325328528825042,0.6155555555555555,T02,A50,A43,7.5,0.7449374404855875,标题:自贸区；关键词:自贸区；摘要:自贸区,0.2813154489249284,0.1781245748970537,0.98,A50,False,False,False,medium,medium,high
ZH_0558,大西安旅游圈旅游规模分布演变及空间特征,"旅游空间结构是旅游地理研究的重要方向之一。以旅游经济联系度、旅游首位度和旅游基尼系数等多项指标对大西安旅游圈近10年的旅游规模分布变化及空间特征进行了分析,初步探讨了西安旅游与大西安旅游圈发展的互动响应。结果表明:大西安旅游圈是单极核圈层结构,呈单核辐射发展;西安是大西安旅游圈的旅游首位城市,但首位度在不断降低;旅游圈内游客人数和旅游经济均趋于分散,但旅游经济分散的程度更为显著。此外,大西安旅游圈旅游规模成长呈现单点集聚性、轴线指向性、区域差异性与结构趋散性等特征。","['大西安旅游圈', '旅游规模分布', '空间特征']",T44,T45,0.0,0.0063588305586858,,0.1288174900642283,0.0454202182763276,0.4869947136145544,T44,A45,A39,8.5,0.6864878951789226,标题:旅游；关键词:旅游；摘要:旅游；摘要:旅游经济,0.4030558890703177,0.3656698395133122,0.98,A45,False,False,False,needs_review,needs_review,high
ZH_0559,中国城市旅游信息流空间网络格局及其复杂性,以2021年国内286个地级及以上城市间旅游信息流数据为基础，构建我国城市旅游信息流空间网络，采用ArcGIS空间可视化分析法和社会网络分析法探析中国城市旅游信息流空间网络格局及其复杂性。研究发现：(1)中国城市旅游信息流量空间异质性显著。中国城市旅游信息流网络联系呈现立体菱形的空间结构，Top5‰的网络联系呈现明显的地理近邻和旅游资源吸引特征。(2)区域旅游信息流空间网络表现出以高级别行政中心为集聚点的“核心—外围”放射状结构。(3)Top3城市旅游信息流出与流入空间网络非均衡性特征显著，流出与流入空间网络交叠分布形成我国城市旅游信息流立体菱形空间网络。(4)Top3城市旅游信息流出空间网络季节同质性显著，而流入空间网络季节异质性显著。春夏两季城市旅游信息流出与流入空间网络的聚类系数都相对较高，而秋冬两季聚类系数都相对较低，表明随着时间的推移，网络呈发散外扩发展趋势。研究以期深刻理解城市旅游信息流空间网络复杂性，为有效利用城市旅游信息的管理实践提供理论启示。,"['旅游信息流', '空间网络', '空间异质性', '复杂网络分析', '地级以上城市']",T43,T48,4.0,0.4054068988898466,摘要:社会网络分析；关键词:复杂网络,0.5405389002310864,0.3243349920703333,0.8422222222222222,T43,A45,A16,7.5,0.7185667597398967,标题:旅游；关键词:旅游；摘要:旅游,0.0859272293353803,-0.0102374304293087,0.94,A16,False,False,False,high,high,high
ZH_0561,大力发展分布式可再生能源应用和智能微网,"分布式可再生能源将能源的生产和消费结合在一起,直接向用户供能,剩余电能通过智能微网并入电网。分布式可再生能源系统便于实现冷、热、电等多种能源的互补利用,满足用户的多种能源需求,提高能源利用效率。未来二三十年,将是我国能源生产消费方式和能源结构调整变革的关键时期。文章着重讨论了分布式可再生能源和智能微网在能源结构调整和转变中的意义、作用和发展潜力;分析其技术发展状况和未来新技术发展的前景;探讨分布式可再生能源和智能微网技术与产业未来的发展模式、发展路线图以及对社会发展的影响;并结合目前存在的问题分析有利于发展分布式可再生能源的政策与保障措施,提出若干发展建议。","['分布式', '可再生能源', '智能微网']",T06,T34,0.0,0.0096294380985675,,0.1319127326104485,0.0687817007040538,0.4905923819084242,T06,A34,A31,7.5,0.7657938848124943,标题:可再生能源；关键词:可再生能源；摘要:可再生能源,0.4967066833325834,0.3270991772321024,0.98,A34,False,False,False,needs_review,needs_review,high
ZH_0562,长三角城市群产业生态效率及其时空跃迁特征,"伴随区域一体化进程的加快,区域内产业生态效率问题日益受到关注。文章采用数据包络分析和探索性时空数据分析法,以长三角城市群26个城市为研究对象,测度了城市群内产业生态效率及其时空跃迁特征。结果表明:(1)2000—2014年长三角城市群大部分城市产业生态效率呈现逐步上升趋势,其中苏州、上海表现最好也最为稳定。(2)长三角城市群产业生态效率具有明显的空间集聚特征,核心区域城市扩散效应不断增强,""东部独大""特征显著,局部城市空间差异明显,核心区域差异逐渐减弱,整体空间自组织效应增强。(3)各城市产业生态效率空间结构的跃迁正向整合程度明显,部分城市之间存在着转移惰性,滁州的空间依赖方向表现最为稳定,镇江的波动性最大。","['区域一体化', '产业生态效率', '时空跃迁', '长三角城市群']",T41,T25,1.0,0.7397781669221304,摘要:数据包络分析,0.20163222904322,0.1412726208723596,0.6755555555555555,T41,A39,A41,16.0,0.7077889917112717,标题:城市群；关键词:城市群；摘要:城市群；标题:长三角；关键词:长三角；摘要:长三角；摘要:区域差异,0.303136053983557,0.2342070836519411,0.98,A39,False,False,False,medium,medium,high
ZH_0565,基于复杂网络的长江中游城市群人口迁徙网络空间结构,"以2016年腾讯位置大数据人口迁徙数据为基础,通过节点指标、网络指标、空间结构三方面,分析长江中游城市群人口迁徙网络空间结构特征,得出主要结论:①通过节点对称性与节点重要度分析,得出城市群节点等级性明显。武汉城市圈节点等级联系特征为""强核心城市—边缘城市"",环长株潭城市群为""核心城市—次级城市—边缘城市"",环鄱阳湖城市群为""弱核心城市—边缘城市""+""非核心城市—边缘城市""。②通过平均点权与网络结构熵分析,得出城市群网络连通性存在差异。三子城市群分别表现出鲁棒性、持续性、脆弱性特征。③通过人口迁徙空间网络变迁图,分析城市群空间结构,得出各城市群空间结构呈现多样化。三子城市群空间结构分别呈现■+触角发散状""""■+触角发散状""""■+触角发散状""。","['复杂网络', '人口迁徙', '空间结构', '长江中游城市群', '武汉城市圈', '环长株潭城市群', '环鄱阳湖城市群']",T43,T45,6.5,0.7368133782070788,标题:复杂网络；关键词:复杂网络,0.1974640063119251,0.120095558621992,0.98,T43,A39,A05,7.5,0.7380189900010724,标题:城市群；关键词:城市群；摘要:城市群,0.1699768754462414,0.1287070714362316,0.98,A39,False,False,False,high,high,high
ZH_0567,跟网型海上风电中频汇集柔性直流送出系统的最优频率选择,远海风电场采用跟网型风机配柔直送出系统是已得到广泛应用的典型远海风电送出方案，但是目前存在海上换流站平台造价较高的问题。跟网型海上风电中频汇集柔性直流送出方案可以减小换流器的体积重量和造价，是提高工程经济性的一种有竞争力的方案。针对跟网型海上风电中频汇集柔性直流送出系统的最优频率选择开展研究，首先计算了频率变化时海缆的单位长度参数和载流量，基于海缆典型接线研究了不同频率下海缆的选型方案。然后分别计算了不同运行频率下集电系统功率损耗和海上换流平台阀损耗。最后，分别计算了集电系统功率损耗和海上换流平台阀损耗的折现电价、集电系统和海上换流平台的投资成本，基于经济性综合结果表明最优频率位于150～200Hz范围内。,"['远海风电', '跟网型风机', '中频汇集', '柔直送出', '最优频率选择']",T15,T27,0.0,0.0113406479391699,,0.17932775538387,0.081004628136928,0.4924747127330869,T15,A32,A34,6.5,-0.0952801697231464,摘要:换流器；标题:柔性直流；摘要:柔性直流；摘要:换流站,0.1750928144825319,0.0051416448346677,0.8411111111111111,A32,False,False,False,needs_review,needs_review,high
ZH_0571,面向调频的锂电池储能建模及仿真分析,“双碳”目标的提出，确定了我国能源转型的战略方向，给可再生能源并网提供了契机和动力。但随着高比例的可再生能源发电并网，新型电力系统频率波动特性及调控趋于复杂，调频难度进一步增大，以至于传统调频方式无法满足新型电力系统调频需要，而锂电池储能因具有充放电功率快速、精准的特性，可以解决以上问题。因此，以锂电池储能戴维南等效模型为基础，建立了一个考虑容量衰减、环境温度、电流倍率等影响的电池单体的改进模型。同时给出了模型参数的辨识方法以及辨识理论和其他方面对参数的影响，根据这些因素构成了一种面向调频的锂电池SOC的估计方法。最后通过Matlab的仿真对储能电池的模型进行了验证。仿真表明，该模型准确性较高，可以实现对储能锂电池的SOC等特性的实时估计。,"['电池建模', '储能调频', '新型电力系统', '可再生能源', '仿真']",T40,T02,0.0,0.025023201833487,,0.2957424462875224,0.1787371559534791,0.5075255220168358,T40,A35,A34,8.5,0.3638010935434649,标题:储能；关键词:储能；摘要:储能；摘要:SOC,0.2328032563076167,-0.1241098360340746,0.94,A34,False,False,False,needs_review,needs_review,high
ZH_0572,改革开放以来江苏省区域经济差异格局演化研究,"通过对改革以来江苏省65个县级单元区域经济差异格局变化进行研究表明:1978年以来江苏省区域经济总体差异呈扩大态势。根据Mann-Kendall法的突变点分析,改革开放以来江苏省区域经济差异变化划分为1978—1999年和1999—2007年两个阶段。据此,采用聚类分析对1978年、1999年和2007年江苏省区域经济差异格局变化进行研究,其中,1978年江苏省区域经济发展水平空间分布格局表现出明显的南北梯度差异,1999年江苏省经济发展水平格局变化为苏中地区向苏南地区集聚,苏北地区向苏中地区集聚的特点,2007年江苏省经济发展水平格局变为更加向苏南,尤其是向苏南东部地区集聚的特点。最后采用逐步回归分析方法,分析1978、1999和2007年影响江苏省区域经济发展水平分布格局因素的演变。","['区域经济差异', '区域格局变化', '基尼系数', 'Mann-Kendall方法', '逐步回归', '江苏省']",T46,T16,0.0,0.0016096530441851,,0.1068915924503147,0.0114975217441796,0.4817706183486036,T46,A39,A19,7.5,0.7431684918262282,标题:区域经济；关键词:区域经济；摘要:区域经济,0.2473654286695699,0.1654892273302023,0.98,A39,False,False,False,needs_review,needs_review,high
ZH_0574,京津冀跨域治理和协同发展的重大政策实践,随着我国城市发展的区域化进程快速推进，城市群已经成为承载人口和经济活动的主要空间形式。城市群由于涉及众多行政主体，区域性公共问题与日俱增，面临跨域治理的重大需求。京津冀协同发展战略作为国家重大区域战略，致力于建设以首都为核心的世界级城市群，其实施近9年以来，以解决“大城市病”为重点，探索发达的大都市地区和不发达的周边地区共同实现高质量协同发展的实践路径，形成了高效有序的治理体系、多中心网络形态的治理结构和灵活动态的治理机制，积累了丰富的跨域治理实践经验。文章在跨域治理理论支撑下梳理京津冀协同发展过程中的跨域治理重大政策实践，探讨面临新形势和新要求推进京津冀协同发展成为跨域治理典范的新举措，并揭示其对中国跨域治理的启示和应用前景。,"['跨域治理', '协同发展', '政策实践', '创新驱动', '公共服务', '京津冀']",T46,T21,1.0,0.7433689490325934,摘要:治理机制,0.2583016486895417,0.1669210645185251,0.6755555555555555,T46,A39,A47,8.5,0.4923356950665465,摘要:城市群；标题:京津冀；关键词:京津冀；摘要:京津冀,0.3299567708883044,0.1889524437526437,0.98,A39,False,False,False,medium,medium,high
ZH_0579,城市群经济、多城市群与区域协调发展,"我国经济内部失衡在空间上表现为东、中、西""三大部""以及城乡之间的巨大差异,而中西部地区缺乏足以与东部三大城市群相抗衡的集聚中心进一步加剧了区域失衡。从""城市群经济""内涵辨析出发,阐释了城市群、多城市群体系形成机理,并以""区域协调发展""概念三个基本维度为依据,探寻了多城市群分工合作与区域协调发展的内在统一性。在此基础上,提出了以产业转移为桥梁、城市群化为载体、区域协调发展为目标的""三位一体""区域协调发展构想。","['城市群经济', '多城市群', '协调发展']",T13,T07,0.0,0.0013271384748409,,0.1052233708147641,0.009479560534578,0.481459852322325,T13,A39,A43,7.5,0.6594888284866918,标题:城市群；关键词:城市群；摘要:城市群,0.3557204463781209,0.253491632047799,0.98,A39,False,False,False,needs_review,needs_review,high
ZH_0580,山东省农业旅游空间结构发育特征、优化模式及其驱动机制,"以农业旅游示范点为数据本底,基于空间结构理论和空间分析技术,对山东省农业旅游发育特征进行分析,得出以下结论和建议:①山东省农业旅游发展形成三大高密度分布轴带区域,空间布局呈显著的集聚模式,其发展重心向西南转移的趋势十分明显。②山东省农业旅游空间分布呈现显著的点轴式空间结构特征,形成以青岛为一级发展节点,济南、临沂等5市为二级发展节点,其他城市为三级发展节点的节点等级体系,以及以滨州—临沂、济南—枣庄为一级发展轴,菏泽—日照等为二级发展轴,东营—滨州为三级发展轴的农业旅游轴带等级体系。③山东省区域农业旅游发展表现出典型驱动模式特征。提出推进农业旅游""网络式""结构体系发育,加快鲁西、鲁西北平原地区以及鲁东内陆地区农业旅游发展以及增强鲁南、鲁北边界地区交通通达性的政策建议。","['农业旅游', '点轴理论', '旅游发展轴带', '驱动模式', '乡村旅游', '交通通达性', '农旅融合发展']",T46,T24,0.0,0.0035174162527549,,0.1172369094073589,0.0251244018053925,0.4838691578780304,T46,A45,A42,10.5,0.2324167630287008,标题:旅游；关键词:旅游；摘要:旅游；关键词:乡村旅游,0.2559189237191583,0.1907319808172502,0.98,A45,False,False,False,needs_review,needs_review,high
ZH_0581,基于混沌CSO优化时序注意力GRU模型的超短期风电功率预测,"高精度的风电功率预测对风电的并网运营至关重要。为提取风电功率输入序列隐含的时间信息,建立以门控循环单元为基础的预测模型;并在模型输入侧引入时序注意力机制,通过与输入进行加权的方式提高模型对关键历史时间节点的敏感性。为加速模型收敛,在训练的早期利用动态混沌纵横交叉算法优化预测模型的权值和阈值;同时,通过构造多指标共同作用并联合待优化参数的正则项作为目标适应度函数,以避免优化过程中模型泛化性问题的出现。以某风电场采集间隔为1h和10min的实测数据进行实验,结果表明所提组合预测方法性能优于其他对比模型,并对其有效性进行了验证。","['风电功率预测', '门控循环单元', '时序注意力机制', '动态混沌纵横交叉算法', '正则化']",T35,T02,7.5,0.7740393470029846,标题:功率预测；关键词:功率预测；摘要:功率预测,0.4795763126186974,0.3859953357356049,0.98,T35,A34,A23,7.5,0.7191609329460042,标题:风电；关键词:风电；摘要:风电,0.0802713857181126,-0.0059933360999696,0.94,A23,False,False,False,high,high,high
ZH_0582,基因编辑技术:进展与挑战,"基因编辑是指对目标基因进行删除、替换、插入等操作,以获得新的功能或表型,甚至创造新的物种。作为生命科学发展迅速的重要研究领域,基因编辑技术的开发及应用使得生物体的遗传改造进入了前所未有的深度与广度,为解析特定基因的功能立下了汗马功劳。文章对当前基因编辑相关技术,及我国在基因编辑领域存在的挑战及机遇进行概述,以增进对该技术体系的整体认知,帮助更好地寻找该领域新的突破点。","['基因编辑', '重组核酸酶', 'DNA介导的基因编辑']",T24,T23,0.0,0.0111773662347126,,0.353402702292048,0.0798383302479475,0.4922951028581839,T24,A22,A04,10.5,0.7187499331955521,标题:基因；关键词:基因；摘要:基因；关键词:DNA,0.5841630895205158,0.4808668697641476,0.98,A22,False,False,False,needs_review,needs_review,high
ZH_0585,从“行政治理”到“社会治理”:长株潭试验区治理模式的转型,"目前学术界关于长株潭试验区治理模式的研究,大多数集中在如何设计行政治理模式、如何进行行政管理体制改革以及如何设置管理机构的研究上,即以运用行政权力为治理手段的行政治理模式。可以说,实现长株潭试验区治理模式从""行政治理""到""社会治理""的转型,是转变长株潭试验区经济增长方式的迫切需要;是促进长株潭试验区社会和谐发展的迫切需要;是加快长株潭试验区""两型社会""建设步伐的迫切需要。要实现长株潭试验区治理模式从""行政治理""到""社会治理""的转型,就必须推进社会治理体系创新:一是要创新社会政策;二是要培育社会组织;三是要健全公共安全体系。","['长株潭试验区', '治理模式', '行政治理', '社会治理']",T18,T19,0.0,0.0024928137017864,,0.1898772056173844,0.0178058121556171,0.482742095071965,T18,A24,A47,7.5,0.7261374605837349,标题:社会治理；关键词:社会治理；摘要:社会治理,0.6728972469182664,0.0438390041695344,0.98,A24,False,False,False,needs_review,needs_review,high
ZH_0586,长江干线集装箱港口体系集中度演进分析,"通过梳理长江干线港口集装箱发展历程,以长江干线21个主要港口为研究对象,选取1984—2016年各港口集装箱吞吐量,运用集中度法则,研究了长江干线集装箱港口体系的演进过程与发展特征,判别了竞合关系。结果表明:(1)长江干线集装箱港口体系的集中度总体呈下降趋势,港口间的竞争加剧;(2)集中度的变化轨迹呈现快速扩散、缓慢分散、稳步集中、再次分散、再次集中等5个阶段性特征,揭示了长江干线集装箱运输经历了由枢纽港占支配地位,到地区性港口迅速成长、集装箱港口体系均衡稳定的变化过程;(3)长江干线集装箱运输市场处于低度寡占型,但逐渐朝着充分竞争态势发展;(4)长江干线集装箱港口体系空间分布趋于均衡,空间格局具有较好的稳定性,形成了较为稳定的上中下游多中心并存的集装箱运输网络,重庆、武汉、南京、苏州等区域性枢纽港,在长江干线集装箱港口体系的演进中起主导作用。","['水路运输', '集装箱港口体系', '赫芬达尔—赫希曼指数', '集中度', '演进阶段', '长江航运']",T48,T07,1.0,0.7105906468286669,摘要:空间格局,0.0686982175982715,-0.067209665509522,0.6155555555555555,T07,A46,A03,7.5,0.7102171431636372,标题:港口；关键词:港口；摘要:港口,0.0640432255648874,-0.0698775488311631,0.94,A03,False,False,False,medium,medium,high
ZH_0589,河南省承接产业转移区域差异及影响因素,"采用标准差、变异系数、赫芬达尔指数、聚类分析、ESDA及回归分析等方法对河南省18个地市承接产业转移空间差异及形成机制进行研究。研究表明:(1)河南省承接产业转移的总量和绝对差异都在拉大,尤其是2010年后,而相对差异和集中程度都在2007—2009年显著增大,2010年明显减小,而后又快速增加,2012年后缓慢减小,政府的作用较为突出;(2)郑州和洛阳一直是承接产业转移比较多的地区,而焦作、安阳、新乡、商丘承接产业转移速度较快;(3)在空间格局上,在郑州、开封和洛阳形成了产业转移高高集聚类型区,但空间集聚态势不显著;(4)产业结构对产业转移具有负向作用,而市场吸引力、技术创新能力、人力资本、集聚效应、成本因素、对开放度、产业配套能力、经济发展水平及交通区位对产业转移具有正向作用。","['产业转移', '产业承接能力', '空间分布', '中原经济区', '河南省']",T46,T48,1.0,0.010208397362145,摘要:形成机制,0.0816023956968618,0.0729171240153226,0.5467847926539151,T46,A43,A39,8.5,0.4561795036771461,摘要:产业结构；标题:产业转移；关键词:产业转移；摘要:产业转移,0.3744596878794365,0.2332149422317156,0.98,A43,False,False,False,needs_review,needs_review,high
ZH_0590,坚持土肥高效管理 促进区域农田生态系统可持续发展,"辽河平原是我国温带农田生态系统的重要组成部分,辽河平原农业的高产高效对于巩固东北粮仓的""稳粮增效""具有重要作用。但是,由于耕地数量不断减少以及长期高强度利用造成资源和环境约束不断加剧,辽河平原农田生态系统的可持续发展受到严重制约。中国科学院沈阳生态实验站围绕区域农业生产和资源管理的核心问题,立足农田生态系统的长期监测和研究,揭示了不同养分管理模式下农田土壤综合肥力的演变规律。利用同位素示踪技术,明确了肥料氮素在农田生态系统的保持和转化以及调控机制。通过农田土壤""以碳控氮,碳氮平衡""管理模式的构建,建立了雨养旱地农业保护性耕作综合配套栽培技术体系。通过研发环境友好型稳定性肥料,实现了肥料减施增效,降低了面源污染风险。通过研究-示范-推广有效结合,土肥高效管理为区域现代农业发展和生态环境建设提供了科技支撑。","['辽河平原', '土壤养分管理', '肥力演变与调控', '稳定性肥料研发', '旱地农业保护性耕作技术']",T29,T32,0.0,0.010211312849907,,0.2075234578013244,0.0729379489279077,0.4912324441348978,T29,A42,A12,5.0,0.7105752192174912,关键词:农业；摘要:农业；摘要:耕地,0.0969901573569019,-0.0673198627322055,0.8377777777777778,A12,False,False,False,needs_review,needs_review,high
ZH_0591,含高比例风电系统随机备用调度研究,"高比例风电并网对电力系统备用容量调节能力提出极大的挑战。为弥补风电场计划出力与实际出力之间的偏差，电力调度须额外预留上、下旋转备用容量。利用随机机会约束优化理论，计及违反安全约束风险，提出了一种考虑风电出力不确定性与自动发电控制(automatic generation control,AGC)机组出力特性的日前随机备用调度模型。首先，基于马尔可夫链蒙特卡洛(Markov chains Monte Carlo,MCMC)法生成风电出力场景，并利用违反机会约束的概率及置信参数自动确定所需生成场景数量。其次，全面考虑了AGC机组备用出力特性及运行约束，并将备用成本纳入目标函数，可同时得到常规机组最优出力计划与AGC机组备用容量的最优分配系数。最后，将所构造的随机备用调度模型等效为半定规划(semidefiniteprogramming,SDP)问题进行直接求解。通过IEEE 30节点系统进行算例分析，验证了所构造的随机备用调度模型的有效性。","['风电不确定性', '随机备用调度', '备用容量', '马尔可夫链蒙特卡洛法', '半定规划']",T39,T13,5.0,0.6219025677658141,摘要:机会约束；关键词:蒙特卡洛；摘要:蒙特卡洛,0.2758224845216919,0.3278754840415294,0.8977777777777778,T39,A34,A09,7.5,0.7206778964542646,标题:风电；关键词:风电；摘要:风电,0.0789358396131595,0.0048421175304619,0.98,A34,False,False,False,high,high,high
ZH_0592,“8·8”九寨沟地震冲击下区域旅游经济联系的格局及影响因素,"在危机事件的冲击下,探讨区域旅游经济联系的演进规律,对于灾后旅游恢复重建、旅游目的地可持续发展具有重要意义。运用社会网络分析、GIS空间分析、GWR模型等研究方法,对""8·8""九寨沟地震冲击下阿坝州旅游经济联系的空间格局与影响因素进行分析。研究表明:(1)阿坝州旅游经济联系呈东强、西弱的分布态势,在地震的冲击下阿坝州旅游经济联系总体呈先降后升的""U""型变化特征。(2)阿坝州旅游经济联系网络呈多极化发展格局,具有明显的社团结构特征。地震并未改变阿坝州旅游经济联系网络的多极化格局,但推动了网络社团结构的分化重组。(3)阿坝州旅游经济联系受旅游资源禀赋、旅游发展政策的影响显著,地震对旅游经济联系的影响程度具有梯度变化的空间分异特征。","['旅游经济联系', '九寨沟地震', '危机事件', '网络社团结构', '精品旅游线路', '多极化格局']",T43,T48,1.0,-0.4689004652014514,摘要:社会网络分析,0.2745862923681985,0.0792823914182037,0.5355555555555556,T43,A45,A28,15.0,0.4110429090584258,标题:旅游；关键词:旅游；摘要:旅游；标题:旅游经济；关键词:旅游经济；摘要:旅游经济,0.4238390990691472,0.3645922075601843,0.98,A45,False,False,False,needs_review,needs_review,high
ZH_0593,关于粤港澳大湾区一体化生态保护修复的思考与建议,"“推进美丽中国建设,坚持山水林田湖草沙一体化保护和系统治理”是党的二十大提出的重大决策部署。粤港澳大湾区在国家高质量发展和生态文明建设中具有重要的引领带动作用。文章总结了粤港澳大湾区国土开发与保护的现状,分析了生态保护修复中全要素链条管理、跨区域协作、目标格局等方面存在的问题,从系统观、整体观、协同观视角提出了相关建议,以期促进粤港澳大湾区人与自然和谐共生的现代化建设。","['生态保护修复', '系统观', '整体观', '协同观', '粤港澳大湾区']",T46,T31,0.0,0.0004390595306273,,0.0644564971743213,0.0031361395044812,0.4804829654836901,T46,A44,A12,7.5,0.7349209359008428,标题:生态保护；关键词:生态保护；摘要:生态保护,0.2224242360089158,0.1065781135774485,0.98,A44,False,False,False,needs_review,needs_review,high
ZH_0596,资源型产业链的演进、治理与升级——以铜陵市铜产业链为例,"通过基于文献的理论分析,借鉴国内外关于产业链的研究与实践,概括提出产业链的5个维度,并对资源型产业链的概念、内涵做了进一步界定和阐述。通过从要素、动力、过程层面的定性分析,揭示了资源型产业链演进机理、治理模式,基于产业链的5维视角,构建了资源型产业链的升级路径。在此基础上,以有色资源型城市铜陵为例进行了实证研究,从产业链的延伸、拓展和整合的三个层面,针对性地提出了铜产业链升级的具体路径和策略。","['创新发展', '产业经济', '资源型产业链', '演进', '升级', '铜陵']",T19,T18,0.0,0.0045295301980856,,0.1508974573734524,0.0323537871291832,0.4849824832178942,T19,A43,A13,7.5,0.7265447028971193,标题:产业链；关键词:产业链；摘要:产业链,0.2199913018119785,0.0467478778365667,0.98,A43,False,False,False,needs_review,needs_review,high
ZH_0603,风电调频补偿水锤效应的频率特性分析,水轮机在云南电网中占比很大，为了解决水轮机的水锤效应带来的功率反调现象，提出了一种考虑风电调频特性补偿水锤效应的分析方法。首先，建立了含风、水、网、荷的简单系统数学模型。其次，使用直流潮流法得到水轮机及其调频策略、风机及其调频策略所对应的代数微分方程和系统网络方程。并在此基础上进行线性化处理，推导出负荷扰动时水轮机和风机并网节点频率响应的频域解析式。根据解析式分析调频控制参数等对系统频率的影响。最后，通过以双机系统及实际电网的仿真分析对风机补偿水轮机水锤效应的有效性和可行性进行了验证。,"['异步联网', '风电调频', '水锤效应', '调频指标']",T45,T06,0.0,0.0006468890788068,,0.1122739970775448,0.0046206362771913,0.4807115779866874,T45,A34,A27,7.5,0.6229129767779318,标题:风电；关键词:风电；摘要:风电,0.0963670807962114,-0.0077644515862015,0.94,A27,False,False,False,needs_review,needs_review,high
ZH_0604,基于条件生成对抗网络的多区域风电短期出力场景生成方法,基于预测功率结果，构建风电出力场景集是电力系统随机优化调度的重要基础。现有多区域风电出力场景生成方法主要是时空相关性系数约束的随机抽样方法。由于风电时空相关性特征的时变非线性，生成的场景集与风电实际出力差异较大。提出一种基于条件生成对抗网络的多区域风电出力场景生成方法。该方法采用三维卷积网络设计适用于多区域风电出力场景生成的网络结构，通过对条件生成对抗网络进行博弈训练，学习到多个区域风电实际出力数据的特征以及输入数据与输出数据之间的映射关系。以我国西北地区5个风电区域为例对所提方法进行分析，并与传统的以相关性系数为约束的拉丁超立方抽样方法进行对比；结果表明，所提方法生成的多区域出力场景集更符合风电出力特征。,"['风电', '场景生成', '时空相关性', '条件生成对抗网络']",T37,T01,1.0,-0.662077367735333,摘要:优化调度,0.0866065609835188,-0.2719811981095216,0.4755555555555555,T01,A34,A40,7.5,0.7229193113934067,标题:风电；关键词:风电；摘要:风电,0.1126219641357134,0.0208522242386197,0.98,A34,False,False,False,needs_review,needs_review,high
ZH_0605,论我国畜牧业可持续发展,"改革开放40年来,我国畜牧业综合生产能力持续提升,畜产品结构不断优化,质量安全保障体系进一步完善,产业综合素质显著增强,绿色发展稳步推进,畜牧业已成为农业农村经济的重要支柱产业之一,成为现代农业建设的排头兵。推进可持续发展是当前和今后一个时期现代畜牧业建设的重点任务。在分析制约畜牧业可持续发展的主要问题基础上,文章阐述了当前和今后一个时期促进畜牧业可持续发展的思路,提出要加快畜牧业转型升级,构建种养循环可持续发展机制,营造畜牧业高质量可持续的发展环境,加快建设资源节约型、环境友好型和生态保育型畜牧业,为实现""农业强、农民富、农村美""提供有力支撑。","['畜牧业', '可持续发展', '高质量', '绿色发展']",T19,T27,0.0,0.0109779295669331,,0.194425873290873,0.0784137826209511,0.4920757225236264,T19,A44,A42,4.0,0.3734105075304231,关键词:绿色发展；摘要:绿色发展,0.1786641370544332,0.0957893395030221,0.8422222222222222,A44,False,False,False,needs_review,needs_review,high
ZH_0609,中国农村公共服务供给质量时空格局及影响因素,加快补齐农村公共服务短板、推进城乡基本公共服务均等化是实施乡村振兴战略的重要举措。文章基于2010—2019年中国省级面板数据，从教育文化、医疗卫生、社会保障、基础设施及环保减灾五个维度构建农村公共服务供给质量评价指标体系，运用全局熵值法、Moran指数和空间杜宾模型，分析中国农村公共服务供给质量的时空特征和影响因素。研究发现：(1)中国农村公共服务供给质量总体水平呈稳步上升趋势，但维度发展不平衡。基础设施服务和环保减灾服务是我国农村公共服务供给质量提升的核心驱动力，而教育文化服务、医疗卫生服务和社会保障服务则成为我国农村公共服务供给质量提升的短板。(2)中国农村公共服务供给质量区域差异显著，整体呈现“东部>中部>西部>东北”的分布格局，且存在显著的全局空间正相关关系。(3)农村经济发展水平和产业结构升级对本地区和邻近农村公共服务供给质量提升具有促进效用；农村人口密度则对本地区和邻近农村公共服务供给质量提升具有负面影响；城镇化对本地区和邻近地区农村公共服务质量提升具有相反影响。,"['农村公共服务供给质量', '公共服务', '教育文化', '医疗卫生', '社会保障', '环保减灾', '全局熵值法']",T42,T41,2.0,0.3592656326904152,摘要:面板数据；摘要:空间杜宾模型,0.1143594737267075,-0.0052454807827478,0.6711111111111111,T31,A42,A47,8.5,-0.2268083066964236,标题:农村；关键词:农村；摘要:农村；摘要:乡村振兴,0.1890358620106873,-0.2784444267135838,0.8,A47,False,False,False,medium,medium,high
ZH_0610,中国区域经济增长条件趋同研究,"选择了地理环境、要素投入、增长过程、政策扰动4个稳态因子研究中国区域经济增长条件趋同。结果表明,1978—2008年中国区域经济增长没有发生绝对趋同。但是,在要素投入、增长过程这两个稳态因子的分别作用下,中国区域经济增长均发生了明显的条件趋同,趋同速度分别为1.2%和2.2%。而在地理环境、政策扰动因子的分别作用下,中国区域经济增长均没有出现条件趋同。在上述4个稳态因子的综合作用下,1978—2008年中国区域经济增长出现了条件趋同,趋同速度仅仅为1.4%。这提示我们,要解决好中国的区域经济差异问题,应该把注意力更多地放在有效推进区域的工业化、城市化、市场化、对外开放、信息化,以及增加物质资本、劳动力、人力资本和知识的投入上。","['区域经济增长', '条件趋同', '稳态因子']",T21,T06,0.0,0.0049448511320672,,0.1056638773397197,0.0353203652290515,0.4854393362452739,T21,A39,A50,7.5,0.7530915949420693,标题:区域经济；关键词:区域经济；摘要:区域经济,0.3445091890007589,0.2363685353004945,0.98,A39,False,False,False,needs_review,needs_review,high
ZH_0611,考虑广义储能的微电网主动能量管理优化算法研究,"构建新型电力系统是促进能源转型和实现碳达峰、碳中和的重要支撑，微电网技术是构建新型电力系统的重要环节。如何提高微电网可再生能源的消纳水平和应对其不确定性具有重要研究意义。该文强调微电网的“主动”能量管理。首先，从势博弈视角，建立微电网可再生能源局中人、广义储能局中人和柴油机组局中人模型；然后，构建广义储能模型，让作为“虚拟储能”的柔性负荷和储能单元协调运行，在分时电价激励下制定柔性负荷的详细调度计划并参与优化；最后，针对可再生能源的波动性和间歇性，引入条件风险价值(conditional value at risk,CVaR)模型，量化评估风光不确定性所导致的风险成本，以追求风险和收益的平衡。仿真结果表明，所提出的方法在保证微电网个体的自主性和自利性的基础上，可有效改善柔性负荷用电曲线，所提出的CVaR模型具有较好的鲁棒性，可为可再生能源运营商在收益和风险之间的平衡提供参考方案。","['微电网', '广义储能', '条件风险价值模型', '势博弈', '主动能量管理']",T39,T34,4.0,0.7819974090890025,关键词:条件风险价值；摘要:条件风险价值,0.5575798735320815,0.4428386363500181,0.8422222222222222,T39,A33,A35,7.5,0.0122102687757619,标题:微电网；关键词:微电网；摘要:微电网,0.132527005333275,0.0872162055411565,0.8134312956533382,A34,False,False,False,high,high,high
ZH_0612,数学研究的特征及资助对策,加强数学领域瞄准国家战略需求和科学前沿重大问题的研究，有利于推动数学研究在国家发展和国际竞争中发挥更为重要的战略作用。文章梳理了数学研究的基本特征，总结了国际上资助数学研究的实践经验，深刻分析了我国数学领域资助缺乏整体规划，持续稳定支持不足，高水平人才培养、选拔和资助机制亟待完善等突出问题，并提出提高数学研究整体资助水平、加强对数学领域高水平人才和基地的稳定支持、推动数学与其他学科领域的交叉融合、建设和稳定支持一个高水平国际数学交流中心等政策建议。,"['数学研究', '特征', '资助']",T31,T23,0.0,0.0046577631572412,,0.1477777605460223,0.0332697368374373,0.4851235394729653,T31,A27,A25,7.5,0.6327326067269466,标题:数学；关键词:数学；摘要:数学,0.2282979622343108,0.0623757623353334,0.94,A48,False,False,False,needs_review,needs_review,high
ZH_0614,基于PCA-ESDA的中国省域旅游经济时空差异分析,"以中国大陆31个省级区域为研究单元,选取1999—2008年反映旅游经济的相关指标,利用SPSS16.0软件对数据进行主成分分析,计算出每个省份旅游经济的综合得分,然后对综合得分进行空间自相关分析。结果表明:中国旅游经济的发展水平总体上呈现从""长三角""及""珠三角""向内陆逐渐降低的特征。1999—2008年中国旅游经济发展全局空间自相关不显著,但局部空间自相关却表现出一定的规律性:沿海省份位于HH区,西部省份位于LL区,西南、部分东部和中部省份位于LH区和HL区。中国省域旅游经济发展呈现出一种持续的非均衡态势,1999—2008年中国省域旅游经济的总体空间格局并没有发生根本性的变化。省域旅游经济集聚的空间依赖性、省域经济发展水平、区位与资源禀赋、政府政策是影响中国省域旅游经济空间差异的主要原因。","['旅游经济', '时空差异', '主成分分析', '空间自相关']",T48,T02,5.0,0.7210283061857298,关键词:空间自相关；摘要:空间自相关；摘要:空间格局,0.2295348915420975,0.0073450441837844,0.8977777777777778,T48,A45,A39,15.0,0.6434870284090182,标题:旅游；关键词:旅游；摘要:旅游；标题:旅游经济；关键词:旅游经济；摘要:旅游经济,0.2236154961570141,0.1391930600644164,0.98,A45,False,False,False,high,high,high
ZH_0616,人工基因线路的研究进展和未来挑战,"基因线路是生命体对自身生命过程控制的动态调控系统。在工程化的设计原理的指导下,人工基因线路是对天然基因调控线路进行简单化处理和重新编程,以及引入自然界不存在的人造法则。人工基因线路由遗传开关、生物振荡器、逻辑门等组成,以执行诸多调控功能。多种多样的人工基因线路设计与构建,不仅极大地促进了人们对生命调控基本规律的认识,也进一步丰富了人们对天然的生物系统进行改造、再创的手段,并为医药健康、农业环境和工业发酵等领域的实际需求提供了全新解决方案。虽然在过去20年里,人们在人工基因线路领域取得了丰硕的研究成果,但是细胞体内蕴含着的众多复杂生化反应和信号传导途径,为设计和组装具有更加高级功能的基因线路带来了挑战。相应地,如何实现微小细胞内复杂基因线路的可预测设计组装,如何保障基因线路在复杂的体内外环境下发挥稳健的功能,将成为未来几年人工基因线路研究的关键核心问题和势必克服的重大挑战。","['合成生物学', '人工基因线路', '重编程', '环境适应', '模块化']",T06,T12,3.5,0.0746195162552877,标题:研究进展,0.021165728523025,-0.2016973328703944,0.696525912325261,T23,A22,A42,7.5,0.7171325729649206,标题:基因；关键词:基因；摘要:基因,0.6558515606666988,0.6652326640351474,0.98,A22,False,False,False,medium,medium,high
ZH_0617,经济技术开发区建设对中国经济格局的影响,"改革开放以来,经济技术开发区作为中国经济发展的试验田和先导力量,引领着地方经济的转型和增长。经济技术开发区的建设对中国经济格局是否存在显著影响,这种影响又如何表现是一个非常有意义的研究议题。文章将经济技术开发区对当地经济作用关系归纳为增速效应与溢出效应两种形式,并通过地理加权回归等空间计量方法对其进行定量刻画,研究发现:①经济技术开发区数量以及增加值分布呈现出东、中、西部依次递减的格局,并主要集中在由长江经济带,以及长三角以北的沿海经济带组成的反""L""形区域。②高增速效应区域由西北转向东部沿海,最后集中于长江经济带,而高溢出效应区域则由西部转向东南,最终集中于中部地区。③根据增速效应和溢出效应的数值关系,可将经济技术开发区对城市的作用类型分为高增速高溢出、低增速高溢出、高增速低溢出以及低增速低溢出效应四种类型。其中高—高型主要分布在长江经济带中游,高—低型分布在西北以及东部沿海,低—高型分布在中部以及东北地区,而低—低型则主要分布于环渤海和江苏以及内蒙古、甘肃和陕西一带。④经济技术开发区的建设更进一步地加强东部地区经济优势。文章提出:经济技术开发区建设和转型过程中,应注重增速效应和溢出效应的均衡发展,提升自身增速的同时,积极融入到区域经济以及社会网络中去,更好地服务于当地经济发展。","['经济技术开发区', '经济格局演变', '区域差异', '增速效应', '溢出效应', '转型升级', '增长极']",T24,T42,0.0,0.0022837716934042,,0.1388300080846437,0.0163126549528873,0.4825121488627446,T24,A39,A19,5.0,0.7398827721324566,摘要:区域经济；摘要:长三角；关键词:区域差异,0.2666853593391065,0.1420198009461185,0.8977777777777778,A39,False,False,False,needs_review,needs_review,high
ZH_0618,基于农业产业集群的农业创新体系结构分析——以河南省鄢陵县花木产业集群为例,"基于创新体系理论构建了农业创新体系的结构分析框架,通过对河南省鄢陵县花木产业集群91家农户和46家农业企业的实地调查,借助社会网络分析法对农业创新体系的结构进行了实证分析。研究发现:农业创新体系可以看做是由创新主体、创新网络以及创新内容三个部分组成。外地同行企业对农业集群创新起主导作用,而传统农户仅仅是用祖传技术或模仿;本地企业中创新地位异质性较高;政府在农业集群创新中的直接作用较小,但紧密的产学研结合,能显著提高企业的创新能力。相对于合作网络来说,知识网络呈多核心结构,网络集中度和密度均较高。与农区制造业集群相比,农业创新更加依赖外地同行企业和市场需求,更重视与大学、科研机构的联系。","['农业创新体系', '农业产业集群', '社会网络分析法', '鄢陵县花木产业集群']",T43,T41,6.0,0.7821529175748131,关键词:社会网络分析；摘要:社会网络分析；摘要:创新网络；摘要:合作网络,0.5291194165940284,0.4439494112486652,0.9533333333333334,T43,A42,A43,8.5,-0.0403305011279689,标题:农业；关键词:农业；摘要:农业；摘要:农户,0.0961876639239796,-0.2880750080569217,0.8,A43,False,False,False,high,high,high
ZH_0619,武陵源世界自然遗产地生态旅游者细分研究——基于环境态度与环境行为视角,"以国内外知名生态旅游地之一的武陵源世界自然遗产地生态旅游者为研究对象,通过抽样调查,应用描述性统计、信度分析、因素分析、集群分析等方式,以生态旅游者的环境态度与环境行为视角来分析生态旅游者类群特征。研究表明,在以旅游者环境态度与环境行为构建的两维坐标系中,可以将武陵源世界自然遗产地生态旅游者分为友好型、破坏型、真正型、伪生态、可持续和偶尔型等6类;生态旅游者在环境意识、环境责任、参与状态、参与程度、环境解说、居民利益和行为表现上均有差异;武陵源世界自然遗产地的旅游市场仍然是一般生态观光为主,生态旅游为辅的格局。","['生态旅游者', '市场细分', '环境态度', '环境行为', '武陵源世界自然遗产地']",T29,T20,0.0,0.0089125690363294,,0.3025423007179766,0.0636612074023535,0.4898038259399624,T29,A45,A12,7.5,0.7476082518945035,标题:旅游；关键词:旅游；摘要:旅游,0.3012890842415306,0.1972017992464541,0.98,A45,False,False,False,needs_review,needs_review,high
ZH_0621,基于网络关注度的湖南省居民旅游需求时空特征,"收集2014年湖南省3A级及以上旅游景区网络关注度等有关数据,利用季节强度指数、旅游需求偏好指数,揭示湖南省居民旅游需求的时空变化特征,并分析影响其时空变化的主要因素,结果发现:年内居民对景区旅游总需求呈山岭型变化,对单个景区的旅游需求存在单峰、双峰、多峰3种类型;居民对景区旅游需求的年内时间变化主要受到景区资源特性、气候舒适度、节假日、景区景观季节变化等因素的影响,单峰型景区旅游需求的季节性差异相对较大,双峰型和多峰型景区相对较小;全省居民对景区的旅游需求在空间上呈""多中心""分布,其中最主要的3个中心为以凤凰古城为主的湘西景区群、以衡山为主的景区群和以长沙世界之窗等为主的长株潭景区群;居民对景区旅游需求空间分布主要受到景区级别、经济发展水平、景区类型、空间距离、可进入性等因素影响。","['旅游', '网络关注度', '旅游需求', '偏好', '时空特征']",T37,T10,0.0,0.000100532745241,,0.1085282112248777,0.0007180910374361,0.4801105860197651,T37,A45,A28,7.5,0.6566344426823099,标题:旅游；关键词:旅游；摘要:旅游,0.3245641180091418,0.2331031620164997,0.98,A45,False,False,False,needs_review,needs_review,high
ZH_0622,评《区域经济协同发展研究——对湘鄂渝黔边区的实证分析》,"冷志明教授多年从事武陵山区经济发展研究,2005年以国家社科基金课题""湘鄂渝黔边区域经济协同发展研究""(05BJY009)立项的形式,率先提出湘鄂渝黔边区(又称武陵山区)应走区域经济协同发展的道路。",[],T45,T06,0.0,0.0049794495590752,,0.1139341410627006,0.0355674968505369,0.4854773945149827,T45,A39,A01,4.5,0.7585859717638526,标题:区域经济；摘要:区域经济,0.3482888184355586,0.2756140840275184,0.8699999999999999,A39,False,False,True,needs_review,needs_review,high
ZH_0624,科技发达国家国立科研机构过去二十年改革发展观察,"文章主要分析了美国、德国、英国、法国、日本、俄罗斯和韩国等国政府对国立科研机构的主要治理模式、国立科研机构改革发展的主要内容及其特点等。结合我国的实际,提出了我国国立科研机构改革的4点启示与建议:以国家立法形式确立国立科研机构战略定位与使命;以科学的分类管理模式监管不同类型国立科研机构;以长期稳定支持经费为主导配置经济资源;以人才管理制度创新促进人才合理流动与竞争发展。","['国立科研机构', '治理模式', '机构改革', '国家创新体系', '对策建议']",T18,T10,0.0,0.0017487051616541,,0.0982848912656371,0.0124907511546722,0.4819235756778195,T18,A48,A24,7.5,0.6984907369899538,标题:科研机构；关键词:科研机构；摘要:科研机构,0.5445660382591857,0.532076692785384,0.98,A48,False,False,False,needs_review,needs_review,high
ZH_0627,全国统一电力市场体系下电力零售侧市场框架设计,我国全国统一电力市场体系和交易平台已经初步形成，需要构建在市场主体、交易商品、交易规则、结算体系、运营监控、风险防控、平台建设等方面与之衔接的电力零售侧市场体系。基于我国碳达峰、碳中和目标和绿色低碳转型工作要求，调研分析了国内外电力零售市场的运营现况，结合全国统一电力市场体系建设，根据我国电力零售市场发展规律，设计了符合我国国情的电力零售侧市场整体框架。重点分析了零售侧市场新兴市场主体特点，总结了零售套餐的类型，提出了适应分布式资源交易的零售侧市场交易机制，梳理了相关技术，并且对未来电力零售侧市场发展进行了展望。,"['全国统一电力市场', '电力零售市场', '聚合商', '分布式电源', '零售侧交易机制']",T12,T38,3.0,0.6722206784298925,关键词:聚合,-0.0142407944903049,-0.3412808683579105,0.7266666666666667,T38,A36,A31,7.5,0.493192228401193,标题:电力市场；关键词:电力市场；摘要:电力市场,0.5344179763571336,0.4370873457228069,0.98,A36,False,False,False,medium,medium,high
ZH_0628,区域物流引力和地位模型的构建及应用研究,"借鉴引力模型思想和引力势原理,结合区域物流涉及的经济、信息、能耗等因素,重构引力模型参数,构建了区域物流引力模型和区域物流地位模型。以中国31个省级区域2009年的统计数据为基础,测算了区域物流质量、区域间的物流引力、区域物流地位等指数值,划分区域物流引力类型、比较区域物流本底地位和相对地位,定量分析了区域间物流联系强度和区域物流发展水平,并提出了促进物流引力加强、区域物流低碳化发展的建议,对实现区域物流、经济协调发展具有一定的指导价值。","['区域物流', '区域物流引力', '区域物流地位', '引力模型', '本底地位', '相对地位']",T02,T14,0.0,0.0012278646797098,,0.058958060930453,0.0087704619979277,0.4813506511476809,T02,A46,A39,7.5,0.7059754984472644,标题:物流；关键词:物流；摘要:物流,0.0592954569414621,-0.1001750110909684,0.94,A39,False,False,False,needs_review,needs_review,high
ZH_0629,2018年夏季全国气候趋势展望,"中科院大气所ENSO预测结果显示,2018年夏季(6—8月),赤道中东太平洋海温将处于中性状态。中科院大气所的全国气候趋势预测结果表明,2018年夏季(6—8月),全国总体形势为降水趋于常年。部分地区可能呈现偏多或偏少的情况。具体为,东北东部、华北大部、西北地区东部、江南大部、华南北部和中部降水正常略偏多,其中河套地区降水偏多2—5成,可能发生局地洪涝。我国其他大部分地区降水正常略偏少。登陆台风数正常偏少。","['夏季降水形势', '气候预测', '登陆台风']",T35,T26,0.0,0.008403773689527,,0.2074233179795802,0.0600269549251931,0.4892441510584797,T35,A28,A30,8.5,0.7322849395973701,标题:气候；关键词:气候；摘要:气候；摘要:大气,0.2407868310790138,0.0877495685526435,0.98,A28,False,False,False,needs_review,needs_review,high
ZH_0631,中国生物多样性科学研究进展评述,"近20年来,我国生物多样性研究快速发展,在生物多样性志书编研、生物多样性起源与演化、生物多样性维持机制及与生态系统功能和服务的关系、生物多样性威胁因素及对全球变化的响应、生物多样性与生态安全,以及生物多样性研究平台建设等方面都取得了长足进步,但生物多样性科学方面的理论性突破仍较少。为促进生物多样性研究的进一步发展,我们建议:(1)加强生物多样性科学与生物多样性保护实践及可持续利用的结合;(2)加强新技术与新方法在生物多样性研究中的应用;(3)加强与扩大国际合作。","['物种编目', '起源', '演化', '生物多样性维持机制', '生态系统功能', '生态系统服务', '因素威胁', '生态安全']",T06,T29,3.5,0.7074419057702521,标题:研究进展,0.0945725467560725,-0.0897006730696271,0.7544444444444445,T29,A12,A07,7.5,0.7755560108713841,标题:生物多样性；关键词:生物多样性；摘要:生物多样性,0.5680788016973959,0.3968286490813149,0.98,A12,False,False,False,high,high,high
ZH_0633,SSM空间模型及其在珠三角制造业发展中的应用,"在总结国内外对空间相互作用量化研究的基础上,选用SSM空间模型,以珠三角九市为例,从区域空间相互作用的角度考察1995—2009年珠三角各市制造业发展的演变过程,结果表明:1995—2009年,东莞的制造业发展受邻近区域的影响由积极转为消极,制造业竞争力从优势地位演变为劣势地位;广州与中山的制造业发展受邻近区域的影响由消极转为积极,但广州没能利用邻近区域制造业发展对其产生的积极影响,相对其邻近区域,制造业竞争力演变为空间劣势地位;深圳与珠海的制造业发展受邻近区域的影响由积极转为消极,但与邻近区域相比,两市的制造业竞争力由劣势地位演变为优势地位;江门与肇庆受邻近区域的影响由消极转为积极,与广州一样,两市没能利用邻近区域制造业发展对其产生的积极影响,与邻近区域相比,其制造业竞争力仍处于竞争劣势地位。","['制造业', '空间相互作用', 'SSM空间模型', '珠三角']",T29,T26,0.0,0.0057919214863231,,0.1683110284887411,0.0413708677594512,0.4863711136349554,T29,A43,A39,7.5,0.0228924603976476,标题:制造业；关键词:制造业；摘要:制造业,0.3181989950177862,0.1635175742689127,0.8851817064374126,A43,False,False,False,needs_review,needs_review,high
ZH_0634,基于深度神经网络的变电站继电保护装置状态监测技术,"监测变电站中继电保护装置的实时状态对避免设备损坏或故障,维持电网稳定运行有重要意义。传统的状态监测依赖于定期的人工检查,在耗费大量人力的同时,也难以做到不间断实时监测,且检测精度容易受到主观因素的限制。针对这一困境,提出基于深度神经网络与计算机视觉技术的变电站继电保护设备状态监测技术。利用平移变焦摄像机拍摄的变电站实时画面,首先进行图像去噪,并利用图像相关性进行图像配准。根据尺度不变特征变换(Scale-Invariant Feature Transform,SIFT)描述,使用深度神经网络进行图像分类,识别出设备的状态。同时,提出一种对标准图像配准框架的修改方案,使得算法在不同光照条件下具有更高鲁棒性。在实际应用中,该算法可以达到超过99%的检测准确率,大幅提升了变电站的安全性。","['变电站巡视', '继电保护装置', '深度神经网络', '计算机视觉']",T01,T36,7.5,0.7941997085694049,标题:深度神经网络；关键词:深度神经网络；摘要:深度神经网络,0.6851711156261837,0.5299979183528924,0.98,T01,A37,A26,7.5,0.3425158264582049,标题:继电保护；关键词:继电保护；摘要:继电保护,0.3985638296894961,0.0465416175586055,0.98,A37,False,False,False,high,high,high
ZH_0635,基于相模变换的三相四线制系统故障计算方法,"三相四线制在低压及国外中压配电网中应用广泛,其接地故障,尤其是中性线接地故障,缺少类似于""对称分量变换""那样的简化计算方法。文章提出一种四阶相模变换方法,将三相与中性线电气量变换为独立的1模、2模及仍存在耦合的0模与r模,利用受控电压源表达0模与r模间的耦合关系;根据单相接地和中性线接地的故障边界条件,构建接地故障模网图,求解得到故障电压电流等电气量。最后利用仿真验证了所提方法的正确性。","['三相四线制', '低压配电网', '接地故障', '相模变换', '故障计算']",T40,T36,0.0,0.0048824607585438,,0.1574148122662866,0.0348747197038845,0.4853707068343982,T40,A31,A38,4.0,0.721538613447275,关键词:配电网；摘要:配电网,0.0979479152909826,0.0109900960519645,0.8422222222222222,A31,False,False,False,needs_review,needs_review,high
ZH_0636,甘肃石羊河流域农户生计风险感知影响因素分析,"以典型生态脆弱区石羊河流域为例,开展农户生计风险感知调查与分析,辨识影响农户生计风险感知的关键因素及其作用,揭示农户生计风险感知的形成机制。研究表明:从整体上来看,受访农户的生计风险感知水平并不高,生计风险感知能力与水平仍较低;所确定的影响农户风险感知水平的因素来看,受调查户生计资本禀赋、性格特征、代际因素、生计方式等因素,与生计风险感知密切相关;物质资本的提高对于提升农户生计风险感知有着显著的正效应,金融资本的提高对于非农户的生计风险感知有着显著的负效应。而无论是农户或是非农户,金融资本的提高对于生计风险感知的提高均是显著或是不显著的负向影响作用。","['生计风险感知', '生计资本', '生计方式', '石羊河流域', '环境灾害', '生态脆弱区']",T46,T20,1.0,0.6760746913481147,摘要:形成机制,0.1301292528183411,-0.3137522046563228,0.6155555555555555,T20,A42,A50,4.5,0.394403651411429,标题:农户；摘要:农户,0.1206627479296747,-0.0399739184897926,0.8099999999999999,A50,False,False,False,medium,medium,high
ZH_0637,碳中和愿景下的能源变革,"气候变化是当今人类面临的重大挑战之一,已成为全球性的非传统安全问题,严重威胁着人类的生存和可持续发展。我国碳达峰、碳中和承诺的提出,对我国建设人与自然和谐共生的社会主义现代化强国具有重要战略意义。面对我国如期实现碳达峰、碳中和的挑战,文章提出通过能源变革,大力推进能源供给侧的电力脱碳与零碳化、燃料零碳化,以及能源需求侧的能源利用高效化、再电气化和智慧化,构建以新能源为主体,""化石能源+二氧化碳捕集利用与封存(CCUS)""和核能为保障的未来清洁零碳、安全高效能源体系。","['碳中和', '能源变革', '电力零碳化', '燃料零碳化']",T15,T38,0.0,0.0004024859453022,,0.0879891651044189,0.0028748996093015,0.4804427345398324,T15,A44,A28,7.5,0.622806773774873,标题:碳中和；关键词:碳中和；摘要:碳中和,0.1456665130092996,-0.0085230444651923,0.94,A21,False,False,False,needs_review,needs_review,high
ZH_0638,区域旅游扶贫类型与模式研究——以大别山集中连片特困区36个县(市)为例,"贫困山区与旅游资源空间分布往往具有高度地理重叠性,成为当前旅游扶贫攻坚战重点区域。在当前各种旅游扶贫鼓励政策下,旅游资源优势度与旅游产业集聚程度是旅游扶贫的重要前提和现实基础。利用旅游优势度评价模型和区位熵指数法对大别山集中连片特困区36个县(市)旅游资源优势度和旅游产业竞争力进行空间等级划分与评价。运用多变量空间自相关分析法对36县(市)旅游资源与产业进行集聚类型分类,得出由各县(市)旅游资源、旅游产业与空间滞后量决定的四种不同旅游扶贫区域类型。依据各区域类型特征提出政企合作模式、战略联合模式、休闲农业与乡村旅游模式及区域联动模式4种旅游扶贫模式,以期为各县(市)探索新型旅游扶贫模式实现精准扶贫提供指导,对其他同类型贫困片区旅游扶贫发展提供借鉴作用。","['旅游扶贫', '旅游资源优势度', '旅游产业集聚程度', '大别山集中连片特困区']",T48,T34,1.0,0.7183664285520723,摘要:空间自相关,0.1123199846480972,-0.0116683674851978,0.6155555555555555,T34,A45,A42,8.5,0.6579276097791789,标题:旅游；关键词:旅游；摘要:旅游；摘要:乡村旅游,0.1936774564799941,0.1616678009437146,0.98,A45,False,False,False,medium,medium,high
ZH_0641,基于铁路网的中国主要城市中心性的空间格局,"中国铁路建设进入高速化和网络化发展阶段,从铁路网络视角透视中国城市体系的枢纽—网络结构研究成为热点和前沿。基于此,文章运用复杂网络方法,引入多中心性模型,刻画了中国地级及以上铁路枢纽城市的中心性空间格局:①多中心性指标的宏观空间分布同构,均呈现以""胡焕庸线""为界的东南—西北分异,与经济发展水平和人口规模空间共轭。强度中心性与度中心性空间格局相似,紧密度和介数中心性呈现明显的核心—边缘扩展态势。②综合中心性指标也呈现以""胡焕庸线""为界的分异格局,中心向外围衰减的圈层结构难以打破,且与城市自身的经济发展呈现同配和异配共存。③各中心性指标表现出不同程度的空间集聚,从全局看紧密度中心性空间集聚最强,而度中心性最小;从局部来看,中心性以高高低低空间关联类型居多,空间集聚性较强。","['中心性', '铁路网', '多中心性分析', '空间自相关', '“胡焕庸线”', '铁路枢纽城市', '等级圈层结构']",T43,T48,8.5,0.0838405166763716,摘要:复杂网络；标题:中心性；关键词:中心性；摘要:中心性,0.2254225369109767,-0.0061811834040685,0.8922245683440089,T48,A46,A39,7.5,0.7193538274214989,标题:铁路；关键词:铁路；摘要:铁路,0.0692502345572453,-0.0046155184178652,0.94,A39,False,False,False,high,high,high
ZH_0643,基于城乡统筹的公路交通建设模式与路径研究——以长株潭为例,"基于城乡统筹视角,以典型案例长株潭区域为例,通过实地考察和深入调研,在开展理论辨析基础上,分析城乡公路交通建设现状问题、影响因素与需求,系统构建长株潭城乡公路交通发展模式并提出路径对策。研究表明:长株潭在城乡路网布局、农村路网建设、城乡结合部交通和公路养护管理等方面存在突出问题与不足,同时公路交通建设面临城市走廊地带加速形成、城乡一体化空间形态显现、城乡居民出行方式变化、郊区化发展等新因素影响。在此形势下,应着眼于加大对农村发展扶持力度、破除城乡分割分治、促进城乡产业经济统筹发展、促进城乡资源开发与生态环境保护相协调等重要目标,重点加快城乡路网一体化建设,创新农村公路建设投入机制,并强化城乡公路交通与现代产业协调发展。","['公路交通', '城乡统筹', '模式', '路径', '长株潭']",T10,T19,0.0,0.0007800550819918,,0.0832958125867697,0.0055718220142274,0.480858060590191,T10,A46,A42,15.0,0.6813196771866463,标题:交通；关键词:交通；摘要:交通；标题:公路；关键词:公路；摘要:公路,0.117336407500049,0.0665691227617597,0.98,A46,False,False,False,needs_review,needs_review,high
ZH_0645,基于改进乌燕鸥算法的分布式电源优化配置,"对分布式电源(DG)接入配电网进行合理规划配置,能够在兼顾运营商和用户利益的同时,提高系统电压稳定性。在考虑经济指标的情况下,提出了一种新的系统电压增强指标,改善了系统整体电压分布。建立了多目标优化模型,利用层次分析法确定各目标函数的权重,进而转化成单目标函数规划问题。针对乌燕鸥算法全局搜索能力较强和局部搜索能力较弱的缺点,提出了一种新颖的改进乌燕鸥算法。将遗传算法的变异思想融入其中,进行DG的优化配置,提高了收敛速度和收敛精度。通过算例验证了改进的乌燕鸥算法对改善系统电压分布效果明显,所建立的模型有很好的实际意义。","['分布式电源', '配电网', '多目标优化', '层次分析法', '改进乌燕鸥算法']",T41,T37,4.0,-0.4059166142338954,关键词:层次分析法；摘要:层次分析法,0.1635148085676985,-0.1767153117547152,0.6422222222222222,T37,A31,A33,11.5,0.7723214295876988,关键词:配电网；摘要:配电网；标题:分布式电源；关键词:分布式电源；摘要:分布式电源,0.4340096179203428,0.3737244970549911,0.98,A31,False,False,False,medium,medium,high
ZH_0647,欠发达省域经济差异的时空演变分析,"基于1989—2012年广西89个县域经济数据,利用分解的Theil指数和马尔可夫链方法,探索欠发达省域差异的时空演变。结果表明:广西区域差异对地理尺度很敏感,县域间的差异最大,其次为地市间,区域间的发展最为平衡。三大区域内部差距的增大是促成广西整体差异拉大的主导力量。广西区域经济发展存在俱乐部趋同现象,2000—2012年间的更为显著,欠发达地区极有可能陷入""贫困陷阱""。区域间的两极分化趋势增强,趋同俱乐部总体上呈环状分布特征。高水平趋同俱乐部的分布逐渐由市辖区扩散到邻近的县域。低水平趋同俱乐部主要分布在桂西资源富集区。中高水平趋同俱乐部环绕高水平趋同俱乐部外围,而中低水平趋同俱乐部集中分布在中高水平趋同俱乐部外围。广西县域单元平稳者居多,向上转移有所增加。","['区域差异', '时空演变', '分解Theil指数', '马尔可夫链', '广西']",T44,T13,0.0,0.0093804529818872,,0.1455012514886276,0.0670032355849089,0.4903184982800759,T44,A39,A50,5.0,0.7441956038763174,摘要:区域经济；关键词:区域差异；摘要:区域差异,0.2802888539112929,0.1728257419736958,0.8977777777777778,A39,False,False,False,needs_review,needs_review,high
ZH_0651,中国对欧盟直接投资(OFDI)的时空特征及影响因素,"欧洲是""丝绸之路经济带""和""海上丝绸之路""的交汇地,在我国对外直接投资(OFDI)格局中具有重要的地位。近年来,我国对欧盟OFDI增长迅速并呈现明显的空间集聚特征。利用2007—2016年中国对欧盟OFDI的数据,检验发现我国对欧盟OFDI存在显著的空间相关性。进一步构建空间计量模型进行检验,发现我国对欧盟OFDI具有明显的空间溢出效应,东道国的经济规模(GDP)、技术水平、贸易关系和投资自由度等因素对中国OFDI的区位选择均有明显的影响。其中东道国GDP和投资自由度对我国在欧盟各国OFDI具有显著的正向作用;以专利为指标的东道国技术水平也对中国在欧盟OFDI具有显著正向作用,但是与前两者相比作用较小;双边贸易额则与我国对欧盟各国OFDI存量显著负相关,说明我国对欧盟的投资和贸易总体呈现替代效应,而非互补关系。","['对外直接投资(OFDI)', '欧盟', '空间分布“', '一带一路”倡议', '空间溢出效应', '贸易关系', '投资自由度']",T42,T30,1.0,0.7363467951204878,摘要:计量模型,0.2012086349198455,0.1167628222891989,0.6755555555555555,T42,A50,A03,14.5,0.7497476092902033,标题:投资；关键词:投资；摘要:投资；关键词:贸易；摘要:贸易；关键词:一带一路,0.2973495025848426,0.2124829235014526,0.98,A50,False,False,False,medium,medium,high
ZH_0653,伊犁地区农业生态经济系统的时空分异规律与可持续发展,"通过能值和GIS方法的耦合分析,以伊犁地区为例,探讨了温带干旱区绿洲农业生态经济系统可持续性的时空演化特征与总体趋势,提出了相应的调控措施。研究结论如下:①1989—2008年,伊犁地区农业生态经济系统的能值总投入和总产出均呈持续增长趋势。②目前伊犁地区农业生态经济系统仍处于可持续发展的状态,但亦呈现出恶化的趋势。③研究区在农业系统发展水平方面,大致呈现出""东北—西南""梯度格局;在系统可持续发展方面,大致呈现出""南高北低""的空间格局。④在今后的农业发展进程中,伊犁地区应通过农业内部结构的优化、农业传统生产方式的变革等手段,促进农业系统的结构功能优化和可持续发展,防止生态环境的恶化。","['干旱区', '绿洲', '能值分析', 'GIS空间分析', '可持续发展', '伊犁地区']",T48,T44,5.0,0.5747582802452906,关键词:GIS；摘要:GIS；摘要:空间格局,0.1447109173864443,-0.0088694268193526,0.8377777777777778,T44,A42,A44,4.5,0.7160315289474632,标题:农业；摘要:农业,0.0526341450189378,-0.0283462218038341,0.8099999999999999,A44,False,False,False,high,high,high
ZH_0654,中国高原生态旅游发展潜力评价,"生态旅游作为一种实现人地关系协调发展的理想机制,是保护生物多样性,减少贫困,促进生态脆弱区经济可持续发展的有效手段。从生态旅游概念内涵出发,借助权重线性组合模型多维构建中国高原生态旅游发展潜力评价体系,系统阐释中国四大高原生态旅游潜力特征及分布规律。结果表明:(1)四大高原分维度生态旅游发展潜力空间分布极不均衡,旅游基础设施与生态旅游资源的空间错位特征是制约四大高原生态旅游发展潜力的主要矛盾;(2)四大高原生态旅游发展潜力总体较高,潜力等级在空间分布上呈自东南向西北递减的变化趋势;(3)云贵高原软/硬生态旅游发展潜力均为四大高原之首,黄土高原和内蒙古高原兼具软/硬生态旅游高潜力区域,青藏高原硬性生态旅游适宜区面积最为广阔。","['生态旅游', '旅游资源', '生态安全屏障空间', '生境质量', '多准则评价', '高原', '生态脆弱性']",T29,T20,0.0,0.0086973446228822,,0.1909807449068202,0.0621238901634446,0.4895670790851704,T29,A45,A12,7.5,0.6177421042461575,标题:旅游；关键词:旅游；摘要:旅游,0.1458819243170986,-0.0446992553845888,0.94,A12,False,False,False,needs_review,needs_review,high
ZH_0658,计及行波折反射的柔性直流电网故障限流器参数优化,"行波的折反射过程对故障暂态响应有重要影响，目前对故障限流器(FaultCurrentLimiter,FCL)参数优化配置时，均未考虑故障行波折反射过程对FCL参数选取的影响。因此，提出了一种计及行波折反射的故障暂态响应时域分析方法，并用此方法对混合阻感并联型FCL进行了参数优化。首先，建立换流器故障等效模型，对比不同限流阻抗类型的FCL对故障电流的抑制能力。其次，推导了故障行波的频域和时域表达式，根据彼得逊法则建立各个时序的等效模型从而准确求得故障电流。并以故障电流和FCL两端的电压应力为优化目标，利用粒子群算法对FCL参数进行优化配置，得到限流阻抗最优匹配值。最后，通过在PSCAD/EMTDC仿真软件中搭建三端直流电网模型进行仿真对比。仿真结果验证了计及行波折反射的故障电流计算方法以及优化模型的准确性。","['高压直流', '故障限流器', '行波', '电压应力', '参数优化']",T37,T14,1.0,0.019231331753894,摘要:优化配置,0.0576023418442965,0.1373666553849571,0.4967100204848389,T13,A32,A37,7.5,0.7413214599825834,关键词:高压直流；摘要:换流器；标题:柔性直流,0.2857038232313936,0.1522961427327383,0.98,A32,False,False,False,needs_review,needs_review,high
ZH_0662,黄河三角洲农业高质量发展新模式,"黄河三角洲是全球最年轻的三角洲和新生陆地之一,也是最年轻的湿地生态系统,生态环境脆弱,河-海-陆交互形成了独特的地理环境。土地盐渍化、盐碱地数量大、分布广是该地区的主要特征之一。农业开发不仅涉及该地区的水资源高效利用和合理分配、河口湿地的保护和整个区域的生态环境友好、土地资源的高效开发和安全、陆-海统筹发展,还关乎该地区的乡村振兴。因此,盐碱地农业高质量发展成为该地区可持续发展的重要环节,在盐碱地上发展高质量农业面临重要挑战。文章依据国家重大战略需求、黄河三角洲发展现状及主要问题,提出了应用生态系统工程技术支撑黄河三角洲盐碱地高效农业发展的新模式,并给出该地区未来生态保护和高质量发展的建议。该研究对于我国盐碱地的高效开发也具有重要意义。","['黄河三角洲', '农业高质量发展', '生态系统工程']",T19,T29,0.0,0.0086548157254287,,0.1481043704190566,0.0618201123244908,0.4895202972979716,T19,A42,A44,8.5,0.6515102904608816,标题:农业；关键词:农业；摘要:农业；摘要:乡村振兴,0.2791339539728181,0.1158298058130188,0.98,A42,False,False,False,needs_review,needs_review,high
ZH_0663,我国中心城市金融集聚水平与空间格局研究,"通过对2010年全国286个地级以上中心城市相关数据的因子分析,将金融集聚因子降维成规模因子、质量因子和活跃程度3个较稳定的可解释因子,并与2005年相应数据进行比较。根据金融集聚指数,将我国中心城市金融集聚水平划分为全国性金融中心、全国性金融次中心、区域性金融中心、省域金融中心及地方金融中心。借助GIS空间分析技术对全国中心城市金融集聚的空间分布格局进行展现,结果显示我国金融集聚最为显著的区域集中在长三角、京津冀和珠三角地区,上海、北京—天津、广州—深圳构成全国性金融集聚服务中心城市;金融集聚与城市规模有着极强相关性,200万人以上的特大城市是金融活动的主要集聚地;各省区的金融集聚中心一般为其省会城市及其副中心城市。分析金融集聚指数2005—2010年的变化率,全国金融业集聚态势有从全国金融中心向邻近区域扩散的趋势,并向中部和近西部地区的中心城市不断传播。","['中心城市', '金融集聚', '空间格局', '因子分析', 'GIS空间分析']",T48,T30,10.5,0.7475291985563733,关键词:GIS；摘要:GIS；标题:空间格局；关键词:空间格局,0.2923715579848773,0.1966371325455237,0.98,T48,A50,A39,7.5,0.4308353638982198,标题:金融；关键词:金融；摘要:金融,0.1526819345872399,-0.0083188292984298,0.94,A39,False,False,False,high,high,high
ZH_0670,柔性直流换流器阻抗自适应重塑抑制高频谐振方法,针对渝鄂柔直南通道渝侧双换流器分列运行产生的系统高频谐振问题，进行了深入分析。用阻抗频率扫描得到换流器和交流电网的阻抗频率特性，再用数学拟合方法，根据渝鄂柔直南通道工程换流器和交流线路参数，建立了换流器和交流线路阻抗的数学模型。应用建立的数学模型，通过MATLAB仿真计算分析，找到了双换流器分列运行产生的系统高频谐振的原因。在此基础上，提出了换流器阻抗自适应重塑抑制高频振荡方案。首先应用MATLAB软件对换流器自适应重塑抑制高频振荡策略进行深入分析和仿真计算，然后通过PSCAD仿真计算验证了高频谐振抑制策略的正确性，并对换流器阻抗自适应重塑后的柔直系统动态特性进行了仿真计算，结果表明完全满足技术要求，保证了渝鄂柔直南通道系统稳定运行。,"['渝鄂柔直工程', '换流器分列运行', '高频谐振抑制', '阻抗自适应重塑', '仿真研究']",T14,T08,2.0,0.7138250832159685,摘要:PSCAD；摘要:MATLAB仿真,0.0560971352907615,-0.0441065484573669,0.6711111111111111,T08,A32,A27,11.0,0.6741865579948015,标题:换流器；关键词:换流器；摘要:换流器；标题:柔性直流,0.1996747994676043,0.140293596066764,0.98,A32,False,False,False,medium,medium,high
ZH_0671,建筑业全要素生产率增长与区域经济增长的耦合效应分析,"采用随机边界分析方法测算了1997—2009年省际建筑业全要素生产率(TFP)增长水平,并进行了区域差异化比较;然后借鉴物理学的耦合度理论,构建建筑业TFP增长与区域经济增长的耦合效应模型,并进行了实证检验;采用灰色关联分析方法遴选出二者耦合效应的主要影响因素,最后对建筑业经济增长方式和阶段进行了研判。研究表明:区域建筑业TFP增长存在较大差异,依据其增长率大小将31个地区划分为负增长、低增长、中增长和高增长四种类型;二者的耦合程度较高而耦合协调度较低;约束建筑业TFP增长的主要因素是地区的GDP水平,判断中国区域建筑业的经济增长仍属于粗放型增长方式和资本经济阶段。","['区域经济增长', '建筑业', 'TFP增长', '耦合度', '增长方式']",T44,T15,1.0,0.750578180302449,摘要:耦合协调度,0.2579928707333538,0.2184155735889224,0.6755555555555555,T44,A39,A27,8.5,0.667681175217934,标题:区域经济；关键词:区域经济；摘要:区域经济；摘要:区域差异,0.2557974085587205,0.2313361255062513,0.98,A39,False,False,False,medium,medium,high
ZH_0673,加强土壤和产地环境管理 促进农业可持续发展,"近年来,我国农业综合生产能力不断跃上新的台阶,有力保障了国家粮食安全和主要农产品有效供给,在支撑经济社会发展大局中发挥了至关重要的基础作用。但长期以来,由于我国农业发展主要以追求产量为目标,一些地方水土等资源的过度开发和化学投入品的过量使用,导致了农业资源消耗与环境污染问题日益突出。针对我国粮食和主要农产品供给已进入""总量基本平衡、结构性短缺、长期性偏紧""的新常态特征,以及我国农业资源总量不足、质量不高,特别是时空配置上的不协调和利用上的不合理,农业面源污染与土壤退化等问题,必须从保障我国粮食及主要农产品数量供给安全、农产品质量安全、农产品产地资源环境安全的目标任务出发,加强土壤和产地环境治理,加快农业生态文明建设,走中国特色现代农业可持续发展道路。","['土壤和产地环境', '农业面源污染', '耕地质量管理', '农业可持续发展']",T19,T27,0.0,0.0091469293864513,,0.1773012806114377,0.0653352099032238,0.4900616223250965,T19,A42,A28,11.5,0.5625511993681995,标题:农业；关键词:农业；摘要:农业；关键词:耕地；摘要:粮食,0.1625990868134289,0.2169806166051525,0.94,A44,False,False,False,needs_review,needs_review,high
ZH_0674,国家级贫困县政策的减贫效应及其空间异质性,"设定国家级贫困县是我国近40年来扶贫工作的重要举措,评估现行扶贫政策的脱贫减贫效应及区域差异性并剖析原因,可对我国实现脱贫攻坚与乡村振兴有效衔接、缩小城乡差距提供理论和政策参考。文章利用OLS和GWR模型,在综合考虑县域空间资源禀赋、社会和经济发展基础等因素的影响下,分析国家级贫困县政策对县域经济的增长作用及其空间差异性和原因。结果表明:设立国家级贫困县的扶贫政策,对县域经济增长具有显著的作用,但影响力存在空间异质性,呈现出从我国西北向东南递减、在部分中部偏东南地区出现抑制作用的圈层结构;土地资源禀赋、社会基础、经济发展基础对县域经济增长也具有显著的空间异质性影响;其成因可由县域间发展阶段差异而导致的主导生产要素不同、市场调控与政策干预力度差异等解释。为有效解决新时期精准扶贫稳定支持、缩小城乡差距,政策制定应兼顾地方经济基础和生产条件,因地制宜实施政策扶持和市场引导相结合的行动机制。","['国家级贫困县', '经济增长', '空间异质性', 'GWR模型', '减贫效应', '乡村振兴']",T21,T46,0.0,0.003498830260365,,0.1441250261536312,0.0249916447168932,0.4838487132864015,T21,A42,A39,4.0,0.5881332129112654,关键词:乡村振兴；摘要:乡村振兴,0.4534051292999096,0.3438086636518955,0.8422222222222222,A42,False,False,False,needs_review,needs_review,high
ZH_0675,义乌市专业市场与城镇化发展互动关系,"义乌拥有我国最大的小商品专业市场,在专业市场的带动下,义乌由一个不起眼的农业县发展成一个充满活力的中等城市和国际商贸中心,形成了一条具有地方特色的城镇化道路和模式。文章采用实地调研、理论分析和计量分析的方法,对义乌市专业市场与城镇化的互动关系进行研究。首先,分析了义乌市专业市场和城镇化发展的历程和现状,发现两者之间具有时间上的关联性。接着,探讨了义乌市专业市场与城镇化的互动作用机制,其中专业市场推动城镇化的作用主要表现在专业市场带动人口集聚,促进产业集聚,驱动产业升级,推动城市空间演变。城镇化加快了生产要素的集聚,推动地区消费水平提高,促进基础设施的完善,为专业市场发展提供有利的环境。最后,运用协整检验和格兰杰因果关系分析等计量经济模型,定量分析义乌市专业市场与城镇化之间的关系,结果表明:专业市场成交额和城镇化率之间有着正向的协整关系,即存在长期的均衡关系;专业市场是城镇化的格兰杰原因,同时城镇化也是专业市场的格兰杰原因。","['专业市场', '城镇化', '产业集聚', '空间演变', '义乌市']",T46,T20,1.0,0.0138333228606273,摘要:作用机制,0.1587849536915503,0.0988094490044812,0.5507722107022456,T46,A41,A46,9.5,0.6771790275691746,标题:城镇化；关键词:城镇化；摘要:城镇化；摘要:城市空间；摘要:人口集聚,0.3191990613279012,0.2354892946670369,0.98,A41,False,False,False,needs_review,needs_review,high
ZH_0676,基于滑动标准差计算的光伏阵列异常数据清洗办法,"光伏阵列运行数据中存在大量异常数据,这些异常数据会对光伏阵列性能分析、建模、故障诊断的实现带来困难。为了有效剔除光伏阵列运行数据中的异常数据,提出了一种基于滑动标准差的光伏阵列异常数据清洗方法。分析了阵列异常数据的来源及分布特性,给出了光伏阵列滑动标准差的计算方法。该方法以滑动标准差的曲线上翘作为异常数据的判断依据。最后通过实例分析以及其他方法对比,说明该算法可以有效降低由于异常数据集中分布带来的异常数据清洗困难。","['光伏阵列', '功率曲线', '异常数据', '数据清洗', '清洗算法']",T36,T25,1.0,0.0157184785155595,摘要:故障诊断,0.3259773683095532,0.112274846539711,0.5528458819226709,T36,A34,A09,7.5,0.7149136432794773,标题:光伏；关键词:光伏；摘要:光伏,0.1136704621179913,-0.036331119432305,0.94,A09,False,False,False,needs_review,needs_review,high
ZH_0677,不同接地方式下配电网绝缘监察的灵敏性分析,"依据零序电压幅值的绝缘监察是配电网接地故障识别的基本保障,中性点接地方式以及消弧线圈调节方式将影响高阻接地时的灵敏性。分析了不同接地方式配电网的零序电压随故障点过渡电阻及系统对地电容电流的变化规律,确定了不同接地方式配电网能够监察的最大过渡电阻(即绝缘监察的灵敏度)。结果表明,不接地系统灵敏度一般在2 000?以上。预调谐式消弧线圈系统的灵敏度在2 500?以上。随调谐式消弧线圈系统的灵敏度较小,一般在230～2 000?之间。小电阻接地系统与投切了并联小电阻之后的消弧线圈接地系统的灵敏度最小,仅有数十欧姆。仿真和现场数据验证了分析的正确性。","['绝缘监察', '消弧线圈接地系统', '小电阻接地系统', '不接地系统', '灵敏性分析']",T36,T49,0.0,0.0015851236740327,,0.1408095813573076,0.0113223119573765,0.481743636041436,T36,A31,A07,4.5,0.7316973048822111,标题:配电网；摘要:配电网,0.1700528047433645,0.0835521777300792,0.8699999999999999,A31,False,False,False,needs_review,needs_review,high
ZH_0679,含深度学习代理模型的有源配电网电压无功控制进化算法,"分布式可再生能源的大规模接入，加剧了有源配电网(Active Distribution Network, ADN)的三相不平衡，容易导致系统电压越限与线损增加。然而，由于当前配电网量测设备安装不全，部分节点负荷数据难以准确获取，因此传统基于全局观测的ADN电压控制方法难以满足实际控制需求。为解决上述问题，提出一种含深度学习代理模型的电压无功控制(Volt/Varcontrol,VVC)进化算法。设计以高速公路神经网络为代理模型，精确拟合局部量测负荷信息、调压控制策略与系统性能指标之间的映射关系。将训练后的代理模型嵌入非支配排序遗传算法的迭代寻优过程中，对电压偏移率、三相不平衡度及线路损耗指标进行直接计算，实现数据驱动的配电网VVC策略快速求取。在改进的IEEE 123节点三相配电网算例上进行测试，验证了所提算法的性能优势及求解效率。","['有源配电网', '三相不平衡', '电压无功控制', '高速公路神经网络', '非支配排序遗传算法', '辅助代理模型']",T49,T01,1.0,-0.5854558617314329,摘要:控制策略,0.1183996058899587,-0.1818275837959498,0.4755555555555555,T01,A31,A46,7.5,0.3525355051262477,标题:配电网；关键词:配电网；摘要:配电网,0.1394308544930112,0.1181107509017699,0.94,A34,False,False,False,needs_review,needs_review,high
ZH_0688,考虑可信度的新能源及需求响应参与英美容量市场分析及思考,"高比例新能源接入情况下,系统高峰时刻可靠容量不足会影响系统运行的安全,因此在能源转型的过程中应充分挖掘新能源及需求响应等灵活性资源在高峰时刻提供可靠容量的能力。基于美国和英国容量市场的机制设计,分别综述了新能源及需求响应资源参与容量市场及可信容量的计算方法。并结合中国的市场发展,从稳步推进容量市场化机制建设、设计适应于高比例新能源接入的容量市场化机制、构建全国各地协同的容量支持机制对我国未来建设容量市场进行了探讨。","['容量市场', '可信容量', '容量可信度', '拍卖结果分析']",T06,T12,1.0,0.7228415176659395,摘要:综述,0.1360528202746311,0.0202965547567117,0.6755555555555555,T06,A36,A34,4.5,0.7740398883133667,标题:需求响应；摘要:需求响应,0.4858269340702728,0.3859992022383334,0.8699999999999999,A36,False,False,False,medium,medium,high
ZH_0691,中压馈线分段策略的实用优化模型和方法,"对馈线进行合理分段是提高馈线供电可靠性的简单有效的重要措施,涉及分段策略(含分段数及其开关或终端类型选择)的优化。基于用户均匀分布假设,推导了断路器与负荷开关混合配置下的馈线系统平均停电时间(system averageinterruptiondurationindex,SAIDI)估算公式,完善了架空馈线SAIDI与分段数的通用简化公式;基于涉及可靠性和经济性的目标和约束给出了2种馈线分段策略的实用优化模型,并针对架空馈线和电缆馈线的不同特点提出了相应的简化求解方法;最后通过典型算例计算得到了不同供电区域、不同线路长度的分段优化策略,表明了所提模型方法的有效和实用。","['馈线分段', '通用简化公式', '实用模型方法']",T13,T08,1.0,0.7236533784986123,摘要:TEM,0.2305290045670717,0.0260955607043734,0.6755555555555555,T13,A31,A19,7.5,0.7137235122265823,标题:馈线；关键词:馈线；摘要:馈线,0.0823355165023909,-0.0448320555244121,0.94,A19,False,False,False,medium,medium,high
ZH_0694,基于馈线负荷骤降度的配电网故障研判方法,"针对自动化水平低的配电线路故障停电后难以准确快速定位故障区段和停电范围的问题,提出了一种基于馈线负荷骤降度的配电网故障研判方法。该方法在馈线首端有功功率的骤降度大于一定阈值时启动,然后利用计量自动化系统中配变的历史负荷数据预测故障前馈线上各配变的有功功率,并计算馈线上各开关的负荷占比。通过比较馈线负荷骤降度与各开关负荷占比值,判断故障跳闸开关及停电范围。工程实例的分析结果表明,该方法能够准确定位故障跳闸开关,实时性好,为配电网提供了一种不依赖配电网自动化系统的新的故障研判手段。","['配电网', '故障定位', '故障研判', '负荷预测', '相似日', '相关分析']",T36,T35,3.0,0.0172699715427383,关键词:故障定位,0.2993645669096368,0.1233569395909879,0.6656636353636789,T36,A31,A37,12.0,0.7147504470957678,标题:配电网；关键词:配电网；摘要:配电网；标题:馈线；摘要:馈线,0.1672493236515111,-0.0374968064588013,0.94,A37,False,False,False,medium,medium,high
ZH_0695,“单位制”城市空间的社会生产研究,"作为计划经济时代政治、经济和社会体制的基石,单位制度对我国当前的社会体制转轨和社会经济转型产生了极为广泛和深刻的影响。而""单位制""城市空间生产方式构成了我国当前城市空间转型的基底,有别于理论形态的""社会主义空间生产""的规则。对""单位制""城市空间生产的研究,既是对既有城市发展路径的反思,又是对城市未来发展模式的探索,是我国城市空间转型研究的重要内容。从""空间生产""理论出发,从政治经济空间组织、计划经济资源配置方式、公有制的土地制度和重工业导向的城市经济发展路径等方面概括了""单位制""空间生产的政治经济基础,揭示出""单位制""城市空间生产方式在组织单元、政治经济功能、生产主体和功能单元、生产内容和职能、空间生产的价值倾向以及相应的空间分化形态等方面的基本特点,同时指出新的政治经济背景下,""单位制""空间生产方式的效率相对低下、城市企业主义治理下空间商品化属性凸显、空间的""使用价值""与""交换价值""悖离而导致空间冲突锐化、""空间公平""的追求的愈加重要等问题,并进而指出城市空间生产方式由封闭式的""单位制""向开放式的""社区制""转型的趋向。","['城市空间生产', '单位制', '广州']",T34,T42,0.0,0.0016510015848425,,0.1731292092057319,0.0117928684631608,0.4818161017433267,T34,A41,A50,7.5,0.7101052892131315,标题:城市空间；关键词:城市空间；摘要:城市空间,0.1228198588076921,-0.0706765056204883,0.94,A50,False,False,False,needs_review,needs_review,high
ZH_0699,基于电压聚类和关联卷积的配电网户变关系识别方法,准确的低压配电网户变关系是电力营销管理和台区线损治理的重要基础，传统的户变关系识别方法排查成本高、识别效果欠佳，无法适用于规模日趋庞大的低压配电网。在此背景下，提出了一种基于智能电表量测数据和用户档案信息的低压配电网户变关系识别方法。首先利用用户地理位置信息实现邻近用户的初步合并，再基于GMM聚类算法对电压时序数据进行聚类划分，用户划分结果作为下一步的迭代初值。然后基于能量供需平衡建立配变与用户的关联卷积识别模型实现低压配电台区户变关系的辨识。最后，在实际的低压配电系统中验证了该方法在提升户变关系识别效率和准确率等方面具有显著优势，具备一定的实践应用价值和工程指导作用。,"['低压配电台区', '户变关系', '电压相关性', '能量供需平衡', '聚类']",T34,T42,1.0,0.7855818447877294,摘要:聚类算法,0.5901855202243438,0.4684417484837818,0.6755555555555555,T34,A31,A33,17.0,0.7600284022674423,标题:配电网；摘要:配电网；摘要:配电系统；关键词:台区；摘要:台区；标题:户变关系；关键词:户变关系；摘要:户变关系,0.3787505063019442,0.2859171590531594,0.98,A31,False,False,False,medium,medium,high
ZH_0701,海上风电接入柔直系统交流侧故障特征及对保护的影响分析,"柔性直流输电是解决大规模海上风电远距离外送问题的首选方案。然而,柔直送端交流系统发生故障时,线路两侧短路电流均由电力电子换流器提供,系统的故障特征发生了根本性变化,直接导致传统保护性能的下降、甚至不正确动作,影响系统的安全运行。因此,针对永磁风电场经柔直外送的拓扑,分析了柔直送端交流侧故障的特征,并结合交流侧故障穿越控制目标提出了换流器短路电流解析表达方法。理论分析表明,当风电场弱出力时,仅由柔直换流器提供短路电流,且短路电流呈现出幅值受限特性、甚至低于额定电流;当风电场正常出力时,柔直换流器与风电场均提供短路电流,且二者控制目标不同,两侧同相别短路电流必然存在相角差。基于故障特征的研究,对现场常用的保护原理进行了性能分析,获知了线路距离保护、差动保护均会存在性能下降的问题。在PSCAD/EMTDC中建立了风电柔直送出系统的精细化模型,验证了理论分析的正确性,为现场保护配置以及保护新原理的研究提供了理论基础。","['风电场', '柔性直流', '交流故障', '故障特征分析']",T14,T06,1.0,0.710842959863187,摘要:PSCAD,0.0138495778367686,-0.0654074295486641,0.6155555555555555,T06,A34,A32,7.5,0.2282969316655814,标题:风电；关键词:风电；摘要:风电,0.1320398802889162,-0.083593345245847,0.94,A32,False,False,False,medium,medium,high
ZH_0702,流动人口家庭化迁移与住房选择分异研究——基于全国25个城市的实证分析,"解决城市中流动人口的住房问题对于促进社会融合和实现新型城镇化战略具有重要意义。基于全国25个城市流动人口与家庭调查数据,采用结构方程模型分析流动人口在流入地的居住迁移行为、家庭化迁移等特征对其住房选择的作用机理。研究发现:(1)仅有小部分流动人口在流入城市已购房。其中,社会经济水平越高,越有可能通过迁居改善住房,并获得城市住房。(2)家庭化迁移已成为流动人口在城市中购房的直接驱动力,起到决定性作用。(3)流动人口在流入地城市获得住房的机制存在显著的城市差异,非一线城市社会经济水平较高的流动人口在住房选择上呈现出""向上的流动性"",即实现从租房到购房,而一线城市的流动人口即使具有高收入仍很难获得城市住房。建议进一步完善城镇住房保障体系,将流动人口家庭化迁移需求纳入考虑,进而促进流动人口落户,推进新型城镇化战略。","['流动人口', '居住迁移', '家庭化迁移', '住房选择', '新型城镇化']",T20,T29,1.0,0.7143831286071689,摘要:结构方程模型,0.0713262189958328,-0.0401205099487929,0.6155555555555555,T29,A41,A43,4.0,0.7684742211293223,关键词:城镇化；摘要:城镇化,0.450789712637839,0.3462444366380161,0.8422222222222222,A41,False,False,False,medium,medium,high
ZH_0703,支撑虚拟电厂互动的信息通信关键技术研究展望,"包括分布式电源在内的需求侧资源(demandside resource,DSR)逐渐成为电力系统中不可或缺的重要组成部分，虚拟电厂(virtualpowerplant,VPP)可以有效整合各类DSRs，并充分发挥其在电力辅助服务中的巨大潜力。VPP的高效可靠运行和内部各主体间的灵活互动依赖于先进的信息通信基础设施，该文从VPP的基本概念、特性和国内外实践案例出发，对VPP基本通信架构和通信性能需求进行了分析，最后重点对支撑VPP灵活互动的几种信息通信关键技术进行探讨，并针对其在未来VPP中的应用思路和理念做出了思考，旨在为提升VPP灵活互动水平以最大限度发挥DSR资源的优势提供解决方案。","['虚拟电厂', '需求侧资源', '边缘计算', 'D2D通信', '时延控制']",T13,T42,0.0,0.0072046521703484,,0.1183362837242245,0.0514618012167745,0.4879251173873832,T13,A33,A31,7.5,0.6202649285239652,标题:虚拟电厂；关键词:虚拟电厂；摘要:虚拟电厂,0.1579809593917392,-0.0266790819716764,0.94,A31,False,False,False,needs_review,needs_review,high
ZH_0705,基于自组织理论的湖南旅游系统演化分析,"因子分析和灰色关联分析的结果表明:湖南省旅游系统综合发展水平总体不高,系统内部协同效应不强,系统循环利用率低,短期内难以实现整体""突变"";只有充分发挥政府协调机制作用,提高区域和部门的协同发展效应,创建湖南旅游系统可持续循环发展模式,加快旅游产业和信息产业融合步伐,才能促进湖南旅游系统结构与功能的提升,实现组织层次的跃迁。","['自组织理论', '旅游系统', '系统演化', '湖南省']",T06,T10,0.0,0.0005106115907162,,0.1769591878377604,0.0036472256479731,0.4805616727497878,T06,A45,A30,7.5,0.7339888539951617,标题:旅游；关键词:旅游；摘要:旅游,0.2114769877580442,0.0999203856797263,0.98,A45,False,False,False,needs_review,needs_review,high
ZH_0706,中国高端制造业的全球贸易网络格局及其影响因素分析,"随着新一轮科技革命与全球产业格局重塑,解构发达国家与中国高端制造业的空间网络格局变化,判断不同时期中国在全球的高端制造业贸易网络地位,分析中国高端制造业网络的影响因素具有十分重要的现实意义。运用网络分析法可视化全球高端制造业空间贸易关联网络拓扑形态和关键特征,通过QAP分析贸易网络影响因素。结果表明:①全球高端制造业贸易网络呈现典型整体贸易网络结构特征,网络密度和互惠性高,联系紧密并保持良好的互通性,贸易活动较频繁;②整体网加权点强度测度表明中国在贸易网络呈现较频繁的贸易活动,并逐渐迈入网络贸易规模前列的空间格局;③个体网结构洞分析表明中国在网络中仍表现出较强的依赖性,贸易行为受其它节点的限制,中国还未成为全球高端制造业贸易网络的""织网者"";④工业增加值和地理相邻等因素对全球高端制造业贸易具有统计上的显著性影响。","['高端制造业', '全球贸易网络格局', 'QAP分析', '经济全球化', '技术创新', '产业升级']",T48,T43,1.0,0.6839513644263133,摘要:空间格局,0.0304111704902195,-0.2574902540977614,0.6155555555555555,T43,A43,A50,7.5,0.009976886720922,标题:制造业；关键词:制造业；摘要:制造业,0.1840338840347278,0.071263476578014,0.8709745753930143,A43,False,False,False,medium,medium,high
ZH_0708,基于旋转门算法的电池储能辅助单机跟踪AGC指令控制策略,针对电池储能辅助单机跟踪AGC指令过程中机组爬坡频次高以及储能动作次数多的问题，提出基于旋转门算法的电池储能辅助单机跟踪AGC指令控制策略。首先，利用旋转门算法对AGC历史数据进行压缩，对压缩结果采用线性插值处理，进一步进行动态更新及实时修正，并结合机组爬坡特性确定机组承担的功率调节指令。然后，将储能系统动态地分为3个电池组，根据储能系统功率调节指令确定电池组动作顺序，进而设计功率分配方法实现储能系统上层功率分配，同时确定各电池组电池单元功率分配原则完成下层功率分配。最后，利用某电厂实际AGC指令对控制策略进行仿真分析，验证了所提策略的有效性。,"['储能', '火电机组', '跟踪AGC指令', '动态分组', '功率分配']",T49,T34,4.5,0.7288214543166454,标题:控制策略；摘要:控制策略,0.1944803373607892,0.0630103879760388,0.8699999999999999,T49,A35,A14,7.5,0.7077296053500467,标题:储能；关键词:储能；摘要:储能,0.1511028120768106,-0.0876456760710942,0.94,A14,False,False,False,high,high,high
ZH_0709,科技创新城市的功能内涵、评价体系及判定标准,"针对我国对创新型城市概念、内涵和分类上的理解不足,借助城市经济基础和城市功能的相关理论,阐明了城市功能、科技创新与创新型城市建设的关系,在解释了城市科技创新功能的概念、内涵和表现方式的基础上,重点从城市经济活动的基本部分与非基本部分两个方面入手,构建了城市科技创新功能的评价指标体系,提出了科技创新城市的概念内涵,并初步设定了科技创新城市的界定标准及相关参数。其研究结果为推动创新型城市的理论研究,也为创新型城市的具体发展模式和未来路径选择提供一种参考。","['城市功能', '科技创新功能', '科技创新城市', '评价指标体系', '判定标准']",T41,T25,4.0,0.7366742818259856,关键词:指标体系；摘要:指标体系,0.2056049927690298,0.119102013042754,0.8422222222222222,T41,A40,A41,7.5,0.7364428672861986,标题:科技创新；关键词:科技创新；摘要:科技创新,0.2435883455919478,0.1174490520442755,0.98,A40,False,False,False,high,high,high
ZH_0711,计及源荷多重不确定性的综合能源系统鲁棒经济调度方法,"可再生能源出力、购能价格和综合需求响应量等多重不确定性因素给综合能源系统(Integrated Energy System,IES)安全经济运行带来了严峻的挑战。对不确定性因素的精细化建模,可以提高综合能源系统调度策略的有效性和优越性。首先在分析多重不确定性特性的基础上,分别采用随机场景法和鲁棒优化法对购能价格、风光出力和综合需求响应等多重不确定性进行建模。此外,由于先进绝热压缩空气储能(Advanced Adiabatic Compressed Air Energy Storage, AA-CAES)具有冷-热-电联储联供的优点,可以增强系统运行灵活性,因此,选择AA-CAES作为IES的储能系统。然后,构建含AA-CAES的IES鲁棒-随机优化模型,并采用蝙蝠算法对模型进行求解。最后,基于某地区的数据开展仿真分析。结果表明,所提方法能够减少系统运行成本,实现经济性与鲁棒性的协调优化。","['综合能源系统', '综合需求响应', '多重不确定性', '鲁棒-随机优化']",T39,T13,5.0,0.5946050289226854,摘要:鲁棒优化；关键词:随机优化；摘要:随机优化,0.2716533653235465,0.1328930637334675,0.8977777777777778,T39,A33,A36,7.5,0.3671803767004342,标题:综合能源系统；关键词:综合能源系统；摘要:综合能源系统,0.3547207368171,0.2227169764316724,0.98,A33,False,False,False,high,high,high
ZH_0712,我国国际科技合作政策演进研究及对新时期政策布局的思考,"文章分析了""十五""至""十三五""期间,我国国际科技合作战略布局与国际形势、环境变化的相关性。从国际科技合作需求、发展思路、原则与目标等角度出发,对比研究了我国各时期科技创新政策对国际科技合作工作的部署,并在此基础上研究了国际科技合作重点工作的演进方式。最后,结合当前我国所处的国际形势与环境、面临的机遇与挑战,对新时期我国国际科技合作政策的制定提出了建议。","['科技创新政策', '国际科技合作', '政策演进', '内容分析']",T24,T11,0.0,0.0059433135946197,,0.1199477086371362,0.0424522399615698,0.4865376449540817,T24,A40,A13,4.0,0.7304216136062365,关键词:科技创新；摘要:科技创新,0.1578257882407446,0.0744400971874042,0.8422222222222222,A40,False,False,False,needs_review,needs_review,high
ZH_0713,“丝绸之路经济带”中亚石油资源开发对中国的保障程度与风险防控建议,"中亚地区石油资源预测储量巨大,在世界能源地缘格局中具有重要战略地位,对中国推进石油进口多元化战略和扩大陆上管道石油进口具有重要作用。文章分析了中亚地区石油资源对中国的保障程度,发现虽然中国对中亚地区石油的投资力度在不断加大,但中亚地区石油对中国石油进口的保障率却极低。通过构建跨国石油投资的风险评价指标体系,运用模糊综合评价模型,对中亚地区石油投资的风险进行了定量评价,发现政策法规风险属于高风险,经济风险、社会文化风险和政治风险属于一般风险,基础设施风险属于低风险,其中矿业权设置、东道国对经营的干预程度、民族文化宗教差异等7个指标具有相当高的高风险发生概率。未来对中亚地区的石油投资合作,既要依据风险评估结果科学合理规避风险,又要寻求破解之道,选择互利共赢的合作模式,确保在中亚地区石油资源开发领域中的优势地位。","['石油资源', '中亚', '保障程度', '投资风险', '防控措施']",T41,T30,2.0,0.3506291251023542,摘要:指标体系；摘要:综合评价,0.2572184034020008,-0.06693482069747,0.6711111111111111,T30,A50,A46,4.0,0.5464995848460035,关键词:投资；摘要:投资,0.1702244806979491,0.0464256060428821,0.8422222222222222,A50,False,False,False,medium,medium,high
ZH_0714,藏区新型城镇化的发展路径探讨——以康定县为例,"以康定县为例,通过SWOT分析法系统梳理藏区城镇化进程中存在的优势、劣势、机遇和威胁,运用对比分析法比较与我国中东部地区城镇化发展的差异,据此得出藏区城镇化发展水平显著滞后的结论,提出了针对我国藏区因地制宜的城镇化发展模式,认为我国藏区新型城镇化发展要以交通网络带为依托,以生态景观带为保障,以发展高原特色中小城市为主导,立足资源优势,壮大支柱产业,采取集约型城镇化的模式。","['藏区', '城镇化', '两化联动', '旅游资源']",T34,T45,0.0,0.0001988620798553,,0.073227790587817,0.0014204434275378,0.4802187482878408,T34,A41,A45,7.5,0.4978091183339383,标题:城镇化；关键词:城镇化；摘要:城镇化,0.4675008311659468,0.4700651309567028,0.98,A41,False,False,False,needs_review,needs_review,high
ZH_0715,中国抖音直播带货行业发展的空间分异及影响因素,"以抖音带货主播数量、销售额、营销潜力为测度指标,选择8个典型商品行业为例,运用空间插值、空间自相关、基尼系数等方法分析抖音直播带货水平的空间分异特征,并运用地理探测器模型进行影响因素分析。研究表明:(1)从空间分布格局上看,整体呈现长三角、珠三角与京津冀地区保持领先优势,成渝地区、中原地区紧跟其后,西北西南地区相对落后的分布特征。(2)从空间关联格局来看,直播带货型电商经济呈现明显的空间集聚现象,且以HH、LL区分布为主。其中,显著HH区主要在苏、浙、粤的核心城市分布,集聚程度较高且正向关联效应明显;显著LL区主要在青、川、云等地集中分布,大范围低值集聚态势明显,反映出欠发达地区的电商孕育环境不佳。(3)从不均衡发育看,主播数量、销售额、营销潜力的集聚现象明显,地区之间存在梯度差异。从具体情况看,杭州、广州、北京等少数发达城市引领着直播带货行业的发展,对周边地区的辐射带动作用明显;而西部欠发达地区的城市的发育水平欠佳,与东部领先城市的差距可谓""天渊之别""。(4)从影响因素上看,电商环境支撑、信息发展水平、经济实力支撑、交通物流水平、政府战略与政策、人口受教育程度、专业化运营助力这几个方面均有重要解释作用。","['直播带货', '电商经济', '主播数量', '营销潜力', '信息发展水平', '交通物流', '教育程度']",T48,T30,6.5,0.7527665089144625,摘要:空间自相关；标题:空间分异；摘要:空间分异；摘要:地理探测器,0.3801323782343462,0.2340464922461612,0.98,T48,A46,A25,8.0,0.3668316547685349,关键词:交通；摘要:交通；关键词:物流；摘要:物流,0.1082752850003144,0.0487975340609642,0.94,A39,False,False,False,high,high,high
ZH_0718,价格与激励需求响应下电动汽车负荷聚集商调度策略,"电动汽车作为一种重要需求响应资源,在智能电网中起到重要作用。结合价格型与激励型需求响应措施,提出2种电动汽车负荷聚集商调度策略:固定签约策略及灵活签约策略。固定签约策略假定部分电动汽车用户与负荷聚集商签订固定周期激励调度协议,负荷聚集商以收益最大化及负荷波动最小化为目标进行优化。而灵活签约策略以电动汽车一次充放电过程为调度周期,考虑每个调度周期内电动汽车用户对充电方案的选择,同样以收益最大化及负荷波动最小化为目标进行优化。其次,分析了固定签约策略与灵活签约策略下参与激励调度电动汽车数量,以及不同激励折扣对负荷聚集商综合效益和电动汽车充电成本的影响等。最后,通过改进多目标粒子群算法求解该问题。仿真结果表明,固定及灵活2种签约策略均能有效提高负荷聚集商效益,而灵活签约策略更可降低电动汽车充电成本。","['电动汽车', '价格型需求响应', '激励型需求响应', '固定签约', '灵活签约']",T07,T17,0.0,0.0046235720098623,,0.1141134487250311,0.0330255143561595,0.4850859292108485,T07,A35,A36,7.5,0.0427045974280846,标题:电动汽车；关键词:电动汽车；摘要:电动汽车,0.5657246020782992,0.3050328387720336,0.9069750571708932,A35,False,False,False,needs_review,needs_review,high
ZH_0720,“一带一路”沿线经济体承接中国产业转移能力评价,"从承接地角度,以""一带一路""沿线经济体为研究对象,结合国际产业转移相关理论和新一轮全球产业转移背景,构建产业承接力评价指标体系,对""一带一路""沿线经济体产业转移的总体承接力及其分项指数进行了评价分析。结果显示:(1)总体承接力呈现攀升趋势,特别是我国部分陆域邻国,近年来融入""一带一路""建设的广度和深度均在扩展,使得产业转移承接力指数增长显著。(2)承接力有明显的区域空间分异特征,产业转移吸引力大致符合距离衰减定律且呈现""圈层结构"",选择力和支撑力因沿线经济体在产业发展基础条件和配套能力等方面的差距而表现出显著的空间差异,发展力指数受全球增长放缓等因素影响普遍较低且空间差异性较小,而治理力测算结果则显现出各经济体在制度、文化、法律建设等方面的差异性。结合上述分析结果,文章从提升产业转移的区位选择科学性、强化我国与沿线经济体的互联互通、优化产业引导和风险防控的制度安排三个方面提出了政策建议。","['“一带一路”', '产业转移承接能力', '空间分异', '互联互通', '风险防控', '全球产业链', '投资区位']",T41,T48,1.0,-0.5338215491858745,摘要:指标体系,0.1028752306660025,0.0441317915294679,0.5355555555555556,T41,A43,A50,10.5,-0.0383252804208398,标题:产业转移；关键词:产业转移；摘要:产业转移；关键词:产业链,0.2346306151744998,-0.2737520030059992,0.8,A50,False,False,False,needs_review,needs_review,high
ZH_0721,基于参数法的物流园区用地规模预测——以长沙市为例,"随着物流业的快速发展,物流园区在各地蓬勃兴起。然而,我国物流园区开发建设在取得较大成功的同时,也存在规划上贪大求全、土地资源浪费、园区闲置率高等问题。以长沙为例,利用参数法预测长沙未来物流园区用地规模,可为物流园区用地规模预测提供参考。","['物流园区', '规模预测', '参数法']",T35,T23,0.0,0.001211000216388,,0.0990807254935057,0.0086500015456288,0.4813321002380268,T35,A46,A42,7.5,0.7197074742771548,标题:物流；关键词:物流；摘要:物流,0.1065945435618138,-0.0020894694488949,0.94,A42,False,False,False,needs_review,needs_review,high
ZH_0723,农业循环经济主体行为博弈与协同优势分析——兼论政府发展农业循环经济的制度设计,"提出并分析了政府、企业或农户,消费者及社会独立的农业R&D机构等组成的""四元并联""主体系统模型;运用博弈论理论知识和方法分析了主体之间的博弈规律以及通过经济学理论探讨了主体协同推进农业循环经济发展的优势。在此基础上,以龙须草生态产业链作为实例分析其生态价值与经济效益方面的优势。从增加政府的制度供给、明确环境资源产权、建立绿色认证制度和建立生态技术创新制度等四个方面,提出了政府发展农业循环经济的制度设计。","['农业循环经济', '四元并联模型', '博弈分析', '协同优势', '制度安排']",T46,T38,4.5,0.7594237426607131,标题:制度设计；摘要:制度设计,0.4612651369984618,0.2815981618622366,0.8699999999999999,T46,A42,A40,8.5,0.6203740402182001,标题:农业；关键词:农业；摘要:农业；摘要:农户,0.0802322872211659,-0.1065719816347051,0.94,A40,False,False,False,high,high,high
ZH_0724,河南省产业结构演进与机理探究,"采用产业经济学和地理学的相关指标和方法,分析河南省1986—2011年的产业结构特征。研究表明:①产业结构高级化。1986—2011年河南省产业结构的高级化既表现为河南省整体产业结构高级化,也表现为各市产业结构的高级化。目前河南省产业结构相当于发达国家1920年代的水平。②三次产业结构非均衡发展的趋势明显,三次产业内部结构较为单一,有多样化趋势。③三次产业与全国相比同构化较为明显,但近年来同构现象有所减弱。④河南省产业结构和就业结构不协调,有待优化。⑤第二产业为河南省经济发展主要推动力,对GDP贡献率最大,但主要集中在劳动密集型行业,第二产业和第三产业内需要产业优化升级。影响河南省产业结构演进主要有以下因素:劳动力、政策、制造业转移、社会需求、传统农业生产惯性和知识与技术的创新与应用等。","['产业结构', '偏离—份额分析', '河南']",T34,T30,0.0,9.952608202432044e-05,,0.067369868822101,0.0007109005858878,0.4801094786902267,T34,A43,A42,8.5,0.7109219777768934,标题:产业结构；关键词:产业结构；摘要:产业结构；摘要:制造业,0.5410145342140887,0.5401990009273892,0.98,A43,False,False,False,needs_review,needs_review,high
ZH_0727,环鄱阳湖城市群城市规模结构演变特征,"湖域地区日益城市化并进而演化为复杂的环湖城市群空间网络化现象,已成为世界性的一个普遍趋势。以环鄱阳湖城市群为例,运用城市规模分布的结构分析方法和非参数检验对其城市规模演变特征与规律进行深入揭示。研究表明:①环湖城市群首位城市影响较大,中间城市出现严重断层现象,中小城市数量多且处于较低水平发展,区域经济发展水平相对落后。②环湖区整体城市化水平得到较快发展,中小城市晋升为大城市速度加快,首位城市与其他城市间差距呈现缩小趋势,但短期内各规模城市之间转型比较困难,首位城市依然占主导地位。③城市规模分布接近Zipf的理想分布状态,具有比较明显的分形特征,同时能较好拟合β>1时的双帕累托对数正态分布曲线,各个规模等级城市数量比例较合理。","['城市规模结构', '非参数检验', '分形模型', '双帕累托分布模型', '环鄱阳湖城市群']",T17,T11,0.0,0.0017968342038169,,0.0962086500309533,0.0128345300272637,0.4819765176241986,T17,A39,A15,8.5,0.7436230494572517,摘要:区域经济；标题:城市群；关键词:城市群；摘要:城市群,0.2317865559103916,0.1687360675517973,0.98,A39,False,False,False,needs_review,needs_review,high
ZH_0729,中国东部沿海五大城市群旅游流网络的结构特征及其韧性评估——基于演化韧性的视角,基于大数据挖掘技术抓取中国东部沿海五大城市群旅游线路数据，在此基础上构建旅游网络并进行结构韧性评估。研究发现：珠三角城市群旅游流网络的吸收能力相对较大，长三角城市群旅游流网络的辐射能力相对较大。从结构韧性视角看：五大城市群基本上是竞合关系，不存在占绝对主导的城市群，山东半岛、长三角城市群旅游流网络具有一定的均质化态势；整体网络具有异配性，珠三角城市群旅游流网络扁平化最为明显；整体网络的路径传输效率较高，珠三角城市群旅游流网络可达性和扩散性相对最高；整体网络存在小团体与部分孤立点，网络集聚效应不显著，京津冀城市群旅游流网络的集聚性相对较高。基于旅游流网络结构韧性视角，提出中国东部沿海五大城市群旅游流网络优化的相关建议。,"['旅游流', '网络结构', '韧性', '五大城市群', '大数据', '京津冀', '珠三角', '长三角']",T43,T19,0.0,0.0022599672575463,,0.0910614811502462,0.0161426232681884,0.482485963983301,T43,A39,A45,19.5,0.2011927299953571,标题:城市群；关键词:城市群；摘要:城市群；关键词:长三角；摘要:长三角；关键词:京津冀；摘要:京津冀；关键词:珠三角；摘要:珠三角,0.4112363954490182,0.2502777417250795,0.98,A39,False,False,False,needs_review,needs_review,high
ZH_0735,基于优势柔性策略-评价算法和迁移学习的区域综合能源系统优化调度,"为提高清洁能源消纳率及减少碳排放对环境的污染，实现更具泛化能力、鲁棒性和高效性的区域综合能源系统优化调度，该文提出了基于优势柔性策略–评价(advantage learning soft actor-critic,ALSAC)算法和迁移学习的区域综合能源系统优化调度方法。利用环境信息与智能体进行通信交互，以低碳、经济为目标实现区域综合能源系统的优化调度。在文中分析了提升柔性策略–评价(soft actor-critic,SAC)鲁棒性的最大熵机制，并与基于策略梯度的多种深度强化学习算法和启发式算法进行了性能对比，随后将优势学习的思想引入SAC的Q值函数更新中，解决了算法对Q值的过估计问题，提升了算法的性能。为提高智能体的学习效率和应对新场景的泛化能力，加入了迁移学习的参数迁移。算例表明，基于ALSAC算法和迁移学习的优化调度策略具有较好的鲁棒性、泛化能力和高效的学习效率，实现区域综合能源系统的灵活高效调度。","['区域综合能源系统', '深度强化学习', '柔性策略-评价', '迁移学习', '优势学习']",T37,T11,4.5,0.571119920784645,标题:优化调度；摘要:优化调度,0.1770730826039176,0.0794280056046081,0.8699999999999999,T37,A33,A44,7.5,0.687635075233274,标题:综合能源系统；关键词:综合能源系统；摘要:综合能源系统,0.5665653131643674,0.454536251666243,0.98,A33,False,False,False,high,high,high
ZH_0736,皖南与皖北旅游产业合作主观博弈分析,"运用主观博弈理论和方法建立了旅游产业合作的主观博弈模型,分析了安徽省旅游产业发展和皖南与皖北旅游产业合作的状况。结果表明,长期以来,安徽省旅游产业重点在皖南,皖南与皖北旅游产业基本处于不合作状态,没有形成合作的共识;但是近年来,随着外部环境的改善、皖北旅游产业的成长和皖南旅游业发展的需要,皖南与皖北的旅游业开展了一定程度的合作和形成了一定的合作共识;可以预计,将来的合作程度和合作共识将进一步提高,能更好促进安徽省旅游业的协调发展。最后,提出了促进皖南与皖北旅游产业合作对策。","['旅游产业合作', '皖南与皖北', '主观博弈']",T38,T31,1.0,0.7590445471019654,摘要:博弈模型,0.403290786158185,0.2788896221568963,0.6755555555555555,T38,A45,A39,7.5,0.7232428282513765,标题:旅游；关键词:旅游；摘要:旅游,0.1437661883439748,0.0231630589384034,0.98,A45,False,False,False,medium,medium,high
ZH_0739,中国区域经济差异问题研究综述,"高经济增长环境下的区域经济非均衡发展现象始终是理论界研究的热点和难点问题。本文从八个视角梳理了国内外学者解析中国区域经济差异的相关文献,并对未来的研究方向与趋势进行了探讨。文献分析的启示是,后续研究应该对众多影响区域经济增长的因素纳入一个统一的框架下进行综合分析。另外,还应该从微观主体以及中观产业的视角,探究中国区域经济非均衡增长的本质。","['区域经济差异', '空间集聚', '产业结构', '人力资本']",T06,T45,3.5,0.7304749340946088,标题:综述,0.1850703648990851,0.0748209578186343,0.8144444444444445,T06,A39,A43,7.5,0.4751141430162386,标题:区域经济；关键词:区域经济；摘要:区域经济,0.4196349161307703,0.307958164401705,0.98,A39,False,False,False,high,high,high
ZH_0741,关于科技在应对重大突发公共卫生事件中发挥统筹协同作用的思考,"习近平总书记高度重视科技支撑新冠肺炎疫情防控工作。2020年3月2日,习近平总书记在北京考察新冠肺炎防控科研攻关工作时强调,人类同疾病较量最有力的武器就是科学技术,人类战胜大灾大疫离不开科学发展和技术创新。要把新冠肺炎防控科研攻关作为一项重大而紧迫任务,综合多学科力量,统一领导、协同推进,在坚持科学性、确保安全性的基础上加快研发进度,尽快攻克疫情防控",[],T12,T06,0.0,0.0003133647575227,,0.1337990181291888,0.0022383196965912,0.480344701233275,T12,A10,A40,3.5,0.5528829899128029,标题:公共卫生,0.4307740987161972,0.2756948259077767,0.8144444444444445,A10,False,False,True,needs_review,needs_review,high
ZH_0742,城际高速铁路对城市旅游客流的影响——以南京市为例,"通过350余份调查问卷,利用社会统计分析方法,从游客旅游目的地、游客交通方式及其线路选择、旅游次数、旅游范围、旅游停留时间、客流量等方面,分析了高速铁路影响下南京市旅游客流现状及其变化。结果表明:高速铁路增加了游客出游时交通方式及其线路的选择,扩大了旅游范围,增加了游客旅游次数,减少了部分游客的旅游停留时间,并不必然带来旅游客流量的增加。","['高速铁路', '旅游客流', '影响', '南京']",T20,T06,0.0,0.0044563274245733,,0.1275385174527772,0.0318309101755241,0.4849019601670307,T20,A45,A46,7.5,-0.055305666993652,标题:旅游；关键词:旅游；摘要:旅游,0.324051772725949,0.2100015382806372,0.8600000000000001,A45,False,False,False,needs_review,needs_review,high
ZH_0747,河南省县域农民纯收入增长差异及其演进格局分析,"利用1996—2007年河南省统计年鉴和典型调研资料,从时间、空间及时空三个角度分析了河南省农民人均纯收入增长的区域差异及其演进格局,根据108个县域1996—2002年、2002—2007年农民收入年增长量进行聚类分析和类型区划分,逐类分析各类型区农民纯收入增长变化的特点,并分析了农民收入区域差异格局形成的成因。结果表明:低农民收入低增长速度区位于河南省南部和东部,空间布局近似""Y""字型,农民的收入主要来源于粮食种植收入;低农民收入高增长速度区分散分布于河南省中部、北部、南部、西部,紧邻市辖区,农民收入主要来源于种植业收入和从事非农产业的工资性收入;高农民收入低增长速度区位于郑州都市圈内,紧邻郑州市,近似环状布局,非农产业收入占农民纯收入的比重较大;高农民收入高增长速度区位于郑州市,紧邻郑州市市辖区,农民收入以工资性收入为主,增收渠道逐步多元化。农业生产条件差异、地理区位不同和非均衡的区域发展政策是农民纯收入地区差异的主要原因。","['农民收入', '时空分异', '区域差异', '河南省']",T12,T18,0.0,0.0026601368402236,,0.1082571685720466,0.019000977430169,0.482926150524246,T12,A39,A42,4.0,0.3602654718749062,关键词:区域差异；摘要:区域差异,0.0914886882568301,0.0018962276779018,0.8422222222222222,A39,False,False,False,needs_review,needs_review,high
ZH_0749,构建科技创新“双循环”新发展格局,"党中央提出加快形成以国内大循环为主体,国内国际双循环相互促进的新发展格局。科技创新作为核心驱动力,也面临着复杂的国际国内形势,需要按照国家的总体要求,探索构建我国科技创新""双循环""新发展格局。为此,以钱学森技术科学思想为指导,基于技术科学的原始创新功能、二次创新功能和潜在创新功能,提出以技术科学为核心构建科技创新""双循环""新发展格局的战略构想。希望通过国内大循环、国内国际双循环和国际大循环3种战略路径,实现以科技创新""双循环""推动经济""双循环"",为我国实现科技自立自强及融入国际科技创新大格局提供宏观战略参考。","['技术科学', '科技创新', '“双循环”', '自立自强']",T24,T11,0.0,0.0017075821648527,,0.1275830971394521,0.0121970154632343,0.481878340381338,T24,A40,A48,7.5,0.7302473818831687,标题:科技创新；关键词:科技创新；摘要:科技创新,0.1529369981097961,0.0731955848797769,0.98,A40,False,False,False,needs_review,needs_review,high
ZH_0752,多维视角下长株潭工程机械产业集群成长机制,"基于多维集群分析框架,从水平、垂直、制度、外部和关系五个维度分析了长株潭工程机械产业集群发展历程与成长机制。结果表明,本地新创企业和衍生机制促进了工程机械产业集群水平维度的成长,但是该集群的垂直维度还不发达,产业配套与服务还不完善;制度维度层面,地方政府的直接政策支持与产业规划为该集群提供了良好的制度环境;该集群具有显著的外部市场导向性与跨地域联系;以核心企业占主导地位的明显的权力不对称关系也是该集群的显著特征。综合来看,多维集群分析框架可以较好地揭示产业集群的成长过程和机制。","['产业集群', '多维集群框架', '工程机械', '长株潭地区', '产业政策', '产业链', '垂直协作']",T46,T06,0.0,0.0123100066583099,,0.1957305043636017,0.0879286189879279,0.4935410073241409,T46,A43,A19,10.5,0.7580286281742707,标题:产业集群；关键词:产业集群；摘要:产业集群；关键词:产业链,0.4216401999706676,0.2716330583876483,0.98,A43,False,False,False,needs_review,needs_review,high
ZH_0753,城市用地扩张与生态环境保护的交互作用研究——以长株潭城市群为例,"城市用地扩张与生态环境保护的交互作用是城市群城市开发和生态环境保护要素流动的映射表现,系统地构建其交互作用机制,对于丰富城市群扩张理论和优化城市群空间结构具有重要意义。文章基于构建城市群城市用地扩张与生态环境保护的交互作用框架,运用灰色关联度模型揭示二元之间的交互作用,并将共生理论引入城市群扩张研究中,从城市开发和生态保护二元共生视角提出研究城市用地扩张的新思路。研究表明:(1)城市群城市用地扩张与生态环境保护之间存在较强的交互作用,整体上表现出阶段性特征。(2)由自然、经济社会和空间三个维度构成的""驱动—协调—约束""共生机制是实现城市用地扩张与生态环境保护共生发展的动力机制。生态环境保护通过分区管控、治理修复与城市用地扩张方面的监测预警、城市更新形成多维交互作用,最终实现二者的共生发展。(3)基于共生机制框架提出城市群城市用地扩张与生态环境保护二元共生发展的对策建议,从而形成高效集约、生态安全、宜居宜业的城市群国土空间结构。","['城市群', '城市用地扩张', '生态环境保护', '共生机制', '交互作用', '高质量发展']",T46,T29,1.0,0.7146954485232706,摘要:作用机制,0.0708254182132784,-0.0378896534052103,0.6155555555555555,T29,A39,A44,7.5,0.6288479976007719,标题:城市群；关键词:城市群；摘要:城市群,0.2054100531118278,0.0346285542912283,0.98,A39,False,False,False,medium,medium,high
ZH_0755,文旅融合导向下的乡村振兴发展机制与模式,"从乡村振兴战略时代背景、乡村发展现实困境与国民旅游需求新变化出发,文章在科学解读文旅融合与乡村振兴的概念内涵基础上,探究了文旅融合与乡村振兴的互馈机制,并基于文旅融合视角提炼了乡村振兴发展模式。结果表明:文化与旅游发展目标一致,内在逻辑统一。文旅融合通过产业融合、主体融合与功能融合实现资源、经济与社会多维效应。旅游系统与乡村地域系统的耦合联动关系是文旅融合与乡村振兴互促互馈的逻辑基础。文旅融合通过文化挖掘、旅游利用、城乡流动的方式与资源、产业、功能的路径,在要素增值、结构优化与功能提升机制下助推乡村振兴。乡村振兴创造新的需求与动力反促文旅融合。文旅融合视角下乡村振兴存在城郊融合振兴、特色开发振兴、休闲农业振兴与乡村工业振兴的典型模式。强化文旅融合的多功能价值,彰显旅游发展的乡村元素,促进城乡融合与乡村振兴联动发展是文章得出的重要启示。","['文旅融合', '乡村振兴', '乡村地域系统', '互馈机制', '产业融合发展', '休闲农业']",T20,T31,0.0,0.0069760758003918,,0.126583974308699,0.0498291128599415,0.487673683380431,T20,A42,A45,11.5,0.2057265733627121,关键词:农业；摘要:农业；标题:乡村振兴；关键词:乡村振兴；摘要:乡村振兴,0.6454821665339823,0.1278606171870743,0.98,A42,False,False,False,needs_review,needs_review,high
ZH_0756,长三角区域战略与竞合新趋势,随着长三角区域一体化发展上升到国家战略，区域竞争与合作已经成为我国发展战略和政策制定中的重要问题。文章通过梳理1990年代以来长三角区域战略的演变历程、战略意图和政策效应，来探究长三角区域竞合特征及其趋势。研究表明，区域战略是系统研究长三角区域竞合的有效依据。长三角区域战略经历了从竞争为主到加强合作的历程，按竞合性质可将其归纳为竞争、合作和竞合三类战略。以区域战略透视长三角竞合新趋势，长三角多中心、网络化空间格局进一步发展成熟，都市圈成为竞合的重要载体，区域创新成为竞合的着力点，跨界合作带来新发展机遇。建议通过国家介入或中心城市主导的方式进一步加强区域合作。,"['区域战略', '竞合关系', '都市圈', '竞争性区域主义', '长三角区域一体化', '国家科学中心', '区域协同创新']",T48,T06,1.0,0.7128021431894931,摘要:空间格局,0.0446016910252621,-0.051413262932192,0.6155555555555555,T06,A39,A12,7.5,0.7396622989817444,标题:长三角；关键词:长三角；摘要:长三角,0.194072148207819,0.1404449927267463,0.98,A39,False,False,False,medium,medium,high
ZH_0758,基于数字孪生的配电自动化终端设备状态评价与故障预判,"数字孪生旨在构建物理实体从现实空间到虚拟模型的映射,通过双向交互数据的实时闭环驱动,模拟出物理实体的实时状态和动态特征。配电自动化设备作为电力系统中的重要元件,一旦发生故障将会给电力系统造成重大经济损失。该文以数字孪生技术作为配电自动化终端设备与配电主站间信息交互、预判故障、辅助配网运维的基础,通过统计分析某地区配电自动化终端采集的历史数据与处缺信息,在数字孪生体系中构建并实时更新、修正状态评价评语集、评价权重及故障集,同时搭建智能状态评价与故障预判模拟模型,为实现对配电自动化终端设备状态的实时监测、进行配网运维检修指导提供了参考。","['数字孪生', '配电自动化终端设备', '状态评价', '故障预判']",T47,T26,7.5,0.7709215084675181,标题:数字孪生；关键词:数字孪生；摘要:数字孪生,0.5221594458510547,0.3637250604822715,0.98,T47,A37,A27,7.5,0.6679704312487333,标题:状态评价；关键词:状态评价；摘要:状态评价,0.3815028404317314,0.3140745089195241,0.98,A37,False,False,False,high,high,high
ZH_0759,广东虎门镇服装加工产业集群发展研究,"对广东省东莞市虎门镇的服装加工企业、服装专业市场进行实地调查,对虎门镇服装加工产业的有关资料进行了系统整理,阐明了虎门服装加工产业集群的诞生和成长过程,分析了虎门服装加工产业集群的特点和薄弱环节,研究了该产业集群未来的发展路径。研究结果认为,虎门服装加工产业宜从产业区位优势向区域品牌优势提升,从低成本的产业集群向创新型的产业集群转变,从重视专业市场建设向发展混合商务转变。","['产业集群', '服装加工产业', '东莞市', '虎门']",T12,T46,0.0,0.0104161463234891,,0.1441238698282171,0.0744010451677797,0.491457760955838,T12,A43,A19,7.5,0.7670840481925013,标题:产业集群；关键词:产业集群；摘要:产业集群,0.4344141535955833,0.3363146299464382,0.98,A43,False,False,False,needs_review,needs_review,high
ZH_0760,基于暂态量的继电保护研究,"电力电子化设备的广泛应用导致电力系统故障暂态过程更加复杂、快速,对继电保护的""四性""提出了更高要求,基于暂态量的继电保护优势更加凸显。首先介绍了电力电子化电力系统的故障特性,详细分析了电力电子器件的快速调节特性与脆弱性以及对电力系统故障特性的影响。其次全面梳理了暂态量在线路保护中的应用,包括行波波头保护、单端暂态量保护等,并进一步分析了基于双端(多端)暂态量的保护新原理和新方法。最后给出了对暂态量保护研究的建议,通过合理利用故障全过程中丰富的暂态信息,实现与故障信息自适应匹配的高速暂态量保护,全面筑牢电网安全的""第一道防线""。","['交直流混联', '电力电子化', '暂态响应', '工频量保护']",T40,T36,0.0,0.0020149822513909,,0.2186817243374875,0.014392730367078,0.48221648047653,T40,A37,A16,5.5,0.614230542825303,标题:继电保护；摘要:继电保护；摘要:线路保护,0.3686084562318266,0.1795688123885279,0.9255555555555556,A37,False,False,False,needs_review,needs_review,high
ZH_0761,计及灵活性资源的交直流混合配电网双层优化,如何引导灵活性资源参与电网优化运行是智能电网面临的重要问题，而交直流混合配电网的分区化和多元化也给优化运行带来新的挑战。提出了一种考虑灵活性资源参与的交直流混合配电网双层优化方法。首先，分析了供需两侧灵活性资源模型，通过对负荷聚类划分峰谷时段并制定合理分时电价，并从供需平衡的角度定义运行灵活性评价指标；其次，综合考虑需求响应、风光不确定性等因素，建立兼顾灵活性和经济性的交直流混合配电网双层优化模型，其中，上层模型以柔性负荷调度策略为决策主体，下层模型侧重于灵活性供给资源的运行策略，并利用分布鲁棒优化方法进行求解。最后，算例仿真结果验证了本文所提优化方法的合理性和有效性。,"['交直流混合配电网', '灵活性资源', '分时电价', '双层优化', '分布鲁棒']",T39,T37,5.0,0.7236989711302477,摘要:鲁棒优化；关键词:分布鲁棒；摘要:分布鲁棒,0.1894625966737079,0.026421222358913,0.8977777777777778,T39,A31,A36,7.5,0.617077997189556,标题:配电网；关键词:配电网；摘要:配电网,0.0941617288325424,-0.0494428772174566,0.94,A36,False,False,False,high,high,high
ZH_0765,退役锂离子动力电池储能系统风冷热管理仿真,"为研究退役动力电池储能再利用过程的热管理方法和运行方案,基于退役锂离子动力电池储能系统,设计了风冷热管理的方案和运行策略。建立了舱内退役电池簇的数学物理模型。仿真了不同风量下磷酸铁锂(LFP)电池簇和三元镍钴锰(NCM)电池簇的温度分布,对比分析了有无风冷热管理时电池簇的热行为。结果表明:风冷热管理能满足适宜退役动力电池正常工作时的温度范围;对于磷酸铁锂电池簇和镍钴锰电池簇,增加风冷系统后,簇内电池最大温差可由无风冷时的10 K降低至4 K左右,电池的最大温升由30 K降低至10 K左右。该研究可为退役动力电池储能系统的高效热管理提供借鉴。","['退役动力电池', '储能系统', '热管理', '风冷', '温度一致性']",T10,T32,0.0,0.0018432555413423,,0.1613578188152608,0.013166111009588,0.4820275810954765,T10,A35,A27,7.5,0.5590315001945712,标题:储能；关键词:储能；摘要:储能,0.2702040775220047,0.2216535728183651,0.94,A14,False,False,False,needs_review,needs_review,high
ZH_0766,发电商参与碳市场与电力中长期市场联合决策模型,在双碳目标及全国碳市场上线的背景下，发电商需同时在电力市场及碳市场上进行交易决策。目前相关研究未深入考虑电力中长期市场及发电商在碳市场上的投机行为。为此，提出了一种发电商参与碳市场与电力中长期市场联合决策模型。该模型以一年的碳市场履约期为优化周期，在考虑发电商投机行为的基础上，利用条件风险价值刻画由于市场价格不确定性所带来的利润风险。该模型同时改进了相关研究中碳市场碳价仅假定为固定值的不足，且克服了原本以履约期为时间尺度的碳配额约束被强行分解到电力市场各个交易时段的问题。基于广东省相关市场数据搭建算例，并与传统的发电商决策模型进行对比分析。结果表明：发电商可根据该模型综合考虑电力市场及碳市场情况进行交易决策，获得比传统模型更优的综合效益。,"['发电商', '条件风险价值', '碳市场', '中长期', '电力市场', '联合决策']",T39,T38,4.0,0.7888491257817246,关键词:条件风险价值；摘要:条件风险价值,0.6420352602262096,0.4917794698694612,0.8422222222222222,T39,A36,A50,11.5,0.7656074323157044,关键词:电力市场；摘要:电力市场；标题:碳市场；关键词:碳市场；摘要:碳市场,0.4480332570398346,0.3257673736836028,0.98,A36,False,False,False,high,high,high
ZH_0769,中国水资源效率的区域差异及影响因素分析,"选取我国大陆30个省(市、自治区)的2004—2014年间相关统计数据,运用超效率DEA-Tobit两阶段模型对水资源效率进行评价,并对水资源效率的区域差异及其影响因素进行分析。水资源效率的区域差异分析结果表明:我国水资源效率相对较低,仅北京、天津、青海三省市的水资源效率高于1,其余大部分省市水资源效率处于0.2之间;同时,我国水资源效率还存在区域差异,东部地区高于中西部地区,华北、西北地区相较于其他区域处于较高水平。水资源效率区域差异的影响因素分析结果发现:水资源效率与治理废水项目完成投资额和产业用水结构呈负相关关系,与供水总量和科技水平呈正相关关系。因此,为了进一步提升水资源效率,必须在发展经济的同时,加大科技投入,提升科技水平,优化产业用水结构。","['水资源效率', '区域差异', '影响因素', '超效率DEA-Tobit模型']",T31,T18,0.0,0.0002739095396139,,0.0805970987764477,0.0019564967115283,0.4803013004935754,T31,A51,A39,7.5,0.0156158921570701,标题:水资源；关键词:水资源；摘要:水资源,0.2527836349336246,0.1115420868362157,0.8771774813727773,A51,False,False,False,needs_review,needs_review,high
ZH_0772,电力市场、碳市场及绿证市场互动机理及协调机制,面向“碳达峰、碳中和”战略目标，应在统一的能源、气候、环境治理框架体系下，统筹协调碳市场、电力市场、绿证市场等各类市场的关联关系，做好市场机制层面有效衔接。分析了欧盟、美国等国外电、碳市场协同运作的实践经验，总结了国内推进碳市场、电力市场、绿证市场建设的现状，剖析了碳市场、电力市场、绿证市场之间的关联关系与交互影响机理，探索了市场间协调发展的衔接机制。最后，立足国内市场建设发展环境和现实需要，提出了当前阶段助力碳市场、电力市场、绿证市场协调发展的相关建议，以充分发挥综合调控作用，助力能源电力行业和社会低碳转型。,"['电力市场', '碳市场', '绿证市场', '交互机理', '衔接机制']",T38,T46,0.0,0.0139551839598093,,0.2240530542385513,0.0996798854272096,0.4953507023557902,T38,A36,A44,22.5,0.6761500799093083,标题:电力市场；关键词:电力市场；摘要:电力市场；标题:碳市场；关键词:碳市场；摘要:碳市场；标题:绿证；关键词:绿证；摘要:绿证,0.6301095628803216,0.3725005707807733,0.98,A36,False,False,False,needs_review,needs_review,high
ZH_0778,少数民族传统节事商品化:行动主体及微观权力运作,"文章以云南省元阳县哈播长龙宴为案例,通过参与式观察和半结构化访谈,借助行动者网络这一分析工具,在福柯微观权力观的指导下剖析传统节事在旅游开发背景下商品化的发展过程,以及目的地社区的日常生活政治。研究发现:①少数民族节事旅游商品化是一个动态的发展过程,行动者网络中的利益主体角色发生变化,网络结构处于持续调整的状态。②政府借助行政征召的手段主导传统节事商品化发展,其核心地位在商品化发展过程中发生动摇。社区居民在旅游发展中的行动逻辑受多重因素影响,坚守传统文化以及追求经济利益是传统文化领袖和社区居民参与少数民族节事旅游发展共同的驱动力。社区的权利抗争一定程度上维护族群精神信仰。③传统节事商品化发展应重视少数民族社区的主体性,平衡社区和其他行动者之间的关系,选择适合少数民族地区的旅游发展道路。","['旅游', '民族节事商品化', '微观权力', '行动者网络', '权利抗争', '哈播长龙宴', '少数民族']",T20,T34,1.0,0.7060247229570242,摘要:访谈,0.029988998170478,-0.0998234074498262,0.6155555555555555,T34,A45,A04,4.0,0.5508210979363319,关键词:旅游；摘要:旅游,0.1554271532411118,0.0772935566880849,0.8422222222222222,A45,False,False,False,medium,medium,high
ZH_0779,冰芯气候环境记录研究：从科学到政策,"冰芯是过去气候环境变化信息的重要载体。文章着重阐述了三极(南极、北极和第三极)冰芯研究在揭示过去气候变化、大气温室气体含量变化、太阳活动、火山活动及人类活动等方面所取得的成就,并说明冰芯研究对相关环境政策制定(如含铅汽油禁用政策、温室气体减排政策)的推动作用。建议国家尽快建立冰芯档案储藏库,以拯救冰芯资源,为后世科学研究与国家发展服务。","['冰芯记录', '三极环境', '气候变化', '环境政策', '人类活动', '全球变暖']",T46,T19,0.0,0.0039360840826314,,0.1730501625184101,0.0281148863045101,0.4843296924908946,T46,A28,A51,8.5,0.7408314877586503,标题:气候；关键词:气候；摘要:气候；摘要:大气,0.3589597687324545,0.1487963411332161,0.98,A28,False,False,False,needs_review,needs_review,high
ZH_0780,加强我国公共卫生管理的若干建议,"公共卫生是事关人民群众健康的公共事业,提供公共卫生服务、进行公共卫生管理是政府的重要职责。我国政府十分重视公共卫生事业发展,尤其是2003年""非典""疫情后,我国公共卫生服务体系建设不断完善、管理不断加强。但这次突如其来的新冠肺炎疫情发生与蔓延,仍然暴露出我国公共卫生管理的一些短板,亟待我们总结经验、深入研究,有针对性地采取措施加以解决。具体建议包括:(1)完善国家安全观;(2)强化法治建设;(3)强化政府治理能力建设;(4)健全信息公开、媒体与互联网管理制度;(5)强化专家的科学精神与职业素养;(6)健全突发公共卫生事件应急管理机制;(7)加强社会组织建设,完善社会力量参与机制;(8)提升公民应对疫情灾情素质;(9)切实把""预防为主""方针落到实处;(10)注重研究突发公共卫生事件期间的经济政策。","['公共卫生', '管理建议', '新冠肺炎']",T06,T18,0.0,0.009573684491017,,0.1573513230017399,0.0683834606501219,0.4905310529401188,T06,A10,A04,8.5,0.7352708693654768,标题:公共卫生；关键词:公共卫生；摘要:公共卫生；摘要:卫生服务,0.7996582435296732,0.7141196551315575,0.98,A10,False,False,False,needs_review,needs_review,high
ZH_0783,中国竞技体育发展的区域差异研究,"运用数理统计和GIS空间分析法,探究1984—2016年不同空间尺度下夏季奥运会奖牌的时空分布特征及演变规律,结果表明:中国夏季奥运会奖牌总量及不同类型奖牌数量的变化差异较大,奖牌总量在整体上展现出由低缓增长、快速增长到迅速下降的演变过程,不同阶段各类型奖牌数量变化存在非均质性,其内部增长比重的变化差异也较为显著。不同时期奥运会奖牌分布的绝对差异呈现继续扩大的趋势,而区域间分布的相对差异整体表现出缩小的态势。奖牌分布的地理集中指数表现出明显的三个变化阶段,整体呈反""S""型演变趋势。奖牌主要分布在东中部地区,东、中、西三大地区的地带差异性明显,呈现出由沿海向内陆逐步递减的趋势,""东南密、西北疏""的非均衡发展格局日益显著。奖牌总量的分布重心主要在皖、苏、豫、鲁4省空间范围内移动,奥运会奖牌分布差异主要受人力资源水平和体育管理水平的影响,不同地区主要影响因素及作用强度各异。","['竞技体育', '体育发展水平', '奥运会奖牌', '区域差异', '中国']",T48,T19,1.0,0.7194078159876133,摘要:GIS,0.1270701506181165,-0.0042298858027617,0.6155555555555555,T19,A39,A50,6.5,0.7296974112151299,标题:区域差异；关键词:区域差异,0.1448536410403974,0.0692672229652135,0.98,A39,False,False,False,medium,medium,high
ZH_0785,适用于含多并联逆变器微电网联络线功率控制策略,"基于下垂机制的含多并联逆变器微电网联络线功率控制策略的控制层级较多,层级间时间尺度相差较大,导致其暂态响应较差,应对本地负荷波动或下垂系数调整等扰动的能力不强。针对以上问题,提出了一种新型的含多并联逆变器微电网联络线功率分层控制策略。一层分散控制采用电压滤波跟踪误差的方法对系统公共耦合点(Point of Common Connection, PCC)电压进行快速精确的控制。二层系统级集中控制通过直接调节PCC电压幅值和相位,实现微电网与主网之间或互联微电网间特定的功率交换,而其内部各逆变器则按照功率分配系数精确分配有功和无功功率。离线仿真和实时硬件在环实验验证了所提控制策略的有效性和优越性。","['微电网', '联络线功率控制', '分层控制', '并联逆变器']",T49,T11,4.5,0.5760859941687416,标题:控制策略；摘要:控制策略,0.202886995922571,0.114899958348154,0.8699999999999999,T49,A33,A38,7.5,-0.0144011608931386,标题:微电网；关键词:微电网；摘要:微电网,0.1402558018812817,-0.1028654349509909,0.8,A38,False,False,False,high,high,high
ZH_0787,基于ESDA—GIS的县域经济空间差异演化及驱动力分析——以兰州—西宁城镇密集区为例,"采用ESDA与GIS技术相结合的空间分析方法,以兰州—西宁城镇密集区县域为研究对象,选取10项经济指标数据,对2000—2008年密集区县域经济空间差异演变趋势、特征与驱动力进行了初步探索。结果表明:随着经济水平相当的县域之间集聚度不断提升,空间极化成为该区域经济空间差异演化的主要趋势,产业结构、集聚效应、边界效应为其演化的主要驱动因素;HH型、LL型县域分别趋于向密集区北部和南部集中,南北差异为该区域经济空间分异的主要表征;密集区北部(核心区)对南部区域的空间极化作用持续增强,以西宁市区为中心的局部空间扩散作用显现。","['区域经济差异', '驱动力', '兰州—西宁城镇密集区']",T48,T13,5.5,0.5955501583897259,标题:GIS；摘要:GIS；摘要:空间分异,0.1714650267854408,0.0461374949915493,0.9255555555555556,T48,A39,A43,4.0,0.5728258923311608,关键词:区域经济；摘要:区域经济,0.3091357710895692,0.2344706595082911,0.8422222222222222,A39,False,False,False,high,high,high
ZH_0791,基于村镇空间“物—场”模型的乡村聚落布局优化研究,"科学确定乡村聚落布局优化类型,利于指导乡村聚落布局优化及新时期乡村振兴战略的实施。本文以宁夏盐池县为例,以物—场模型为基础,构建了乡村聚落发展的乡镇影响力指数、聚落自身活跃度及周围设施影响的空间场;借鉴空间相互作用的引力模型对乡村聚落的发展影响程度进行定量评价与分析;按乡村聚落的不同影响力大小,界定乡村聚落的不同演化方向,并针对其演化方向将乡村聚落优化类型划分为社区化发展型、综合发展潜力型、优势发展保持型、聚落迁并扶持型四大类。结果表明,盐池县社区化发展类型的乡村聚落共27个,面积11.58 km,占盐池县乡村聚落总面积的34.06%,主要沿中心城镇呈团块状分布;综合发展潜力型的乡村聚落共27个,面积9.45 km,占比27.79%,主要分布于城镇发展拓展边界的外围及设施条件较优越的地带;优势发展保持型的乡村聚落有33个,面积9.28 km,占比27.29%;聚落迁并扶持型的乡村聚落共15个,面积3.69 km,占比为10.85%,并针对4种优化类型,提出了较为可行的优化方案。研究结果可为乡村聚落的布局优化及乡村振兴的战略推进提供参考。","['乡村聚落', '物—场模型', '村镇', '乡村振兴', '城乡融合', '农牧产业', '宁夏盐池县']",T28,T21,0.0,0.0057516963278196,,0.1435537420402999,0.0410835451987116,0.4863268659606016,T28,A42,A41,4.0,0.2390189063477981,关键词:乡村振兴；摘要:乡村振兴,0.5404943254375041,0.4215636167699869,0.8422222222222222,A42,False,False,False,needs_review,needs_review,high
ZH_0792,碳中和目标下美国氢能战略转型及特征分析,"氢能作为实现碳中和目标的重要清洁能源受到了全球瞩目。鉴于美国有逾30年的氢能研发和应用实践经验,文章对美国政府制定的氢能发展规划和战略开展详细调研,分析了自1990年以来的美国氢能战略及发展目标、方向、成效,并重点剖析美国2020年最新氢能发展战略和2021年氢能攻关计划。文章认为,当前美国氢能战略已经从最初建立氢能技术储备和推动氢燃料电池在交通行业的应用,转变为推进碳中和目标下加快氢能全链条、低成本技术开发应用,尤其是绿氢技术的研发和商业化等方向,具有实现碳中和目标、建立和发展氢经济、在全球氢能技术和市场中占主导地位等多元化目标;同时,美国在电解水技术方面具有较为成熟的研发示范经验,未来将向兆瓦级规模和太阳能、核能等可再生能源清洁制氢等方向发展。基于以上研究和分析,文章针对我国氢能战略提出了加强氢能发展顶层设计、攻关突破氢能核心技术、建立氢能全技术链发展模式、加强对外合作、开展标准制定和知识产权保护等建议。","['氢能战略', '碳中和', '全链条', '加速商业化', '技术储备']",T46,T21,0.0,0.0100205903788694,,0.1735857281044334,0.0715756455633533,0.4910226494167564,T46,A44,A14,7.5,0.602548558516214,标题:碳中和；关键词:碳中和；摘要:碳中和,0.1355086466640532,-0.1532245820270419,0.94,A14,False,False,False,needs_review,needs_review,high
ZH_0793,以生态保护为前提开发开化旅游业,"本文通过对开化县旅游资源的特点及其开发利用条件与旅游业开发现状的分析 ,提出以生态保护为前提 ,森林生态环境为依托 ,优质的生态环境为特色 ,正确处理好生态保护与旅游开发的关系 ,以“大旅游”战略格局开发开化旅游业的思路和对策。","['旅游', '生态保护', '开发']",T05,T45,0.0,0.0018212582853293,,0.1368753814749348,0.0130089877523527,0.4820033841138623,T05,A44,A45,7.5,0.0489674111166523,标题:生态保护；关键词:生态保护；摘要:生态保护,0.501521883004505,0.3497672222618021,0.9138641522283176,A44,False,False,False,needs_review,needs_review,high
ZH_0795,镇域发展研究进展与展望,"镇是中国的基层行政区域单位,镇域是县域和城乡发展的重要尺度单元。文章首先对镇的相关概念与功能进行分析,然后重点梳理国内外关于镇域发展研究的主要成果。在经济发展方面,学界就镇域产业经济发展特征、机制及如何保持镇域经济活力等开展了系列研究,横向的产业、格局类研究成果较多,但纵向的全景变化及机制的研究相对薄弱;在空间重构方面,空间规划、农村居民点布局优化、中心村镇建设等得到持续关注,但缺乏对不同类型农户和社区重构过程及发展动态的深入研究;在社会管理方面,公共服务供给与公众参与机制逐渐受到重视,而对于公共服务供给能力、公共事务治理能力提升路径的研究仍较薄弱;在资源环境方面,开展了镇域土地利用、景观生态、土地整治及其效应等相关研究,但对于镇域发展规模、产业类型特征与资源环境效应的基本关系仍不明晰,对镇域系统的资源环境效率缺乏综合认知。在新时代的新型城镇化、乡村振兴和生态文明建设过程中,镇域对于区域和城乡可持续发展的作用将更加关键。应着力加强镇域人地系统演化过程与机制、镇域空间重构与乡村振兴、镇域社会管理制度与治理模式、镇域资源环境效应优化调控及镇域发展新情况与新问题研究,以更好地服务于上述国家重大战略。","['镇域发展', '特色小城镇', '新型城镇化', '乡村振兴', '空间重构', '公共事务治理', '公共服务供给']",T06,T19,3.5,0.7054541541267139,标题:研究进展,0.0287132030174202,-0.1038988990949013,0.7544444444444445,T19,A42,A47,6.0,0.2637988385346896,摘要:农村；关键词:乡村振兴；摘要:乡村振兴；摘要:农户,0.4335584156977089,0.1699917038192124,0.9533333333333334,A42,False,False,False,high,high,high
ZH_0799,粤港澳大湾区产业融合驱动全要素生产率增长研究——以制造业与生产性服务业融合为例,"根据粤港澳大湾区11个城市2001—2018年的时空面板数据,应用耦联评价法与DEA-Malmquist法测算大湾区制造业与生产性服务业产业融合水平、全要素生产率增长及分解指标,绘制产业融合与全要素生产率的时空演化与拟合图,研究发现粤港澳大湾区城市制造业与生产性服务业产业融合与全要素生产率增长之间存在一定程度的空间关联关系,耦联度表现为负向关联,耦联协调度表现为正向关联。应用地理探测器中的因子探测器分析,初步定量确立大湾区产业融合是城市全要素生产率增长的驱动因素。最后,利用空间面板杜宾模型,实证检验大湾区产业融合驱动全要素生产率增长的空间经济效应以及具体作用路径,研究发现产业融合耦联度表现为负向影响,且存在负向空间滞后作用,耦联协调度表现为正向促进作用,且存在空间溢出效应。最后提出三点建议:建立梯度式产业融合发展层级体系、重视全要素生产率增长及分解指标的周期性特征、倡导产业深度协调发展与深度融合。","['产业融合', '生产性服务业', '制造业', '全要素生产率增长', '粤港澳大湾区', '地理探测器']",T42,T48,1.0,-0.5525345752424589,摘要:面板数据,0.0537869369425486,-0.0895326803032775,0.4755555555555555,T48,A43,A30,7.5,0.7289570154397101,标题:制造业；关键词:制造业；摘要:制造业,0.1489282327630715,0.0639786817122158,0.98,A43,False,False,False,needs_review,needs_review,high
ZH_0800,优化生态建设布局 提升固碳能力的政策途径,通过生态建设提升固碳能力，是我国实现“双碳”目标的重要途径之一。文章在分析我国生态固碳现状和趋势基础上，总结了我国生态固碳能力提升面临的主要挑战。研究认为，需要通过生态系统内部结构优化和生态建设区域协调两方面促进生态建设布局优化，提升生态系统碳汇增量。在生态系统内部结构优化方面，提出重启成熟林地有序更新采伐、增强草原生态系统固碳能力和发挥“西线引水工程”碳汇增益作用等；在生态建设的国土布局优化方面，提出了统筹建立差异化区域碳中和路径，全面推进欠发达地区绿色发展，协调处理生态保护与清洁能源发展关系，促进区域生态环境改善和国土空间高效利用的战略路径。,"['碳中和', '生态建设', '生态布局', '固碳能力', '政策途径']",T29,T19,0.0,0.0145036295119562,,0.1737599290721765,0.1035973536568304,0.4959539924631518,T29,A44,A51,6.0,0.628728086616333,摘要:绿色发展；摘要:生态保护；关键词:碳中和；摘要:碳中和,0.3878044473361638,0.2052006186880927,0.9533333333333334,A44,False,False,False,needs_review,needs_review,high
ZH_0804,平行哲学：智能产业与智慧经济的本源及其目标,"智能技术的本质和目标是什么?智能科学的本源和任务是什么?智能产业对现代社会和未来人类发展的影响和意义又是什么?文章从""AlphaGo命题""出发,围绕上述问题和波普尔""三个世界""的理念,讨论人工智能和平行智能的起源与趋势,提出智能科学哲学的新体系——平行哲学,将哲学的""存在""(being)与""变化""(becoming)扩展到""相信""(believing),并对相应的描述性、预测性和引导性知识的体系进行研究。","['人工智能', '平行智能', '平行哲学', '智能产业', '智能经济', '平行经济', '智能教育', '平行教育']",T07,T06,0.0,0.0037978501843495,,0.1133010568471101,0.027127501316782,0.4841776352027844,T07,A26,A25,4.0,0.2534349371152328,关键词:人工智能；摘要:人工智能,0.5992946017524258,0.5245352651088061,0.8422222222222222,A26,False,False,False,needs_review,needs_review,high
ZH_0805,集成排序网络的模块化多电平换流器实时仿真模型,"为实现模块化多电平换流器(modularmultilevel converter,MMC)的实时仿真,提出一种基于电力系统实时数字仿真器(real time digital simulation,RTDS)的高效MMC实时仿真模型,并应用现场可编程门阵列(field programmable gate array,FPGA)开发实现。模型使用流水线技术进行MMC桥臂阀组的等值计算,采用双调排序网络实现电容电压快速均压控制,避免大量子模块电容电压和触发控制信号的实时吞吐。基于此模型搭建单端201电平仿真系统,与PSCAD/EMTDC模型进行了仿真对比测试,并对比分析不同流水线个数和电平数下FPGA资源占用情况和时间性能。结果表明,该模型具备较高的集成度和仿真精度,使用单个ML605开发板即可实现高达501电平单端MMC的实时仿真,适用于构建大规模MMC直流电网实时仿真平台。","['模块化多电平换流器', '实时仿真', '现场可编程门阵列', '并行计算', '排序网络']",T17,T14,0.0,-0.71766886122866,,0.0023295794343873,0.0166509912238566,0.26,T13,A32,A27,7.5,0.632091048490331,标题:换流器；关键词:换流器；摘要:换流器,0.070383009123446,0.0577932035023644,0.94,A07,False,False,False,needs_review,needs_review,high
ZH_0806,大数据技术赋能法律监督,法律监督是国家治理体系和治理能力的重要依托。数字革命时代，以大数据法律监督为核心的数字检察的快速发展，正在推动法治监督治理体系的重塑变革。文章首先分析了新时代法律监督对能动检察的内在需要，以及新型公益诉讼检察在社会综合治理中的创新作用，探讨了“数字检察”的大数据赋能法律监督、监督促进国家治理的核心要义与重塑作用。在总结国内外各类大数据赋能法律监督实践经验和面临挑战的基础上，提出利用新型大数据赋能法律监督的对策建议：在健全高效工作推进机制基础上，建立具有检察特色的大数据共享机制，增强可持续的数字检察科技供给能力，形成统一开放的大数据法律监督发展模式。,"['法律监督', '数字检察', '检察大数据', '时空大数据', '大数据法律监督模型', '成品油税']",T47,T38,0.0,0.0022030068250466,,0.1420829704191487,0.0157357630360473,0.4824233075075512,T47,A24,A47,7.5,0.7287435449262897,标题:法律；关键词:法律；摘要:法律,0.2466669419578356,0.0624538923306409,0.98,A24,False,False,False,needs_review,needs_review,high
ZH_0807,利用行波波形改进编辑距离的柔性直流输电线路后备保护方案,针对行波主保护在低信噪比、高过渡电阻情况下保护方案失效的问题，该文提出一种利用小波阈值降噪和改进编辑距离算法的直流输电线路后备保护方案。根据噪声信号与故障信号小波系数差异较大的特性，采用小波降噪方法对故障行波信号进行降噪预处理。区外故障时线路两侧行波波形相似度较高，区内故障时相似度较低。根据此特性，提出一种改进的编辑距离算法，克服数据不同步和异常值的影响，实现线路两侧故障行波波形相似度的精确计算，建立故障识别判据。仿真实验结果表明，该算法能够准确地识别区内外故障，相较于原始的编辑距离算法和不同双端保护方案，具有更强的抗噪声干扰和耐受过渡电阻能力。,"['柔性直流输电', '行波', '小波降噪', '编辑距离', '相似度']",T27,T36,4.0,0.7186189681306117,关键词:降噪；摘要:降噪,0.1181735395933621,-0.009864513352773,0.7822222222222223,T36,A32,A22,6.5,0.7362180224631992,标题:柔性直流；关键词:柔性直流,0.194679279941693,0.1158430175942809,0.98,A32,False,False,False,high,high,high
ZH_0810,Box-in结构对特高压换流变压器散热性能影响的仿真分析,"Box-in结构在减弱换流变压器噪声影响方面发挥了较好的作用,但其对换流变压器散热和温度分布的影响值得关注。采用有限元仿真方法对有无Box-in结构换流变压器周围的环境气流分布和变压器自身油流和温度分布进行数值模拟,分析了Box-in结构的存在对换流变压器温升的影响规律,研究了Box-in结构换流变压器的通风策略。结果表明:换流变压器箱壁温升随环境风速的增加而减小;Box-in结构的存在使换流变压器箱壁的对流换热能力大幅降低,导致含Box-in结构换流变压器的箱壁平均温度偏高3.5K,局部温度偏高7.7-17.55K;在强制通风的情况下,换流变压器箱壁温升会随风速的增加呈指数规律减小,综合考虑换流变压器所处的环境温度和气流情况,可适当选择自然通风、自然和强制通风并行、直接强制通风3种通风策略。","['特高压换流变压器', '温度特性', '有限元法', '通风策略']",T14,T15,5.0,0.747463440661285,关键词:有限元；摘要:有限元；摘要:数值模拟,0.4699678458056754,0.1961674332948928,0.8977777777777778,T14,A37,A32,7.5,0.0905200134107084,标题:变压器；关键词:变压器；摘要:变压器,0.1963966223913147,-0.0391427613520823,0.8995720147517794,A32,False,False,False,high,high,high
ZH_0811,基于智能自学习控制的船舶微电网预同步控制策略,针对船舶靠港期间微电网并网预同步控制过程的频率偏移越限问题，提出一种基于智能自学习控制的船舶微电网预同步控制策略。首先，通过利用已知虚拟同步发电机输出相角计算船舶微电网与船舶主电网之间的相位差。然后，基于改进的动态线性化方法将离散后相位差非线性系统转化为紧格式局部线性化数据模型。之后，根据数据模型设计智能自学习虚拟同步发电机预同步控制算法。最后，通过船舶虚拟同步发电机预同步过程中功频下垂系数的自适应调整避免船舶微电网输出频率的偏移越限。通过对比仿真实验，所提控制策略可实现快速平滑的并网预同步控制并有效规避了频率越限，实现了船舶本地异步电机负载的正常稳定工作，验证了该控制策略应用于靠港船舶微电网的优越性和精确性。,"['船舶微电网', '船舶岸电系统', '虚拟同步发电机', '智能自学习控制', '预同步控制', '频率越限']",T49,T41,4.5,0.7649467358790284,标题:控制策略；摘要:控制策略,0.3709023552306977,0.3210481134216312,0.8699999999999999,T49,A33,A38,7.5,0.7010420896066221,标题:微电网；关键词:微电网；摘要:微电网,0.1348999331243856,-0.1354136456669853,0.94,A38,False,False,False,high,high,high
ZH_0814,特高压换流站系统的地震易损性分析,"特高压换流站是特高压直流输电系统中的重要节点。为分析特高压换流站系统整体的地震易损性,根据换流站中各设备布置位置和功能实现逻辑关系,对换流站进行了关键回路及设备的划分并建立了整个换流站的系统功能逻辑模型,以震后能够正常输出的电量作为系统的性能评价指标将其功能状态分为5类,基于划分子系统的地震失效概率模型,利用失效模式与影响分析的枚举法求得了某±800kV换流站系统在具有不同输电能力功能状态下的地震失效概率和易损性曲线,并通过对子系统易损性参数的敏感性分析指出了换流站系统的抗震薄弱环节。","['特高压', '换流站系统', '地震易损性', '敏感性分析']",T49,T03,0.0,0.0024631194205976,,0.1412321124615873,0.0175937101471261,0.4827094313626574,T49,A32,A28,16.0,0.4508604216804623,摘要:高压直流；标题:特高压；关键词:特高压；摘要:特高压；标题:换流站；关键词:换流站；摘要:换流站,0.5039556152723558,0.4882887262890166,0.98,A32,False,False,False,needs_review,needs_review,high
ZH_0815,景区经营权转让下旅游资源开发激励约束契约设计,"转让景区经营权是目前我国旅游资源开发的主要模式之一。运用委托代理理论,对企业在旅游资源开发中的道德风险问题进行分析,将保护性开发下所获得的旅游收入与地方政府支付给企业的资源补偿相联系,建立景区经营权转让下的旅游资源开发激励契约模型,并提出完善旅游资源开发激励机制的建议。","['委托代理', '旅游资源开发', '激励约束', '道德风险']",T19,T15,0.0,0.0162394509804326,,0.2028148157556223,0.1159960784316621,0.4978633960784759,T19,A45,A13,7.5,0.7264434570015216,标题:旅游；关键词:旅游；摘要:旅游,0.1636680637794594,0.046024692868011,0.98,A45,False,False,False,needs_review,needs_review,high
ZH_0816,基于时间距离视域下城市旅游经济联系测度与空间整合——以长江三角洲地区为例,"以长江三角洲城市为研究对象,选取2000、2010年2个时间断面数据,引入通达度指数,定量分析了城市间交通通达性的便捷程度,在此基础上,借助城市旅游经济联系测度模型,测算了基于交通可达性视域下的城市旅游经济联系强度(总量)和隶属度。结果表明:长三角地区交通可达性整体上较好,呈现明显的提高态势,2个年份的可达性数值分别为0—6.577h、0—5.520h,旅游经济联系逐步加强,突出表现为上海、南京、杭州、苏州对外旅游经济联系增幅较大,以此提出了长三角城市旅游圈的空间整合策略。针对时间距离视域下的旅游经济联系测度,较好地反映了交通影响下的城市旅游发展,对于妥善处理城市旅游经济竞合关系,缩小旅游经济发展差异,促进长三角城市一体化进程,有着重要的理论价值与实践意义。","['时间距离', '通达度', '旅游经济联系', '空间整合', '长江三角洲']",T10,T19,0.0,0.0010037296345007,,0.1134485084478507,0.0071694973892911,0.4811041025979508,T10,A45,A46,15.0,0.6522622992792966,标题:旅游；关键词:旅游；摘要:旅游；标题:旅游经济；关键词:旅游经济；摘要:旅游经济,0.3157563036941477,0.2018735662806894,0.98,A45,False,False,False,needs_review,needs_review,high
ZH_0817,中国世界地质公园空间分布特征与旅游发展对策,"全面系统研究了中国世界地质公园的空间分布结构和旅游效益等特征,提出中国世界地质公园未来发展应调整建设中心及方向、通过形式创新等手段全方位展示地质遗迹景观科学内涵等相关建议,力图使中国世界地质公园体系完备、均衡发展。","['世界地质公园', '空间分布特征', '旅游效益']",T30,T48,0.0,0.0008750236621361,,0.2005999815003347,0.006250169015258,0.4809625260283497,T30,A45,A28,7.5,0.015288545418261,标题:旅游；关键词:旅游；摘要:旅游,0.0811497268300571,0.1092038958447213,0.8168173999600872,A09,False,False,False,needs_review,needs_review,high
ZH_0820,节假日旅游流时空分异及其形成机制——以云南省为例,"以云南省为研究区域,利用游客集中度系数、基尼系数、洛伦茨曲线等指标,获取了云南省节假日旅游流的时空分异特征,并从区域旅游空间结构的视角分析其形成机制,结果表明:(1)云南省节假日旅游流的时间分布不受空间尺度限制,在省域和市域尺度均表现出相对均衡格局;节假日旅游流的空间分布相对集中,呈""多核心、边界带状""空间格局,且各节假日的旅游流空间分布特征具有一致性。(2)快速交通方式的""时空压缩""效应有效缓解了节假日时长对游客出游半径的限制,并在优惠政策与旅游宣传影响下,国庆黄金周对中秋节存在""虹吸效应""。(3)旅游资源禀赋是节假日旅游流空间格局形成的主要因素,交通可达性对旅游流规模的影响有限;具有一定区位优势但旅游品位一般的旅游地,极易在交通设施不断完善过程中被替代,而区位优势不明显的旅游边缘节点凭借资源禀赋也具备相当竞争力;具有完善的公路交通基础设施且旅游景区特色鲜明的旅游区,则表现出对自驾游的较强吸引力。","['旅游流', '时空分异', '形成机制', '节假日', '云南省']",T46,T48,7.5,0.6313394436916644,标题:形成机制；关键词:形成机制；摘要:形成机制,0.1389793728084501,0.0524245977976028,0.98,T46,A45,A46,15.0,0.5110829498993102,标题:旅游；关键词:旅游；摘要:旅游；标题:旅游流；关键词:旅游流；摘要:旅游流,0.1477841782656604,-0.1208360721477831,0.94,A18,False,False,False,high,high,high
ZH_0821,分布式电源电压支撑能力层次分析评价,"分布式电源(Distributed Generation, DG)大规模接入配电网,其电压支撑能力能够提升系统供电能力,改善电能质量。为量化评价DG的电压支撑能力,设计DG低电压支撑能力、限界电压合格率和限界功率损耗三项评价指标。通过功率圆限定指标评价范围,降低DG供电能力范围外节点对评价指标的影响,提高评价指标的准确性和灵敏度。改进指标间的权重系数算法,提出一种基于层次分析法的DG电压支撑能力评价方法,从低电压位置、电能质量、功率损耗三个角度量化评估配电网供电性能。根据评估结果计算判别标度,得到DG电压支撑能力综合评价结果。最后,基于某实际43节点中压配电系统进行算例仿真,验证了所提指标与评价方法的有效性。","['分布式电源', '电压支撑能力', '层次分析法', '评价指标']",T41,T21,5.0,0.7549914322855693,摘要:综合评价；关键词:层次分析法；摘要:层次分析法,0.3729128371275157,0.2499388020397806,0.8977777777777778,T41,A31,A38,9.5,0.7566987061742585,摘要:配电网；摘要:配电系统；标题:分布式电源；关键词:分布式电源；摘要:分布式电源,0.3716819683512794,0.262133615530418,0.98,A31,False,False,False,high,high,high
ZH_0822,基于谐波特性的光伏孤岛与低电压穿越同步检测方法,"针对光伏并网系统孤岛保护与低电压穿越之间的运行冲突问题,提出了一种基于谐波特性的光伏孤岛与低电压穿越同步检测方法。根据系统在并网、孤岛、电压扰动三种运行状态下谐波电压的不同,用傅里叶级数定量分析了频谱泄漏对谐波检测的影响,同时在考虑主电网背景谐波对谐波检测的影响后,推导了谐波电压阈值的整定公式。在此基础上,给出了同步检测实现方案及其算法流程,并在仿真软件平台上验证。从""协鑫边昭光伏电站带边昭变孤岛试验""的数据中提取的谐波特性曲线进一步验证了所提的谐波电压阈值可以识别孤岛现象。理论分析、仿真实验以及现场实验都证明了所提的谐波电压阈值可以作为区分孤岛现象和电压暂态扰动现象的依据,所提的基于谐波特性的同步检测方法可以有效协调光伏并网系统孤岛保护和低电压穿越两种功能。","['光伏', '并网', '孤岛保护', '低电压穿越', '背景谐波', '频谱泄漏', '同步检测']",T49,T47,7.5,0.6525343097607743,标题:低电压穿越；关键词:低电压穿越；摘要:低电压穿越,0.2588542509559376,0.2038164982912444,0.98,T49,A38,A34,7.5,0.0464514621188814,标题:低电压穿越；关键词:低电压穿越；摘要:低电压穿越,0.368470644483623,0.3317961579920099,0.9110966083307696,A38,False,False,False,high,high,high
ZH_0825,中心城市发展与城市群产业整合——以郑州及中原城市群为例,"以郑州及中原城市群为案例,从城市群产业整合的角度探讨如何发挥中心城市在城市群中的重要作用。认为作为城市群的经济重心仅仅是满足了中心城市的必要条件,而是否形成城市群的服务中心、高端制造业中心和创新中心,才是中心城市扩散效应得以有效发挥进而促进城市群产业整合的关键。中原城市群现状经济增长高度依赖制造业的低端发展,群内缺少有效的经济结构联系,亟待进行产业整合。这与中心城市郑州的经济弱质性导致其扩散效应难以有效发挥密切相关。未来郑州的发展方向不在于追求提升经济总量进而提高首位度,而需要选择在生产性服务、高新技术产业、区域创新等有限领域形成有高度的中心,以此来组织和推动中原城市群的产业整合。","['中心城市', '城市群', '产业整合', '中原城市群']",T21,T10,0.0,0.0014243480786036,,0.0992747263926673,0.0101739148471686,0.481566782886464,T21,A39,A43,7.5,0.6339934460866418,标题:城市群；关键词:城市群；摘要:城市群,0.2735907509368199,0.071381757761727,0.98,A39,False,False,False,needs_review,needs_review,high
ZH_0826,MMC-HVDC输电系统中高频阻抗建模及谐振机理分析,"目前对基于模块化多电平换流器的高压直流(modular multilevelconverterbasedhighvoltagedirectcurrent,MMC-HVDC)输电系统的中高频谐振机理尚缺乏系统性的研究，因此，基于分块化阻抗建模方法和谐波阻抗分析法系统地揭示了MMC-HVDC输电系统的中高频谐振机理。首先，基于分块化阻抗建模方法，将MMC-HVDC输电系统进行分块，通过对交直流系统电路及MMC控制系统的分析，分别建立了MMC交、直流侧等效阻抗模型，同时根据线路的分布参数特性建立了输电线路阻抗模型，形成了MMC-HVDC输电系统等效模型；其次，通过研究控制环节和参数对MMC等效阻抗的影响，获得了主要的影响因素；然后将谐振分为有源谐振和无源谐振，从而系统地揭示了MMC-HVDC输电系统的谐振机理；最后，通过仿真验证了所建模型及谐振分析方法的有效性和正确性。分析及仿真结果表明：在中高频段，MMC直流侧系统仅可发生有源谐振，谐振频率主要与直流线路参数有关；MMC交流侧系统可发生无源和有源谐振，无源谐振主要受MMC交流侧阻抗负阻尼特性的影响，而有源谐振与MMC和电网参数均相关。","['模块化多电平换流器', '中高频谐振', '分块阻抗建模', '阻抗分析法', '谐振机理']",T40,T11,7.5,0.6354010540663229,标题:阻抗建模；关键词:阻抗建模；摘要:阻抗建模,0.1317919785458404,0.0814361004737344,0.98,T40,A32,A09,9.5,0.6812710927094242,摘要:高压直流；标题:HVDC；摘要:HVDC；关键词:换流器；摘要:换流器,0.3557005505977576,0.2647183313831048,0.98,A32,False,False,False,high,high,high
ZH_0835,文化生态视角下的产业集群演化与升级,"产业集群演化是当前经济学、管理学和经济地理学等领域的前沿问题,在产业集群演化的周期中,存在着地域文化、集群文化和外来文化三大文化生态圈的相互作用。在演化的不同阶段,三大文化圈之间的作用机理也不同,可能会导致文化生态结构失衡,因此需要对文化生态结构进行优化。从文化生态的横向结构优化、文化生态的纵向结构优化及本土文化和外来文化的整合入手,建立了产业集群升级的综合景框,并以温州龙港印刷业集群为例进行了阐释。","['文化生态', '产业集群演化', '产业集群升级']",T29,T32,0.0,0.0114908827186639,,0.1558142472430811,0.0820777337047426,0.4926399709905303,T29,A43,A45,7.5,0.743350062409942,标题:产业集群；关键词:产业集群；摘要:产业集群,0.3573213747259261,0.1667861600710146,0.98,A43,False,False,False,needs_review,needs_review,high
ZH_0837,技术要素集聚对我国区域经济增长差异的影响,"回顾了技术要素集聚的基本理论,对技术要素集聚的形成动因与形成条件进行了较为深入的研究。在此基础上,分析了技术要素集聚的相关理论,包括增长极理论、极化效应与扩散效应以及集群理论等。文章的最后针对我国区域经济的差异与技术要素聚集的关系进行了分析。本文的研究将有助人们了解技术要素对于我国区域经济增长差异的影响,可对解决区域经济增长差异的研究提供参考。","['技术要素', '集聚', '区域经济增长差异']",T06,T45,0.0,0.0069562726841874,,0.1600275268221816,0.04968766202991,0.4876518999526061,T06,A39,A40,7.5,0.76003324722402,标题:区域经济；关键词:区域经济；摘要:区域经济,0.362258709631239,0.2859517658858576,0.98,A39,False,False,False,needs_review,needs_review,high
ZH_0839,我国区域粮食安全演变:1949—2008,"利用人均粮食占有量衡量1949—2008年我国不同区域粮食安全状况,结论表明:①我国粮食安全状况趋于好转,但整体安全水平仍然偏低;②主产区粮食安全状况整体趋于明显好转,非主产区粮食安全状况整体变化不明显;③东部粮食安全状况先变好,然后再变差,中部粮食安全状况整体趋于明显好转,西部粮食安全状况先变好,然后再变差;④我国省级层面粮食安全状况整体趋于好转。","['区域粮食安全', '历史演变', '人均粮食占有量']",T34,T28,0.0,0.0134290369033339,,0.1958167558966195,0.0959216921666707,0.4947719405936673,T34,A42,A17,7.5,0.7169563794901869,标题:粮食；关键词:粮食；摘要:粮食,0.0759335515956945,-0.0217401464986654,0.94,A17,False,False,False,needs_review,needs_review,high
ZH_0840,考虑储氢物理特性的含氢区域综合能源系统中长期优化运行,"针对储氢系统建模粗糙、氢能利用模式考虑不足等问题,提出了考虑储氢物理特性和氢能多模式利用的区域综合能源系统中长期优化运行方法。首先,考虑储氢系统物理特性,建立了基于范氏方程的高压储氢罐运行模型和考虑动态压缩比的压缩机线性功耗模型。然后,构建了氢能多模式利用架构,以运行成本最小为目标,建立了考虑氢能多模式利用的中长期优化运行方法。最后,通过算例仿真验证了氢能中长期多模式利用对系统运行效益的提升作用以及准确刻画储氢系统物理特性的必要性和有效性。","['综合能源系统', '储氢罐', '氢能', '中长期优化运行']",T40,T16,0.0,0.0021324891522391,,0.1240157669418159,0.0152320653731365,0.482345738067463,T40,A33,A27,7.5,0.380791491992375,标题:综合能源系统；关键词:综合能源系统；摘要:综合能源系统,0.6523710403919826,0.6627963713741073,0.98,A33,False,False,False,needs_review,needs_review,high
ZH_0843,广佛都市圈公路网络通达性及其空间格局,"利用GIS手段,以重力度量模型、网络连通度和最短距离度量模型为基础,构建综合评价指标分析了广佛都市圈17个县区、127个空间节点的公路路网通达性。研究表明:广佛都市圈的公路路网发育较成熟,受自然环境、经济及空间距离等因素的影响,其通达性空间格局呈明显的圈层结构,通达性从都市圈的几何中心向外围递减,且向东—西方向延伸,成走廊态势,南北向的通达性递减趋势明显快于东西向,珠江北岸通达性优于南岸,并对广佛都市圈交通基础设施的规划提出调整建议。","['通达性', '空间格局', '公路网络', '广佛都市圈']",T41,T48,1.0,-0.6394237852184291,摘要:综合评价,0.1099932363086365,-0.0294976255097884,0.4755555555555555,T48,A46,A18,9.5,0.717368951914344,摘要:交通；标题:公路；关键词:公路；摘要:公路；摘要:基础设施,0.4440066673023011,-0.0187932006118279,0.94,A18,False,False,False,needs_review,needs_review,high
ZH_0844,微观主体异质性行为:新经济地理学的最新研究方向——兼评《产业空间分异与我国区域经济协调发展研究》一书,"1990年初,Krugman在《政治经济学期刊》上发表了《规模报酬和经济地理》,由此开辟了新经济地理学的研究。通过对新经济地理学相关文献的回顾,研究表明:由于无法放弃规模报酬不变范式,主流经济学中长期缺乏空间维度。新经济地理学在""冰山运输成本、规模报酬递增以及不完全竞争""框架下研究空间问题,而空间经济学则包括经济学中所有涉及空间问题的研究。新经济地理学在近二十余年内理论和实证研究都有着较大的发展,目前仍有很强的生命力,尤其是在税收、补贴以及劳动力市场等方面,学科发展处于中期。从新经济地理的最新研究发展来看,融入消费者异质性产品、移民以及储蓄等偏好和融入企业异质性的""微观主体的异质性行为""是新经济地理学未来重要的研究方向。整体而言,国内现有新经济地理的边际贡献不足,未来仍然具有较大的发展空间。","['新经济地理学', '微观异质性', '“新”新经济地理']",T48,T06,3.5,0.7101810709816359,标题:空间分异,0.037359952588946,-0.0701352072740292,0.7544444444444445,T06,A39,A15,3.5,0.7245830037395576,标题:区域经济,0.1134935193396931,0.0327357409968404,0.8144444444444445,A39,False,False,False,high,high,high
ZH_0845,一种用于电磁暂态仿真的两电平电压源型换流器解耦模型,"由于电压源型换流器(voltage source converter,VSC)电磁暂态详细模型导纳矩阵时变，因此对含大规模新能源场站的大电网进行仿真时，仿真效率低下。针对这一问题，该文基于半隐式延迟解耦原理，提出一种解耦电路简单、导纳矩阵恒定、可计及换流器内部特性的解耦模型。首先从VSC换流器的状态方程出发，利用矩阵分裂和延迟技术，分别构建直流侧电容接地VSC换流器和直流侧电容不接地VSC换流器的半步时延模型，实现交直流侧的解耦；然后利用VSC上下桥臂纵向换流互斥导通的特点，简化解耦模型参数计算，从而使得系统导纳矩阵恒定，进一步提高计算速度。算例结果表明了所提方法在保持较高精度的同时提升了计算速度。","['半隐式延迟解耦', '电压源型换流器', '电磁暂态仿真', '导纳矩阵恒定', '并行仿真']",T14,T15,6.5,0.7134438151234583,标题:电磁暂态仿真；关键词:电磁暂态仿真,0.0841000615776911,-0.0468298919752972,0.9211111111111112,T15,A32,A30,7.5,0.7181089360222385,标题:换流器；关键词:换流器；摘要:换流器,0.0702445737558908,-0.0135075998411537,0.94,A30,False,False,False,high,high,high
ZH_0848,基于数据驱动的双馈风电场经VSC-HVDC并网次同步振荡影响因素分析,"双馈风电场经柔性直流(VSC-HVDC)并网的振荡数据中蕴含大量信息,这些信息能够反映不确定因素对系统次同步振荡的影响。提出了基于数据驱动的方法分析风速和风电场出口电流波动的不确定因素组合对次同步振荡的影响。首先,对系统振荡数据按风速进行分段,运用基于Nuttall窗插值的FFT识别功率数据中与小信号分析结果相对应的次同步振荡分量并提取幅值。然后,利用高斯混合模型(GMM)聚类算法对因素组合进行聚类,通过三种内部有效性指标评价聚类效果。最后,从次同步振荡分量幅值变化的角度分析了风速/电流波动聚簇对次同步振荡的影响。结果表明:在振荡影响因素组合聚类方面,所提GMM方法相比于K-Means具有更好的聚类效果。当风速/电流波动因素组合属于部分聚簇时,会恶化系统次同步振荡。","['双馈风电场', '柔性直流输电', '次同步振荡', '高斯混合模型', 'Nuttall窗']",T34,T06,1.0,0.7220673066073544,摘要:聚类算法,0.0794253189053954,0.014766475766817,0.6755555555555555,T34,A32,A34,8.5,0.1084785203603777,标题:HVDC；摘要:HVDC；关键词:柔性直流；摘要:柔性直流,0.2527390546505753,0.1698045571959752,0.9793263723964156,A32,False,False,False,medium,medium,high
ZH_0849,中国人才培养急需“双重转型”,"人才是当前国家经济社会发展和创新活动的核心战略性资源,因而人才培养的有效性受到社会各界广泛关注。文章立足于中国经济社会发展新阶段对人才的需求以及未来新科技革命和产业变革的大趋势,提出未来中国在人才培养方面需要考虑的""双重转型"",即人力资本梯度转型和人才培养模式转型。同时,通过借鉴主要发达经济体典型高等院校正在进行的改革新举措,针对以上两种转型要求,提出培育第三级人力资本、利用信息化扩大高等教育内涵以及高等院校结构性改革3个方面结论与建议。","['人才培养', '新科技革命', '产业变革', '高等教育', '人力资本结构']",T23,T20,0.0,0.0021902464619753,,0.1504587707798916,0.015644617585538,0.4824092711081728,T23,A25,A48,11.5,0.6997093231980154,关键词:教育；摘要:教育；标题:人才培养；关键词:人才培养；摘要:人才培养,0.1818219250395311,-0.144933405728461,0.94,A48,False,False,False,needs_review,needs_review,high
ZH_0851,基于智能终端特征信号的配电网台区拓扑识别方法,"针对低压配电网台区拓扑结构混乱、更新不及时的问题,提出了一种基于智能终端特征信号的配电网台区拓扑识别方法。首先利用低压智能终端(LTU)的通信地址关联各级开关子节点,并注入高辨识度的无功补偿特征信号,改变各开关处的无功功率值。配变智能终端(TTU)根据台区拓扑识别策略,对各开关处的无功功率检测结果进行边缘计算,得出台区内开关的各级连接关系,实现低压台区自下而上的就地拓扑结构识别。根据试点台区的实践结果,验证了所提台区拓扑识别方法具有可推广的工程应用价值。","['低压台区', '配电物联网', '智能终端', '特征信号', '拓扑识别', '自下而上']",T34,T42,7.5,0.7704132963517687,标题:拓扑识别；关键词:拓扑识别；摘要:拓扑识别,0.4675985779744754,0.3600949739412054,0.98,T34,A31,A12,12.0,0.7409597850743305,标题:配电网；摘要:配电网；标题:台区；关键词:台区；摘要:台区,0.2228273794961567,0.1497127505309317,0.98,A31,False,False,False,high,high,high
ZH_0853,长江中游城市群综合承载力评价与预测全文替换,"长江中游城市群地处我国中部要位,涵盖31个地级市。对长江中游城市群综合承载力进行研究,可以促进城市群可持续发展和构建各城市产业消费""双循环"",为有关部门提供决策参考。选取经济、资源、环境、基础设施、公共服务、人口和外贸承载力指标构建长江中游城市群综合承载力指标体系,运用全排列多边形图示指标法对其进行综合评价,并基于灰色GM模型对城市群各指标未来五年综合承载状况进行科学预测,最后有针对性地提出提升长江中游城市群综合承载力的政策建议。结果表明:2009—2018年长江中游城市群城市综合承载力呈现""W""型变化;空间上差异明显,呈现出""中心城市高周边低""的格局;预测2019—2023年长江中游城市群城市综合承载力基本保持平稳增长,各城市群子系统承载力发展不尽相同。最后结合预测的结果,认为长江中游城市群的发展要从积极解决不同城市群综合承载力短板、加强不同城市群之间的协同作用从而提高整体城市群的综合承载能力,发挥其带动中部地区扩大内需以及外贸高质量发展的作用。","['城市综合承载力', '全排列多边形图示指标法', '灰色预测', '长江中游城市群', '基础设施', '高质量发展']",T41,T21,2.0,0.7253532473636577,摘要:指标体系；摘要:综合评价,0.1699996069661004,0.0382374811689832,0.731111111111111,T41,A39,A46,7.5,0.3346718144549161,标题:城市群；关键词:城市群；摘要:城市群,0.1183862206910171,-0.0094870396077427,0.94,A18,False,False,False,medium,medium,high
ZH_0856,构建立足区域资源禀赋的西部特色青年科技人才发展机制——以中国科学院院属西部研究所青年科技人才发展现状为例,"发展是第一要务,人才是第一资源。党的十九大提出实施区域协调发展战略,强化举措推进西部大开发形成新格局。囿于历史、环境、人文等因素的影响,东西部经济社会发展水平存在较大差异,西部地区在吸引人才和留住人才方面面临重大挑战,高水平科技人才短板问题成为制约西部地区经济社会可持续发展的瓶颈,严重束缚西部地区的发展步伐。文章以中国科学院院属西部研究所青年科技人才群体为样本,通过问卷调查等方式,调研了西部研究所青年科技人才的发展现状与问题,并分析了各学科/单位青年科技人才的发展差异,在此基础上就立足西部区域资源禀赋、构建西部特色青年科技人才发展机制,提出具体的对策与建议。","['中国科学院院属西部研究所', '青年科技人才发展', '对策与建议']",T20,T29,1.0,0.7328216129154964,摘要:问卷调查,0.2233162416031181,0.0915829493964031,0.6755555555555555,T20,A48,A39,7.5,0.7487748732962316,标题:人才发展；关键词:人才发展；摘要:人才发展,0.2631720439279136,0.2055348092587977,0.98,A48,False,False,False,medium,medium,high
ZH_0858,对我国海洋科学研究战略的认识与思考,"文章通过对海洋研究中的关键问题以及海洋科学发展现状进行剖析,提出了我国在近海、深海、大洋、海洋装备领域的研究重点。建议在未来海洋战略中加强自动化、智能化、无人化的海洋综合感知体系建设,实现海洋信息的有效传递、处理和应用。提出从海洋系统角度开展海洋研究的理念,加强海洋多圈层相互作用研究。通过科学与技术的协同发展,使我国的海洋科学研究更好地服务于国家海洋战略的实施以及对海洋系统的综合管控。","['海洋研究战略', '深海', '大洋', '近海环境', '海洋观测']",T26,T27,0.0,0.0006694175449056,,0.1179918118309204,0.0047815538921834,0.4807363592993962,T26,A51,A28,7.5,-0.0062253998001272,标题:海洋；关键词:海洋；摘要:海洋,0.2382962157779637,-0.0444671414294808,0.8,A28,False,False,False,needs_review,needs_review,high
ZH_0859,改进引力-斥力算法在配电网单线图自动生成中的应用研究,为了解决现有配电网单线图自动生成后需要大量人工调整才能满足实际需要的问题，基于配电网单线图自动生成系统，提出了一种结合改进引力-斥力算法和地理坐标信息的单线图生成方法。采用分块法对布局进行降维，并结合地理坐标信息进一步优化引力-斥力算法。根据地理信息确定主干线，自适应调节节点间自然连接长度，通过父节点与子节点之间的关系限制节点的移动方向，完成配电网馈线单线图的自动生成。通过仿真与优化前结果进行对比分析，验证了该方法的可行性。结果表明，与优化前相比，该方法能生成线长均匀、信息丰富、清晰易读的配电网馈线单线图，满足电网企业对单线图自动成图方法的实时性需求。,"['配电网', '馈线单线图', '引力-斥力算法', '地理坐标信息', '自动生成']",T20,T27,0.0,0.0039498619675987,,0.141890318509943,0.0282132997685625,0.4843448481643586,T20,A31,A20,11.5,0.7265522890420731,标题:配电网；关键词:配电网；摘要:配电网；关键词:馈线；摘要:馈线,0.1796975317670912,0.0468020645862372,0.98,A31,False,False,False,needs_review,needs_review,high
ZH_0861,基于5G组网的智能分布式配电网保护研究与应用,"为解决分布式电源接入下的多源网络问题,以及传统配电网阶段式过流保护在整定配合上的难题,提出配网保护纵联化、广域化解决方案,实现多种运行方式下配网相间短路故障的全线速动。利用5G uRLLC高可靠低时延网络技术,提出了基于5G通信的配电终端自组网、快速对等通信以及组网方案。基于Qo S+DNN+UPF专享的端到端网络组网方式,有效降低了配网保护业务时延,同时保障了数据传输的安全性。该技术路线已于2019年8月在安徽电网完成了国内首次试点应用,实践证明,所提出的方案能有效实现配网故障的精准定位与隔离,显著提升配网供电可靠性,具有较好的实用性和推广价值。","['智能分布式', '配电网保护', '故障隔离', '供电可靠性']",T36,T19,0.0,0.0069970695773653,,0.1309771214725302,0.0499790684097521,0.4876967765351018,T36,A31,A33,8.5,0.7658369970162983,标题:配电网；关键词:配电网；摘要:配电网；摘要:分布式电源,0.4166587235139893,0.3274071215449882,0.98,A31,False,False,False,needs_review,needs_review,high
ZH_0862,新能源经柔直送出系统新型孤岛鲁棒控制,"新能源经柔直孤岛送出系统易受到新能源出力波动和交直流故障的干扰,传统孤岛控制下系统受扰后稳定运行点发生偏移,影响送端换流站交流电压的稳定性,严重时甚至导致系统崩溃。为此,提出一种新型孤岛鲁棒控制:首先建立送端换流站的二阶数学模型,设计三阶线性扩张状态观测器(linear extended state observer,LESO)对系统的扰动进行实时估计并前馈补偿,利用PI控制器实现并网电压的稳定控制。其次,针对所提控制系统进行收敛性及稳定性分析。最后设计故障电流抑制环节,降低故障后模块化多电平换流器(modular multilevel converter,MMC)的过流风险。新型孤岛控制采用前馈加反馈的复合控制策略,在提高鲁棒性的同时简化控制器结构。在PSCAD/EMTDC中搭建新能源孤岛送出的四端柔性直流输电系统,验证所提控制策略的有效性。仿真结果表明:新型孤岛控制在新能源出力变化和系统交直流扰动下具有更优越的暂态响应和恢复响应。","['柔直换流站', '孤岛控制', '线性扩张状态观测器', '稳定性分析', '鲁棒性']",T49,T14,5.0,0.6281501114693941,摘要:控制策略；关键词:稳定性分析；摘要:稳定性分析,0.3919182260607199,0.3725007962099584,0.8977777777777778,T49,A32,A27,6.0,0.6282999002042802,摘要:换流器；摘要:柔性直流；关键词:换流站；摘要:换流站,0.2263161188870162,0.2021421443162867,0.9533333333333334,A32,False,False,False,high,high,high
ZH_0866,电动汽车直流充电桩自动化测试平台的设计与应用,"为了保障充电桩的安全、可靠运行,依据国家相关技术标准,研发并建立了一个多通道的自动化充电设施测试平台。该测试平台改善原来测试平台单线程、人工测试效率低,质量不能保障的问题,以保障快速发展的充电设施能够安全、可靠地投放市场。从需求分析、系统架构、硬件选型、软件设计等方面对充电桩自动化测试平台做了介绍。通过实验验证,测试平台实现了对充电设施基本功能、电气性能、通信规约、互操作性等指标的四通道并行自动化测试。","['电动汽车', '充电设施', '电气性能', '闭环测试', '互操作性', '自动检测']",T47,T32,1.0,0.7167380721856438,摘要:系统架构,0.3484507012277682,-0.023299484388258,0.6155555555555555,T32,A35,A09,11.0,0.7890194609157116,标题:电动汽车；关键词:电动汽车；标题:充电桩；摘要:充电桩,0.6269623099908117,0.4929961493979405,0.98,A35,False,False,False,medium,medium,high
ZH_0868,寻求共同基础 推进交流合作――对美国智库和科学界主要科技政策报告的解读与启示建议,在当前中美科技关系备受关注的情形下，寻求双方共同的基础，推进双方科技交流合作具有重要意义。美国科学界对中美科技关系的观点，反映美国客观、理性的认识，值得关注。文章考察了自2019年以来美国科学界认为有代表性的美国科学界和智库的主要科技政策报告，概括和分析了其主要思想和观点，提出了相应的政策建议。,"['中美关系', '科技交流与合作', '科技政策']",T06,T21,0.0,0.0034507848188765,,0.1763715070864184,0.0246484629919752,0.4837958633007642,T06,A48,A25,12.0,0.7604904843998852,标题:科技政策；关键词:科技政策；摘要:科技政策；标题:智库；摘要:智库,0.4885926193687842,0.2892177457134662,0.98,A48,False,False,False,needs_review,needs_review,high
ZH_0870,武汉城市圈旅游流集聚扩散特征及路径分析,"以武汉城市圈为研究对象,以集聚扩散理论为基础,从旅游系统的空间结构视角构建旅游流动力模型、旅游流强度模型和旅游流集聚扩散指数模型。研究发现:①武汉城市圈内单向旅游流强度值存在较大的差距,双向旅游流强度值不等。②武汉是最大的集聚地和扩散地,黄冈是圈内重要的集聚地和扩散地。③通过旅游流集聚扩散指数构成的二维空间分析,武汉和黄冈属于高集聚高扩散类,鄂州和孝感属于低集聚高扩散类,黄石、仙桃、潜江和天门属于低集聚低扩散类,咸宁属于高集聚低扩散类。④通过聚类分析发现武汉—孝感、鄂州—黄冈是圈内实力最强劲的旅游流发展路径,也是未来旅游流空间结构重点要发展的两条路径。","['旅游流', '集聚与扩散', '路径', '武汉城市圈']",T31,T48,0.0,0.0008719470168908,,0.1059373931678618,0.0062281929777921,0.4809591417185799,T31,A45,A39,15.0,0.7356496901408318,标题:旅游；关键词:旅游；摘要:旅游；标题:旅游流；关键词:旅游流；摘要:旅游流,0.2082413592371223,0.1117835010059413,0.98,A45,False,False,False,needs_review,needs_review,high
ZH_0873,中国入境旅游业对危机事件响应的区域差异研究,"危机事件给入境旅游业带来负面影响,准确分析各种危机事件对我国不同区域的影响差异具有现实意义。通过时间序列法和变异系数进行分析,结果表明,在区域灾害高发期或者灾害发生年,特定时段入境旅游流占区域全年比例往往低于同期全国相应水平,对生命安全造成威胁、引起交通中断的灾害对区域入境旅游流影响较严重。我国东部地区入境旅游业对危机事件反应较为缓和,抗御危机事件能力较强且恢复速度快;西北部干旱地区以及西藏、海南入境旅游业对危机事件反应较为敏感,抗御危机事件能力较弱且恢复速度慢。北京、上海入境旅游业一直走在全国前列,但是易受危机事件干扰。政治与疾病事件对入境旅游业与国内旅游业均造成严重打击,同时多种危机事件叠加也会对入境旅游业造成较大影响,与国内旅游业相比入境旅游业对危机事件反应更为敏感。","['入境旅游业', '危机事件', '极端天气和气候事件', '低谷期', '变异系数']",T18,T25,0.0,0.0031563448645642,,0.1789248518922744,0.0225453204611735,0.4834719793510206,T18,A45,A39,8.5,0.4387906950257871,标题:旅游；关键词:旅游；摘要:旅游；摘要:旅游流,0.1987161339355118,0.1090091661505807,0.98,A45,False,False,False,needs_review,needs_review,high
ZH_0876,旅游目的地记忆图谱市场细分法构建,"旅游目的地市场细分方法改进是意义巨大的基础性工作。旅游体验记忆具有多元性的特点,与旅游市场多元化演进趋势密切关联,基于旅游目的地体验记忆细分市场,十分贴近旅游市场的真切状态。提炼旅游体验记忆要素,构建旅游体验记忆模型,计算旅游体验记忆要素的权重,使用基于复杂网络的图谱分析得到旅游市场细分结果,这套方法可称为""记忆图谱市场细分法""。以凤凰古城为案例地应用研究,结果表明:旅游体验记忆作为市场细分的描述变量合适,旅游体验记忆模型的构建科学可行,图谱构建实现旅游目的地市场细分效果理想。记忆图谱市场细分法克服了传统方法的描述变量概念化、结果属性模糊化和结果类型模式化的问题。","['旅游', '记忆图谱', '旅游体验记忆', '旅游市场细分', '凤凰古城']",T43,T02,1.0,0.7318986777520554,摘要:复杂网络,0.1717100213433221,0.0849905553718237,0.6755555555555555,T43,A45,A36,7.5,0.7862855092971519,标题:旅游；关键词:旅游；摘要:旅游,0.5602521365152175,0.473467923551086,0.98,A45,False,False,False,medium,medium,high
ZH_0877,我国LED产业发展的制约因素与对策分析——基于产业集群网络范式的解读,"在后金融危机时代,以绿色生态照明为标志的LED等战略性新兴产业的发展是如日中天。LED在国内也正快速发展,其广泛应用体现了节能、节电和低碳经济的可持续发展。一定意义上,LED普及,就是绿色经济、低碳经济理念的普及。试图以产业集群网络范式的视角对我国LED产业的发展状况、制约因素加以剖析,并提出相应的对策建议。","['产业集群', '发展状况', '制约因素', '网络范式']",T13,T12,0.0,0.0008957831675231,,0.0954271468353697,0.0063984511965942,0.4809853614842754,T13,A43,A50,7.5,0.6713086182934787,标题:产业集群；关键词:产业集群；摘要:产业集群,0.3678161286473569,0.3379187020962754,0.98,A43,False,False,False,needs_review,needs_review,high
ZH_0880,从关键指标看我国世界科技强国建设――基于《国家创新指数报告》的分析,"党的十九大报告开启了我国迈向世界科技强国的新征程。文章从科技指标研究的视角,梳理我国面向科技强国建设还存在的短板和发展潜力,指出我国科技创新发展近期需要着力提升全社会研发经费投入,特别是企业研发投入的强度,提高国家高等教育人才培养水平,加强国际专利申请水平。中长期看,要面向科技强国建设的战略需求,强化科技人力投入和科研产出质量效率,提高劳动生产率和能源产出率,从而实现从科技强到国家强的发展目标。","['科技强国', '关键指标', '科技创新', '发展短板']",T20,T07,0.0,0.0037256607030777,,0.1090746908236059,0.0266118621648408,0.4840982267733855,T20,A40,A25,4.0,0.3826230647474561,关键词:科技创新；摘要:科技创新,0.168404601216421,0.161593319624687,0.8422222222222222,A40,False,False,False,needs_review,needs_review,high
ZH_0881,基于稀疏电压幅值量测的配电网故障测距,"目前的配网故障测距算法大多依靠短路迭代计算或模拟大量故障选取最匹配的故障点来实现测距功能,该类方法计算繁琐,且容易得到伪故障点,为此提出了一种基于稀疏电压幅值量测的配网故障测距方法:将故障点的正序注入电流等效为故障区域两端节点的虚拟注入电流;利用支路追加法推导了节点阻抗矩阵所含特性,证明了将节点电压方程元素取幅值的可行性,以及测点分布需要满足的条件;利用压缩感知理论求解欠定的节点电压方程,定位故障区域;求取故障区域两端节点电压和等效阻抗,实现故障测距。文中方法对测量数据无严格同步要求,所需采样频率为4 k Hz,所需故障后数据时间窗长较短(故障后25 ms)。基于33节点的多电源配电系统的仿真数据表明,文中方法仅需7个测点,即可有效定位故障区域并实现故障测距,且受故障类型、过渡电阻、负荷变化影响较小,具有一定的抗噪声能力。","['配电系统', '故障测距', '压缩感知', '节点阻抗矩阵', '电压幅值']",T36,T11,7.5,0.7677462957964699,标题:故障测距；关键词:故障测距；摘要:故障测距,0.4865033608401989,0.341044969974785,0.98,T36,A31,A10,7.5,0.7294775724111978,标题:配电网；关键词:配电系统；摘要:配电系统,0.1560855025846399,0.0676969457942701,0.98,A31,False,False,False,high,high,high
ZH_0882,基于自适应ε-支配多目标粒子群算法的含SOP的主动配电网源–网–荷–储双层协同规划模型,"提出了一种含智能软开关(soft open point,SOP)的主动配电网源–网–荷–储双层协同规划模型，以模拟实际工况并实现更加精细的规划。上层规划层，考虑了线路升级改造、储能(energystoragesystem,ESS)及分布式电源(distributed generation,DG)的选址定容；下层运行层，不仅考虑了典型日下变压器分接头调整、补偿电容(capacitor banks,CB)投切、需求侧响应(demandresponse,DR)、DG与ESS的调度，还基于三端SOP接入配电网的拓扑结构及数学模型，建立了运行层精细化的有功–无功协调优化模型，可对SOP所连支路间有功和无功功率进行连续调控，同时提供一定的无功支撑。上层采用改进二阶振荡粒子群算法求解，下层采用保留端点的自适应ε-支配多目标粒子群算法求解。最后用改进的IEEE33节点系统，对此双层优化模型进行了仿真和分析。结果表明，所提方法相较传统的规划调度方法，明显改善了潮流分布，降低了网损，减小了节点电压偏移量。","['主动配电网', '智能软开关', '源–网–荷–储协同规划', 'ε-支配', '多目标优化算法']",T37,T13,3.0,0.489521529030434,关键词:多目标优化,0.232577680033993,0.0680109216459572,0.7866666666666666,T37,A31,A37,8.5,0.6603312878018623,标题:配电网；关键词:配电网；摘要:配电网；摘要:分布式电源,0.2352195450258748,0.1788369296771678,0.98,A31,False,False,False,high,high,high
ZH_0883,含大规模风电并网电力系统的关键线路综合辨识,"风电的并网会给电力系统的稳定性带来影响,也会影响电力系统中关键线路的辨识。针对风电出力的不确定性,采用风电出力误差概率分布离散化的方法进行多场景的构建,充分考虑风电的接入对电力系统的影响。线路的过载是引发电力系统线路故障的重要原因,以线路负载率作为研究对象对潮流熵进行改进。在此基础上结合线路潮流介数,提出综合潮流指标对线路的重要程度进行排序,从而辨识出电力系统的关键线路。最后对IEEE39节点系统的关键线路辨识进行仿真计算,验证了所提方法的有效性及合理性。","['风电并网', '关键线路辨识', '改进潮流熵', '加权潮流介数', '综合潮流指标']",T40,T39,0.0,0.0142448036185887,,0.2479316427626059,0.1017485972756343,0.4956692839804477,T40,A34,A05,7.5,0.7121711774060685,标题:风电；关键词:风电；摘要:风电,0.1081948679254856,-0.0559201613852245,0.94,A05,False,False,False,needs_review,needs_review,high
ZH_0888,水资源约束下的干旱内陆河流域城市适度规模研究,"以典型的干旱内陆河流域城市武威市凉州区为例,对水资源承载力、城市适度规模的内涵进行阐述,基于水资源承载能力建立城市适度规模计算模型,构建了城市适度规模与实际人口的距离协调度评价模型,并给出评价区间标准;对水资源约束下的城市适度规模进行预测分析,结果表明:凉州区的地表径流量相比1950年代下降程度显著;2000—2009年凉州区水资源处于超载状态,超载类型为水质和水量结合型,超载度年均增长率5.11%,城市适度规模与实际人口的距离协调度处于濒临失调衰退黄灯区向轻度失调双黄灯警区过渡阶段;未来20年水资源超载度年均增长率3.15%,虽然超载速度减缓,但是可利用水量远不能满足日益增长的城市需水量,城市适度规模与实际人口的距离协调度将进入轻度失调双黄灯警区。","['水资源承载力', '城市适度规模', '三要素模型', '规模预测', '石羊河流域']",T44,T20,0.0,0.0023663612775104,,0.102351073793202,0.0169025805536461,0.4826029974052615,T44,A51,A47,7.5,0.7248209926825011,标题:水资源；关键词:水资源；摘要:水资源,0.1198568714524879,0.034435662017865,0.98,A51,False,False,False,needs_review,needs_review,high
ZH_0893,武汉城市圈科技金融效率时空特征与趋同演化分析,"重视创新风险引发的投资损失,是提高科技金融服务质量的关键。武汉城市圈作为中部崛起战略高地以及首个科技金融改革创新试验区,在科技强区建设、金融体系升级、高技术产业发展已取得显著成效。结合Undesirable-SBM模型、标准差椭圆和空间马尔可夫链,对武汉城市圈9座城市2010—2019年面板数据进行实证研究,剖析武汉城市圈科技金融效率空间格局、时空演变及趋同演化。结果表明:(1)研究期内,考虑非期望产出的科技金融效率均低于未考虑非期望产出,表明忽略创新风险会高估科技金融效率水平;(2)武汉城市圈科技金融效率均以武汉城市为重心且未发生迁移,城市科技金融效率""西北—东南""分布格局较为稳定,标准差椭圆范围逐渐扩张;(3)城市科技金融效率偏向上转移,演变路径受原有状态影响较大,且较难实现跨越式升迁;(4)考虑空间滞后项的空间马尔可夫链结果显示,邻域类型对城市科技金融效率状态转移影响显著,空间分布上具有较强的近邻效应,即转移方向与邻近城市类型基本保持一致,呈现""高高趋同,低低趋同,高拉动低,低抑制高""的空间演化特征。","['创新风险', '科技金融', '趋同演化', '空间马尔可夫链', '金融服务体系', '武汉城市圈']",T42,T48,1.0,0.0049500874817395,摘要:面板数据,0.0950339452468894,0.0353577677267109,0.4810006517854689,T31,A50,A40,8.5,0.713575764539768,标题:金融；关键词:金融；摘要:金融；摘要:投资,0.0751421599126294,-0.0458873961445138,0.94,A40,False,False,False,needs_review,needs_review,high
ZH_0896,基于小波变换的配电变压器差动保护相位补偿方法,"为降低配电变压器故障引起的财产安全损失，提升电力系统运行稳定性，提出了基于小波变换的配电变压器差动保护相位补偿方法。首先，通过计算线模行波电流波动及其梯度绝对值大小，判断配电变压器有无故障,即创建保护启动判据。然后，依据等效线模行波差动电流的能量比确定故障区域，并计算小波变换故障区域的初始模量反向行波差动电流，以获得小波变换模极大值。最后，通过构建故障选极判据获取故障类型，计算故障状态下配电变压器空载合闸时的励磁电流，判断励磁涌流和内部故障电流的变化，并结合保护输出信号的开启和关闭，实现配电变压器的差动保护相位补偿。仿真实验表明，该方法可对区内故障进行有效鉴别，具有很强的可靠性及有效性。负载工况下，该方法相位补偿后电压电流的相位差一致，具有更好的稳定性。","['配电变压器', '小波变换', '相位补偿方法', '故障选极', '负载工况', '励磁涌流']",T36,T15,0.0,0.0144418248441376,,0.2058622618109993,0.1031558917438403,0.4958860073285514,T36,A37,A28,7.5,0.7432149777285446,标题:变压器；关键词:变压器；摘要:变压器,0.2319660231753287,0.1658212694896046,0.98,A37,False,False,False,needs_review,needs_review,high
ZH_0897,电力系统变流器构网控制技术的现状与发展趋势,"随着新能源和电力电子设备的渗透率增加,电力系统有着惯性减小、系统强度变弱的趋势,稳定性问题愈发严重。构网(grid-forming,GFM)控制技术可以提高变流器的电压、频率支撑能力,增强电力系统稳定性。对构网控制的现状与发展趋势进行了综述。首先,比较了构网控制技术与跟网型(grid-following,GFL)控制技术的差异,介绍了4类构网控制策略。然后,分析了构网控制技术在电力系统中的作用,介绍了具体的应用场景。最后,指出了该技术仍面临的挑战及可能的解决思路。","['变流器', '跟网型(GFL)控制', '构网型(GFM)控制', '电力系统稳定', '下垂控制', '虚拟同步发电机', '虚拟惯量']",T49,T06,4.0,0.6029744448395344,摘要:控制策略；关键词:下垂控制,0.5086121101742017,0.4498174631395318,0.8422222222222222,T49,A38,A20,13.5,0.7832341050670949,关键词:构网型；关键词:下垂控制；标题:变流器；关键词:变流器；摘要:变流器,0.6014549755782118,0.4516721790506777,0.98,A38,False,False,False,high,high,high
ZH_0902,长三角区域港口物流服务外包业务模式与发展途径研究,"港口物流业对长三角区域经济增长的贡献以及社会就业岗位的创造等具有显著的带动作用。为探索如何加快构筑与国际港口都市圈相适应的物流外包服务体系,运用""DRCO-钻石""模型,围绕长三角区域各港口城市经济发展中所关心的港口物流供应链中的服务外包业务进行了较为深入的分析与研究,提出了适合长三角区域发展的港口物流服务外包的主要业务运作模式,对推动长三角区域港口物流服务外包业迅速发展、扩大现代服务业对外开放、扩大社会就业、推动长三角区域港口物流业转型升级、促进区域经济包容性增长等具有积极的影响和现实意义。","['港口物流', '服务外包', '长三角']",T06,T31,0.0,0.0008944920427836,,0.0697840675355923,0.006389228877026,0.4809839412470619,T06,A39,A46,8.5,-0.2810460158637868,摘要:区域经济；标题:长三角；关键词:长三角；摘要:长三角,0.3085080453191606,0.2210998866872361,0.8600000000000001,A39,False,False,False,needs_review,needs_review,high
ZH_0905,吉林省区域经济增长的趋同性研究,"区域经济增长是一个复杂系统内部各种因素相互作用的结果,如何解释经济增长及各地区经济发展水平间的差距,一直是经济增长理论研究的热点问题。文章以新古典增长理论和新增长理论为基础,以萨拉—伊—马丁趋同检验模型为依据,对吉林省区域经济增长的趋同性进行研究。结果表明:1985—1992年和2001—2008年吉林省经济增长存在δ—趋同现象;2000年后出现较弱的绝对β—趋同现象;1985—2008年存在条件β—趋同现象。","['区域经济增长', '趋同', 'β—趋同', 'δ—趋同', '吉林省']",T20,T29,0.0,0.0014144420306107,,0.0661906409115069,0.0101031573615053,0.4815558862336718,T20,A39,A27,7.5,0.7555217226800082,标题:区域经济；关键词:区域经济；摘要:区域经济,0.2989349267437526,0.2537265905714872,0.98,A39,False,False,False,needs_review,needs_review,high
ZH_0906,基于负荷均衡加载的电力系统分布式经济调度策略,在构建以新能源为主题的新型电力系统背景下，电网面临以电动汽车为代表的电气化交通负荷剧增的巨大挑战。针对上述问题提出一种负荷均衡优化模型，将负荷均衡后的集群电动汽车依次并入电网。然后应用多智能体一致性算法，以发电机组的增量成本和集群电动汽车的增量效益作为一致性变量，设计一种集群电动汽车参与电力系统经济调度的算法，通过分布式优化方式解决经济调度问题。建立4种典型的仿真情景，分别验证集群电动汽车分步参与电力系统分布式优化调度的有效性、对不同通信拓扑和功率受约束情况的适用性以及分布式优化算法在集群电动汽车参与经济调度时“即插即用”的能力。在IEEE 39节点系统上进行算例仿真，验证了策略的有效性。,"['负荷均衡', '集群电动汽车', '分布式优化', '经济调度']",T37,T40,1.0,0.7269714683137534,摘要:优化调度,0.1789247912652314,0.0497962022410957,0.6755555555555555,T37,A35,A46,4.0,0.5908579755549068,关键词:电动汽车；摘要:电动汽车,0.4038698418296795,0.3632712539636207,0.8422222222222222,A35,False,False,False,medium,medium,high
ZH_0907,广东省城市创新发展水平及其网络结构演化,"创新是知识经济时代区域与城市发展的重要驱动力,合理、协调的创新网络结构可以在一定程度上提升区域创新发展质量。基于广东省域,珠三角、粤东、粤西、粤北四大地区,以及地级市等不同尺度,运用多指标综合评价、重心分析、空间相互作用模型、社会网络分析等方法,结合增长率、基尼系数等定量指标,对2000—2018年广东省城市创新发展水平、城市创新联系强度、网络结构及其演化特征进行实证研究,结果表明:(1)广东省域城市创新发展水平的涓滴效应存在空间近邻效应,省域内城市创新发展水平在空间上呈现""双核心""结构;(2)省域尺度下的城市创新发展水平呈现异质性,非均衡发展特征不断固化,表现出""强者恒强,弱者恒弱""的马太效应;(3)省域内城市创新联系轴线多等级结构突出,珠三角地区逐步演变为全省创新联系网络的核心地区;(4)省域城市创新网络呈现明显的""圈层式""结构,创新网络致密性持续增强。","['创新网络', '空间联系', '网络结构', '社会网络分析', '圈层结构']",T43,T41,8.0,0.7018265710580309,关键词:社会网络分析；摘要:社会网络分析；关键词:创新网络；摘要:创新网络,0.65219620317582,0.5130469361287924,0.98,T43,A40,A39,4.0,0.553260111822079,关键词:创新网络；摘要:创新网络,0.281819892666168,0.0947150844434221,0.8422222222222222,A40,False,False,False,high,high,high
ZH_0908,京津冀地区粮食产量变化及其作物结构分析,"基于京津冀地区及所辖的162个县域的粮食产量数据和主要粮食作物的产量数据,综合运用重心迁移模型和对数平均迪氏分解模型揭示1990—2010年间粮食产量的变化特征及其主导因素。结果表明:1京津冀地区粮食产量增加了521.09万t,玉米和小麦的增产效应明显。2粮食产量重心与粮食播种面积重心呈现""南进西移""的态势,粮食单产对粮食产量的正向促进作用显著。小麦单产的正向效应最显著,玉米次之,大豆和其他作物的单产效应较低;玉米播种面积的正向效应最显著,其他作物播种面积的负向效应明显。玉米播种面积的显著扩大与小麦单产、玉米单产的快速提升是研究期内京津冀地区粮食总产量增加的主要因素。3稻谷、小麦、玉米和大豆的播种面积与单产效应存在明显的空间差异:小麦播种面积和小麦单产的协同增长使冀中南平原区的小麦生产优势凸显;玉米播种面积和玉米单产的显著增长使海河冲积平原区和太行山山前平原区的粮食产量明显增加。","['粮食生产', '播种面积', '粮食单产', 'LMDI模型', '京津冀地区']",T44,T07,1.0,0.718871729175993,摘要:重心迁移,0.0554149206278589,-0.0080590773143352,0.6155555555555555,T07,A42,A39,7.5,-0.0029659212524054,标题:粮食；关键词:粮食；摘要:粮食,0.0965126535099417,-0.021185151802896,0.8,A39,False,False,False,medium,medium,high
ZH_0910,我国农业保险空间格局动态演变及收敛研究,"基于2008—2019年我国30个省域间的农业保险相关数据,通过信息量权重法刻画我国农业保险综合发展指数,运用Kernel密度估计和Markov链等分析方法从不同维度对我国农业保险发展的时空格局进行探索。结果显示,我国农业保险的综合发展水平呈逐年上升的趋势,但是东部、中部、西部发展的整体差异较大,长期则趋于稳态收敛发展。最后,引用空间计量模型,运用GeoDa软件进行β收敛分析,验证了我国农业保险发展存在显著的空间收敛,且空间误差模型SEM是最适合研究农业保险收敛性的模型。基于上述研究,政府应优化农业保险差异发展策略,完善制度供给,保险企业则应提高产品创新技能,提升风险管理能力,以促进区域农业保险均衡发展,从而形成稳定的农业保险市场。","['农业保险', '空间计量', '收敛性研究', '保费收入', '农民收入', '保险产品创新', '风险管理能力']",T13,T48,1.0,-0.5309892162333754,摘要:SEM,0.0132747546586018,-0.1193107281975792,0.4755555555555555,T28,A42,A24,7.5,0.7254651015763709,标题:农业；关键词:农业；摘要:农业,0.1142810938424698,0.0390364398312207,0.98,A42,False,False,False,needs_review,needs_review,high
ZH_0914,北亚热带山地生物多样性的长期监测研究及生态建设,"长期生态学监测和研究揭示了北亚热带森林生物多样性和生态系统的结构功能及维持机制,阐明了干扰对生物多样性和生态系统的影响过程;凝练出神农架自然遗产的全球突出价值,构建的""廊道-踏脚石-关键栖息地""保护体系提升了自然保护地的生态系统原真性和完整性;提出了重点生态功能区生物多样性保护和生态恢复的关键技术体系及应用模式。长期生态学研究为我国亚热带山地森林生态系统研究和生物多样性保护、生态建设和经济社会可持续发展提供基础理论和技术支撑。","['神农架国家公园', '三峡库区', '世界自然遗产', '物种共存', '森林生态系统']",T29,T11,0.0,0.019906806905474,,0.2495329266620936,0.1421914778962432,0.5018974875960214,T29,A12,A44,4.5,0.7769825632084266,标题:生物多样性；摘要:生物多样性,0.5675618632929449,0.4070183086316186,0.8699999999999999,A12,False,False,False,needs_review,needs_review,high
ZH_0915,环首都流通圈物流供应链节点空间布局优化,"在市场机制自发调节下发挥政府规制的影响力,整合京津冀地区物流配送资源,构建基于""一核""消费市场为导向、""双层+多中心""物流配送节点建设为重点、京津冀地区交通网络为依托的环首都流通圈鲜活农产品物流供应链系统。运用CLRIP集成优化方法对环首都流通圈物流供应链的配送中心选址、配送路径、库存控制进行协调优化,建立供应链物流节点空间布局优化模型。参考赢商大数据,以北京市六环内27个商圈为客户点,以北京市六环附近已建配送中心及拟建配送中心为备选配送中心点,验证优化模型的可行性和实用性,为环首都流通圈物流供应链的配送中心提供最优空间位置布局、配送路径和库存水平点,在成本可控下实现最优选址—路径—库存,形成多个""组团式""的供应链物流节点空间布局。","['环首都流通圈', '物流供应链', '物流节点', '选址—路径—库存问题', '禁忌搜索算法']",T28,T13,0.0,0.0015329689515178,,0.1202162504918456,0.0109497782251272,0.4816862658466695,T28,A46,A39,8.5,0.6347037807111658,摘要:交通；标题:物流；关键词:物流；摘要:物流,0.1348319220643105,-0.004216692399235,0.94,A39,False,False,False,needs_review,needs_review,high
ZH_0919,2050中国:全面建成世界科技创新强国,"习近平总书记在党的十九大报告中提出的到21世纪中叶把我国建成富强民主文明和谐美丽的社会主义现代化强国的宏伟蓝图与战略规划,开启了我国全面建设世界强国的新时代。世界科技创新强国作为社会主义现代化强国建设的重要组成部分,其战略目标的实现与发展道路选择无疑成为我国当前科技工作以及创新驱动发展战略实施的重中之重。文章从社会主义现代化强国建设的大背景出发,通过回顾我国科技发展历程与战略路径选择,从人才、科技、经济、产业相结合的多重视角,前瞻性地讨论了2050年中国建成世界科技创新强国的政策与路径选择,提出了中国特色制度优势是实现2050年世界科技创新强国的最大保障。","['世界科技创新强国', '社会主义现代化强国', '创新驱动']",T07,T08,0.0,0.0058387417932518,,0.1061513451063084,0.0417052985232272,0.486422615972577,T07,A40,A14,7.5,0.736224071405012,标题:科技创新；关键词:科技创新；摘要:科技创新,0.170393002383063,0.1158862243215142,0.98,A40,False,False,False,needs_review,needs_review,high
ZH_0921,基于VMD-ISSA-KELM的短期光伏发电功率预测,"针对光伏发电功率存在随机性和波动性较强、预测精度较低的问题，提出了一种基于变分模态分解(variationalmodedecomposition, VMD)和改进松鼠觅食算法优化核极限学习机(improvedsquirrelsearchalgorithm optimization kernel extreme learning machine, ISSA-KELM)的预测模型。首先，利用高斯混合模型(Gaussian mixture model, GMM)将光伏发电功率数据进行聚类，得到不同天气类型下的相似日样本。其次，利用VMD对原始光伏发电功率序列进行平稳化处理，得到若干个规律性较强的子序列。然后，对不同子序列构建KELM预测模型，并使用ISSA优化KELM的核参数和正则化系数。最后，将不同子序列的预测值进行重构，得到最终预测结果。结合实际算例，结果表明：所提出的VMD-ISSA-KELM模型在不同天气条件下均能得到满意的预测精度，且明显优于其他模型，验证了其有效性和优越性。","['光伏发电', '短期功率预测', '相似日', '高斯混合模型', '变分模态分解', '改进松鼠觅食算法', '核极限学习机']",T35,T02,6.5,0.2845473742227261,标题:功率预测；关键词:功率预测,0.1343736672012803,0.0544592664260665,0.98,T35,A34,A22,7.5,0.714419797865369,标题:光伏；关键词:光伏；摘要:光伏,0.0282148566815171,-0.0398585866759358,0.94,A22,False,False,False,high,high,high
ZH_0922,撤县(市)设区对城市公共服务配置和空间布局的影响与作用机理,"撤县(市)设区作为中心城区拓展发展空间、优化整合资源的重要手段,对城市公共服务资源供需调配和空间重组带来的明显的影响。以杭州市为例,定量测度撤县(市)设区前后杭州公共服务水平时空变化特征以及公共服务设施的空间分布格局,并探讨这一区划调整影响城市公共服务供给和配置变化的作用机理。研究发现:撤县(市)设区对新设区的公共服务水平提升有一定的促进作用,但新老城区之间的公共服务差距仍然存在。公共服务设施建设具有滞后性,在城市规划的指导下现已由城市中心向外围等级扩散,且在新设区内已初步呈现集聚点。基于领域重构理论,城市规划修编、地方自主权变化及辖区功能转变等均会对城市公共服务资源供需产生影响,且这一机制在重点分析了撤县(市)设区的正向促进效应以后,更是为各个因素在影响城市公共服务变化时的作用效力提供解释。","['撤县(市)设区', '行政区划调整', '城市公共服务', '教育与医疗', '公共服务均等化', '杭州']",T31,T48,0.0,0.0170997060486716,,0.2170093064320283,0.1221407574905119,0.4988096766535388,T31,A47,A25,7.5,0.4774061866563785,标题:公共服务；关键词:公共服务；摘要:公共服务,0.3233553679861797,0.3243299046884184,0.98,A47,False,False,False,needs_review,needs_review,high
ZH_0925,中国粮食生产区域差异的多尺度分析,"文章运用标准差指数、变差系数、空间自相关等分析方法对中国粮食生产的区域差异及其空间格局进行了多尺度分析。研究表明:12001—2011年间中国粮食生产的区域差异在不同尺度上均呈现出总体扩大的趋势,但是各尺度差异扩大的程度不同,依次为地带、地级、省级。中国粮食生产在省级与地级尺度上均呈现出空间集聚特征,并且尺度越小,空间集聚特征表现得越强。2省级与地级尺度空间关联类型均以正相关为主,各空间关联类型在数量分布上差异明显,分布格局上也略有不同。省级与地级尺度热、冷点地区在空间格局上同样存在着局部差异。3大尺度的分析无法详尽地反映小尺度的空间格局,与大尺度相比,小尺度在空间分析上能更详尽地揭示我国粮食生产区域差异的空间格局。","['粮食生产', '区域差异', '多尺度', '中国']",T48,T30,2.0,0.7434945114831413,摘要:空间自相关；摘要:空间格局,0.2284264578458064,0.1678179391652955,0.731111111111111,T48,A42,A39,7.5,-0.011730719471397,标题:粮食；关键词:粮食；摘要:粮食,0.0613051829073326,-0.0837908533671212,0.8,A39,False,False,False,medium,medium,high
ZH_0930,北京居民出行行为分析:时间价值和交通需求弹性估算,"基于2010年北京市居民工作出行调研数据和随机参数Logit模型,从微观层面实证分析了影响北京市居民选择出行方式的个人/家庭、交通通达度以及出行(方式)的相关特征等各类因素,并在此基础上着重研究了出行方式的时间价值、时间弹性和价格弹性,为交通政策的评估与建议提供实证资料。实证分析发现,人们对公交、地铁的车内时间价值表现出较高的敏感度,因此节约公交出行时间的交通政策(如建设快速公交、增加地铁的线路和班次等)可能会更有效地调节人们选择公交出行的方式。同时也发现降低公交/地铁的价格可能不足以有效吸引北京开车出行人群转用公交。发展快速公交可能比""低价公交""政策能更有效地吸引人们转用公交地铁等交通工具。","['出行行为', '随机参数Logit模型', '时间价值', '价格弹性', '时间弹性', '北京']",T21,T25,0.0,0.0196805236903895,,0.2972387212102804,0.1405751692170682,0.5016485760594285,T21,A46,A30,4.5,0.7028856623327843,标题:交通；摘要:交通,0.0238563853401086,-0.1222452690515403,0.8099999999999999,A30,False,False,False,needs_review,needs_review,high
ZH_0934,京津冀区域经济发展与资源环境的脱钩状态及驱动因素,"经济发展与资源环境脱钩是判断区域可持续发展的重要表征,也是评价资源环境问题是否有效缓解的标准。文章结合MFA方法和Tapio脱钩模型全面分析2007—2016年京津冀资源环境问题的动态发展,进而引用结构分解分析(SDA)深入研究其脱钩发生变化的驱动因素和关键路径,为京津冀有的放矢地制定环境治理政策提供建议。结果表明:京津冀区域在实施京津冀协同发展战略后,节能减排领域均逐步达到强脱钩状态,且产业转移升级对河北省脱钩有明显促进作用。为促进京津冀进一步实现强脱钩,北京需关注化石能源的减量化,津冀需关注建筑矿物的减量化,工业固体废弃物的减排是京津冀共同面临的困境;此外,技术效应对实现脱钩的影响度日益加大,京津冀需要加大技术共享。","['经济增长', '资源环境', '脱钩状态', '结构分解分析(SDA)', '节能减排', '绿色发展', '京津冀']",T13,T19,1.0,0.6834831456449691,摘要:表征,0.0224049743487032,-0.2608346739645057,0.6155555555555555,T19,A39,A44,11.0,0.4612707597434296,标题:区域经济；标题:京津冀；关键词:京津冀；摘要:京津冀,0.287212484797366,0.022063868297225,0.98,A39,False,False,False,medium,medium,high
ZH_0935,现代性拓殖与地方响应：少数民族盐业旅游社区的发展实践,"全球化背景下,现代性以不可阻挡之势向边缘民族地区拓殖的同时,地方也不断作出响应,二者的互动塑造和影响着地方社会的深刻变迁。文章以西藏芒康县盐井地区为案例,运用深度访谈、观察等方法收集资料,分析现代性向边缘民族地区拓殖的路径、地方响应及其对地方社会的影响。研究发现:①现代性通过以机械化生产技术为代表的""硬现代性""和以旅游发展为代表的""软现代性""两条路径向边缘少数民族社区拓殖。②民族社区在这一过程中并非只是被动卷入,而是根据其现实需求、价值观念及地方知识的内在合理性等采取接受、调适、创造与抵制等多种应对策略。③现代性与地方的多元互动引发了传统与现代的边界重塑,地方社会中人地关系的疏离、回归与转变,以及社会关系与交往逻辑的打破与重构。文章关注现代性对少数民族旅游社区发展实践的具体影响,是对现代性理论的综合性微观实证探索,有助于加深对现代性与地方的互动关系以及旅游社会影响的再认识。","['硬现代性', '软现代性', '地方响应', '盐业旅游社区', '芒康盐井', '藏族', '人地关系', '社区参与']",T20,T03,1.0,0.7045571278251199,摘要:访谈,0.0422886934150506,-0.110306229820572,0.6155555555555555,T03,A45,A07,7.5,0.7167867845216989,标题:旅游；关键词:旅游；摘要:旅游,0.1022595638880033,-0.0229515391307226,0.94,A07,False,False,False,medium,medium,high
ZH_0936,基于广义多能流模型的综合能源系统多阶段规划,"综合能源系统打破了不同能源子系统之间的壁垒，提高了供能可靠性和能源利用效率。在工程中，综合能源系统规划周期较长，并以单阶段规划方法为主。但该方法易造成规划前期设备利用效率不高、规划后期设备容量不足与供能可靠性下降等问题。针对单阶段规划方法的不足，提出了一种基于广义多能流模型的综合能源系统多阶段规划方法。首先建立了广义多能流(multi-energy flow,MEF)模型；其次以全生命周期成本最小为目标、以广义多能流网络方程为约束，建立了综合能源系统多阶段规划模型，采用混合整数线性规划算法对其进行求解，从而得到各规划阶段的设备和线路配置方案；最后，以华北某待建园区综合能源系统为例进行了仿真分析，验证了多阶段规划的有效性和经济性。","['综合能源系统', '多能流', '多阶段规划']",T37,T32,1.0,0.0415779228175438,摘要:混合整数,0.3685115452335642,0.2969851629824553,0.5812912706548536,T37,A33,A31,7.5,0.7725215434320052,标题:综合能源系统；关键词:综合能源系统；摘要:综合能源系统,0.6105929690245847,0.3751538816571803,0.98,A33,False,False,False,needs_review,needs_review,high
ZH_0938,基于农户层面的耕地经济产出价值研究,"在采用收益还原法对研究区农户水田、旱地样本经济产出价值进行核算的基础上,运用相关分析和C-D生产函数考查农户行为对耕地经济产出价值的影响作用情况,并根据行为动机理论构建农户行为对耕地经济产出价值的影响机理。结果表明:农户水田、旱地样本地均经济产出价值之间存在较大波动,且水田样本价值普遍高于旱地样本;水田、旱地样本经济产出价值在不同程度上受到农户作物种植制度行为、生产投入行为的影响制约,需通过农户行为调整来进一步提升耕地经济产出价值;农户自身需要、农户家庭自身拥有的资源、以及国家或区域层次上的宏观因素等内外部因子会通过刺激农户行为动机与目标来改变农户行为,间接影响耕地经济产出价值,因此农户行为调整应以影响农户行为动机的内外部因子及其作用机理为指导,针对性地采取综合措施来规范农户行为。","['耕地资源', '经济产出价值', '农户行为', 'Cobb-Douglas生产函数']",T46,T18,0.0,0.0017920496644906,,0.1530684236223693,0.0128003547463619,0.4819712546309397,T46,A42,A19,15.0,0.7343126425857729,标题:耕地；关键词:耕地；摘要:耕地；标题:农户；关键词:农户；摘要:农户,0.2620853345400356,0.10223316132695,0.98,A42,False,False,False,needs_review,needs_review,high
ZH_0941,1998—2007年中国耕地数量及其结构变化研究,"依托国土资源部土地利用变更数据,分析了1998—2007年中国耕地的数量及其结构变化。研究表明:①2007年,我国耕地中的灌溉水田、望天田、水浇地、旱地、菜地比重分别为22.61%、3.40%、17.66%、55.13%和1.19%,旱地占有绝对的比重;②1998—2007年,我国耕地、灌溉水田、望天田、水浇地、旱地、菜地的变化率分别为-6.04%-、3.45%-、4.29%-、0.58%-、8.81%和-3.00%,耕地的变化以旱地、灌溉水田和望天田的减少为主;③部分省份水浇地和菜地面积有比较明显的增加,主要原因可能是灌溉水田向水浇地以及水浇地向旱地的转换。近年来,质量较差的非灌溉耕地的减少速度较快,使我国耕地组成质量有所改善。","['耕地', '数量变化', '结构变化', '中国']",T19,T06,0.0,0.0047273673072339,,0.1158581781454593,0.0337669093373855,0.4852001040379574,T19,A42,A11,7.5,0.7310728142713083,标题:耕地；关键词:耕地；摘要:耕地,0.1194843869066645,0.0790915305093453,0.98,A42,False,False,False,needs_review,needs_review,high
ZH_0944,农村集体建设用地基准地价初步研究——以安徽省良玉村为例,"以安徽省良玉村为例,对农村集体建设用地的地价内涵、估价方法、地价影响因素进行了研究,并从6个方面选取了影响土地价格最为密切的17个因子,采用层次分析法定级,其定级综合分值位于0.35—0.65之间,土地等级被划分为四个,主要评价单元属于二级水平。考虑集体建设用地的特点,采用收益还原法、成本逼近法、市场比较法计算样点地价,并采用平均值法分别确定商业用地、住宅用地、工业用地的基准地价。结果表明:对于商业用地和住宅用地,一级土地和二级土地之间的价格差异最大,其余各级土地之间的地价差异依次递减,表明土地质量越好,价格反映越敏感。同级土地价格变化范围的差异:商业用地价格级差大于住宅用地,住宅用地大于工业用地,表明与城镇建设用地相同,集体建设用地地价对土地质量敏感性的反应也是商业用地>住宅用地>工业用地。","['集体建设用地', '估价方法', '土地级别', '基准地价', '良玉村']",T41,T14,1.0,0.7312268198610369,摘要:层次分析法,0.1617322931284544,0.080191570435978,0.6755555555555555,T41,A42,A28,4.5,0.5812231657178956,标题:农村；摘要:农村,0.139173284804402,0.1515940408421114,0.8699999999999999,A42,False,False,False,medium,medium,high
ZH_0947,基于AHP-NRCA模型的环渤海地区海洋功能评价,"根据系统结构决定系统功能的原理,从结构视角出发,利用环渤海地区17个沿海城市2007—2009年相关数据,对环渤海地区沿海城市海洋功能进行测度与评价,采用NRCA模型计算各城市海洋功能的比较优势指数。结果表明,评价结果同现有海洋功能区划结果基本吻合,但海洋生态环境功能更加突出,体现了可持续发展原则。为了获得海洋开发的最大收益,在环渤海区域海洋经济一体化进程中,各沿海城市要有计划地根据海洋功能的比较优势来进行优化资源配置与产业布局调整。","['NRCA模型', '环渤海地区', '海洋功能评价', '层次分析法']",T41,T19,3.0,0.7193721134884226,关键词:层次分析法,0.1024652680190523,-0.004484903654124,0.7266666666666667,T19,A51,A28,7.5,0.015298596795393,标题:海洋；关键词:海洋；摘要:海洋,0.2676459452438911,0.1092756913956648,0.8768284564749325,A51,False,False,False,medium,medium,high
ZH_0948,基于GWR和sDNA模型的广州市路网形态对住宅价格影响的时空分析,"基于地理加权回归(GWR)和扩展空间句法(s DNA)对传统的特征价格模型进行改进,进而提出基于路网的局部特征价格模型(NLHM),并对2014—2015年广州市路网形态对住宅价格的影响进行时空分析。研究发现:(1)不考虑路网变量影响时,地铁、物业管理费、是否精装修等变量对住宅价格的正向作用显著。(2)广州市中心城区主要位于接近度和穿行度的前景网络核心,城市郊区主要位于接近度和穿行度背景网络。(3)接近度与住宅价格呈正相关关系,穿行度与住宅价格呈负相关关系,接近度对住宅价格的影响大于穿行度对住宅价格的影响,二者对住宅价格的影响都随着计算半径的增加而减弱。(4)接近度系数空间格局具有跨尺度相似的特征,呈现出""郊区高,中心区低""的空间格局。穿行度系数空间格局具有出跨尺度变异的特征,中心城区在局部尺度上体现为穿行度系数绝对值的高值区,而在混合尺度和全局尺度上体现为低值区。(5)地铁变量系数随路网形态变量计算尺度的增加而减小,物业管理费、车位配比、是否精装修等变量系数变异程度较小。","['住宅价格', '路网形态', '地理加权回归', '扩展空间句法', '广州']",T48,T37,1.0,0.7295180232226326,摘要:空间格局,0.1568027429339355,0.067985880161662,0.6755555555555555,T48,A22,A38,4.5,0.7241147650167531,标题:DNA；摘要:DNA,0.1161221664993675,0.0293911786910932,0.8699999999999999,A22,False,False,False,medium,medium,high
ZH_0949,典型旅游城市空间形态演变及影响因素——以张家界为例,"基于1995、2000、2005、2010、2015、2018年6个时间节点的遥感影像数据,运用分形理论、紧凑度指数、重心转移指数分析张家界不同时期的城市空间形态演变特征,对其影响因素进行分析,结果表明:(1)从城市空间扩展的时间层面来看,1995—2018年张家界市主城区建设用地扩展阶段性明显,经历了""低强低速、高强中速、中强中速、高强高速""4个发展阶段。(2)从城市空间扩展的方向上来看,5个时期张家界市扩展方向差异性较大,城市重心以向北部转移为主,以北偏东、北偏西的方向发展,城市分散度不断变大,向外扩张趋势明显。(3)从城市空间扩展的具体形态来看,以星状和团状扩展为主,紧凑度指数以2005年为时间节点先增大后减小,城市空间形态以非紧凑化、外延式扩展为主。(4)旅游发展、经济发展、交通发展、城镇化建设是张家界城市空间形态演变的主要驱动因素。","['旅游城市', '城市空间形态', '空间扩张', '城镇化', '交通发展', '经济发展水平', '城市重心']",T44,T25,0.0,0.0039870595773899,,0.0931350800787147,0.0284789969813569,0.4843857655351289,T44,A41,A45,11.5,0.2749853029818813,关键词:城镇化；摘要:城镇化；标题:城市空间；关键词:城市空间；摘要:城市空间,0.189065152598289,0.1753608598084692,0.98,A41,False,False,False,needs_review,needs_review,high
ZH_0950,基于深度强化学习的城市配电网多级动态重构优化运行方法,随着配电网分布式电源的大量接入以及城市区域负荷的快速发展，使得配电网运行环境愈发复杂。同时由于配电网重构涉及大量的开关状态二进制零散变量，现有优化方法很难求解大规模城市配电网重构问题。基于此，提出一种基于深度强化学习的城市配电网多级动态重构方法。首先，建立基于深度学习的配电网多级重构快速判断模型，通过该模型实现对重构级别在线决策，并对智能体动作空间进行降维。其次，使用含参数冻结和经验回放机制的深度Q网络对预测负荷、光伏能源输出功率等环境信息进行学习。以运行成本、电压偏移度以及负荷均衡度最优为目标，通过习得的策略集对配电网进行动态重构与运行优化。建立多智能体强化学习模型，对各个时段的不同重构主体进行联合优化。最后，通过算例分析验证了所提方法的有效性。,"['城市配电网', '配电网重构', '机器学习', '深度Q网络']",T02,T01,3.0,0.4867151577656074,关键词:机器学习,0.2531079292427532,0.0479654126114815,0.7866666666666666,T02,A31,A26,8.5,0.4895717122442247,标题:配电网；关键词:配电网；摘要:配电网；摘要:分布式电源,0.3320787098945963,0.1692097093074881,0.98,A31,False,False,False,high,high,high
ZH_0952,基于面板数据的河南农村文化消费地区差异研究,"利用2000—2009年河南各省辖市的统计数据,根据面板数据模型对河南省各地区农村文化消费主要影响因素的差异性进行分析,结果显示:高收入地区农村文化消费对价格和收入反应更敏感,而中低收入地区则受前期消费水平的影响较深,这说明河南省不同地区的农村居民由于收入水平的差异,所处的消费阶段并不完全相同,因此我们在制定政策时,应该考虑到这种阶段性的差异,有针对性的采取对策。","['文化消费', '区域差异', '农村', '河南省']",T42,T25,4.5,0.7139230587007747,标题:面板数据；摘要:面板数据,0.1478110062598359,-0.0434067235658951,0.8099999999999999,T25,A42,A39,7.5,0.4336211722584945,标题:农村；关键词:农村；摘要:农村,0.1147987336139933,0.0115798018463893,0.94,A45,False,False,False,high,high,high
ZH_0955,国际一流智库的研究方法创新,"国际一流智库普遍重视研究方法的创新和发展。智库从兴起之初就伴随着研究方法创新。研究方法创新不仅是智库生存发展的需要,更是智库顺利开展高质量规范性战略与政策研究的有力方法和工具,同时也是高水平智库的重要研究成果产出。国际一流智库的研究方法创新与应用主要有4种类型:原创性新理论与新方法、指标体系与指数类方法、模型模拟方法和特色方法的创新与应用等。文章以美国兰德公司、欧盟联合研究中心、日本科技与学术政策研究所等国际一流智库作为案例,剖析了国际一流智库研究方法创新和应用的发展情况。最后,对我国建设有国际影响力的中国特色新型智库提出了研究方法创新的建议。","['智库', '研究方法', '方法创新和应用']",T41,T28,1.0,0.7115902717134578,摘要:指标体系,0.2730650230895103,-0.0600694877610157,0.6155555555555555,T28,A48,A40,7.5,0.7170305590172347,标题:智库；关键词:智库；摘要:智库,0.060792732796273,-0.0212102927340374,0.94,A40,False,False,False,medium,medium,high
ZH_0957,符号化运作:世界文化遗产旅游地创新发展的路径选择——以湖北武当山为例,"在符号消费背景下,符号化运作是世界文化遗产旅游地创新发展的路径选择。在对世界文化遗产旅游符号内涵解读的基础上,构建了符号化运作的模式。符号化运作过程一般有六个步骤、三个方面。六个步骤即调查了解遗产旅游者的符号价值→挖掘遗产旅游地的符号价值→耦合旅游者和旅游地的符号价值→选择合适载体展示符号价值→选择合适媒介传播符号价值→实现旅游者与旅游地的符号互动;三个方面即符号生产、符号营销、符号消费。从长远来看,这一符号化运作过程又是一个循环反复的过程。选择典型案例地武当山为研究对象,对符号化运作模式的具体实施进行了探讨,可为其他世界文化遗产旅游地提供参考。","['符号消费', '符号化运作', '世界文化遗产', '遗产旅游地', '创新发展', '武当山']",T21,T12,0.0,0.0121266479970988,,0.2119889610429068,0.0866189142649923,0.4933393127968087,T21,A45,A40,15.0,0.7690242709543542,标题:旅游；关键词:旅游；摘要:旅游；标题:文化遗产；关键词:文化遗产；摘要:文化遗产,0.4731229837051015,0.3501733639596734,0.98,A45,False,False,False,needs_review,needs_review,high
ZH_0958,我国区域产业转移的态势与承接的竞争格局,"在转变经济发展方式和产业结构转型升级的驱动下,我国新一轮区域产业转移渐成规模,并呈现出由东部地区转向中西部地区,以劳动密集型产业为主,较为明显的梯度性态势,由此也引发了中西部地区承接区域产业转移的竞争。运用主成分分析法对2006—2011年我国中西部18个省(市、区)承接区域产业转移竞争力进行评价,根据结果把这些地区划分为强竞争力、较强竞争力、中竞争力、较弱竞争力和极弱竞争力5种类型,且竞争力布局呈现出较大的时空差异性、区域圈层性等特征。顺应区域竞合关系的演变,探寻优化中西部地区承接产业转移竞争格局的可靠途径。","['区域产业转移', '态势', '承接竞争力', '竞争格局', '中国']",T02,T07,0.0,0.0072016568927602,,0.1210126263989324,0.0514404063768591,0.4879218225820362,T02,A43,A03,8.5,0.7527870186524778,摘要:产业结构；标题:产业转移；关键词:产业转移；摘要:产业转移,0.3612877773222834,0.2341929903748416,0.98,A43,False,False,False,needs_review,needs_review,high
ZH_0960,直流微电网多源并联自主均流控制策略,"实现微源间负荷电流的精确分配及母线电压的无差调节是直流微电网重要的控制目标,但由于线路阻抗及低速通信的存在,传统下垂控制很难同时满足均流及稳定性的要求。提出一种基于低频低幅值交流信号注入的多源并联自主均流控制策略,在各变流器直流输出上注入交流小信号,并使其频率与输出直流电流产生频率–电流下垂特性,利用产生的无功功率环流调节各变流器输出直流电压,进而在反馈机制下,实现多变流器间的并联控制及负荷电流的精确分配;在此基础上,利用限幅及负阻抗环节,提出一种改进的母线电压补偿方法,进一步降低了由于线路阻抗造成的电压跌落,该方法无需互联通信线,无需改变硬件结构,易于实现;最后利用小信号建模,分析了控制策略的稳定性和动态性能。仿真和实验验证了所提方法的可行性和有效性。","['直流微电网', '均流控制', '注入交流电压', '母线电压调节', '虚拟负阻抗']",T49,T13,5.5,0.7512182698819826,标题:控制策略；摘要:控制策略；摘要:下垂控制,0.3363895845584362,0.2229876420141616,0.9255555555555556,T49,A33,A38,7.5,0.5143136949011817,标题:微电网；关键词:微电网；摘要:微电网,0.1028006118021442,-0.0977593221344165,0.94,A38,False,False,False,high,high,high
ZH_0961,我国生均教育经费支出的省际差异及其影响因素,"以我国31个省(市、区)的高等学校、中职学校、普通中学、普通小学等四类学校为例,对四类学校2000—2012年各省(市、区)的生均教育经费支出进行了描述性统计分析和聚类分析,采用基尼系数法和核密度估计考察了四类学校生均教育经费支出省际差异的动态变化特征,并建立了生均教育经费支出影响因素的面板模型。研究结果表明,我国生均教育经费支出的省际差异客观存在并且长期处于非均衡的状态,其中高等学校生均教育经费支出的基尼系数最小,普通小学最大,其次为普通中学和中职学校,四类学校生均教育经费支出的基尼系数与核密度估计曲线的变化趋势基本一致;人均GDP、财政性教育经费支出占GDP的比重等经济因素对生均教育经费支出影响最为显著。最后提出了相应的政策建议。","['生均教育经费支出', '教育资源', '均衡配置', '省域差异', '中国']",T07,T44,0.0,0.0062003696827351,,0.1508045474038664,0.0442883548766795,0.4868204066510086,T07,A25,A48,7.5,0.7250231739781087,标题:教育；关键词:教育；摘要:教育,0.1164694842212561,0.0358798141293481,0.98,A25,False,False,False,needs_review,needs_review,high
ZH_0962,开展近海生态系统长期观测 引领海洋生态系统健康研究,"中国科学院胶州湾海洋生态系统定位研究站基于长期观测与系统研究,揭示了中国近海关键种——中华哲水蚤的度夏机制;在国际上,率先提出浮游动物功能群概念;阐明了全球变化影响下胶州湾生态系统的长期演变过程与机制;揭示了中国近海水母灾害暴发的关键过程、机理及生态环境效应;揭示了黄海绿潮成因,提出了黄海绿潮规模的预测思路和方法,形成系统化的防控应对策略;揭示了我国近海海水与关键海洋生物体内微塑料特征;研发了近海生态系统健康与承载力评估系统。相关研究在国内外产生了重要影响,为我国近海生态系统健康、生态环境保护、生物资源可持续发展提供了坚实的理论基础和科技支撑。","['海洋生态系统', '长期定位观测研究', '海洋生态灾害', '生态风险', '健康评估']",T29,T19,0.0,0.0040152902528396,,0.1368920193771778,0.0286806446631406,0.4844168192781236,T29,A51,A28,7.5,0.0059415323901347,标题:海洋；关键词:海洋；摘要:海洋,0.1823260939174521,0.042439517072391,0.8665356856291482,A51,False,False,False,needs_review,needs_review,high
ZH_0965,长三角地区产业转移特征及其影响因素,推动产业有序转移对区域一体化和协调发展具有重要战略意义。文章借助社会网络分析、QAP模型等方法，对长三角地区省域产业转移的特征及影响因素进行探讨研究。结果表明：(1)长三角地区产业转移总体以省内转移为主，虽然存在区域内跨省产业转移，省际协同性仍有不足；安徽省内城市间产业相互转移数量最多，合肥是中心节点城市；上海是产业转出的中心城市，与江苏的产业转移联系紧密。(2)农林业转移中安徽内部相互联系较为明显；制造业转移中江苏和安徽的集团化特征较为显著；服务业转移呈现出显著的网状特征。(3)产业转移的主要影响因素是城市间的邻近距离、经济发展水平差异和房价差异，不同行业的产业转移影响因素存在显著差异。,"['产业转移', '长三角', '区域一体化', '社会网络分析', 'QAP模型']",T43,T20,4.0,0.7678212548888025,关键词:社会网络分析；摘要:社会网络分析,0.4019900601610275,0.3415803920628749,0.8422222222222222,T43,A43,A39,8.5,0.1103448422717481,摘要:制造业；标题:产业转移；关键词:产业转移；摘要:产业转移,0.381848044256811,0.1831354279914781,0.98,A43,False,False,False,high,high,high
ZH_0969,我国省域物流集群竞争力研究,"以2012—2017年我国31个省域(不含港澳台)的面板数据为支撑,运用GEM模型分析省域物流集群竞争力作用机制,运用熵权PCA法识别关键因子,结合GIS方法实证研究我国省域物流集群竞争力演变规律与发展特征,结果表明:影响2012—2017年我国省域物流集群综合竞争力的关键要素体现在科技、创新、人才、物流环境等领域,传统产业、地理区位、经济水平等作用效果正在弱化。我国省域物流集群竞争力水平整体上呈现东强西弱格局,东部沿海省域保持高位区间,省域间发展较为均衡;以湖南、江西、安徽等为代表的中部省域崛起迅速,物流集群竞争力的溢出效应明显;传统资源与产业依赖型省域辽宁、山西等降速显著,竞争动力不足。同时受区位与聚集的影响,省域物流集群的区域聚类性特征突出,处于引领地位的省域具有核心扩散效用,拉动区域各省域物流集群竞争力发展。最后,对省域物流集群竞争力的提升给出发展建议,以促进我国物流行业的高质量发展。","['省域物流集群', 'GEM-PCA模型', '熵权法', '竞争力', '创新发展', '市场环境', '物流业高质量发展']",T42,T41,1.0,-0.4716545245178141,摘要:面板数据,0.0754284191527612,0.0596105391584703,0.4755555555555555,T29,A46,A34,7.5,0.7132528423687198,标题:物流；关键词:物流；摘要:物流,0.0124747809776245,-0.0481939830805734,0.94,A34,False,False,False,needs_review,needs_review,high
ZH_0970,我国省际区域的知识产权保护、出口商品结构与TFP联动,"分析了知识产权保护、出口商品结构与全要素生产率的联动机制,建立了三者之间的联立方程模型,运用我国2000—2010年的时间序列及31个省市的区域面板数据,结合三阶段最小二乘法进行估计,实证研究了三者之间的联动效应。结果发现:在我国省际区域范围内,出口商品结构优化在一定程度上推动了知识产权保护制度与完善以及产权保护水平的提升;知识产权保护也促进了我国出口商品结构优化;出口商品结构与知识产权保护共同驱动了我国全要素生产率的提高。","['知识产权保护', '出口商品结构', '区域面板数据', '面板联立方程']",T42,T24,4.0,0.7197552739729469,关键词:面板数据；摘要:面板数据,0.1227271573992667,-0.0017480430503791,0.7822222222222223,T24,A50,A24,7.5,0.0081859488333309,标题:出口；关键词:出口；摘要:出口,0.0452597269363014,0.0584710630952205,0.8090045437166641,A20,False,False,False,high,high,high
ZH_0971,试论历史名胜九日山被湮没文化的旅游再开发,"九日山是著名海上丝绸之路的起点 ,历经晋兴、唐著、宋盛、明微、清衰 ,历史文化旅游资源几尽湮没。重新开发九日山历史旅游文化 ,应把握重点修复文化载体原则、深入发掘文化内涵原则、适当拓展空间原则、循序渐进开发原则。开发访古探幽 ,海上丝路、揽胜休闲等旅游产品 ,要加强政府主导作用 ,处处以市场为导向 ,坚持开发与保护相结合 ,发展观光与参与相结合的旅游活动。","['九日山', '湮没文化', '旅游再开发']",T21,T10,0.0,0.0013006146657234,,0.1332870626939888,0.0092901047551673,0.4814306761322958,T21,A45,A21,7.5,0.7507043515789324,标题:旅游；关键词:旅游；摘要:旅游,0.3954699528320139,0.2193167969923749,0.98,A45,False,False,False,needs_review,needs_review,high
ZH_0976,低碳视角下长江经济带土地利用碳排放的空间分异,"以长江经济带为研究对象,基于2000—2015年间四期Landsat TM影像解译数据,通过构建碳排放模型,从经济贡献力、生态承载力及二者的耦合关系探讨了土地利用碳排放的空间异质性。结果表明:①2000—2015年长江经济带土地利用碳排放量区域差异显著,各地级市碳排放量均有不同程度的增加,且从上游地区到下游地区增长量逐渐增大。②长江经济带土地利用碳排放总体呈现正相关性,全局空间自相关Moran′s I值先增大后减小,碳排放强度空间正相关性增强,集聚状态显著,异质性空间单元增加。局部空间自相关显示高值集聚中心位于下游沿海地区,低值集聚中心主要分布在上游及中游地区,低值孤立点和高值孤立点分别分布在中游及中下游地区。③长江经济带碳排放经济贡献系数呈现东高西低的特征,生态承载系数东高西低、中间最低,两者均有不同程度上升,且耦合协调度上游差异较小,中游及下游地区差异相对较大。④为更好地实现土地利用可持续发展,推动土地利用方式向低碳集约方向转变,可以分区域进行低碳土地利用的调控。","['碳排放', '低碳', '土地利用', '生态承载力', '耦合协调度', '长江经济带', '全球气候变化']",T44,T48,4.0,-0.2044478899125139,关键词:耦合协调度；摘要:耦合协调度,0.2021929292617233,-0.0577446682062688,0.6422222222222222,T48,A44,A28,7.5,0.4459505748558552,标题:碳排放；关键词:碳排放；摘要:碳排放,0.1498712364399842,0.0996469632561087,0.98,A44,False,False,False,medium,medium,high
ZH_0983,中国旅游服务出口地理集中度与出口不稳定性关系研究,"以出口地理集中度和出口不稳定性指数为研究变量,采用多地区方差分解模型,实证分析了中国旅游服务出口地理集中度与出口不稳定性的关系。结果显示:中国旅游服务出口主要集中于港澳台地区,而出口的波动却主要来自其它国家和地区;剔除港澳台地区后,旅游服务出口集中于韩国、俄罗斯、泰国、法国等加剧了出口波动,而拓展其它地区尤其是马来西亚、菲律宾、蒙古、印尼、印度等不仅可以扩大旅游服务规模,而且可以降低总体的出口不稳定性。因此,主动的目标式的旅游市场拓展战略是我国旅游业稳定发展的必然选择。","['旅游服务出口', '地理集中度', '出口不稳定性', '方差分解模型']",T49,T21,0.0,0.0089448356125104,,0.1606325757385917,0.0638916829465028,0.4898393191737614,T49,A45,A50,7.5,0.0062685340650794,标题:旅游；关键词:旅游；摘要:旅游,0.0954652121197568,0.0447752433219962,0.8068953874715874,A21,False,False,False,needs_review,needs_review,high
ZH_0986,基于面板数据SDM的长江中游城市群FDI决定因素分析,"以长江中游城市群40个城市1991—2012年的面板数据为研究对象,采用空间Durbin模型对影响该地区城市FDI区位因素的理论假设进行检验,发现:①FDI区位分布具有显著的空间依赖效应,但有随时间弱化趋势,空间相互作用不可忽略;②从总体样本结果看,各因素对城市FDI区位的影响与理论预期基本吻合,较好地验证了理论假设;③近20余年来该地区城市FDI区位影响因素及其作用呈阶段性演变特征,市场规模和外资集聚经济一直对城市FDI区位具有显著正向效应并有增强趋势,工资效率、市场化程度和人力资本等因素初期阶段作用不明显或者呈负向影响,但后期转为显著正向影响,城市化因素初期显著但后期不显著,基础设施因素在所有估计样本中不显著;④各因素对FDI区位表现了不同的空间效应,部分因素的空间作用对FDI区位具有重要影响。","['区位决定', '面板空间Durbin模型', '长江中游城市群']",T42,T46,4.5,0.7340557844488542,标题:面板数据；摘要:面板数据,0.1746478597724888,0.1003984603489591,0.8699999999999999,T42,A39,A46,7.5,0.622379727371719,标题:城市群；关键词:城市群；摘要:城市群,0.0805333573772038,-0.0115733759162921,0.94,A18,False,False,False,high,high,high
ZH_0988,一流智库战略研究成果的质量管理机制,"国际一流智库影响力的取得有很多决定因素,但关键是其战略研究与政策咨询报告的高质量,而高质量又取决于其研究成果的高标准与质量管理机制。文章通过对一些国际一流智库高质量研究标准或指南、研究成果的严格独立同行评审的质量管理机制和流程的梳理,总结了研究成果质量管理机制的有益经验和启示。文章指出,我国新型智库建设中,尚未将高质量分析与研究的质量管理机制作为智库建设的重要环节来抓,既缺乏研究成果的相关高质量管理理念,也缺乏管理的制度规范,更缺乏质量管理控制的严格流程。为此,文章提出了我国新型智库建设的高质量分析与研究标准及质量管理机制建议。","['智库', '战略与政策研究机构', '高质量研究与分析标准', '评审指南', '同行专家评审', '质量管理机制']",T46,T32,0.0,0.0337591259574578,,0.3789677692707207,0.2411366139818412,0.5171350385532036,T46,A48,A10,7.5,0.712233292441793,标题:智库；关键词:智库；摘要:智库,0.0401772786247993,-0.0554764825586212,0.94,A10,False,False,False,needs_review,needs_review,high
ZH_0989,弱电网下逆变器并网系统失稳的两种诱因,为增加功率密度并降低制造成本，并网逆变器采用的滤波器电感越来越小且多台逆变器并联会导致线路等效阻抗被放大，致使弱电网等效线路阻抗与逆变器滤波器电感比值较大。弱电网下较高阻抗比会导致并网逆变器失稳且失稳诱因与其在传统低短路比弱电网下失稳诱因并不相同。将弱电网的工况分为低短路比–低阻抗比工况和低短路比–高阻抗比工况，该文对2种工况下系统失稳诱因进行了对比研究。发现了低短路比–低阻抗比下系统失稳主要和锁相环引入的负阻抗相关，而低短路比–高阻抗比下系统失稳同时和锁相环引入的负阻抗以及电网电压前馈引入的负阻抗和容性阻抗相关。低短路比–高阻抗比弱电网中，并网逆变器采用较小或者较大的电网电压前馈系数均不利于系统稳定性。为保证低短路比–高阻抗比下系统稳定性，需解决电网电压前馈系数优化设计问题。对此，该文基于系统奇异值提出了电网电压前馈系数的优化方法。最后，通过仿真和实验结果验证了研究结果正确性和所提方法有效性。,"['弱电网', '失稳', '高阻抗比', '锁相环', '电压前馈']",T27,T13,1.0,0.7064674234605799,摘要:滤波,0.0294553813221171,-0.0966612609958575,0.6155555555555555,T13,A38,A07,4.5,0.7439944847409402,标题:逆变器；摘要:逆变器,0.2217769860112367,0.1713891767210017,0.8699999999999999,A38,False,False,False,medium,medium,high
ZH_0991,基于LCA-MFA方法的循环经济产业链规划技术与其应用,"借鉴物质流分析和产品生命周期分析的方法,提出基于生命周期分析—物质流分析的循环经济产业链规划方法(LCA-MFA方法),梳理了该方法的理论基础和技术框架,并将该方法应用于典型的循环经济园区规划实践。主要包括:通过生命周期方法对扬州静脉产业园可获取的再生资源进行估算,进而运用物质流分析方法规划了产业园产业链结构,并模拟出园区近期和中远期物质代谢过程。","['物质流分析', '产品生命周期分析', '产业链', '扬州静脉产业园']",T06,T46,0.0,0.0081252449465415,,0.1730109145742301,0.0580374639038681,0.4889377694411957,T06,A43,A01,7.5,0.7220969053240006,标题:产业链；关键词:产业链；摘要:产业链,0.1861715522960445,0.0149778951714326,0.98,A43,False,False,False,needs_review,needs_review,high
ZH_0993,城市边缘区农户宅基地腾退动机影响因素研究,"依据农户的理性、生存性、商品性、社会性特征,选取河南省新乡市、安阳市、鹤壁市边缘区27个自然村为样本,基于对751户农户的调研数据,建立宅基地特征、农户特征、理性和生存预期、社会性行为特征20项指标的影响因素集,采用Logistic回归模型,对城市边缘区农户宅基地腾退、置换行为的影响因素进行研究。结果表明,有宅基地腾退动机的农户比例接近50%。按照作用程度,影响农户宅基地腾退的因素依次为腾退政策的满意程度、社会保障问题、房屋使用年限、家庭成员的赞同、腾退成功者的赞同意见、让子女接受更好的教育、宅基地距城镇距离、人均住房面积、农户的文化程度等。","['城市边缘区', '农户', '宅基地腾退', '动机', '影响因素']",T42,T48,1.0,0.0062293853012409,摘要:Logistic,0.1142114182009025,0.0444956092945785,0.4824078793869205,T06,A42,A47,15.0,0.691887433132801,标题:宅基地；关键词:宅基地；摘要:宅基地；标题:农户；关键词:农户；摘要:农户,0.3062351177433245,0.1420530938057214,0.98,A42,False,False,False,needs_review,needs_review,high
ZH_0997,考虑LCC-HVDC设备额外动作要求的协调二级电压控制方法,"随着特高压直流输电工程的不断投运,直流近区电网高/低电压问题以及交流滤波器和换流变压器的频繁动作问题已经引起广泛关注,如何实现交直流设备电压无功协调控制已成为交直流混联电网自动电压控制(automatic voltage control,AVC)策略亟待解决的关键问题,这对提升系统运行的电压安全性以及直流调压设备的动作寿命具有重要意义。在充分考虑直流系统运行方式与控制行为相对独立的基础上,以利用交流系统的控制手段改善直流换流站离散设备动作频次为主导思路,提出了一种考虑电网换相换流器高压直流(line-commuted converter high voltage direct current,LCC-HVDC)设备额外动作要求的交直流协调二级电压控制方法。所提方法具有以下特点:1)增加了控制角的安全运行约束与交流滤波器投切的死区约束,并基于计及换流器电压无功特性的交直流系统潮流方程推导了其灵敏度量化关系,从而有效降低了交流滤波器和换流变压器额外投切的风险。2)将换流母线作为附加的中枢节点,引入其电压偏差最小化为控制目标,提高了换流母线电压的稳态控制水平,增强了交直流混联系统的电压安全性。通过IEEE 39节点修正系统的算例仿真,验证了所提方法的有效性。","['协调二级电压控制', '交直流系统', '换流站', '电压无功特性']",T11,T27,1.0,0.0128110011462134,摘要:CT,0.0888291141284648,0.0915071510443814,0.5496476568163904,T11,A32,A09,11.5,0.7015714349849433,摘要:高压直流；标题:HVDC；摘要:HVDC；摘要:换流器；摘要:特高压；关键词:换流站；摘要:换流站,0.4997512688965131,0.315572361693695,0.98,A32,False,False,False,needs_review,needs_review,high
ZH_0999,黄淮海平原地区交通优势度的空间格局,"针对区域特点修正后的交通优势度评价模型,借助GIS的空间分析、统计功能,以黄淮海平原地区311个评价单元为例,研究了该区域路网密度、交通设施邻近度、区位优势度和交通优势度空间布局。研究发现:黄淮海平原地区交通优势度总体呈偏正态分布,大部分地区交通优势度一般或偏低,优势度较高的地区有京津及其周边地区,以及以京津为核心辐射出的三条交通优势带。","['黄淮海平原', '交通优势度', '空间格局']",T48,T13,7.5,0.7281368923990972,摘要:GIS；标题:空间格局；关键词:空间格局,0.1332231550716446,0.058120659993551,0.98,T48,A46,A39,7.5,0.7205413836689696,标题:交通；关键词:交通；摘要:交通,0.0777375656977718,0.0038670262069257,0.98,A46,False,False,False,high,high,high
ZH_1000,广东省城镇化经济发展空间分析,"利用空间分析方法,在ArcGIS以及GeoDa的支持下,从时空变化的角度,对广东省2002—2012年城镇化发展以及城镇化过程中的经济结构和空间布局发展变化进行了分析。结果表明:到2012年,广东省各个城市的城镇化已经全部进入城镇化加速发展阶段。广东省的经济发展与城镇化发展并不完全一致,城镇化发展水平以及经济发展水平在空间布局上有较大的异质性,经济发展程度较高的城市都集中在东莞以及周边地区,而城镇化发展程度较高的城市集中在珠三角偏东北部的沿海城市。同时,第一产业对城镇经济发展影响较小,第二、第三产业作用较大,不同的产业构成也有各自的空间布局特点以及空间布局变化特征。第一产业空间分布在近10年均衡性变弱,东部比重减少较快;第二产业趋于沿海分布,差异性减弱,空间分布均衡性提高;第三产业差异缓慢增大,空间分布较为均衡。通过分析,从而掌握广东省城镇化发展过程中经济发展状况的空间布局以及时空变化特点,对政府决策提供参考。","['城镇化', '城镇经济', '空间分析', '广东省']",T48,T30,2.0,0.7488188693632498,摘要:ArcGIS；摘要:GIS,0.3199822133874731,0.205849066880356,0.731111111111111,T48,A41,A39,7.5,0.6524617486832547,标题:城镇化；关键词:城镇化；摘要:城镇化,0.2745686840351919,0.2032982048803915,0.98,A41,False,False,False,medium,medium,high
