document_id,ch_name,ch_abstract,keywords,technical_cluster_id,technical_secondary_id,technical_evidence_score,technical_margin,technical_evidence,technical_semantic_score,technical_semantic_margin,technical_confidence,technical_semantic_top,application_cluster_id,application_secondary_id,application_evidence_score,application_margin,application_evidence,application_semantic_score,application_semantic_margin,application_confidence,application_semantic_top,abstract_missing,title_missing,keywords_missing,gold_quality,technical_gold_quality,application_gold_quality
ZH_0006,新药研发发展态势分析,新药研发是医药创新发展的关键环节，是新一轮生命科技革命和生物经济变革的核心领域，对引领科技创新、带动经济发展、提升人民健康福祉具有战略意义。当前，前沿技术不断革新、学科跨域融合、数字深度赋能驱动新药研发领域创新日趋活跃，国内外创新性小分子药物、抗体药物、免疫细胞治疗、基因治疗与核酸药物等密集获批上市，为未满足的临床需求提供更多选择。文章深入分析新药研发领域发展趋势、全球新药批准情况，以及我国新药研发发展现状与态势，提出发展启示与建议，以期为新药研发领域发展提供参考。,"['新药', '抗体药物', '细胞治疗', '启示', '建议']",T45,T09,3.5,0.7305884566444985,标题:发展态势,0.2476757610422523,0.0756318331749887,0.8144444444444445,T45,A40,A29,1.0,-0.6688599295714908,摘要:科技创新,0.152084546220775,-0.3204280683677913,0.4755555555555555,A29,False,False,False,needs_review,high,needs_review
ZH_0011,适应能源转型发展的输配电价动态激励机制研究,在能源转型的背景下，“重约束，轻激励”的输配电定价方式已不适应输配电网络低碳、安全、高效转型的发展需求。因此，该文设计了一种激励与约束相容的输配电价动态激励机制，研究表明：转型阶段下，需要进一步通过优化电网投资结构，减少投资冗余来提高输配电网络运营效率，电网仍是成本超支风险的主要承担者；省级电网的低碳、安全、高效之间的耦合协调程度整体呈现为逐年提升；所提激励机制兼顾差异性和公平性，有利于各省输配电网的清洁、低碳、可持续发展。,"['新型电力系统', '输配电价', '数据包络分析', '耦合协调', '动态激励机制']",T41,T44,3.0,0.7119876732004538,关键词:数据包络分析,0.2423714401466401,-0.0572309057110446,0.7266666666666667,T44,A31,A36,1.0,-0.6293866961016128,摘要:配电网,0.1511986045199086,-0.0384764007258062,0.4755555555555555,A36,False,False,False,needs_review,medium,needs_review
ZH_0012,基于临界超标样本扩充的数据驱动短路电流超标精准校验方法,"短路电流超标校验中，针对现有技术在临界超标场景下存在计算精度不足、易误判的缺陷，提出一种基于临界超标样本扩充的数据驱动短路电流超标精准校验方法。首先，在短路电流领域首次采用生成对抗网络(generative adversarial networks,GAN)产生与蒙特卡洛模拟具有相同效力的大量样本，再筛选其中的临界超标样本；其次，设计了一种临界超标占比高、非临界超标占比低的新型样本构成方式，据此融合GAN生成临界超标样本与蒙特卡洛仿真样本以形成数据驱动样本集；继而，采用数据驱动的代表性回归算法LightGBM开展短路电流超标校验；最后，仿真结果表明所提方法能有效提高短路电流超标的校验准确度，相比其他物理计算方法和数据驱动方法具有更高效率和计算精度，以及更快的计算速度。","['短路电流超标校验', '临界超标样本扩充', '生成对抗网络', '数据驱动']",T36,T01,4.0,-0.2054024522822424,关键词:短路电流超标校验；摘要:短路电流超标校验,-0.1117640550362482,-0.4385889448731597,0.6422222222222222,T01,A27,A30,1.0,0.7116247861912713,摘要:物理,0.0457096306496436,-0.0598229557766328,0.6155555555555555,A30,False,False,False,needs_review,medium,needs_review
ZH_0015,基于分层有向图与动态时空相关性的小区域光伏超短期预测方法,"小区域光伏发电功率准确预测，已成为高渗透多台区系统精准调控运行的技术瓶颈。目前光伏发电功率的预测方法缺乏对台区小区域内光伏集群效应的考虑，忽略了输入变量的内在因果关系以及动态相关性。针对于上述问题，提出一种基于分层有向图以及动态图卷积循环网络(dynamic graph convolutional recurrent network,DGCRN)的小区域光伏预测方法。首先，考虑出力数据与数值天气预报(numerical weather prediction,NWP)单向关系，生成具有因果联系的分层有向图。其次，依据节点属性在每个时间步生成动态图，与预先定义的静态图有机结合，以捕捉节点之间的动态时空相关性。最后，将具有动态时空相关性的图结构用于模型训练。以某个小区域台区29个光伏节点加以预测建模，实验结果表明，DGCRN模型具备捕获多参量间的因果规律和提取光伏功率的短期动态特征的能力，其在小区域多节点的光伏发电功率预测性能优越。","['分层有向图', '动态相关性', '图卷积网络', '区域台区光伏预测']",T35,T11,8.0,0.6689269772630562,标题:超短期预测；标题:短期预测；摘要:功率预测,0.436183270116704,0.2780498375932584,0.98,T35,A31,A34,4.0,-0.4032084284822624,关键词:台区；摘要:台区,0.0139678250516411,-0.1573711278144799,0.6422222222222222,A34,False,False,False,needs_review,high,needs_review
ZH_0024,电信隐性转移支付对工业企业资本循环的影响,文章结合2003—2015年中国工业企业微观数据和省市宏观数据，对电信隐性转移支付进行定义和测度，并从理论和实证上探究了其对工业企业资本循环的影响。结果表明：(1)各省份电信隐性转移支付呈现出明显的时序变化和空间分布特征，总体上东部地区存在电信资源隐性转出，中西部地区存在电信资源隐性转入。(2)理论和实证分析表明，电信隐性转移支付对工业企业资本循环存在正向影响，并且在进行内生性分析和稳健性检验后结论依然成立。(3)异质性分析表明，相对于出口企业和发达地区企业而言，内销企业和欠发达地区企业资本循环受到电信隐性转移支付的提升效应更大，从而在一定程度上有利于促进国内大循环、缩小区域发展差距。,"['电信隐性转移支付', '工业资本循环', '国内大循环', '区域发展差距', '新发展格局']",T07,T15,0.0,0.004139431791791,,0.1317899087345335,0.0295673699413647,0.4845533749709702,T07,A39,A43,0.0,-0.7454791686694243,,0.04895649516258,-0.1819940619244597,0.26,A43,False,False,False,needs_review,needs_review,needs_review
ZH_0030,基于关系超图增强Transformer的智能站二次设备故障诊断研究,"随着智能变电站二次设备的状态感知与自描述能力不断提升，在提高电网调控细粒度的同时，其海量、驳杂、离散的状态信息也使故障诊断难度倍增。为提高二次设备故障诊断精度与效率，提出基于关系超图增强Transformer的二次设备故障诊断算法。首先利用Apriori算法挖掘故障信号间的关联规则，构建关系超图。然后利用超图卷积神经网络(hypergraph convolutional neural network, HGCN)和微调标准Transformer网络学习故障特征间的高阶关系和上下文表达，再经过误差反向传播、非线性传递函数预测故障类型。最后，以某地区一年的二次设备运行数据作为算例进行分析。结果表明，所提方法能够去除冗余信息干扰，准确定位故障元件和诊断故障类型，为智能运维提供支持。","['关系超图', '超图卷积神经网络', '故障预测', '二次设备', '设备关联模型']",T36,T01,4.5,-0.4050067162131792,标题:故障诊断；摘要:故障诊断,0.2078177771095765,-0.472737048581532,0.6699999999999999,T01,A37,A09,0.0,0.0151842904014829,,0.3269786527143418,0.1084592171534497,0.4967027194416312,A37,False,False,False,needs_review,medium,needs_review
ZH_0037,一种基于圆周运动轨迹方程的电力系统基波频率测量方法,随着新能源的大规模接入，系统惯量降低，电力系统的频率波动变得剧烈，增加了频率准确测量的难度，而频率的测量精度直接关系着电力系统各类基于频率控制应用的有效性。因此，该文从圆周运动角度，提出了一种新颖的频率精确测量方法。该方法建立了电力系统电压信号正弦变化的旋转相量圆周运动表征模型，基于匀速圆周运动和变速圆周运动的轨迹运动方程，推导了旋转相量及其导数与系统频率之间的函数关系；利用二次多项式拟合电压信号动态变化的幅值和相角，提出了基于最小二乘法的旋转相量及其导数求解方法，进一步，提出了基于频率网格化的迭代优化方法，消除了频率偏移对算法的影响。仿真和硬件测试表明，所提算法在频率偏移、线性和非线性变化条件下均能准确地测量基波频率。,"['频率测量', '旋转相量', '圆周运动', '最小二乘法']",T17,T13,1.0,-0.0300013748562956,摘要:硬件测试,-0.0772735054673543,-0.2142955346878254,0.4755555555555555,T40,A31,A10,0.0,0.0007281036755047,,0.0731564593755406,0.0052007405393192,0.4808009140430552,A31,False,False,False,needs_review,needs_review,needs_review
ZH_0040,基于双向循环插补网络的分布式光伏集群时序数据耦合增强方法,分布式光伏点多面广、局部渗透率高、安装环境复杂多变，真实可靠的量测数据是其性能分析、出力预测、运维调控的基础。然而，传感器故障和通信堵塞等因素会造成量测值缺失，恶化原始数据质量，进而影响配电网运行决策的准确性。传统数据修复方法只考虑单一量测值的分布特征，忽略了多维时序数据的潜在耦合关系，修复精度有限。为此，该文提出一种基于双向多阶段循环插补网络和Seq2SeqAttention的时序数据耦合增强方法，改进了循环插补网络的结构，并引入衰减机制，能利用少量未缺失数据，潜在地挖掘原始数据的整体分布规律，一次性对多个光伏场站完成高质量数据修复。实验结果表明，所提方法在高比例缺失情况下仍有良好的修复性能，可明显增强分布式光伏集群的基础数据质量，提升电网运营商对光伏集群的细粒度感知能力。,"['缺失数据修复', '双向循环插补网络', '耦合时序数据', '分布式光伏集群']",T38,T01,0.0,0.0025627493421164,,0.120893485393816,0.0183053524436889,0.482819024276328,T38,A31,A34,1.0,-0.682995505287167,摘要:配电网,0.1779754113125332,-0.0785393234797647,0.4755555555555555,A34,False,False,False,needs_review,needs_review,needs_review
ZH_0042,考虑新能源随机波动和T接线的城市电网连锁故障风险评估,新能源的大量接入给城市电网的安全运行和重要用户可靠供电带来很大挑战，其功率的随机波动易引发电网出现连锁故障风险。提出了一种考虑新能源出力随机波动和城市电网110k V网架T接线开关投切的连锁故障风险评估方法。该方法在连锁故障发生概率和后果严重度的计算中都计及了系统状态的概率分布特性的影响，并采用基于半不变量法的概率潮流计算反映系统状态与新能源功率二者的概率分布特性之间的关系。另外，建立包含110 kV网架T接线开关投切的最小切负荷的混合整数非线性规划模型，并以最小切负荷量来表征系统在连锁故障的严重度。此优化模型通过决策故障下的各组T接线开关的投切状态，减少连锁故障下的切负荷量，进而有效降低连锁故障的风险。同时，通过机会约束描述重要用户负荷节点电压的安全运行范围，以确保重要用户负荷不停电的概率满足给定的置信水平，从而保证重要用户的安全可靠供电。最后，通过某个实际城市片区电网算例验证了所提出的连锁故障风险评估方法的正确有效性。,"['连锁故障', '风险评估', '新能源', '概率潮流', '半不变量', 'T接线', '混合整数非线性规划']",T39,T30,5.0,-0.2761840070774631,摘要:机会约束；关键词:概率潮流；摘要:概率潮流,0.1269242086715626,-0.2584571934104513,0.6977777777777778,T30,A34,A37,0.0,0.0015655387715498,,0.1237448927887532,0.0111824197967848,0.4817220926487048,A34,False,False,False,needs_review,medium,needs_review
ZH_0049,城乡居家养老服务设施空间配给均等性研究——以苏州市为例,居家养老服务设施配置的效率和公平直接关系着绝大多数老年人的养老生活质量，成为影响城乡养老服务设施体系建设成效的关键。文章以苏州市为例，测度了城乡居家养老服务设施有效配给与老年人口分布之间的供需空间关联，进行了城乡间、地区间的均等性分析并探究不均等产生的原因。结果表明：(1)苏州市居家养老服务设施空间配给与“一城多核”的城镇空间结构高度相关，高配区域集中于中心城区和下属各区市的城区，有效配给量从城区中心向外围逐渐递减。(2)设施空间配给存在相对不均等，城区中心和乡村地区的中心村高配，城区外围和乡村地区的非中心村低配。(3)城乡不均等主要来源于乡村地区内部设施空间配给的不均衡，供给与需求的空间失配使得乡村地区人均有效设施配给量低于城市。,"['老年人', '居家养老', '服务设施', '供给与需求', '空间可达性', '均等性', '城乡差异']",T07,T03,0.0,0.0048542927091864,,0.1323041325815662,0.0346735193513319,0.4853397219801051,T07,A46,A47,3.0,-0.2685413720981079,关键词:可达性,0.125535766064877,-0.2038669435579131,0.5866666666666667,A47,False,False,False,needs_review,needs_review,needs_review
ZH_0055,基于自适应噪声完全集合经验模态分解与Bi LSTM-Transformer的锂离子电池剩余使用寿命预测,"锂离子电池剩余使用寿命(remaining useful life, RUL)是使用者十分关心的问题，其涉及电池的更换时间和安全。针对锂离子电池的电容量非线性变化趋势，提出了一种基于自适应噪声完全集合经验模态分解与双向长短期记忆网络-Transformer的锂离子电池剩余使用寿命预测方法。首先，利用自适应噪声完全集合经验模态分解方法对锂离子电池电容量数据进行分解。其次，使用串联的双向长短期记忆神经网络和Transformer网络对分解后得到的残差序列和本征模态分量序列进行建模预测。最后，将预测的若干本征模态分量序列和残差序列进行求和，并对求和之后的最终预测数据与原始数据进行RUL预测。采用NASA公开的电池数据集对所提方法进行验证，结果表明，所提方法的平均绝对误差、均方根误差、平均绝对百分比误差和绝对误差控制分别控制在0.0173、0.0231、1.2084%和3个循环周期以内，能够有效地提高锂离子电池RUL的预测精度。","['锂离子电池', '剩余使用寿命预测', 'Transformer网络', '双向长短期记忆网络', '完全集合经验模态分解']",T01,T25,11.0,0.7355021635532555,标题:Transformer；关键词:Transformer；摘要:Transformer；标题:LSTM,0.6372100941554047,0.5782622071985786,0.98,T01,A09,A14,0.0,0.0030332997350085,,0.099808227192117,0.0216664266786327,0.4833366297085094,A09,False,False,False,needs_review,high,needs_review
ZH_0058,含光储充的配网虚拟电厂二次调频随机模型预测控制策略,"含光储充的主动配电网作为一种灵活的新型调节资源，可通过聚合其内部的多类分布式电源组成配网虚拟电厂(distribution-level virtual power plant,DVPP)进而整体参与系统二次调频，具有广阔的发展前景。但实际配电网内部情况复杂，存在储能配置有限导致可调容量不足、光伏短时出力难以预测导致控制不精确、功率分配不合理导致内部电压越限的问题，传统虚拟电厂调频策略难以适用。针对上述问题，提出了一种基于随机模型预测控制(stochasticmodel predictive control,SMPC)的DVPP二次调频策略，通过聚合模型设计、光伏不确定功率的场景树模型搭建、SMPC策略设计的方式实现了分布式电源出力扰动情况下DVPP快速、准确响应自动发电控制(automatic generation control,AGC)指令的目标，并有效降低了功率调节对系统内部电压的影响，为DVPP参与系统二次调频提供了理论基础。","['配网虚拟电厂', '二次调频', '随机模型预测控制', '动态功率跟踪']",T49,T26,3.5,-0.4278618510185413,标题:控制策略,0.0540528967051356,-0.3132989358467236,0.6144444444444445,T26,A31,A33,2.0,-0.514986122403917,摘要:配电网；摘要:分布式电源,0.1928447234418208,0.0929562685434494,0.5911111111111111,A31,False,False,False,needs_review,medium,needs_review
ZH_0059,基于回流功率优化的直流微网DC-DC变流器超螺旋滑模控制,"针对直流微网系统中双有源桥直流变换器在系统发生扰动时动态特性差及在单移相调制下变换器效率不高等问题，该文在扩展移相调制下提出一种结合回流功率优化的超螺旋滑模控制策略。首先，分析双有源全桥(dual-activebridge,DAB)变换器在扩展移相调制下两种模式的传输功率、回流功率数学模型及软开关特性，并以传输功率数学模型为基础建立DAB变换器的降阶模型。其次，以回流功率作为目标函数，以传输功率和软开关特性作为约束条件，通过Karush-Kuhn-Tucker (KKT)条件法寻找最优移相比组合；利用DAB变换器降阶模型设计超螺旋滑模控制中的等效部分，采用超螺旋算法作为切换部分，这两部分与内移相比D1共同作用生成外移相比D2，用于调节变换器的输出电压。最后进行了仿真及实验验证，实验结果表明：在负载投切、输入电压突变、参考电压改变时变换器具有良好的动态性能，同时能有效地减小回流功率。","['双有源桥直流变换器', '超螺旋滑模控制', '动态性能', 'KKT条件法', '回流功率']",T49,T11,1.0,0.009835827745414,摘要:控制策略,0.0459241196742132,0.0702559124672429,0.4863749660755109,T16,A09,A38,1.0,-0.5111509547126417,摘要:CT,0.0186908298668302,0.0223911398076616,0.4755555555555555,A23,False,False,False,needs_review,needs_review,needs_review
ZH_0061,追踪源荷实时变化的仿射最优电-气能流在线计算方法,随着新能源渗透率的逐步提高，电-气互联系统的运行态势更为复杂多变。为响应源荷的实时变化，该文提出一种仿射最优电-气能流在线计算方法。首先，利用泰勒展开与隐式有限差分法构建天然气动态模型，并采用流速基值自适应校正方法提高模型准确性。其后，利用仿射算术描述系统的源荷不确定性，将最优能流由确定域拓展至仿射域，构建仿射最优电-气能流模型。在此基础上，通过离线优化获取最优调度方案关于噪声元的仿射解析表达式，利用噪声元追踪源荷的实时变化，进而在线获取决策方案。所提方法依据即时信息快速决策，可满足实时调度需求。最后，通过算例分析验证了所提动态模型的准确性，表明所提在线方法的调度性能接近具有完备预测信息的最优调度。,"['电-气互联系统', '最优能流', '源荷不确定性', '在线计算', '仿射优化']",T39,T40,0.0,0.0014456586806001,,0.2015491008464358,0.0103261334328578,0.4815902245486601,T39,A26,A27,0.0,0.0014811016056149,,0.1044103033404859,0.0105792971829644,0.4816292117661764,A26,False,False,False,needs_review,needs_review,needs_review
ZH_0064,煤化工场景下光储氢热微网能量管理策略研究,针对煤化工场景下的光储氢热微网系统各设备的协调运行问题，满足煤化工“安稳长满优”运行要求，通过深入分析系统内光储氢热运行特点及煤化工生产用电要求，提出了一种基于能量预测和实时功率控制相结合的能量管理策略。首先以用电成本最低为目标，结合光伏及煤化工生产用热用氢预测曲线，建立系统能量预测模型，提出一种适用于煤化工与新能源耦合的光储氢热系统能量管理策略，规划各设备的日运营模式；其次，考虑制氢、储热、储能的运行边界、光伏预测误差及现场电网约束，基于制氢、储热、储能的动态响应特性，设计一种设备分级控制策略以动态调整功率设定值，在尽可能消纳新能源的前提下保证系统稳定运行；最后，基于国能智深控制器EDPF-NT和远宽公司MT8020实时仿真器，搭建能量管理半实物仿真平台。通过仿真结果分析，该策略可节省约19.8%的日用电费用，同时可以充分利用新能源，保证系统用电运行安全。,"['煤化工', '光储氢热', '能量管理策略', '半实物仿真']",T49,T47,1.0,0.0061235594851998,摘要:控制策略,0.1618936080521238,0.0437397106085696,0.5422914709892753,T49,A35,A34,1.0,-0.016354969406362,摘要:储能,0.0371057019795526,-0.1168212100454425,0.4755555555555555,A34,False,False,False,needs_review,needs_review,needs_review
ZH_0073,科研院所数字化体系框架研究与实践,数字化科研是数字经济的重要组成部分，其与数字政府均为数字经济大背景下新型信息技术支撑的数字化应用场景。当前，以人工智能和大数据技术为代表的新一代信息技术对科研院所现代化治理，尤其是科技活动推动科研范式变革起到积极作用，加速了科研院所数字化转型。我们将科研院所科技活动管理过程数字化转型形成的数字化体系称为“数字研究所”。为此，文章分析了数字化变革对科研院所科技活动管理的影响，归纳总结了数字研究所的典型业务场景及体系框架，给出了实施数字研究所的思考和建议。,"['数字政府', '数字研究所', '数字化治理', '人工智能', '大数据']",T47,T32,0.0,0.0097469866042408,,0.2041267903404334,0.069621332887434,0.4907216852646648,T47,A40,A26,1.0,-0.5350078094385462,摘要:数字经济,0.3709877198799235,0.035658504010384,0.5355555555555556,A40,False,False,False,needs_review,needs_review,needs_review
ZH_0075,科技治理与治理科技：以区块链数字资产的规制研究为视角,《“中华人民共和国国民经济和社会发展第十四个五年规划和2035年远景目标纲要》中将区块链作为数字经济重点产业之一，多个部门也在出台的行业领域信息化相关政策文件中，对加快区块链创新应用，推进行业数字化转型，以及促进经济社会高质量发展做出了明确部署。区块链数字资产的规范和治理，离不开对区块链技术本身的理解与分析，而从科技端观察区块链数字资产的发展机制，是其治理的创新视角和必要角度。中国区块链数字资产的治理研究，应构建科技治理和治理科技的双层制度设计，实现对区块链技术的有条件信任，加快推进区块链技术研发、建立风险评估机制以及实现区块链技术伦理作用，并引导分布式数字身份和去中心化组织的发展，明确监管边界和政府责任。,"['治理科技', '科技治理', '区块链技术', '区块链数字资产']",T46,T30,1.0,0.0023200144369702,摘要:制度设计,0.3222476323128094,0.0165715316926452,0.5381075714362228,T46,A40,A24,1.0,0.0162886752487406,摘要:数字经济,0.3056039991425264,0.1163476803481483,0.5534730983291702,A40,False,False,False,needs_review,needs_review,needs_review
ZH_0076,“健全主体功能区制度体系”的经济地理学讨论,党的二十届三中全会明确指出“健全主体功能区制度体系”。文章首先从主体功能区突出资源环境承载力的基础作用、强调发挥区域比较优势、遵循可持续发展目标导向等3个科学内涵出发，评价了主体功能区的政策价值和实施成效，揭示了不同主体功能的区域之间存在突出的发展差距问题。其次，基于经济地理学基本理论和方法，讨论了健全主体功能区制度体系的改革指向，主要包括：建设与高质量发展和中国式现代化建设相适配的主体功能区制度，完善主体功能和叠加功能良性互动的协同发展制度，创建以主体功能区为基础蓝图加快构建国土空间新体系、形成综合功能区布局的制度。最后，还就主体功能高质量发展和健全主体功能区制度体系的改革创新重点，进行了深入讨论。研究认为，经济地理学在主体功能区形成与发展中发挥了重要的科技支撑作用，新时代健全主体功能区制度体系也必将成为经济地理学发展的新动力。,"['主体功能区', '空间格局', '制度体系', '经济地理学', '高质量发展', '中国式现代化']",T48,T21,3.0,0.7091082663801727,关键词:空间格局,0.0444667572524198,-0.077798097284481,0.7266666666666667,T21,A51,A26,1.0,0.7195963278353359,摘要:国土空间,0.1262409893290496,-0.0028833726047429,0.6155555555555555,A26,False,False,False,needs_review,medium,needs_review
ZH_0077,新时期我国新质生产力的源—汇功能甄别与空间布局,因地制宜发展新质生产力是高质量发展的内在要求。党的十八大以来，我国逐步形成了政策支持、要素配置、产业引领相互交织的新质生产力战略框架。文章系统梳理了新质生产力的演进与空间组织，从源—汇功能的视角甄别了新质生产力培育的时空格局，划定并探讨了发展中心、策源地、蓄水池和腹地等不同类型功能区域的战略定位及政策指引。研究发现：(1)新质生产力发展表现出产业和创新的空间收敛、区位优势的空间依赖、要素流动模式的多元化等效应，赋予地区源—汇功能要素耦合、功效分异、尺度嵌套等内涵。(2)研究期内我国新质生产力汇与源的功能分别呈“北高南低”与“南高北低”特征，形成东、南、北和西部四大功能区，未来应基于各地发展定位和资源禀赋因地施策，构建源汇耦合、优势互补、跨区协同布局，赋能区域协调的高质量发展。,"['新质生产力', '要素集聚', '源—汇功能', '空间组织', '创新驱动', '高质量发展']",T48,T07,0.0,0.0025564065499943,,0.0889063160127901,0.018260046785674,0.4828120472049937,T48,A48,A39,0.0,0.0007162844479209,,0.0994033144616836,0.0051163174851493,0.480787912892713,A48,False,False,False,needs_review,needs_review,needs_review
ZH_0081,美丽中国目标下洞庭湖区旅游生态效率时空演化及其影响路径,文章以洞庭湖区17个县域为研究对象，通过构建县域旅游生态效率指标体系，揭示了2011—2020年洞庭湖区旅游生态效率的时空特征；同时运用Tobit模型和动态QCA模型探究了洞庭湖区县域旅游生态效率的主要影响因素和影响路径。结果表明：(1)洞庭湖区旅游生态效率整体处于中等偏上水平，且呈现波动上升的发展趋势，县域间相对差异增大，极化现象突出。(2)洞庭湖区旅游生态效率呈现由西南向东北降低的演变趋势，旅游生态效率高效率区分布范围最广，且主要分布在西部和南部。(3)从旅游生态效率影响因素来看，旅游经济规模、技术创新投入、产业结构、城镇化水平、环境规制强度、公路网密度及旅游资源禀赋呈现显著的正向影响。(4)在提升洞庭湖区旅游生态效率的5条发展路径中，环境规制强度逐渐成为关键所在。,"['旅游生态效率', '动态QCA', '技术创新', '环境规制', '旅游资源禀赋', '美丽中国', '洞庭湖区']",T41,T44,1.0,-0.5127770488054185,摘要:指标体系,0.0867694400190332,0.0107761820021121,0.4755555555555555,T29,A41,A45,1.0,-0.6508309327144699,摘要:城镇化,0.085440753315172,-0.1109772504815077,0.4755555555555555,A45,False,False,False,needs_review,needs_review,needs_review
ZH_0085,考虑用户需求响应博弈推演的区域综合能源运营策略,随着工商业用户能源种类多样化及其耦合程度紧密化，通过激励消费者剩余价值引导综合能源用户参与需求响应，对于降低综合能源系统运行成本以及提高用户能效具有积极意义。该文设计了基于消费者剩余的体验估值函数，并将其考虑在用户侧目标函数中，通过演化博弈推导工商业用户参与需求响应的动态过程，从而克服传统分析方法对用户侧参与需求响应的定值设置。该文建立了基于用户侧需求响应演化博弈的综合能源系统优化运营模型，上层建立了区域综合能源系统优化模型，计算面向用户的用能价格；下层建立了考虑剩余价值的区域综合能源系统用户响应模型，并进行演化博弈推导。算例基于电-热-气综合能源系统，采用演化博弈分析了需求侧市场用户响应行为及其影响因素。结果表明，工商业两类用户参与需求响应使得综合能源系统的运行总成本降低5.5%，同时两类用户效用分别提高了51.91%和44.29%。所提模型和方法不仅可以模拟用户侧需求响应动态博弈过程，而且能够为综合能源系统中运营商和需求侧用户的策略选择提供有益参考。,"['演化博弈', '需求侧响应', '区域综合能源市场', '有限理性']",T38,T45,0.0,0.0120883045270234,,0.1590762232610647,0.0863450323358819,0.4932971349797258,T38,A33,A36,1.0,-0.5235665151807989,摘要:综合能源系统,0.6032625514286696,0.2602391772800077,0.5355555555555556,A33,False,False,False,needs_review,needs_review,needs_review
ZH_0090,快速动态响应同步调相机转子引线断裂故障分析,大型调相机的安全稳定运行关乎着电网电压的稳定、动态无功支撑水平和新能源消纳能力。该文研究了一起实际的调相机转子引线断裂故障，综合现场检查、返厂解体检查、试验分析、故障复现实验及其他换流站同型号调相机的检查结果，发现转子引线的设计及工艺方面存在缺陷，径向存在约4mm的悬空区域，加之长期运行磨损，最终导致调相机引线断裂烧熔触发跳机。从引线设计方案优化和实际运行工况着手，充分研判该型号调相机转子引线各段结构的可靠性及适用性，深入研究各种工况下的离心力及振动，保证引线及配套绝缘紧固连接，论证得出治理方案，为在运工程及后续新建机组安全可靠性奠定基础。,"['同步调相机', '转子引线断裂', '一点接地']",T32,T29,0.0,0.0149277603942277,,0.2954516228253006,0.1066268599587694,0.4964205364336504,T32,A32,A30,1.0,0.7096970599640193,摘要:换流站,0.0587579462751838,-0.0735924288284332,0.6155555555555555,A30,False,False,False,needs_review,needs_review,needs_review
ZH_0093,考虑源-荷不确定性的省间电力现货市场潮流风险概率评估,新型电力系统建设背景下可再生能源占比逐渐提高，源-荷双侧不确定性使省间电力现货市场运行风险增加。针对该问题，提出一种考虑源-荷双侧不确定性的省间电力现货市场联络线潮流风险概率评估方法。首先，分析源-荷双侧不确定性对省间电力现货市场出清的影响，建立源-荷联合不确定性模型为市场出清提供数据基础。然后，设计省间电力现货市场出清双层优化模型，以计算省间联络线的潮流出清结果。最后，为表征源-荷双侧不确定性给电力市场出清安全带来的风险，提出联络线容量占用率、潮流概率稳定度和潮流稳定风险度等多个指标对联络线潮流进行了不确定性风险评估。利用某省电力公司数据进行了仿真测试，并将结果与不同不确定性建模方法、不同置信区间下的评估结果对比，验证了所提方法的有效性。,"['源-荷不确定性', '省间电力现货市场', '概率分析', '风险评估']",T30,T13,4.0,0.5782700861611567,关键词:风险评估；摘要:风险评估,0.3604432621785051,0.2733577582939772,0.8422222222222222,T30,A36,A34,1.0,0.0016668730088541,摘要:电力市场,0.0973083359907817,0.0119062357775299,0.537389115865295,A36,False,False,False,needs_review,high,needs_review
ZH_0094,双重移相控制下双有源桥变换器最小回流功率全局优化控制,"双有源桥(dual-active-bridge,DAB)DC-DC变换器通常用于能量转换。然而，传统的单移相控制使得变换器在输入电压和输出电压不匹配时产生较大的回流功率，特别是轻载情况下该现象更为严重。现有基于双重移相控制(dualphase-shift,DPS)的回流功率优化策略，尚未考虑全功率范围内的回流功率，也缺乏对所有工作模式下最小回流功率的研究。为此，该文提出一种考虑全功率范围、全工作模式的DPS最优控制策略。首先，详细阐述回流功率产生的机理，建立了不同工作模式的传输功率和回流功率数学模型。然后，计及不同工作模式的功率限值，将DPS控制的传输功率分成不同的功率区。在此基础上，提出了一种基于最小回流功率的DPS最优控制策略，通过分析不同工作模式下的优化路径获得各个功率区的最优移相角，进而提升DAB变换器的传输效率。最后，搭建实验平台验证所提最小回流功率控制策略的可行性。","['双有源桥变换器', '双重移相控制', '最小回流功率', '全功率范围', '全工作模式']",T49,T11,1.0,0.0026435536123559,摘要:控制策略,0.0387534889528914,0.0188825258025424,0.478463464529147,T07,A09,A27,1.0,-0.0021381803519151,摘要:CT,0.0223762215161812,-0.0152727167993936,0.4755555555555555,A07,False,False,False,needs_review,needs_review,needs_review
ZH_0097,融合频谱特性与聚类云-证据推理的油纸绝缘老化程度诊断,"油纸绝缘系统老化程度与电力变压器的稳定运行密切相关。针对油纸绝缘频域介电谱(frequency-domain spectroscopy,FDS)所提相关特征量单一和未考虑频谱特性指标间冲突性与随机性而导致老化诊断结果误差大的问题，提出了融合频谱特性与聚类云-证据推理的油纸绝缘老化程度诊断方法。首先，根据不同老化试样的频谱特征提取老化诊断多特征指标，并利用非线性拟合构建老化特征数据库。其次，基于Kmeans聚类提出适配非线性变化指标的聚类云模型基本概率分配方法。最后，针对多特征量的冲突性及相关性差异，利用CRITIC-G1综合赋权法计算各指标对应的证据修正因子，并进行基本概率再分配，利用证据融合推理得出油纸绝缘系统真实老化程度。实验结果表明，所提方法可准确诊断复合油纸绝缘样本的老化状态，为电力检修策略的制定提供了理论指导。","['频谱特性', '油纸绝缘', '聚类云-证据推理', '老化程度诊断']",T41,T27,1.0,-0.0196641469051476,摘要:云模型,0.0850337639600447,-0.1404581921796256,0.4755555555555555,T10,A09,A37,1.0,0.0240936597718044,摘要:CT,0.2317053032332174,0.172097569798603,0.5620585813045404,A09,False,False,False,needs_review,needs_review,needs_review
ZH_0106,极寒灾害下电力-天然气耦合系统故障连锁传播过程推演方法,随着电力系统和天然气系统的耦合日益紧密，极端灾害发生时跨能源系统的故障传播风险加剧，可能进一步扩大停电范围。电力和天然气耦合系统的故障推演分析可为剖析演化机理和制定相应的阻断措施奠定基础。首先，以得州停电事件为背景，分析了极端灾害下故障如何跨能源系统传播，并指出分析时须重点考虑的关键问题。其次，为分析故障推演过程，分别从耦合建模、联合仿真以及实现方式3方面展开。重点关注时间尺度和建模需求，考虑了适用于灾害连锁传播分析的电力系统、天然气系统以及耦合元件的模型；设计了时间驱动和事件驱动相结合的联合仿真方法，并通过设计仿真软件之间信息交互的定制化接口方式实现。该方法实现了电力系统和天然气系统在各自平台上仿真信息的时空交互，可直观刻画故障在耦合系统中的推演过程。最后，通过电力-天然气耦合系统测试，分析了极寒灾害下电力-天然气耦合系统的故障传播过程和故障防御措施，验证了所提方法的有效性。,"['电力系统', '天然气系统', '得州停电', '故障推演', '联合仿真方法']",T40,T44,0.0,0.0304931177444685,,0.3362089555673779,0.2178079838890612,0.5135424295189154,T40,A33,A28,0.0,0.0058628355229978,,0.2426029121288002,0.0418773965928415,0.4864491190752976,A33,False,False,False,needs_review,needs_review,needs_review
ZH_0107,德国电力平衡单元机制及其启示,在我国可再生能源迅速发展与新的能源供需形势大背景下，我国电力市场研究逐渐从理论走向政策设计与实施阶段。在众多国外先进电力市场建设经验中，德国电力市场通过独特的平衡单元机制设计，实现了平衡费用向整个社会分摊，有效在不显著扩大实时平衡市场和备用机组规模的同时，提升了德国可再生能源的消纳水平。文章详细讨论了德国基于平衡单元的电力市场设计机制，分析了平衡单元机制下德国电力系统运行中的3类关键主体、平衡单元机制下德国电力市场的中的合同关系、德国现货市场和实时平衡市场下平衡责任方的参与和分摊方式以及平衡能源费用的计算与修正。平衡单元机制是德国电力市场的独特机制，有效实现了高比例可再生能源接入的德国电力系统的平衡稳定，对我国电力市场和电力平衡机制体制设计具有重要的参考借鉴作用。,"['平衡单元', '电力市场', '电力平衡机制', '德国能源政策', '可再生能源发电']",T40,T38,0.0,0.0043426637920086,,0.1843819571542579,0.0310190270857759,0.4847769301712095,T40,A36,A34,4.0,-0.0008065473032792,关键词:电力市场；摘要:电力市场,0.4329083613262167,-0.0057610521662799,0.6422222222222222,A34,False,False,False,needs_review,needs_review,needs_review
ZH_0110,融合同步发电机动态状态估计的电力系统状态估计,"当电力系统遭受某种较大扰动时，其安全稳定将受到威胁。为实现对整个系统受扰后机电暂态过程的完整跟踪，提出一种新的融合同步发电机动态状态估计(dynamic state estimation of synchronous generator,DSE-SG)的电力系统状态估计(state estimation of power system,SE-PS)，研究该如何将DSE-SG的结果进一步应用于系统侧SE-PS中去，以实现全系统动、静态状态量的统一估计。首先，围绕全电力系统机电暂态DSE的求解方式，论述了完全联立的不可行性、解耦估计的实现条件以及复耦估计的必要性与意义；其次，在梳理DSE-SG与SE-PS概念、数学模型的基础上，厘清了所涉变量、方程组的地位、作用、关系及数据流程，为复耦媒介量的选取及接口方式的确定奠定了理论基础，形成了复耦估计的实现构思；进一步，提出两种不同的接口方式，详细给出其各自具体的实现方法及流程；最后，将所提方法在IEEE9节点系统中予以实现，结果表明该方法可良好跟踪全电力系统机电暂态过程，实现动、静态状态量的统一估计，较未融合DSE-SG结果的传统SE-PS精度更高，滤波效果更显著。","['电力系统状态估计', '同步发电机动态状态估计', '卡尔曼滤波', '机电暂态']",T35,T27,7.5,0.3871363935611678,标题:状态估计；关键词:状态估计；摘要:状态估计,0.4129056676633061,0.365259954008341,0.98,T35,A27,A01,1.0,0.7190202111107871,摘要:数学,0.0511315185097773,-0.0069984920658068,0.6155555555555555,A01,False,False,False,needs_review,high,needs_review
ZH_0113,储充换一体站协同多综合能源楼宇的低碳经济调度,"储充换一体站(storage-charging-swapping integrated station, SCSIS)与综合能源楼宇(integrated energy buildings,IEB)结合将是未来多能建筑的重要形式之一。针对其协同运行展开研究，提出了一种SCSIS协同多IEB的低碳经济调度方法。首先，构建了SCSIS与多IEB组成的电能共享协同运行架构。其次，基于阶梯型碳交易机制在电能共享模式下建立了多主体协同的低碳经济调度模型。再次，为了最大化主体利益，以纳什谈判理论为依据，采用交替方向乘子法(alternating direction method of multipliers, ADMM)对电能共享价格进行求解。最后，通过算例对所提调度模型的可行性与有效性进行探讨。算例结果表明，通过引入电能共享与阶梯型碳交易机制，使得系统在兼顾经济性的前提下有效降低了碳排放，且证明ADMM对电能共享价格的求解具有较好的收敛性。","['储充换一体站', '综合能源楼宇', '电能共享', '阶梯型碳交易机制', '纳什谈判']",T38,T11,4.0,0.592247675744177,关键词:纳什谈判；摘要:纳什谈判,0.4532465062927969,0.3731976838869787,0.8422222222222222,T38,A44,A09,1.0,-0.012552340201919,摘要:碳排放,0.0373451203777341,-0.0896595728708503,0.4755555555555555,A09,False,False,False,needs_review,high,needs_review
ZH_0116,基于动态蛇形卷积和非跨步卷积的绝缘子缺陷检测,针对复杂场景下绝缘子缺陷检测存在小目标识别困难的问题，提出基于动态蛇形卷积和非跨步卷积的绝缘子缺陷检测方法。首先，算法引入动态蛇形卷积，构造出符合绝缘子特点的特征提取模块，提高对绝缘子及其缺陷的特征提取能力。然后，采用“空间-深度”的非跨步卷积，减少融合过程中的特征丢失。最后，为进一步降低模型复杂度，对模型进行通道剪枝，减少冗余部分。在绝缘子缺陷数据集上进行实验对比，与基准算法相比，绝缘子的破损、污闪以及自爆缺陷的识别率分别提升了5.7%、2.4%和0.8%，改进算法在绝缘子的检测率上提升了0.5%。同时平均精度均值较改进前提升了2.3%，模型大小降低了50.07%。实验结果表明，改进算法在提高绝缘子缺陷小目标检测精度的同时，有效降低了模型大小，对绝缘子缺陷检测的研究具有一定的参考和应用价值。,"['绝缘子', '缺陷检测', '动态蛇形卷积', '“空间-深度”的非跨步卷积']",T27,T25,1.0,0.0351666563585818,摘要:特征提取,0.3491479271119892,0.2511904025612989,0.5742388775499956,T27,A15,A07,0.0,0.0010495385055481,,0.1150940147041012,0.0074967036110579,0.4811544923561029,A15,False,False,False,needs_review,needs_review,needs_review
ZH_0121,高比例分布式电源接入下基于变分模态分解的励磁涌流辨识,"分布式电源高渗透并网，呈现出运行复杂性与非线性，故障电流谐波特征显著，使得传统继电保护难以准确区分励磁涌流与故障电流。因此，首先分析了光伏与双馈风机接入产生谐波的表达式，推导了励磁涌流产生机理及谐波特性，并总结了励磁涌流与短路电流频率分量占比。据此，充分发挥变分模态分解(variationalmode decomposition, VMD)避免模态混叠的优势，采用VMD算法将故障电流分解为不同中心频率模态分量，比较不同模态方差贡献率进而辨识励磁涌流。仿真结果表明：所提辨识方法在不同故障类型、不同种类分布式电源以及不同合闸角等条件下均能准确地辨识，且辨识能在故障发生一个周波内完成，灵敏度高。","['分布式电源', '励磁涌流', '变分模态分解', '方差贡献率']",T40,T15,0.0,0.0148666018644086,,0.1600590276356284,0.1061900133172045,0.4963532620508494,T40,A37,A31,1.0,-0.6422252021153574,摘要:继电保护,0.1232522761090657,-0.1301800151096957,0.4755555555555555,A31,False,False,False,needs_review,needs_review,needs_review
ZH_0125,数智时代：重置教育思维,当前，人类社会正处于从工业时代到数智时代的大转折中，整个教育领域急寻全新的底层逻辑来重塑。工业时代教育的重点在于人类的低阶思维的培养——知识的学习、掌握和应用，但这些功能正加速被人工智能所替代。数智时代教育的重点必须转移至人类的高阶思维——想象未来、创造未来。文章通过关键案例展示过去15年清华大学钱学森班和深圳零一学院的实践和成效，展现了一种数智时代教育范式的希望之光——以创新为内生动力牵引成长的教育（简称“创生教育”）。创生教育的底层逻辑是内因的重要性最大，其次才是外因和基因，这从根本上颠覆了工业时代教育的重要性次序。希望文章能引起对如何进行未来教育和创新急剧变革试点的广泛讨论和大胆尝试。,"['数智时代', '教育思维', '创生教育', '成长']",T23,T42,0.0,0.0028224533033218,,0.1094797423488865,0.0201603807380136,0.4831046986336541,T23,A26,A25,1.0,-0.6164659322264072,摘要:人工智能,0.3760528004182586,0.0538147698113762,0.5355555555555556,A26,False,False,False,needs_review,needs_review,needs_review
ZH_0127,粤港澳大湾区新材料发展现状和策略研究,新材料是新质生产力的重要源动力。粤港澳大湾区当下正面临制造业升级的内外压力，迫切需要发挥新材料对现代化产业体系建设的引领支撑作用。文章梳理了大湾区材料科学、产业发展的基本情况，深入分析其优势、特点与问题，并围绕如何在大湾区发展材料科学、技术、产业提出了若干建议。,"['新材料', '粤港澳大湾区', '新质生产力']",T13,T12,0.0,0.0012602438440243,,0.1228638320035248,0.0090017417430306,0.4813862682284267,T13,A43,A15,1.0,0.713855092137871,摘要:制造业,0.1364293356012418,-0.0438921990152068,0.6155555555555555,A15,False,False,False,needs_review,needs_review,needs_review
ZH_0128,基于充电站谐波特性的频率自适应有源电力滤波控制策略,随着分布式新能源在充电站的接入，源荷的随机特性使电网基频发生波动，进一步加剧站内谐波电流越限风险。对此，提出了一种频率自适应的有源电力滤波谐波检测与跟踪策略。首先，设计了一种改进式广义积分器与延时相消相结合的混合滤波器结构，提高原有广义积分器的滤波性能和动态响应能力，并可消除直流偏置及不平衡分量的影响。其次，通过引入前馈补偿的改进锁相环消除频率波动引起的误差，实现频率自适应谐波检测。最后，基于频率波动导致的谐波跟踪误差，采用结合无限脉冲响应滤波器的快速重复控制，可依据检测频率实现动态调整。仿真和实验结果表明，所提出的控制策略在充电负荷侧可稳定地检测电网频率。且在频率波动的工况下具有较优的谐波补偿能力，在32 ms实现对谐波电流的补偿，治理后电流谐波畸变率下降到5%以下，对不同工况下的充电站具有通用性。,"['充电站谐波', '频率自适应', '有源电力滤波', '广义积分器', '延时相消']",T49,T27,4.5,-0.2931766183651568,标题:控制策略；摘要:控制策略,0.042389596941475,-0.0369758454654059,0.6699999999999999,T28,A39,A28,0.0,0.0007493441596213,,0.0944835866437872,0.0053524582830095,0.4808242785755834,A39,False,False,False,needs_review,medium,needs_review
ZH_0130,基于近似熵变化量判据的混合直流输电系统纵联保护方案,高压直流输电线路行波保护对信号采样频率要求高，保护性能受过渡电阻及噪声干扰影响较大，需配合纵联保护识别故障位置。而现有纵联差动保护易受分布电容影响，传输数据量较大，动作速度有待提升。为了解决上述问题，提出一种基于近似熵变化量判据的混合直流线路纵联保护方案。近似熵需要的计算数据量较小，且兼具高灵敏性、高可靠性优势。故障发生后，近似熵变化量呈现明显的峰值特征，基于1模电压电流近似熵变化量构建的保护判据能快速准确地识别高阻接地故障，同时能减小噪声干扰和分布电容的影响。基于乌东德±800 kV混合直流输电系统仿真模型对所提保护方案进行验证。结果表明，所提保护方案仅需5 kHz采样频率，无需严格的时间同步，且在经800Ω过渡电阻接地及10 dB信噪比场景下能够正确、快速地动作。,"['纵联保护', '后备保护', '直流线路保护', '混合直流输电系统', '近似熵']",T14,T25,1.0,0.7052751310016765,摘要:仿真模型,0.008825618534712,-0.1051776357023101,0.6155555555555555,T25,A32,A37,1.0,-0.4460072397302987,摘要:高压直流,0.2481854821685595,0.2428054304978655,0.5355555555555556,A32,False,False,False,needs_review,medium,needs_review
ZH_0134,长三角地区生态韧性抵抗——适应——恢复的耦合协调及影响机制,增强生态韧性是推动生态文明建设的重要途径，提升生态韧性协调性是区域高质量发展的内在要求。文章基于抵抗—适应—恢复三维框架构建指标体系，并借助动态耦合协调度模型、地理探测器和空间杜宾模型等方法，分析了2012—2021年长三角生态韧性内部子系统耦合协调的时空变化规律及其影响机制。结果表明：(1)长三角生态韧性三大指数呈缓慢上升态势。各子系统在时间上呈现增长趋势，在空间上呈现“东南高、西北低”的分布特征。(2)长三角生态韧性协同水平不断提升。其中抵抗力和恢复力的演化方向由负转正，演化速度也有不同程度提高；而适应力的演化方向则由正转负，演化速度减缓。偏离协调度在长三角大格局上呈现东南低西北高的分布特征。(3)经济发展、科技创新、产业结构、对外开放和城镇化水平是影响生态韧性耦合协调度的主导因子，同时在外源扰动和内核驱动的双重作用下，生态韧性耦合协调度受到社会调控机制、经济动力机制和自然约束机制的综合影响。,"['生态韧性', '耦合协调', '高质量发展', '科技创新', '产业结构', '自然因素', '长三角地区']",T44,T42,1.0,0.045478504079341,摘要:耦合协调度,0.4146563929153093,0.3248464577095789,0.5855819100428308,T44,A41,A39,1.0,-0.6303769784101539,摘要:城镇化,0.0383698154176356,-0.045549845786814,0.4755555555555555,A43,False,False,False,needs_review,needs_review,needs_review
ZH_0139,西部河谷城市空间结构对碳排放量的影响,科学认知城市空间结构对碳排放的影响，对明晰城市碳减排路径具有重要意义。文章选择组团结构鲜明的34个西部河谷城市为研究对象，采用2010—2020年的多元经济社会数据，在解析其碳排放量与空间结构分布特征的基础上，借助固定效应多元回归分析模型探究城市空间结构对碳排放量的影响。研究发现：(1)城市碳排放总量和均量均呈现出南北高而中间低的分布格局，11年间总量与均量变化的差异性均较大。(2)基于空间集中与集聚指数可将城市空间结构划分为4种类型，11年内大部分城市的空间结构相对保持稳定，但其空间分布具有明显的地域差异性。(3)案例对比、基准回归和稳健检验分析均表明，紧凑（多中心）空间结构有利于降低西部河谷城市的碳排放总量、人均碳排放量和地均碳排放量。但异质性检验分析得出，紧凑型空间结构仅有利于西南河谷城市和用地规模中等城市的碳减排，紧凑多中心空间结构仅有利于人口规模小的城市降低碳排放量。,"['城市空间结构', '碳排放量', '集聚', '紧凑多中心空间结构', '人口规模']",T42,T24,1.0,0.7267962759407318,摘要:固定效应,0.1432792377159548,0.0485448281480849,0.6755555555555555,T42,A39,A44,0.0,-0.7290083003258929,,0.1130323398406832,-0.0643450023278062,0.26,A44,False,False,False,needs_review,medium,needs_review
ZH_0144,交通基础设施建设对城乡收入差距的影响及其空间效应,文章基于2010—2021年中国30个省域的面板数据，运用空间杜宾模型检验了交通基础设施对城乡收入差距的直接效应和空间溢出效应，并利用中介效应模型进一步揭示了交通基础设施通过产业结构升级对城乡收入差距的作用路径。结果表明：(1)交通基础设施水平逐年上升，城乡收入差距逐年缩小，且二者均具有正向的空间相关性；(2)交通基础设施对城乡收入差距有着显著的影响，其直接效应、间接效应和总效应均显著为负，说明交通基础设施可以推动城乡收入差距的缩小，并对周边地区产生明显的空间溢出效应；(3)产业结构升级在交通基础设施对城乡收入差距的影响中存在部分中介效应，其中介效应占比为38.27%，说明交通基础设施可以通过提升产业结构水平起到缩小城乡收入差距的作用。研究认为，要充分发挥交通基础设施对城乡收入差距的缩小效应，不仅需要推动产业结构升级，同时也需要加强相邻地区间的协同合作。,"['交通基础设施', '城乡收入差距', '空间杜宾模型', '空间溢出效应', '中介效应模型']",T42,T47,5.0,0.7510738683499275,摘要:面板数据；关键词:空间杜宾模型；摘要:空间杜宾模型,0.2903673451474193,0.2219562024994824,0.8977777777777778,T42,A43,A46,1.0,-0.7163957553363308,摘要:产业结构,0.1173045660772931,-0.3171125381166487,0.4755555555555555,A18,False,False,False,needs_review,high,needs_review
ZH_0145,中蒙俄经济走廊经济脆弱性测度及其影响因素,文章以2020年中蒙俄经济走廊沿线48个省份的社会、经济及生态环境数据为基础，建立综合评估指标体系，运用无权重均值法对中蒙俄经济走廊的经济脆弱性进行评价，并利用空间分析法、地理加权模型对其空间特征与影响因素进行研究。结果显示：(1)蒙古国经济脆弱性高，呈现以乌兰巴托市、达尔汗乌勒省为双核心逐层递增的空间分布特征；俄罗斯经济脆弱性次之，呈现以莫斯科市以及贝加尔湖附近地区双核心逐层向外递减的空间分布特征；中国经济脆弱性低，呈现西南部向东北部递增的态势；(2)中蒙俄经济走廊的暴露敏感与经济脆弱性、适应能力与经济脆弱性均具有显著的聚集特征；(3)政府调控、产业结构与资源投入对经济脆弱性有显著的影响。最后，提出要适度加大对中蒙俄经济走廊建设的政策支持，促进其产业升级进程，提高其资源投入利用率等对策建议。,"['经济脆弱性', '中蒙俄经济走廊', '跨国合作', '适应能力', '政府调控', '投资区', '地理加权模型']",T41,T21,1.0,0.7279404522885367,摘要:指标体系,0.1623739725331091,0.0567175163466906,0.6755555555555555,T41,A43,A50,1.0,-0.4684802123039093,摘要:产业结构,0.0633659424700772,0.0822841978292188,0.4755555555555555,A21,False,False,False,needs_review,medium,needs_review
ZH_0149,中国城市的公路可达性水平测度与时空变化,文章以中国城市可达性为研究对象，以公路网数据为基础，构建了3种衡量时间可达性的指标，并根据指标的经济地理含义，从不同角度分析了1980—2019年中国334个城市的公路可达性特征和演变规律。研究发现：(1)1980—2019年各城市的地理可达性均值从47.60 h缩短至17.92 h。其中，旅行距离缩短和旅行速度加快的贡献率分别为8.7%和91.3%。(2)地理可达性和整体经济可达性2个指标的分布特征均呈现以中部地区为中心的“核心—外围”特征；不同时期这2种可达性改善最快的地区，跟整体经济增长潜力增加较大的地区呈现出一致性，但可达性最优区域的具体分布与经济发达区域的分布存在较大差异。(3)区域经济可达性的分布特征显示，具备该可达性优势的地区位于东部沿海地区的带状区域和多个分散的内陆区域，其分布基本上跟各地区的经济发达区域重合。研究结果说明，在分析公路交通网络对经济地理格局的影响时，需根据分析的目的来选择适宜的可达性指标。,"['公路交通网络', '地理可达性', '整体经济可达性', '运输经济半径', '区域经济可达性', '中国']",T19,T27,0.0,0.0032753137058811,,0.1511853661767678,0.0233950978991508,0.4836028450764693,T19,A39,A46,4.0,-0.5994032664149047,关键词:区域经济；摘要:区域经济,0.0405481191070872,-0.2213015270237556,0.6422222222222222,A46,False,False,False,needs_review,needs_review,needs_review
ZH_0150,廊道旅游地空间网络结构及其形成机制,作为一种线型空间，廊道旅游地资源类型丰富，且在空间分布上呈现出独特性。文章以岭南民族特色高质量发展廊道为例，综合运用模体分析和指数随机图模型，识别了廊道旅游地的空间网络结构及其形成机制。研究发现：(1)廊道旅游地的空间网络呈现出分散式“核心—边缘”结构，核心节点之间更容易建立联系，以带动边缘节点、实现整体发展；(2)廊道旅游地空间网络内部存在差异性的子结构，且各子结构之间联系越紧密，越能够发挥“串点成线”的联动作用；(3)廊道旅游地空间网络存在互惠发展、间接联通和三角传递的演化模式，网络基础单元的自组织机制是廊道空间网络的内部涌现机制；(4)廊道旅游地空间网络的形成是“内生网络结构—行动者属性—外部空间特征”共同影响的结果。,"['廊道旅游地', '空间网络结构', '模体分析', '民族文化', '资源等级', '乡村振兴', '岭南文旅廊道']",T46,T43,4.5,0.7189010635306203,标题:形成机制；摘要:形成机制,0.2603505113092936,-0.0078495462098545,0.8099999999999999,T43,A42,A45,3.0,-0.4124864026718859,关键词:乡村振兴,0.2264528852543656,0.1393828380579573,0.6466666666666667,A42,False,False,False,needs_review,high,needs_review
ZH_0151,中国经济地理思想史的来源、脉络与特色——李小建等著《中国经济地理思想史》读后,李小建等著《中国经济地理思想史》（经济管理出版社2023年3月版）一书，是第一部全面论述中国经济地理思想史的力作，为读者展现了一幅内容丰富、脉络清晰、特色鲜明的中国经济地理思想演变的历史画卷。1回答了中国经济地理思想史的三个基本问题第一个基本问题是：什么是中国经济地理思想史？顾名思义，经济地理思想史属于科学思想史范畴，而中国经济地理思想史属于国别科学思想史范畴。要想准确把握中国经济地理思想史的范畴，就必须搞清楚“科学思想”和“经济地理学”两个核心概念。,"['思想史', '《中国经济地理思想史》', '李小建', '中国经济地理']",T42,T12,0.0,0.002066333618364,,0.0629150155268896,0.014759525845457,0.4822729669802004,T42,A27,A05,0.0,0.0015463476090936,,0.0856585602112856,0.0110453400649547,0.481700982370003,A27,False,False,False,needs_review,needs_review,needs_review
ZH_0155,中国减污降碳与扩绿增长耦合协调度的时空特征及其驱动因素,文章基于2011—2022年中国31个省份的面板数据，在构建减污降碳协同水平和扩绿增长指数评价指标体系的基础上，运用博弈论组合赋权法、耦合协调度模型、多尺度地理加权回归模型等方法，考察了中国减污降碳与扩绿增长耦合协调度的时空演化特征及驱动因素。结果表明：(1)研究期内中国减污降碳与扩绿增长耦合协调度总体呈现上升趋势，由轻度失调阶段上升至勉强协调阶段；空间分布从高到低依次为东部地区、中部地区、东北地区、西部地区，其中东部地区领先优势明显且逐渐扩大。(2)中国各省份减污降碳与扩绿增长耦合协调水平在空间上存在固化和动态变化特征，少数省份始终处于同一耦合协调阶段，多数省份上升至勉强协调及以上阶段。(3)从驱动因素看，能源消费结构对东北地区和京津冀地区耦合协调度的驱动作用较大，环境规制强度对华北地区耦合协调度的驱动作用较大，交通运输结构对东部沿海地区耦合协调度的驱动效应较大，人口密度对华中地区和华南地区耦合协调度的驱动效应较大，而能源利用效率的正向作用基本覆盖全部样本省份。,"['减污降碳', '扩绿增长', '耦合协调', '时空演化特征', '驱动因素', '多尺度地理加权回归模型']",T44,T42,8.5,0.6884355613452566,标题:耦合协调度；摘要:耦合协调度；关键词:时空演化；摘要:时空演化,0.4961312766012076,0.3795817407014127,0.98,T44,A46,A39,1.0,0.0015654613169994,摘要:交通,-0.0121047113809251,0.0111818665499954,0.4772775630042549,A09,False,False,False,needs_review,high,needs_review
ZH_0159,被低估的边缘：边缘区域创新研究综述,经济地理空间的不均衡分布和集聚是常态，核心区域的集聚优势使得核心区创新研究成为主流，边缘区域创新则往往被忽视和低估。然而，近年来，边缘区域创新活动日益频繁，引起学术界关注并对其进行解释。现有研究从多学科视角对边缘区域创新进行探讨，但对其概念界定、路径探讨等尚未形成统一理解，且未形成系统性文献梳理和机制解释。文章在对边缘区域创新进行文献分析的基础上，梳理了“边缘区域”内涵，界定了“边缘区域创新”行为，并创造性地构建了理解边缘区域创新途径的“内部、外部和系统创新”分析框架；同时指出边缘区域创新需要区域能动性、外部环境和区域能力的协调匹配，在挖掘自身需求和潜力、发挥能动性获得内部创新时，也需要建立外部联系获得外部创新和嵌入系统，才能实现多尺度系统创新。,"['创新', '边缘区域', '创新路径', '分析框架', '系统创新', '区域创新体系', '中国']",T06,T05,3.5,0.7371965648420911,标题:综述,0.277980959535857,0.1228326060149358,0.8144444444444445,T06,A30,A40,0.0,0.0013583743526686,,0.1823164189462957,0.009702673947633,0.4814942117879355,A30,False,False,False,needs_review,high,needs_review
ZH_0163,混合嵌入性理论视角下东莞市韩国人创业空间特征及形成机制,改革开放以来，东莞市吸引了大量外资企业，随韩资企业迁入，韩国人在本地形成了独特的创业空间。文章通过深度访谈和参与式观察法，基于混合嵌入性理论探讨了东莞市韩国人创业空间的特征及形成机制。研究发现：(1)在创业空间的特征上，韩国人的创业空间呈现出以市区为中心的空间集聚与向郊区扩散并存的趋势，形成了“大范围分散”的特点。(2)韩国人的创业空间形成受到多尺度要素和主体间互动的影响，且高度依赖族裔经济的社会网络。然而，创业空间并非固定不变。随着地缘政治关系、政策和市场环境的持续演变，东莞市韩国人会灵活调整其经营策略以适应外部环境变化。(3)韩国人在创业实践过程中积极参与地方经济和政治建设，使得移民的创业网络不断扩大，以缓冲地缘政治所带来的风险。,"['韩国人', '移民创业', '创业空间', '族裔经济', '混合嵌入性', '社会网络', '东莞市']",T20,T46,1.0,-0.6024068144541133,摘要:访谈,0.0434234688879855,-0.3029058175293808,0.4755555555555555,T46,A50,A24,0.0,0.0067920009312287,,0.1156412372077207,0.0485142923659197,0.4874712010243516,A50,False,False,False,needs_review,needs_review,needs_review
ZH_0164,中国市域老年失能照护机构发展及其供需适配性,老年失能照护是人口负增长时代的巨大挑战。文章结合多学科研究方法，刻画了老年失能分级照护机构的空间格局及密度差异，并揭示了其供需适配性的形成机制。研究发现：(1)中国老年失能照护机构数量总体呈现以北京、上海、广州为高值中心的分布格局，且高值区随照护分级的提升而逐渐收缩。(2)老年失能照护机构密度在不同区位、等级和规模的城市类型中有所差异，东部城市、直辖市和超大城市在所有失能分级下的发展优势均十分突出。(3)中国老年失能照护机构供需适配水平的空间分化迹象明显，总体表现为“东部繁荣、西部发展、中部塌陷”，且随着照护分级的提高，适配区向东部地区与省会城市集中。(4)供需适配格局受多种因素的共同影响，社会经济、支付能力和人口结构为空间分异的主导因子，其中人口结构与社会服务、医疗资源与交通条件的因子交互解释力最强。(5)各因素的影响效力存在区域差异，未来中国老年失能照护建设应充分考虑地区失能人口规模及结构特点，提供差别化的资源增补以弥合发展差异、实现社会公平。,"['失能老年人', '失能照护机构', '机构分级', '空间适配', '医疗资源', '社会经济', '中国']",T48,T46,2.0,0.3617782811068338,摘要:空间格局；摘要:空间分异,0.1258341264496099,0.0127020079059563,0.6711111111111111,T28,A46,A39,1.0,-0.0095772290847854,摘要:交通,0.0419874605549139,-0.0684087791770387,0.4755555555555555,A51,False,False,False,needs_review,medium,needs_review
ZH_0166,借用规模视角下中国城市收缩时空特征及其空间溢出效应,近年来中国城市收缩现象日益突出，客观准确识别城市收缩现象并探究其影响因素，对于新型城镇化建设具有重要意义。文章以2011—2018年中国286个地级及以上城市为研究对象，通过构建城市收缩指数测度指标体系，从功能规模借用和绩效规模借用的视角，对城市面板数据采用双固定效应模型、空间杜宾模型和面板门限模型等方法，实证检验了城市收缩的影响因素。研究发现：(1)中国城市在时间维度和空间维度上都出现增长与收缩并存现象，不同类型收缩城市数量、收缩程度和区域分布都存在显著差异。(2)功能规模借用和绩效规模借用2种效应在城市群和非城市群中均表现出异质性，并存在“空间溢出效应”现象。功能层面以规模借用形式存在，在全国范围内效应都显著；绩效层面则以集聚阴影形式存在，在非城市群中效应不显著。(3)借用规模因城市规模不同对城市收缩呈现非线性影响，功能规模借用水平表现为大城市>小城市>中型城市，而在绩效层面中小城市表现为集聚阴影，大城市则表现为绩效规模借用。,"['城市收缩', '借用规模', '城市群', '功能规模借用', '绩效规模借用', '集聚阴影']",T42,T41,3.0,0.5195824152270274,摘要:面板数据；摘要:固定效应；摘要:空间杜宾模型,0.3449627280611032,0.2827315373359106,0.7866666666666666,T42,A41,A39,1.0,-0.5434276283636408,摘要:城镇化,0.1739820582842514,-0.0244830597402911,0.4755555555555555,A39,False,False,False,needs_review,high,needs_review
ZH_0169,乡村旅游地回流劳动力的就业选择及其影响因素,农村劳动力的迁移和流动是一种重要的社会现象与经济过程，全球化和经济一体化不断加速农村劳动力的空间流动，乡村旅游在其中发挥着重要作用。文章以黟县7个旅游乡村为例，从个体微观因素和外部环境因素两方面综合分析乡村旅游地回流劳动力就业特征及其影响因素。结果表明：(1)从空间特征来看，乡村旅游地劳动力回流的区域性特征显著，村域、镇域等小尺度地区是劳动力回流的主要空间节点，回流后劳动力生活和工作的空间多集中在村域和镇域尺度，职住分离现象不显著。(2)从职业转变来看，劳动力回流前后职业相关性并不显著，回流前多从事建筑业、加工制造业等劳动技能单一、劳动力密集的行业，回流后多集中于住宿餐饮业和零售业等准入门槛低、投入产出小的行业。(3)从影响因素来看，乡村旅游地回流劳动力的就业选择受到多种因素的综合影响：受教育程度、家庭劳动力数量、家庭旅游从业人数等人力资本要素，从政从商的亲友数等社会资本要素以及景区距离、就业机会等外部环境要素对回流劳动者是否从事旅游就业影响显著。通过刘易斯二元经济理论分析乡村旅游地劳动力回流的底层逻辑，对比分析中西方城镇化模式，认为中国城镇化是城市化的阶段性特征；为促进人口的稳定回流，满足农村流动人口的利益诉求，提出相应建议。,"['乡村旅游地', '回流劳动力', '回流就业', '旅游就业', '住宿餐饮业', '乡村振兴']",T20,T15,0.0,0.0005514776043284,,0.1190251053198174,0.0039391257452034,0.4806066253647613,T20,A42,A45,4.0,-0.5297372924602973,摘要:农村；关键词:乡村振兴,0.2716759682736417,-0.0124092318592669,0.6422222222222222,A45,False,False,False,needs_review,needs_review,needs_review
ZH_0173,中国境外经贸合作区本地嵌入程度及影响因素——以东南亚地区为例,东道国地缘环境复杂多变，使得中国境外经贸合作区的本地嵌入程度和影响因素迥异。文章采用层次分析法和熵值法，从“地域嵌入”和“网络嵌入”两个维度度量了境外经贸合作区本地嵌入程度，进而解析主要的影响因素。研究发现：(1)境外经贸合作区本地嵌入包括多尺度的“地域”嵌入和多主体的“网络”嵌入，需要深入分析合作区本地嵌入与东道国环境的内在相关性。(2)东南亚地区中国境外经贸合作区的本地嵌入程度存在显著的差异，总体嵌入水平相对较高的是西哈努克港经济特区。(3)资源依赖度、制度环境、地方社会机构联系以及政府关注度是影响境外经贸合作区本地嵌入的主要因素。,"['境外经贸合作区', '东道国', '地域嵌入', '网络嵌入', '资源依赖', '制度环境', '东南亚地区']",T41,T43,1.0,0.7265862810599101,摘要:层次分析法,0.1606100533727919,0.0470448647136434,0.6755555555555555,T41,A30,A31,0.0,0.0061624397459333,,0.1025372619762207,0.044017426756667,0.4867786837205267,A30,False,False,False,needs_review,medium,needs_review
ZH_0174,低碳转型下煤电多路径改造与新能源组合决策方法,"煤电与新能源协同发展是我国能源电力行业低碳转型的重要路径。为实现煤电升级改造与新能源配储的路径优化，该文提出一套煤电与新能源组合优化决策方法。首先，构建了考虑多时间尺度电力电量平衡和安全性的组合优化模型，并通过模型解耦求解实现多类型资源在不同时间尺度的配合，从而给出煤电灵活性改造、碳捕集与封存(carbon capture and storage,CCS)改造、退役及长-短期储能的协同配置的组合方案；在此基础上，构建了综合考虑经济-安全-环境的评价指标，建立了能够反映指标间关联关系的DEMATEL(decision-making trial and evaluation laboratory)-CRITIC(criteria importance though intercriteria correlation)-TOPSIS(technique for order preference by similarity to ideal solution)综合评价方法，实现对不同组合方案的优选。最后，对我国省级电力系统进行分析，结果表明，所提方法能给出不同类型资源的组合方案，并实现方案的优选。综合来看，煤电灵活性及CCS改造配合长短期储能为最优的组合方案，在保证多时间尺度电量充裕性均衡的前提下，能降低系统碳排放和低碳转型成本、提升新能源消纳水平。","['低碳转型', '煤电改造', '多时间尺度储能', '组合决策', '综合评价']",T41,T05,5.0,0.7430363793500323,关键词:综合评价；摘要:综合评价；摘要:TOPSIS,0.3980677185077976,0.1645455667859459,0.8977777777777778,T41,A35,A44,4.0,-0.4055932733019097,关键词:储能；摘要:储能,0.0269442166648658,-0.1744057336691029,0.6422222222222222,A44,False,False,False,needs_review,high,needs_review
ZH_0179,基于多智能体强化学习的差异化产销者参与社区能源交易方法,考虑到新型电力系统中产消者特征各异，产消者对能源交易中的隐私性高度重视以及传统基于模型的优化方法在多重不确定性环境下的局限性，该文提出一种面向社区能源交易考虑特征差异和隐私保护的多智能体强化学习方法。首先，分析不同产消者的地理位置、分布式资源种类和主体类型等特征差异，建立相应的典型产消者模型；其次，以社区型市场结构为基础，构建基于市场中端费率定价的社区能源交易模型；最后，以市场收益和运行成本为优化目标，将产消者参与社区能源交易的能源交易优化问题构建成部分可观测马尔可夫决策过程。针对储能的荷电状态循环约束引入的稀疏奖励问题，该文提出采用基于余弦距离的动态奖励整形对奖励函数进行改进。针对其中的多智能体环境非平稳性问题，该文提出采用平均场近似机制对柔性策略-评价算法的Q函数进行近似，并采用该算法求解得到产消者的能量管理决策。通过算例验证，所提算法解决考虑特征差异和隐私保护的能源交易问题能够提高1.39%～54.32%的训练效率和降低0.46%～50.34%的平均累积日成本。,"['社区能源交易', '特征差异', '隐私保护', '强化学习', '柔性策略-评价算法']",T38,T13,0.0,0.0055469620706611,,0.1957017711785327,0.0396211576475798,0.4861016582777273,T38,A35,A36,1.0,-0.6757665584322385,摘要:储能,0.0137675707531543,-0.3697611316588466,0.4755555555555555,A36,False,False,False,needs_review,needs_review,needs_review
ZH_0182,基于有限混合模型的规模化电动汽车充电负荷在线预测方法,"在“双碳”目标下，规模化电动汽车接入将对配电网产生较大影响，准确预测电动汽车充电负荷是调控的基础。针对目前充电负荷预测方法中充电行为描述较为主观、精度较差，且缺乏对实时测量数据的利用等问题，提出了一种基于有限混合模型(finite mixture model,FMM)的规模化电动汽车充电负荷在线预测方法，FMM是将有限多个随机分布加权混合的统计学方法。该文从影响充电负荷的关键随机分布出发，提出使用FMM描述车辆起始充电时间随机分布，建立了规模化电动汽车充电负荷概率模型。在此基础上，提出了基于实测数据驱动的电动汽车负荷在线预测方法，该方法采用两阶段式算法对不同类型日的负荷模型参数进行辨识，并以时间驱动的方式在线更新负荷模型参数进而实现电动汽车充电负荷预测。最后，以某充电运营商的实测充电数据为例，持续辨识了运营区域内的充电负荷模型参数，并基于所辨识模型预测了该区域电动汽车充电负荷，通过分析模型参数辨识效果和充电负荷预测结果，验证了所提预测方法的有效性和可行性。","['电动汽车', '负荷预测', '数据驱动', '有限混合模型', '在线辨识']",T35,T26,4.0,0.7218670836999184,关键词:负荷预测；摘要:负荷预测,0.1606969348153062,0.0133363121422741,0.8422222222222222,T35,A31,A35,1.0,-0.6908711551405201,摘要:配电网,0.0285056364665868,-0.477651108146572,0.4755555555555555,A35,False,False,False,needs_review,high,needs_review
ZH_0184,表后光伏发电辨识方法综述,"由于大量分布式光伏发电系统安装在表后(behind-the-meter,BTM)，只测量净负荷数据，电力系统运行人员无法获得光伏发电信息和负荷信息，造成配电系统出现规划和调度困难等问题。随着分布式光伏渗透率逐渐升高，研究表后光伏发电辨识方法对电力系统的运行规划愈发重要。综述了表后光伏发电辨识方法的研究成果。首先介绍表后光伏发电辨识方法的3个主要方向的研究现状，包括光伏发电系统存在性检测、容量估计以及输出功率辨识；然后从光伏功率预测、净负荷预测、需求响应基线负荷估计、停电恢复方案4个方面介绍了表后光伏发电辨识方法的应用；最后讨论了未来的发展方向。","['表后', '光伏发电系统', '存在性检测', '容量估计', '输出功率辨识']",T06,T35,4.5,0.3784328240691939,标题:综述；摘要:综述,0.1660369913151681,-0.1540512566486154,0.8099999999999999,T35,A31,A34,1.0,-0.6342956782053698,摘要:配电系统,0.1006618210224533,-0.0735405586097845,0.4755555555555555,A34,False,False,False,needs_review,high,needs_review
ZH_0185,一种多虚拟同步机并联系统虚拟动态互阻尼控制方法,"在个多分布式源构成的微电网系统中，常采用虚拟同步机(virtual synchronous generator,VSG)技术来模拟同步电机特性以提供惯量支撑。但由于各VSG惯量、阻尼、阻为此，提出了一种虚拟动态互阻尼控制方法，通过在各VSG中引入附加互阻尼转矩，动态调节VSG虚拟转矩，缩小各VSG虚拟转矩和角速度的差距，从而抑制系统暂态过程中的功率振荡问题。同时，建立了多虚拟同步机的并联模型，分析了系统有功功率振荡机理，利用李亚普诺夫定理分析了所提控制下的系统稳定性，并设计了虚拟互阻尼参数。最后在基于RT-LAB的硬件在环仿真平台中验证了所提控制方法的正确性和有效性。","['功率振荡', '动态互阻尼', '虚拟阻尼', '虚拟惯性', '虚拟同步机']",T49,T47,12.0,0.7126792575192588,标题:虚拟同步机；关键词:虚拟同步机；摘要:虚拟同步机；标题:阻尼控制；摘要:阻尼控制,0.4694290141361316,0.3762804108518485,0.98,T49,A33,A38,1.0,-0.660706071994122,摘要:微电网,0.0680572830324135,-0.2621862285294427,0.4755555555555555,A38,False,False,False,needs_review,high,needs_review
ZH_0186,大语言模型在电力系统中的应用初探,大语言模型在电力系统中的应用研究正在广泛深入地开展。该文初步探讨了大语言模型在电力系统中的应用，分析了其在提示工程、多模态处理、模型微调等方面的技术优势和实践价值。通过实验验证了大语言模型在电力系统辅助运行中的潜力和能力，并分析了其在不同任务中的表现。研究结果表明，大语言模型结合提示词框架设计和模型微调，可以解决电力系统中如功率预测、最优潮流计算和专业知识问答等问题，给为电气工程师利用大语言模型解决实际问题提供了参考，也为未来更广泛的应用探索提供了良好基础。,"['大语言模型', '电力系统', '提示词工程', '微调', '功率预测', '最优潮流']",T35,T40,4.0,0.5308055048132597,关键词:功率预测；摘要:功率预测,0.3193667755923564,-0.0656749656195733,0.7822222222222223,T40,A30,A09,0.0,0.0134795576119918,,0.1341950760308798,0.0962825543713703,0.494827513373191,A30,False,False,False,needs_review,high,needs_review
ZH_0192,分布式智能电网的理论发展与技术体系,分布式智能电网是“双碳”目标下新型电力系统建设的重要组成部分，是支撑新型电力系统朝清洁低碳、安全充裕、经济高效、供需协同、灵活智能方向迈进的重要抓手。该文综合国内外发展现状，分析了新型电力系统中源网荷储的发展趋势与新特征，以及新发展趋势带来的技术瓶颈。阐述了分布式智能电网的内涵与技术特征，其核心在于对现有电网网络架构与运行控制方式的智能重构，并提出了分布式智能电网的组织方式、结构形态与控制框架。进而，分别从分布式单元建模与协同、分布式集群划分与交互、分布式电网优化与控制3个层面构建了分布式智能电网的理论框架，阐述了适用于分布式智能电网的新理论与方法。从物理层、信息层、价值层3个层面分析了分布式智能电网的技术发展方向，探索了分布式智能电网的技术体系。,"['分布式智能电网', '分布式资源', '柔性组网', '分布式协同优化', '技术体系']",T46,T06,1.0,0.7291248060216223,摘要:理论框架,0.1836753970238654,0.0651771858687311,0.6755555555555555,T46,A27,A31,1.0,0.682951830900822,摘要:物理,-0.0540064545761855,-0.2646297792798422,0.6155555555555555,A31,False,False,False,needs_review,medium,needs_review
ZH_0194,多区域电-冷-热互联分布式能源站量质协同规划研究,"为探讨分布式能源站(distributed energy station,DES)，这一能源系统中的重要能源转换环节，研究其站内规划与多站之间的多能互补特性，并兼顾考虑能量的“数量”与“品质”双重价值属性，将量质协同约束纳入DES规划范畴，为此，该文提出一种多区域电-冷-热互联DES量质协同规划方法。首先，建立DES互联冷管道传输模型；其次，采用能源集线器建立考虑电-冷-热互联协同、新能源接入的DES综合模型；在此之后，基于混合整数线性规划，以互联系统总成本最低为优化目标，引入(火用)效率约束，构建多区域电-冷-热互联DES量质协同规划模型；最后，通过算例验证了规划模型的合理性与可行性。","['分布式能源站', '能源站互联', '设备选型与定容规划', '运行优化', '量质协同']",T37,T26,1.0,0.7730096849582333,摘要:混合整数,0.5157701798618021,0.3786406068445242,0.6755555555555555,T37,A31,A33,0.0,0.0267599261827346,,0.3273748285394302,0.1911423298766759,0.509435918801008,A31,False,False,False,needs_review,medium,needs_review
ZH_0200,现货市场下考虑预测误差的风电场日前报价策略研究,随着新能源装机容量逐步增大以及我国市场化改革逐渐成熟，风电等新能源将逐步以报量报价的方式参与电力现货市场。针对新能源出力的不确定性可能会对其市场行为带来偏差惩罚的问题，文章提出一种考虑预测误差的风电日前阶梯曲线报价策略。首先，在集中式电力市场的基础上，根据预测误差概率密度分布，提出了考虑预测误差的风电阶梯报价策略；其次，基于概率分布抽取预测误差场景并建立了风电参与日前市场的双层报价模型，其中上层为风电场站参与日前市场获利最大化的报价模型，下层为购电费用最小化的日前市场出清模型；最后，为高效求解双层模型，采用狐猴算法和规划求解相结合的方式进行求解。算例分析表明，所提出的报价方法能够缓解不确定性带来的风险，减少偏差惩罚，提高获利并且能够对系统的调节能力有一定支撑。,"['电力现货市场', '预测误差', '风电不确定性', '风电运营商', '报价策略']",T39,T38,0.0,0.0038778398915676,,0.1303718109792003,0.0276988563683401,0.4842656238807243,T39,A36,A34,1.0,-0.625541018871076,摘要:电力市场,0.1453407119643406,-0.0110072776505434,0.4755555555555555,A34,False,False,False,needs_review,needs_review,needs_review
ZH_0202,三级调度电磁暂态云仿真资源互济机制设计与实现,针对大规模电网电磁暂态仿真算力需求巨大，国分省三级调度各自算力资源难于满足新型电力系统安全稳定仿真计算需求的情况，设计和实现了一种国分省三级调度电磁暂态云仿真资源互济机制，首先介绍了高效、可靠、灵活三项资源互济原则，然后重点分析了跨域统一计算资源池构建和跨域批量电磁暂态仿真任务调度机制和实现关键技术，分析了三级调度资源互济的电磁暂态云仿真平台的功能架构和主要功能，最后分析了平台在国家电网仿真中心、国家电网华中分部和国网河南省电力公司的落地应用，实际应用数据证明了该文方法的有效性。,"['电磁暂态仿真', '资源互济', '跨域计算资源池', '跨域任务调度']",T14,T47,4.0,0.5398930562401025,关键词:电磁暂态仿真；摘要:电磁暂态仿真,0.1609321655678916,-0.0007638839992673,0.7822222222222223,T15,A21,A13,0.0,0.0105841116125388,,0.2036590926969302,0.0756007972324201,0.4916425227737927,A21,False,False,False,needs_review,high,needs_review
ZH_0207,基于高斯混合模型的紧急控制策略适应性风险评估方法及其应用,紧急控制是保证故障后电力系统稳定运行的重要环节，新型电力系统不确定性因素引起紧急控制策略失效的可能性大幅增加。为此，提出一种基于高斯混合模型的紧急控制策略适应性风险评估与优化方法。首先，分析不同紧急控制决策框架下策略适应性风险的来源，提出紧急控制策略适应性风险评价指标。然后，采用越限量与控制效果描述新型电力系统各类不确定性因素对紧急控制策略适应性的影响，构建越限量与控制效果的高斯混合模型，评估紧急控制策略的适应性风险，在此基础上构建计及策略适应性风险的紧急控制决策模型。最后，实际电网的应用案例表明，该文所提风险评估方法准确有效，计及策略适应性风险的决策方法可降低电网运行方式快速变化带来的紧急控制偏差过大的风险，提高安控系统的可靠性。,"['紧急控制', '策略适应性', '不确定性分析', '风险决策', '高斯混合模型']",T49,T30,4.5,-0.022018677091224,标题:控制策略；摘要:控制策略,0.1895749407647295,-0.1572762649373139,0.6699999999999999,T30,A38,A01,0.0,0.0046867699714991,,0.1032643915194853,0.0334769283678512,0.485155446968649,A38,False,False,False,needs_review,medium,needs_review
ZH_0210,考虑富氧燃烧技术与绿证-碳配额等价交互的综合能源低碳经济调度,为加快我国能源结构低碳转型，实现双碳目标，该文提出一种考虑绿证-碳交易等价交互、富氧燃烧碳捕集及燃气机组掺氢的综合能源低碳经济调度模型。首先，建立燃煤机组富氧燃烧碳捕集模型，联合电转气实现碳氧耦合；其次，建立燃气机组动态掺氢模型，构建含富氧燃烧碳捕集和燃气机组动态掺氢的综合能源系统调度框架。同时，考虑绿证市场供需，提出绿证-碳配额等价交互的交易策略。最后，算例结果表明，富氧燃烧技术能够实现火电低碳供能；GCT-CET等价交互能消化过剩绿证，最大化可再生能源减碳效益。,"['富氧燃烧', '燃气掺氢', '绿证市场供需']",T11,T38,1.0,0.7094934866067396,摘要:CT,0.0318429496134178,-0.0750465242375747,0.6155555555555555,T38,A33,A36,1.0,-0.5971481880306246,摘要:综合能源系统,0.3492206842588609,0.1917986569241101,0.5355555555555556,A33,False,False,False,needs_review,medium,needs_review
ZH_0211,计及碳定价的新型电力系统容量优化配置研究,碳定价对构建新型电力系统具有重要的推动作用。该研究旨在通过深入分析碳电耦合下的新型电力系统构建，为探讨碳定价对多元电力资源进行优化配置以实现系统容量的有效利用。该文提出了一种计及碳定价的新型电力系统容量优化配置模型，该模型目标是最小化系统总成本，纳入CO 2 排放外部性成本，同时对应于安全保供和CO 2 减排需求，配置形成高比例可再生能源电力系统资源组合。研究结果显示，计及碳配额和碳成本传导的电力规划模型，能够有效整合不同类型的发电机组和储能设施，以减少对高碳排放的发电设备依赖，显著降低CO 2 排放，并且在经济性上更优于主要由煤电供应灵活性的场景。同时，碳成本增加带来的系统发电成本和边际出清电价上涨，短期看会影响到用户侧的电价提高，但长期会促使电力企业采用更为清洁的能源替代传统的化石燃料，从而降低碳排放。这项研究可以为碳市场的进一步发展提供实证基础，为碳价机制在电力规划中的影响提供有力支持，为推动碳减排目标实现提供有益参考。,"['碳市场', '新型电力系统', '优化配置', '碳减排']",T37,T40,7.5,0.7042071383058097,标题:优化配置；关键词:优化配置；摘要:优化配置,0.1164771108467272,-0.1128061549585018,0.94,T40,A35,A36,1.0,-0.558754830231365,摘要:储能,-0.0198588886388144,-0.1339630730811792,0.4755555555555555,A34,False,False,False,needs_review,high,needs_review
ZH_0212,风暴潮灾害下沿海城市变电站断电预警,风暴潮灾害会导致停电，需要先进的态势感知技术确保风暴潮期间的电网安全。以往的研究都是针对台风灾害而设计的，并没有考虑到风暴潮对变电站的影响。为了解决以上问题，提出一个能够感知风暴潮期间电网安全态势的框架，利用地理、气象数据和电力设备信息，对变电站发出停电警告。首先，采用ArcGIS 10.8地理信息系统收集沿海城市的高分辨率激光雷达数据，从而构建能够实现镜像计算的数字孪生体。然后，将地理、气象数据和电力设备信息输入Stacking模型，实现确定性和概率性的停电预警。最后，将该框架应用于一个中国沿海城市。结果表明，上述框架在不同尺度的数据集上都具备有效性和准确性。,"['镜像计算', '人工智能', '风暴潮灾害', '电网安全']",T48,T47,2.0,-0.0137568816565178,摘要:ArcGIS；摘要:GIS,0.3168273445977195,-0.0982634404036992,0.5311111111111111,T47,A17,A26,1.0,-0.513726195532773,摘要:激光,0.0661263804679814,-0.2409013966626641,0.4755555555555555,A26,False,False,False,needs_review,needs_review,needs_review
ZH_0216,基于电感复用的准谐振型变换器,"针对新能源发电系统对隔离DC-DC变换器宽电压范围的需求，提出一种基于电感复用的宽范围准谐振型变换器。通过引入谐振技术，变换器在合理的参数设计下可以实现一次侧开关管零电压开关(zero voltage switching, ZVS)导通以及二次侧二极管零电流开关(zerocurrentswitching,ZCS)关断，解决了传统倍流整流变换器ZVS实现和占空比丢失相矛盾的问题；采用电感复用的思想，无须将变压器的励磁电感设计得过小，即可实现宽范围调压，在较窄的开关频率范围内有效提升了电压增益范围；相较于全波整流，优化了变压器的绕组利用率。结合变换器的工作特性，分析推导了所提出变换器的软开关条件和电压增益，继而给出了谐振参数设计方法；最后通过一台800W样机的实验验证了变换器拓扑的可行性与理论分析的正确性。","['电感复用', '宽范围', '谐振', '零电压开关', '零电流开关']",T17,T06,1.0,0.713124232394207,摘要:样机,0.0956838301038978,-0.0491126257556645,0.6155555555555555,T06,A34,A37,1.0,0.0139486291520799,摘要:新能源发电,0.1812050358187558,0.0996330653719991,0.5508990476228435,A34,False,False,False,needs_review,medium,needs_review
ZH_0229,计及负荷侧频率支持的分布鲁棒频率约束机组组合,“双高”电力系统中惯量与备用资源匮乏，频率安全问题凸显，在调度方案中内嵌频率约束、协调优化异质调频资源是应对上述问题的有效途径。为此，提出了一种计及负荷侧频率支持的分布鲁棒频率约束机组组合方案。首先，分析了电力系统频率响应过程，建立计及负荷侧频率支持的系统频率响应模型，并构造频率安全约束集合。其次，采用基于Wasserstein距离的模糊集表征新能源的不确定性，建立纳入频率约束的分布鲁棒机组组合优化模型。针对所提模型高度非凸的特点，采用两阶段分解算法迭代求解，并提出了一种自适应多方向优化割连接主、子问题。最后，基于修改的IEEE39与IEEE118测试系统进行算例分析。结果表明了在新能源电力系统调度方案中考虑频率约束的必要性与计及负荷侧频率支持的重要性，验证了所提机组组合方案的有效性与求解方法的优越性。,"['频率约束优化调度', '机组组合', '负荷调频', '分布鲁棒优化', '分解算法']",T39,T37,10.5,0.5650686091684263,关键词:鲁棒优化；标题:分布鲁棒；关键词:分布鲁棒；摘要:分布鲁棒,0.5327390254187004,0.3627349634479427,0.98,T39,A16,A28,0.0,0.0006430029814809,,0.0470729573552323,0.0045928784391499,0.4807073032796291,A16,False,False,False,needs_review,high,needs_review
ZH_0237,计及高频雷电流下变电站接地网对周边燃气管网系统及新建地网系统阻性耦合影响分析,针对电网中部分变电站面临的老旧接地网改造升级及周边管网系统安全防护问题，在工频接地网分析的基础上，以实际500 kV变电站新建接地网改造工程及220 kV变电站接地网管道杂散电流干扰防护工程为例进行分析。在应用ETAP Power Station及CDEGS实际测算的4层土壤模型基础上，结合CDEGS接地网仿真软件搭建了新旧地网以及周边金属管道的实际模型。对比分析工频及高频电流下对接地网及其周边构筑的阻性耦合影响，集中考虑雷电流相较于工频短路电流作用于变电站接地网及周边管网系统时的异同点，发现变电站接地网在高频雷电流排泄散流过程中的薄弱环节。结果表明，高频雷电流作用时，会导致电流入地点处地电位急剧升高，并且入地电流幅值逐级衰减很快，对接地网边缘处地电位升影响不大。变电站周边存在金属管道时，由于瞬时电压的升高，极易造成管道绝缘层的局部放电，导致燃气管道绝缘层电位骤降，造成击穿。,"['变电站', '接地网', '埋地金属管道', '雷击', '阻性耦合']",T07,T40,0.0,0.003603552081676,,0.1384792633539455,0.0257396577262574,0.4839639072898437,T07,A26,A27,0.0,0.0017331442389446,,0.0970040332719455,0.0123796017067474,0.4819064586628391,A26,False,False,False,needs_review,needs_review,needs_review
ZH_0238,基于RPCA-GELM数据驱动的保护测量回路误差评估,"保护测量回路是电力系统继电保护的基石，其误差评估对电网安稳运维举足轻重。针对保护测量回路静态隐藏误差可能诱发保护误动/拒动的风险且难以在线监测问题，提出了一种基于递推主元分析和改进灰狼算法优化极限学习机(recursive principal component analysis and extreme learning machine optimized by grey wolf optimization,RPCA-GELM)数据驱动的保护测量回路误差评估方法。首先基于电力系统正常运行下历史数据与实时数据，应用RPCA技术在线更新主元特征模型以缩短评估时间，进一步引入4种统计算法生成4类误差监测特征量，构建误差综合评判方法进行特征优选，提升误差评估准确率。然后针对模型评估精度取决于关键参数C、σ，引入国际无限折叠混沌映射策略对灰狼算法进行优化，以提升参数寻优精度和收敛速度，在此基础上结合ELM算法提出了基于GELM的保护测量回路误差评估方法。最后通过多组对比实验验证了所提方法能实现模型性能优化，且相对其他方法有效提升了保护测量回路误差评估准确率与精度。","['保护测量回路', '误差评估', '递推主元分析', '灰狼算法', '极限学习机']",T02,T27,4.0,0.7014471718541198,关键词:极限学习机；摘要:极限学习机,0.0209778357764803,-0.1325202010420016,0.7822222222222223,T27,A37,A09,1.0,0.7072400024644137,摘要:继电保护,0.089055269626635,-0.0911428395399023,0.6155555555555555,A09,False,False,False,needs_review,high,needs_review
ZH_0239,基于深度自适应K-means++算法的电抗器声纹聚类方法,"在高压并联电抗器声纹信号监测系统中，长时海量无标签声纹的高维非平稳性导致特征提取困难、无监督聚类适应性差。由此提出了一种基于深度自适应K-means++算法(deepadaptiveK-means++clusteringalgorithm,DAKCA)的750 kV电抗器声纹聚类方法。首先通过采用两阶段无监督策略微调的改进堆叠稀疏自编码器(stacked sparse autoencoder, SSAE)，对快速傅里叶变换后的归一化频域数据提取电抗器原始声纹32维深度特征。进一步提出了依据最近邻聚类有效性指标(clustering validation index based on nearest neighbors, CVNN)的自适应K-means++聚类算法，构建了能自适应确定最优聚类个数的电抗器声纹聚类模型。最后通过西北地区某750 kV电抗器实测声纹数据集进行了验证。结果表明，DAKCA算法对无标签声纹数据在不同样本均衡程度下能够稳定提取32维深度特征，并实现最优聚类，为直接高效利用电抗器无标签声纹数据提供了参考。","['声纹聚类', '自适应聚类算法', '稀疏自编码器']",T34,T27,4.0,0.5494702022169042,关键词:聚类算法；摘要:聚类算法,0.2697937113525804,0.0676443015493167,0.8422222222222222,T34,A35,A09,0.0,0.000350510717564,,0.0609716727875891,0.0025036479826006,0.4803855617893204,A35,False,False,False,needs_review,high,needs_review
ZH_0240,融合电网拓扑信息的分支竞争Q网络智能体紧急切负荷决策,暂态电压失稳事件紧急控制措施制定是电力系统仿真分析中的一个重要内容，离线预先制定紧急切负荷决策，在线匹配执行决策方案。但该工作目前主要依赖专家分析海量仿真数据得到，耗时耗力。因此提出了一种融合电网拓扑信息的分支竞争Q网络智能体的电力系统紧急切负荷决策方法，以提高离线紧急切负荷决策的效率。首先，建立了一种基于事件驱动的马尔科夫决策过程，可以有效指导深度强化学习智能体的训练。其次，设计了一种分支竞争Q网络智能体，相比传统无分支网络，基于分支竞争Q网络智能体具有更强的训练效率和决策能力。然后，为进一步增强智能体的训练效率和决策性能，通过图卷积增强将电力系统拓扑信息融入到智能体的训练过程。最后，在中国电力科学研究院8机36节点系统进行了验证。相比于无分支网络和无拓扑信息融入的深度强化学习智能体，所提方法具有更高的训练效率和决策性能。,"['仿真分析', '暂态电压失稳', '紧急切负荷决策', '深度强化学习', '分支竞争Q网络', '电网拓扑信息', '图卷积增强']",T02,T40,0.0,0.0028881726289375,,0.1804574016049611,0.0206298044924111,0.4831769898918313,T02,A38,A26,0.0,0.0003133912418207,,0.0866747329454689,0.002238508870148,0.4803447303660028,A38,False,False,False,needs_review,needs_review,needs_review
ZH_0242,,"由于不同时期的录波数据记录标准有所不同，以及各个生产厂家对标准的解读存在偏差，造成同源录波数据的通道名称存在个性化差异，且通道索引号不同，难以进行录波数据的同源匹配。针对上述问题，提出基于句向量掩码纠错双向编码器表征语言模型(sentence-maskedlanguagemodelascorrectionbidirectionalencoder representationsfromtransformers, Sentence-MacBERT)的同源录波数据匹配方法。首先，分析录波文件的记录格式特点，根据录波文件的格式特点完成核查信息表的构建。然后，通过构建的核查信息表进行录波文件自动校核。最后，在双向编码器表征(bidirectionalencoderrepresentationsfromtransformers, BERT)模型的基础上构建Sentence-MacBERT同源通道匹配模型，完成同源录波数据匹配。算例分析表明，根据核查信息表能够完成录波文件的自动校核，并对解析失败的录波文件发出告警信息。利用Sentence-MacBERT模型进行通道名称匹配的效果良好，能够有效地完成录波数据的同源匹配，帮助运行人员进行故障分析。","['录波数据', '自动校核', '通道名称', '同源匹配']",T01,T13,1.0,0.0487752016020078,摘要:Transformer,0.4635487625198689,0.3483942971571988,0.4892082773177643,T01,A09,A07,1.0,0.7264389345175803,摘要:CT,0.1446283403805914,0.0459923894112878,0.5755555555555555,A09,False,True,False,needs_review,needs_review,needs_review
ZH_0248,应对极温天气电力电量双缺的城市电网日前负荷管理优化,极端高温天气下，用电需求急剧变化加上一次能源发电能力的下降，导致电力供应能力和电量储备将大幅度减少。针对极端高温天气下电力电量双缺的情况，开展城市电网日前负荷管理优化研究。首先，极端高温天气下居民空调负荷急剧增加，采用激励型需求响应引导居民降低空调功率。考虑不同居民的舒适度需求差异，分析了居民空调负荷可调节潜力。其次，分析了不同负荷管理措施对电力和电量短缺的影响，从经济管理和行政管理两方面建立了极端高温天气下的城市电网负荷管理模型。然后，考虑需求响应的不确定性，并协调电网重构与移动储能接入，构建了二阶段鲁棒优化模型。以最小化居民负荷损失影响和工商业经济损失影响为目标，制定应对电力电量双缺的城市电网日前负荷管理优化策略。最后，通过算例仿真验证了所提优化模型的有效性和可行性。,"['极端高温天气', '电力电量双缺', '需求响应', '有序用电', '鲁棒优化']",T39,T27,4.0,0.7526684723145162,关键词:鲁棒优化；摘要:鲁棒优化,0.3332568923349333,0.233346230817973,0.8422222222222222,T39,A35,A36,1.0,-0.5857698677564951,摘要:储能,0.0482861388409524,-0.3269276268321074,0.4755555555555555,A36,False,False,False,needs_review,high,needs_review
ZH_0251,基于海马优化深层极限学习机的电力信息物理系统FDIA检测,"虚假数据注入攻击(false data injection attack, FDIA)严重威胁电力信息物理系统的安全稳定。针对已有FDIA检测算法无法精确定位受攻击位置的局限性，提出了一种基于精英余弦变异融合的海马优化算法优化深层极限学习机(deep extreme learning machine, DELM)的FDIA检测定位算法。首先，该算法将极限学习机和极限学习机自编码器相结合得到了具备强特征表达能力的DELM。然后，通过海马优化算法对DELM的偏置和输入权重进行择优，用于改善算法指标不稳定的问题。同时在捕食阶段引入精英余弦变异算法以提升海马的收敛速度与DELM的精度。最后，将系统量测数据作为输入特征，利用DELM得到节点状态标签，从而实现污染状态量的定位。通过在IEEE14节点系统和IEEE57节点系统进行大量仿真对比分析，验证了所提算法在准确率、精确率、召回率及F1值等检测定位性能方面均具有明显优势，能够实现FDIA的精确定位。","['电力信息物理系统', '虚假数据注入攻击', '海马优化算法', '深层极限学习机']",T02,T11,7.5,0.6211288333396039,标题:极限学习机；关键词:极限学习机；摘要:极限学习机,0.0199922686057307,-0.0205083332885436,0.94,T27,A09,A27,1.0,-0.6278492611108955,摘要:CT,0.0643180611439464,-0.027494722220682,0.4755555555555555,A25,False,False,False,needs_review,high,needs_review
ZH_0252,考虑不同优化指标的双有源桥变换器全局优化控制,"双有源桥(dual-active-bridge, DAB)变换器在能量双向传输的场合扮演着关键的角色，其中单移相控制是其最典型的控制方式。然而，当DAB变换器的输入电压和输出电压不匹配时会产生较大的回流功率，同时会增大电流应力，轻载时无法实现全部开关管的零电压开通(zero-voltage-switching, ZVS)。针对传统单移相控制在电压不匹配运行时效率降低的问题，提出一种基于双重移相(dual-phase-shift, DPS)控制的全功率范围内保证全部开关管实现ZVS的最小回流功率优化策略，以提高变换器在宽电压调节比下的效率。首先，综合考虑功率的传输特性、电压调节比以及最小回流功率、最小电流应力、全ZVS三者之间的耦合关系，研究全部开关管实现ZVS的功率范围。然后，根据给定的约束条件，通过分段优化的方法，得到全局最优解。最后，搭建实验平台验证所提优化策略在电压不匹配运行条件下可以使DAB变换器的全部开关管在全功率范围内均能实现ZVS，同时减小了回流功率。","['双有源桥变换器', '回流功率', '电流应力', '软开关', '双重移相控制']",T17,T11,1.0,-0.0027166883507251,摘要:实验平台,-0.0009124621182762,-0.0194049167908933,0.4755555555555555,T07,A09,A07,1.0,0.7199758620054741,摘要:CT,0.0388228633780261,-0.0001724142466122,0.6155555555555555,A07,False,False,False,needs_review,needs_review,needs_review
ZH_0253,无间隔棒输电线路轨迹提取与椭圆检测的舞动辨识,无间隔棒输电线路由于缺少机械部件的分隔与连接，在大风、冻雨、暴雪等条件下舞动风险更大，当前研究仍无法实现针对性的实时高精度监测。针对该问题，提出了一种无间隔棒输电线路轨迹提取与椭圆检测的舞动辨识方法。首先进行数据增广和低照度图像增强处理。其次对传统DeepLabV3+模型进行轻量化改进，在视频初始帧锁定目标线路并实现快速分割。最后在提取短时段内线路运行轨迹的基础上，结合巡检专家知识将舞动监测转化为线路轨迹的椭圆检测。结果表明，在复杂环境条件下，所提方法有效平衡了线路轨迹提取的速度与精度，能够分析得到对应线路的舞动程度，对极端天气下的输电线路巡检有重要现实价值。,"['输电线路', '无间隔棒', '线路轨迹', '舞动', '轻量化']",T27,T36,0.0,0.0080895940063932,,0.2146010576596295,0.0577828143313803,0.4888985534070325,T27,A32,A19,0.0,0.0002152912485322,,0.0928473555409524,0.0015377946323727,0.4802368203733854,A32,False,False,False,needs_review,needs_review,needs_review
ZH_0254,基于KDE传递熵因果分析的强迫功率振荡扰动源定位方法,"准确、快速定位强迫功率振荡源是抑制强迫功率振荡的关键。在强迫功率振荡过程中，扰动源机组持续向电网中注入能量，非扰动源机组持续吸收能量，扰动源机组与非扰动源机组功率振荡响应之间存在因果关系。从因果关系角度出发，提出了一种基于核概率密度(kernel density estimation, KDE)传递熵(transfer entropy, TE)因果分析的电力系统强迫功率振荡扰动源快速定位方法。该方法首先利用电力系统广域量测信息构建系统各发电机有功功率对之间的KDE传递熵模型，进而采用滑动窗方式计算各发电机对间的传递熵大小。通过对不同发电机对计算得到的传递熵统计结果进行量化比较，确定系统各量测量之间因果传递方向，从而实现系统强迫功率振荡扰动源快速定位。最后，通过IEEE 4机2区域系统及IEEE 16机5区域测试系统仿真数据验证了所提方法的可行性及有效性。","['电力系统', '强迫功率振荡', '因果关系', '扰动源定位']",T40,T01,0.0,0.008543128548227,,0.2251507048727433,0.0610223467730504,0.4893974414030498,T40,A22,A23,0.0,0.0013514066376211,,0.0533541562723951,0.0096529045544366,0.4814865473013832,A22,False,False,False,needs_review,needs_review,needs_review
ZH_0255,胡海岩：加强科技伦理治理遴选培养优秀人才,随着人工智能技术的快速迭代发展，与之伴生的科技伦理问题越来越受到科技界的关注。在我国建设科技强国的进程中，教育、科技、人才“三位一体”发展的重要性愈发凸显。如何提升我国的科技伦理治理能力？如何培养一流科技领军人才？在“三位一体”发展中，教育应该如何发挥支撑作用？在中国科学院学部成立70周年之际，《中国科学院院刊》专访了中国科学院院士、中国科学院学部科学道德建设委员会主任胡海岩。,"['中国科学院学部', '科技伦理治理', '教育、科技、人才“三位一体”', '发展']",T08,T28,0.0,0.0021348110605887,,0.0989731143783619,0.0152486504327764,0.4823482921666476,T08,A26,A48,1.0,-0.660865509385297,摘要:人工智能,0.3351670698396724,-0.2633250670378355,0.4755555555555555,A48,False,False,False,needs_review,needs_review,needs_review
ZH_0256,开放治理与创新方向规制：推进通用人工智能发展的制度机制研究,在人工智能（AI）发展领域，中美依然存在一定的差距。通用人工智能（AGI）未来发展不确定性的现实，决定了中国不宜仅实施“追赶战略”。AI并非“线性创新”的发展路径，而是在基础研究、应用研究、产业转化之间存在互相重叠之处。这个科技创新特性表明，中国可以基于对国际前沿的追踪、基础研究的突破及多样应用需求的满足，实现多元探索。中国需要坚持推动开放治理，在开放的制度机制下实施AI科研与应用的一体化推进，结合对于前沿的“追赶”与“多元探索”，引导拓展AI的创新发展新方向。,"['人工智能', '非线性创新', '开放治理', '追赶战略', '多元探索']",T46,T28,0.0,0.0032864382662574,,0.1280394223590262,0.0234745590446961,0.4836150820928832,T46,A40,A26,1.0,-0.6906873678399618,摘要:科技创新,0.1434766394642431,-0.4763383417140122,0.4755555555555555,A26,False,False,False,needs_review,needs_review,needs_review
ZH_0257,科学开发地下空间资源，激活城市经济高质量发展,加快推进城市地下空间开发利用具有重要的战略意义，能够有效缓解土地资源紧张局面，提高国防安全水平和城市韧性，赋能城市更新，拉动经济增长。目前，我国城市地下空间开发利用存在规划滞后、地质调查不足、法规依据普遍缺失、行业管理政出多门等突出问题。在“十四五”至“十五五”过渡期，要加快推进我国地下空间的科学高效开发利用，急需建立战略规划、调查勘查、法律标准、投资支持、科学管理及防灾减灾等六大综合体系。,"['城市', '地下空间', '城市韧性', '城市更新', '综合体系']",T29,T08,0.0,0.0022247975228192,,0.1204857018176269,0.0158914108772799,0.4824472772751011,T29,A49,A50,0.0,-0.7174440457884264,,0.1220870700676457,0.0182568157969549,0.26,A39,False,False,False,needs_review,needs_review,needs_review
ZH_0258,朱光亚：科学家精神的培育者与践行典范——纪念“科技众帅之帅”朱光亚诞辰100周年,朱光亚被誉为“中国工程科学界支柱性的科学家”“科技众帅之帅”，是一位杰出的战略科学家与工程大师，他为科技事业作出了卓越贡献。文章旨在通过回顾朱光亚的生平历程与科学贡献，从爱国、创新、求实、奉献、协同、育人6个方面，深入探究并揭示其科学家精神的核心内涵、深远影响及重要时代价值。同时，深刻剖析了朱光亚如何将上述精神融入国家重大科研项目和科技创新发展之中，从而成为科学家精神的重要塑造者与践行典范，有力推动了中国科技进步。朱光亚的科学家精神，是新时代科技工作者在实现强国建设和民族复兴伟业的奋斗过程中，应该学习传承的宝贵精神财富与持久动力。,"['朱光亚', '科学家精神', '内涵', '培育者', '践行典范']",T02,T17,0.0,0.0018189343395449,,0.1148902948766117,0.0129923881396071,0.4820008277734994,T02,A40,A04,1.0,-0.6338309873948944,摘要:科技创新,0.1149155129462015,-0.0702213385349598,0.4755555555555555,A48,False,False,False,needs_review,needs_review,needs_review
ZH_0263,科研人员标识的应用研究及对策建议,随着国外主流科研人员标识的发展及其日益占据主导地位，国内各方逐渐认识到构建自主可控的科研人员标识的重要性。科研人员标识作为识别科研人员学术身份和关联科研要素的媒介，对高效管理科研数据、建立科学数据更新机制、构建多源学术信息知识图谱具有重要意义。文章运用文献调研与网站调研相结合的方法，剖析科研人员标识的应用现状与存在的不足，避免在我国构建科研人员标识的过程中出现姓名消岐方法、数据质量控制和隐私安全等常规性问题，结合我国实际情况，统筹国内各方力量，在标准制定、功能完善、系统互操作、数据质量控制和应用推广等方面通力合作，构建面向开放科学、服务科学研究的科研人员标识体系。,"['科研人员标识', '姓名消岐', '科研要素']",T28,T46,0.0,0.0084414773443435,,0.1410979156763408,0.0602962667453109,0.4892856250787779,T28,A25,A48,0.0,0.0076548268868488,,0.2868951663058556,0.0546773349060632,0.4884203095755337,A25,False,False,False,needs_review,needs_review,needs_review
ZH_0266,考虑局部纹理特征和全局温度分布的电力设备红外图像超分辨率重建方法,"针对传统电力设备红外图像超分辨率重建方法缺乏对设备局部纹理特征和全局温度分布的考虑导致重建后图像分辨率较低的问题，提出一种基于Transformer-GAN聚合网络的电力设备超分辨率重建方法。首先，基于移位卷积设计电力设备局部特征提取模块，在不增加参数情况下扩展卷积的感受野，提取电力设备局部纹理及其周围不同空间维度特征的信息。然后，引入全局特征提取模块，通过深度卷积和空间注意力机制捕捉图像不同区域间温度分布的关联性。最后，采用UNet编解码器网络融合各层局部特征和全局表示，生成清晰自然的电力设备红外图像。算例结果表明，所提方法的峰值信噪比(peak signal-to-noise ratio, PSNR)、结构相似性(structural similarity,SSIM)、和视觉信息保真度(visual information fidelity, VIF)三项评价指标均优于其他方法。同时它具有良好的主观视觉效果，泛化能力较强。","['电力设备', '红外图像', '超分辨率重建', '局部纹理特征', '全局温度分布']",T12,T01,1.0,-0.4104480318218148,摘要:聚合,0.0018522880912254,-0.3603430844415337,0.4755555555555555,T01,A09,A37,1.0,0.7162995795658393,摘要:CT,0.1384213453702067,-0.0264315745297193,0.6155555555555555,A37,False,False,False,needs_review,needs_review,needs_review
ZH_0269,基于重复控制的MMC交直流阻抗建模与稳定性分析,"目前针对模块化多电平换流器(modular multilevel converter, MMC)系统的稳定性研究主要围绕在传统的双闭环控制，如何拓展到其他控制成为了难点。针对此问题，首先，基于多谐波线性化法提出了一种采用嵌入式重复控制器的MMC系统精确阻抗计算方法，建立了MMC的交直流侧阻抗模型，实现了嵌入式重复控制器交直流阻抗的准确计算。其次，分析了控制参数对MMC交直流侧阻抗特性的影响，研究得出嵌入式重复控制器的比例系数、内膜系数、增益系数及其他环节参数等因素对系统稳定性的影响。进而解析各参数对系统稳定的影响趋势和程度，为并网MMC系统嵌入式重复控制的参数设计提供了指导。最后，对比了接入不同强度电网时的系统稳定性。仿真结果验证了嵌入式重复控制系统在弱电网下的可行性，保障了MMC的稳定运行。","['重复控制', '多谐波线性化', '阻抗建模', '稳定性分析']",T49,T40,6.5,0.011542445794739,标题:稳定性分析；关键词:稳定性分析,0.2200204631925346,0.0824460413909933,0.8538078014853241,T49,A32,A38,1.0,0.7160494301701283,摘要:换流器,0.0460575022423023,-0.0282183559276543,0.6155555555555555,A38,False,False,False,needs_review,high,needs_review
ZH_0270,声信号下基于双通道特征融合网络的电抗器故障诊断方法,"目前，干式电抗器故障诊断方法主要围绕在基于振动信号的机械故障展开，故障类型单一，并且存在传感器安装困难等问题。为此，搭建了基于声信号下的干式电抗器故障试验平台，设置了多种故障类型。为了提升小样本下故障识别的准确率，提出一种基于双通道特征融合网络的干式电抗器故障诊断方法。首先，采用格拉姆角场(Gramian angle field, GAF)进行编码，将一维时序转化为二维图像。其次，采用双通道并行的CNN-Res Net网络结构，引入高效通道注意力机制(efficientchannelattention, ECA)来获取二维关键信息，将二维图像特征与一维时序特征进行深度提取与融合。最后，基于有限元仿真来获取源域数据，采用迁移学习方法来获取目标域最优网络参数。试验对比表明：所提方法相比其他方法有着较强的特征提取能力，能够将故障特征显著分离，在小样本下的故障识别准确率最高可达99.5%，同时具有良好的泛化性和收敛速度。","['电抗器', '声信号', '故障', '特征']",T36,T27,4.5,0.6001189057354605,标题:故障诊断；摘要:故障诊断,0.5054800410639925,0.2865636123961456,0.8699999999999999,T36,A16,A37,1.0,0.6819743192904221,摘要:传感器,0.0784843326174753,-0.2716120050684134,0.6155555555555555,A37,False,False,False,needs_review,high,needs_review
ZH_0274,基于DBSCAN的智能变电站交流采样异常实时识别算法,"新一代智能变电站使用采集执行单元统一采样，后续设备都将依赖此装置数据，因此该装置采样环节产生的异常数据会影响变电站保护、测控等多个系统的正常运行。如何高效地识别这些异常数据是电力系统采样中至关重要的部分，也是智能变电站安全性和稳定性的基础。传统的异常数据检测方法主要设计用于处理低采样率场景下偶尔出现的异常采样点。随着智能变电站采样率的提高和电磁干扰问题的加剧，采样时连续多个采样点同时异常成为普遍现象。这使得原有识别算法准确率降低，而未被识别的异常数据可能会造成后续测控装置精度降低甚至保护装置误动。针对传统检测方法的不足，提出基于密度的噪声空间聚类(density-basedspatialclusteringof applications with noise, DBSCAN)算法的交流采样异常数据识别实时算法。该算法利用异常数据与正常数据的空间密度差异，有效区分出密度较低的异常采样点，从而实现智能变电站异常采样数据的识别。相比于传统方法，所提方法在采样异常数据识别上具有更准确的结果。","['智能变电站', '采样', '异常数据']",T36,T07,0.0,0.0085098499505975,,0.1867855482512425,0.0607846425042679,0.4893608349456572,T36,A26,A37,0.0,0.0011007098409051,,0.1522198028165757,0.0078622131493224,0.4812107808249956,A26,False,False,False,needs_review,needs_review,needs_review
ZH_0278,应用多参数协同自适应方法的虚拟同步发电机控制策略,"应用虚拟同步发电机(virtual synchronous generator, VSG)技术的光储系统在并网运行工况发生改变时，VSG输出功率和频率会发生较大波动。为了减缓功率-频率振荡，提出一种多参数协同自适应控制策略，该策略能有效抑制系统波动。首先根据VSG小信号模型，推导出系统满足相角稳定裕度条件下虚拟惯量J和阻尼系数D的取值范围。其次考虑到有功下垂系数Kf会改变系统功率-频率特性的敏感程度，设计了包含J、D、Kf的三参数协同自适应变化函数，为实现阻尼系数在第二阶段缓慢减小和第四阶段进一步增大，引入了频率差值积分项。然后，为进一步验证此方法在系统受大扰动时的适用性，在小信号分析的基础上进行VSG暂态稳定性分析。最后，在Matlab/Simulink平台的仿真模型中针对不同工况进行验证。仿真结果表明，无论在大扰动还是小扰动工况，采用改进后的方法都能够很好地增强系统稳定性。","['虚拟同步发电机', '小信号模型', '虚拟惯量', '阻尼系数', '下垂系数', '自适应控制']",T49,T14,6.5,0.6648858836082034,标题:控制策略；摘要:控制策略；摘要:稳定性分析；摘要:暂态稳定,0.43443382122535,0.3975365312673873,0.98,T49,A38,A33,0.0,0.0363762468951334,,0.3081363162942221,0.2598303349652391,0.5200138715846467,A38,False,False,False,needs_review,high,needs_review
ZH_0280,一种用于非平衡分布式微网的双重灵活模型预测功率控制方法,"分布式微网(比如车载微网)的电能质量受到不平衡负载的严重影响，单相负载(不平衡负载)的运行会导致这类系统出现不平衡的系列问题，危及系统的可靠性并缩短其使用寿命。现有控制策略通常局限于抑制功率波动，并未充分考虑电流畸变、公共连接点(point of common coupling, PCC)电压不平衡等问题。针对功率波动问题，基于传统灵活功率控制，对模型预测控制(model predictive control, MPC)的控制层进行了优化，改进了自适应系数的计算方式。在此基础上，设计了双重灵活模型预测控制(dual-flexible model predictive control, DF-MPC)，采用新型双层灵活计算结构，优先选择电压平衡效果最佳的控制矢量。该方法在额定功率为10 kW的原型硬件平台上进行了测试。实验结果表明，所提出的DF-MPC方法能够有效抑制功率波动、降低PCC电压的不平衡程度、同时保持较高的电能质量。","['模型预测控制', '功率控制', '不平衡微网', 'T型三电平变换器']",T49,T26,1.0,-0.6044299626429819,摘要:控制策略,0.0320612769084113,-0.4602140188784414,0.4755555555555555,T26,A09,A07,1.0,0.712530764239273,摘要:CT,0.1131789445634856,-0.0533516840051925,0.6155555555555555,A07,False,False,False,needs_review,needs_review,needs_review
ZH_0281,交流变速抽蓄机组单通道电力系统稳定器设计研究,"为了弥补交流变速抽蓄机组涉网环节的不足，依据我国对大型发电机组并网的技术要求，提出了一种适用于交流变速抽蓄机组的单通道电力系统稳定器(power system stabilizer, PSS)设计方法，同时还给出了变速机组与定速机组的协同响应策略。在励磁系统特性方面，对比分析了变速机组与定速机组的差异，改进了PSS的传递函数结构，提出了相关参数的估算方法，能够适应交流变速抽蓄机组的并网要求。在厂内协调方面，针对变速机组与定速机组的协同控制需求，研究了基于变模态分解技术的协同响应方案，并对比了抽蓄电厂的整体反应效果，能够用于指导首台变速机组投产的工程实际。为了进行仿真分析，搭建了IEEE 9节点系统，并利用真实风电场数据，构建了电网功率扰动场景，验证了所提方法的有效性。","['新型电力系统', '交流变速抽蓄机组', '单通道电力系统稳定器', '参数辨识', '动态调节', '厂内协同']",T13,T40,1.0,0.7248518285631691,摘要:TEM,0.3057643286598602,0.034655918308351,0.6755555555555555,T13,A34,A38,1.0,0.7023686873216999,摘要:风电,-0.0118786794275624,-0.1259379477021435,0.6155555555555555,A38,False,False,False,needs_review,medium,needs_review
ZH_0282,基于不对称低压穿越的逆变型电源的故障计算模型,新能源具有分布特性，使得新型电力系统易发生近电源故障，导致三相不对称，对逆变型电源的影响难以忽略。逆变型电源的传统正序模型只能对称地输出无功补偿，无法正确地计算新型电力系统的近电源不对称故障。基于此，首先指出现有低压穿越规范在三相不对称时存在的问题，并对其进行改进和完善，采用相电压指标设计了一套不对称低压穿越规范。然后，建立了逆变型电源的通用故障计算模型，并分别分析了其接入大电流和小电流接地系统时的等效方法，通过对单电源系统的仿真来验证模型的有效性。最后，提出了新型电力系统的相分量故障计算方法，推导了各故障类型和逆变型电源模型的代入计算方法。并通过算例验证了所提算法的正确性。,"['逆变型电源', '不对称低压穿越', '故障计算模型', '新型电力系统', '相分量法']",T40,T13,0.0,0.040423209961695,,0.3775667918634225,0.2887372140121074,0.5244655309578645,T40,A38,A37,0.0,0.0158086097569117,,0.2159627669193349,0.112918641120798,0.4973894707326028,A38,False,False,False,needs_review,needs_review,needs_review
ZH_0283,细胞工厂设计数字化赋能绿色生物制造,绿色制造是一种综合考虑环境影响与资源效益的现代化制造模式，而绿色生物制造是绿色制造的重要方式之一，是新质生产力的重要组成部分。绿色生物制造以细胞工厂为核心，利用可再生资源，实现化学品的低碳、绿色、可持续的高效生产。其中，高性能细胞工厂的设计是实现高效绿色生物制造的重中之重。传统细胞工厂设计过程复杂，耗时耗力。随着人工智能领域的发展，数字化辅助细胞工厂设计节约了时间和成本。通过数据库构建与更新、代谢流调控数字化设计、目标分子逆合成途径数字化设计、基因线路数字化设计、发酵工艺数字孪生等技术的组合可实现全生命周期数字化细胞工厂的设计，指导高性能细胞工厂的快速构建与优化，赋能绿色生物制造。,"['新质生产力', '绿色生物制造', '细胞工厂', '数字化', '合成生物学']",T12,T47,4.0,0.5389819345472784,关键词:合成；摘要:合成,0.2552178668336336,-0.0072718960908685,0.7822222222222223,T23,A26,A22,1.0,-0.0420354717068373,摘要:人工智能,0.1579699178235839,-0.3002533693345516,0.4755555555555555,A22,False,False,False,needs_review,high,needs_review
ZH_0284,微生物制造饲用氨基酸助力豆粕减量替代,在豆粕减量替代及低蛋白日粮技术推广的背景下，我国已经成为全球饲用氨基酸的主要生产国。然而，我国的氨基酸工业菌种自主研发起步较晚，面临经济技术指标相对滞后、知识产权布局不够坚实的挑战。合成生物学的蓬勃发展，为氨基酸工业生产菌种的设计与优化开辟了前所未有的技术路径，为氨基酸发酵产业在全球市场竞争中带来了新的机遇。文章深入分析了饲用氨基酸在国内外的市场需求现状，系统列举了微生物制造氨基酸领域的关键技术突破，剖析了国内氨基酸行业面临的主要问题。此外，进一步展望了微生物制造氨基酸的未来发展趋势及挑战，并提出了一系列针对性的解决方案，旨在为促进氨基酸发酵行业的稳健、快速发展提供更为全面、深入的洞察与指导。,"['饲用氨基酸', '生物制造', '豆粕替代', '生产菌种', '合成生物学']",T12,T23,4.0,0.7081330712203464,关键词:合成；摘要:合成,0.2727094936144761,-0.0847637769975255,0.7822222222222223,T23,A22,A24,1.0,0.0941944132745166,摘要:蛋白,0.6643209323202753,0.6728172376751191,0.6391694101575238,A22,False,False,False,needs_review,high,needs_review
ZH_0286,新质生产力培育下中国OFDI逆向技术溢出影响绿色全要素生产率的效应检验,创新在新质生产力培育中起主导作用，全要素生产率大幅提升为其核心标志。在中国成为世界最大的对外直接投资国之一和绿色发展上升为国家战略背景下，中国对外直接投资（OFDI）逆向技术溢出成为创新能力提升的重要途径，且对于绿色高质量发展会产生重要影响，这与新质生产力培育具有内在一致性。文章运用基于松弛变量（SBM）的超效率测度模型和曼奎斯特-卢恩伯格（ML）生产率指数，对2005—2021年中国30个省份的绿色全要素生产率（GTFP）进行测算，实证研究了OFDI逆向技术溢出对GTFP的影响，并从作用渠道等方面进行了讨论。研究表明：（1） 2005—2016年，发达国家（地区）组OFDI逆向技术溢出显著提升GTFP。2005—2021年欧盟和六大经济走廊国家组OFDI逆向技术溢出均显著提升了GTFP。渠道效应显示，OFDI逆向技术溢出可通过科技创新和产业结构升级来提升GTFP。（2）异质性检验表明，2005—2016年，发达国家（地区）组OFDI逆向技术溢出促进了我国东部、中部地区及知识产权保护程度较低地区的GTFP;2017—2021年，对西部地区GTFP有抑制作用，对知识产权保护程度较高地区有促进作用。欧盟国家组对我国东部、西部及知识产权保护程度较高和较低地区GTFP有正向影响。六大经济走廊国家组对西部和知识产权保护程度较低地区的GTFP有促进作用。门槛效应表明对发达国家组别而言，2005—2016年投资经验、环境规制和技术吸收能力均存在单一门槛；2017—2021年影响不显著；欧盟和六大经济走廊国家投资经验和技术吸收能力均存在单一门槛，环境规制存在双重门槛。（3）进一步分析发现，数字经济对OFDI逆向技术溢出影响效应发挥正向协同作用，具体为提高GTFP。该研究对于引导中国企业“走出去”形成OFDI新格局，指导中国各省市差异化制定对外直接投资政策，推动经济绿色高质量发展，加快培育新质生产力，具有一定的政策指导价值。,"['对外直接投资', '逆向技术溢出', '绿色全要素生产率', '渠道效应', '门槛效应']",T21,T12,0.0,0.0040951908641636,,0.0944611777092929,0.0292513633154543,0.4845047099505799,T21,A40,A50,2.0,-0.3531620870808141,摘要:数字经济；摘要:科技创新,0.1227969851576333,0.0488422351370419,0.5911111111111111,A40,False,False,False,needs_review,needs_review,needs_review
ZH_0287,大数据支撑现代农业产业高质量发展的内在逻辑与政策建议,厘清大数据支撑现代农业生产的内在逻辑，有助于培育和发展农业新质生产力。从经济学视角出发，本文提出大数据在现代农业生产中的作用主要体现在2个层面：提升农业传统生产函数的全要素生产率；改变农业生产的要素禀赋结构，形成新的农业生产函数。基于此，大数据支撑现代农业生产的实现形式可以概括为提升现代农业技术效率、优化农业生产配置效率，以及推动农业深度转型升级，从而形成新的生产范式。根据大数据支撑现代农业发展的逻辑分析，以及我国农业大数据发展现状，文章提出3点建议，以供决策参考：（1）建立农业数据标准化体系，以确保不同来源的数据能够有效整合与分析；（2）推动数据中台等数据基础设施建设，打通涉农数据流通渠道，构建健全的数据共享机制，促进政府、科研机构、企业与农民之间的数据流通；（3）推动农业智能算法模型的联合攻关，引导社会算力资源向农业领域适度倾斜，提高农业大数据分析能力，建立现代农业决策支持系统。,"['现代农业', '数据要素', '高质量发展', '内在逻辑', '政策建议']",T21,T46,0.0,0.011134980023167,,0.1538526553543707,0.07953557159405,0.4922484780254837,T21,A48,A42,1.0,-0.6187936126072806,摘要:科研机构,0.1722065312506548,0.0371884813765668,0.5355555555555556,A48,False,False,False,needs_review,needs_review,needs_review
ZH_0288,全国算力体系一体化建设的五大问题及治理对策,作为人工智能核心要素的算力，相较于数据和算法，尚未得到足够的研究与关注，已经成为我国在国际人工智能竞争中的“短板”。算力体系一体化建设不仅是我国数字产业发展的内在要求，也是数字经济增长的规律导向，更是数字社会变革的核心驱动。当前，我国算力体系相关规范和实际布局还有所不足，算力体系一体化建设面临着异构算力布局失衡、算力区域发展差距悬殊、法律规范体系明显滞后、算电协同发展机制缺位、安全与发展未能兼重等五大问题。为此，应当培养多元产业生态，加快异构算力一体化应用；建立跨区域传调机制，实现东西部协同发展；完善法律规范体系，护航算力体系一体化建设；落实算电协同发展机制，促进算电一体化融合；重塑一体化建设理念，统筹算力安全与发展。,"['算力体系', '新质生产力', '异构算力', '算力规范']",T15,T46,0.0,0.0008116960827958,,0.1135881689327848,0.0057978291628274,0.4808928656910754,T15,A40,A26,1.0,-0.0362379571145111,摘要:数字经济,0.1631097407451246,-0.2588425508179369,0.4755555555555555,A26,False,False,False,needs_review,needs_review,needs_review
ZH_0289,中美欧“泛数据主权”竞争格局及中国应对——基于数字堆栈模型,数据主权与科技、贸易、经济、文化、技术、社会和政治等经济社会发展要素深刻交融，使得数字空间中的国家竞争演变为“泛数据主权”竞争格局。在将数字技术分层观之的数字堆栈模型下，能够更为清晰地了解中国、美国、欧盟（以下简称“中美欧”）三方的“泛数据主权”竞争能力。分析发现，中美欧已形成全球“泛数据主权”竞争的三极格局，三方在数字堆栈的不同层次各具优势，未来极有可能围绕量子科学、物联网等领域展开激烈竞争；数字堆栈的多层中出现了“去中国化”趋势，美国对中国的科技封锁行为尤为激烈；可以预见，美国将围绕“泛数据主权”与中国展开全面竞争，中欧则因技术地位、发展理念、主权观念的类似将有深入合作机会。为了提高中国“泛数据主权”的自主可控能力，需清晰把握“泛数据主权”竞争之实质，扬长避短、有针对性地建设各层数字栈；并采取反制措施，强化对美国的战略对冲、深化对欧盟的数字合作。,"['“泛数据主权”', '数字技术', '中美关系', '中欧关系', '数据脱钩']",T08,T13,0.0,0.0002417487282321,,0.1002588677536408,0.0017267766302299,0.4802659236010554,T08,A50,A27,1.0,0.0100368565929285,摘要:贸易,0.1074504434216207,0.0716918328066318,0.4865960978077769,A40,False,False,False,needs_review,needs_review,needs_review
ZH_0290,科技改革需要构建新范式：理论探析,党的十八大以来，国家全面推进科技体制机制改革，取得了重大进展，但面对巨大的科技转型，不仅需要继续推进科技运行机制和组织结构的深化改革，更需要在变化的情境下重新反思当前的改革模式，探索与我国科技强国建设相适应的科技改革新范式。文章从我国科技大转型挑战和问题导向的“修复型”改革范式的瓶颈入手分析，论证了我国科技改革亟须摆脱旧框架、建立新范式；并基于关于创造的结构动力学理论和我国1978年以来的经济改革实践，提出超越问题导向塑造新动力、面向科技转型探索新模式、突破改革瓶颈寻找新路径，以及融合构建“结构型”改革范式理论模型的设想；最后，提出以中国科学院作为国家科技体制改革的“进化岛”，在实践中探索我国科技改革新范式，为科技强国建设铺就“最小阻力之路”。,"['科技改革', '问题导向', '修复型', '结构型', '最小阻力之路']",T16,T15,1.0,0.7509084165907592,摘要:理论模型,0.3806157110116842,0.2207744042197098,0.6755555555555555,T16,A48,A23,0.0,0.0002621702264795,,0.1005504149450358,0.0018726444748542,0.4802883872491275,A48,False,False,False,needs_review,medium,needs_review
ZH_0291,关于健全数字公共产品制度推进开源创新生态建设的若干思考,数字公共产品制度是推动开源创新生态发展的重要基础，有助于打破我国开源创新生态面临的技术路线不统一、研发力量不集中等关键限制。文章在论述完善数字公共产品制度的重要意义基础上，对世界主要国家建设数字公共产品制度的经验进行了回顾，并分析了我国数字公共产品制度构建面临的突出问题。文章指出，我国开源创新生态面临数字公共产品法律法规相对欠缺、数字公共产品运营机制不够完善、关键数字公共产品自主创新不足等问题，严重阻碍了开源创新生态的高水平、可持续发展，亟须从法律法规建设、运营管理机制完善、企业反哺生态等多维度入手加快推进数字公共产品制度建设，以支撑开源创新生态发展。,"['数字公共产品', '开源创新生态', '政策建议']",T46,T21,0.0,0.0001494818590111,,0.1144102219791192,0.0010677275643653,0.4801644300449122,T46,A24,A40,1.0,0.6925751299954463,摘要:法律,0.043029717735514,-0.1958919286039542,0.6155555555555555,A40,False,False,False,needs_review,needs_review,needs_review
ZH_0294,创造自主的数学研究之路——中国科学院数学事业的发展及展望,数学是一切科学的基础，也是一切重大科学技术发展的基础。一个国家的数学研究水平和数学人才储备决定着该国的科技创新能力。当前，党和国家对加快实现高水平科技自立自强提出了迫切要求。文章旨在深入总结中国科学院数学事业自新中国成立以来70余年的自立自强发展历程，展现其在数学与系统科学研究领域取得的卓越成就和历史性变革；对标国际一流数学研究机构，提出制约中国数学发展的若干问题，以期为加快建设世界数学强国、抢占科技制高点提供管窥之见。,"['中国科学院', '数学与系统科学', '国立科研机构', '自主创新', '数学强国']",T26,T12,0.0,0.0007958324502146,,0.0955228576588263,0.0056845175015329,0.480875415695236,T26,A40,A27,1.0,-0.6446386050309245,摘要:科技创新,0.0831832270334098,-0.1474186073637462,0.4755555555555555,A48,False,False,False,needs_review,needs_review,needs_review
ZH_0295,建院75周年之中国科学院长春光机所：凝心聚力，攻坚克难;创新科技，报国为民,中国科学院长春光学精密机械与物理研究所（以下简称“长春光机所”）是新中国首个光学专业研究所，历史悠久，战略引领，布局学科，开拓创新。一方面，长春光机所在空间光学技术、航空光学技术、先进光学材料与加工技术、光电测控与探测技术、先进光栅制造技术等领域取得了辉煌的科研成果。另一方面，长春光机所开放包容，分建、援建了众多光学领域的研产学机构，被誉为“中国光学的摇篮”。展望未来，长春光机所将聚焦光电领域基础前沿，突破关键核心技术，建设成为国际一流的精密仪器与装备创新研究基地。,"['长春光机所', '精密仪器与装备', '发光科学与技术', '光学系统先进制造', '光电遥感与测量']",T13,T12,0.0,0.0031321771925453,,0.1649721086932463,0.0223726942324669,0.4834453949117999,T13,A15,A17,0.0,-0.7539031638727836,,0.0457291989365182,-0.2421654562341688,0.26,A27,False,False,False,needs_review,needs_review,needs_review
ZH_0302,国际发展环境变化与我国科技战略选择：历史回顾与未来展望,地缘政治、地缘经济和科技创新等国际发展环境变化正在重塑世界竞争格局、改变国家力量对比。我国需要适应国际发展环境变化准确把握新趋势，优化调整科技战略，有效应对新挑战，在国际竞争中谋求发展新优势。文章通过回顾国际发展环境变化下我国科技战略选择及其成功经验与遗留问题，着眼未来面向国际发展新环境提出我国科技战略应对新选择。研究发现，随着国际发展环境的不断变化，我国科技战略不断动态调整优化。经验总结发现，充分开展国际科技合作、制定前瞻性系统性政策、健全国家创新体系建设、充分发挥举国体制优势，以及推进科技体制机制改革等战略选择，有效应对了复杂多变的国际发展环境，并推动了我国科技事业的快速发展；不过，我国仍需要处理和解决好科技战略选择中未能及时化解的关键核心技术存在路径依赖、创新链和产业链缺乏深度融合、教育科技人才融合效用未充分发挥、企业科技创新主体落实不到位等遗留问题。面对新一轮科技革命和产业变革、逆全球化与地区主义加速、发展中国家群体性崛起、国际冲突与对抗日益激烈等新趋势，我国科技战略部署应从历史中汲取经验教训，强化战略预见形成非对称竞争优势、强化国家自主创新生态体系建设、发挥新型举国体制加强科技基础能力、面向多元化国际利益关系推动科技合作，从容应对。,"['国际发展环境', '科技战略', '战略选择', '战略演进']",T45,T27,0.0,0.0023293228535158,,0.112194374010278,0.0166380203822559,0.4825622551388674,T45,A40,A25,1.0,0.0147414437518913,摘要:科技创新,0.1561432420427665,0.1052960267992233,0.4917711436826359,A48,False,False,False,needs_review,needs_review,needs_review
ZH_0303,乌克兰危机下的全球能源格局变化及能源科技发展新特点,能源是经济运行的血脉，乌克兰危机爆发引发区域性能源供应危机和全球性能源市场动荡，全球能源格局和能源科技发展趋势发生深刻变革，对我国能源领域科技战略产生深远影响。文章基于对世界主要经济体能源战略转向研究，结合国际能源贸易、全球低碳转型和国家能源安全等角度，聚焦能源领域科技战略趋势研判。文章认为：（1）能源供应本土化已成为全球能源科技战略发展方向；（2）清洁能源时代，能源技术成本属性逐渐增强；（3）全球加速清洁能源技术研发进程；（4）清洁能源领域国际科技合作面临新挑战。此外，结合我国能源结构现状，从战略部署、研发平台、研发导向、创新体制和国际合作等角度提出政策建议。研究结果对我国构建能源体系新格局和能源科技新战略提供参考和启示。,"['乌克兰危机', '科技战略', '清洁能源', '能源安全']",T45,T06,0.0,0.0105304685878133,,0.2136331391026364,0.0752176327700951,0.4915835154465946,T45,A44,A50,1.0,0.0075316728422151,摘要:低碳转型,0.1103331268659913,0.0537976631586791,0.4838403956819921,A49,False,False,False,needs_review,needs_review,needs_review
ZH_0307,基于混合型晶闸管可控移相器的抗冲击驱动策略,"晶闸管可控移相器(thyristor-controlledphaseshifting transformer,TCPST)因为潮流调节可靠、价格便宜等优点在日益复杂的电网潮流控制中具有较大发展前景。但是晶闸管的半控特性使得TCPST在模式切换过程中可能存在绕组短路引发的电流冲击问题，这个问题限制了TCPST的工程应用推广。对此，该文首先提出了一种基于新型矩阵式直接交交变换拓扑的混合型TCPST，然后，在混合型TCPST拓扑的基础上提出了一种运用于模式切换时的抗绕组短路电流冲击驱动策略：结合阀组电流方向和工作模式的闭锁式驱动策略以解决模式切换过程中绕组短路引发的电流冲击问题；在阀组中增设RC缓冲电路，并在驱动策略中引入功率参考阈值以解决伴生的阀组瞬时开路电压冲击问题。最后对220kV电网环境下的混合型TCPST进行仿真实验，仿真结果验证了所提抗冲击驱动策略的有效性。","['晶闸管可控移相器', '绕组短路', '阀组电流方向', '功率参考阈值', '驱动策略']",T01,T48,1.0,0.7793753633181929,摘要:Transformer,0.5081032984881494,0.4241097379870923,0.6755555555555555,T01,A25,A15,0.0,5.340306502454872e-05,,0.0812091445437096,0.0003814504644611,0.480058743371527,A25,False,False,False,needs_review,medium,needs_review
ZH_0308,水电站机组负荷降维优化分配中的时间尺度效应,"时间尺度是影响水电站负荷优化分配结果的重要因素。为探究时间尺度对水电站负荷分配的影响,研究论述了水电站调度中的时空尺度效应内涵及出现的原因,提出了包含发电耗水量、跨越振动区次数、机组启停次数、求解耗时等的尺度效应量化指标,并以ZM水电站为研究对象,基于水电站机组负荷优化分配模型,逐次递进分析了典型日考虑负荷过程随机性与负荷水平的水电站机组负荷优化分配尺度效应。结果表明:1)时间尺度越小更易捕捉负荷变化与水库运行过程,电站负荷优化分配的耗水量、机组启停与跨越振动区次数越大。时间尺度越大更易忽视或弱化机组启停以及跨越振动区等行为,产生潜在的安全运行风险。2)考虑负荷过程的随机性时,水电站负荷优化分配同样呈现尺度效应现象,但其影响程度与时间尺度大小影响相当。3)负荷水平越小或越大,不同时间尺度下电站机组运行方式变化较小,时间尺度效应越不显著;负荷水平居中时,时间尺度效应相对显著。研究结果可为水电站负荷优化分配的时间尺度选择以及模型降维求解算法提供科学依据。","['时间尺度效应', '机组负荷优化分配', '水电站短期经济调度']",T29,T37,0.0,0.0014473808246579,,0.1264607680949809,0.0103384344618426,0.4815921189071238,T29,A19,A38,0.0,0.0004284620228916,,0.080465789761412,0.0030604430206547,0.4804713082251808,A19,False,False,False,needs_review,needs_review,needs_review
ZH_0309,含分布式光伏低压交流系统短路快速保护方法,低压交流系统过电流原理短路保护方法受限于短路检测特征单一，已难以满足复杂工况下系统运行保护，分布式光伏、储能等柔性装置接入给低压保护技术带来新挑战。因此，提出节点自治的含分布式光伏低压交流系统短路快速保护方法。首先，以短路电流、电压瞬时幅值构建支路状态特征，研究短路状态早期辨识方法。其次，引入同节点各支路短路电流极性信息，设计基于短路电流方向相关性辨识的短路支路保护决策机制。最后，进行低压真型系统及其仿真模型的保护实验。实验结果表明，传统支路和光伏并网支路的短路均可在0.5ms内检出；不同节点间的保护响应范围合理搭配，且对于同一节点的近端短路，各支路可在短路1 ms内独立决断是否触发保护，保障了保护方法的选择性；保护方法在各类源荷运行工况扰动下不误动，研究成果具有较高的理论和工程价值。,"['低压交流系统', '分布式光伏', '短路故障', '短路状态早期检测', '保护决策机制']",T36,T14,0.0,-0.7101233176741791,,0.0765796216037833,0.0705477308987203,0.26,T34,A35,A34,1.0,-0.6329470840750713,摘要:储能,0.0259533968990295,-0.063907743393366,0.4755555555555555,A31,False,False,False,needs_review,needs_review,needs_review
ZH_0312,基于滑模一致性的多并联互联变流器分布式鲁棒功率控制策略,"针对现有交直流混合微电网分布式控制策略未充分考虑多并联互联变流器(interlinkingconverter,IC)场景、通信拓扑结构复杂、易受通信干扰以及运行工况变化等内外扰动影响等问题，该文提出了基于滑模一致性的多并联IC分布式鲁棒功率控制策略，通过系统期望的动态特性以及滑动模态设计分布式滑模控制器，确保多并联IC的传输功率于有限时间收敛至一致性目标稳态值，并通过理论分析证明了其在未知扰动下的稳定性以及有限时间收敛性能。该策略能够降低滑模增益系数，抑制滑模控制的抖振现象，并实现对未知干扰的动态补偿，确保多并联IC传输功率协调控制以及高精度分配。仿真算例验证了所提控制策略的可行性与有效性。","['交直流混合微电网', '多并联互联变流器', '分布式滑模控制', '功率协调控制', '干扰补偿']",T49,T45,4.5,0.7381277301841958,标题:控制策略；摘要:控制策略,0.1870644291672195,0.1294837870299701,0.8699999999999999,T49,A33,A38,4.0,-0.3361139949358294,关键词:微电网；摘要:微电网,0.0773794944242231,-0.0008142495416385,0.6422222222222222,A07,False,False,False,needs_review,high,needs_review
ZH_0318,一种基于电容主动钳位式混合式直流断路器,"混合式直流断路器兼具机械式直流断路器的静态特性与固态直流断路器的动态特性,具有较快的开断速度和较低的通态损耗,是应用于中高压直流输配电系统的优选技术方案。然而,基于模块级联的混合式直流断路器存在投资成本较高、避雷器吸能较高、不具备故障性质判别能力等问题,限制了断路器的工程化应用。该文在现有结构的基础上进行一定的改进,提出一种基于电容主动钳位式混合式直流断路器。主要利用电容电压钳位换流站侧电压,避免了换流站电压迅速跌落的同时降低了换流站侧的故障电流峰值。此外,电容电压还可作为线路故障和重合闸时的辅助判据。针对所提结构进行了详细的理论推导和分析,在PSCAD/EMTDC中建立四端直流环网对所提结构进行验证,并与原有方案进行对比。仿真结果证明所提结构可行且相对原有方案具备一定优势。","['混合式直流断路器', '故障性质判别', '电容钳位', '辅助判据']",T14,T15,1.0,0.7134803252883395,摘要:PSCAD,0.0647754047207963,-0.0465691050832899,0.6155555555555555,T15,A31,A32,1.0,-0.378247097711697,摘要:配电系统,0.0394482157302432,-0.1303364122264074,0.4755555555555555,A32,False,False,False,needs_review,medium,needs_review
ZH_0320,多级多分支配电线路雷击故障定位方法,"针对监测终端受多级多分支配电线路负荷小,无法布置在线路末端导致监测范围小的问题,以及雷击次级分支时缺乏有效识别方法的现状,提出一种适用于多级多分支配电线路的雷击故障定位方法。首先通过电流极性判断矩阵识别监测区段内外故障,并针对区段外故障采用改进型双端行波定位方法进行故障定位。然后,针对监测区段内故障,基于改进型双端行波原理形成故障支路判断矩阵实现一级多分支线路的故障定位,而针对多级多分支线路,需要先采用矩阵变换将多级多分支变换为一级多分支线路。最后,PSCAD/EMTDC仿真结果表明,该方法可以有效定位监测区段外故障,并能有效定位多级多分支配电线路中次级线路雷击故障,扩大分布式监测系统的监测范围,对于示范线路目前的布点方案,将监测范围扩大了57.46%。","['行波法', '山区复杂配电线路', '故障支路判断矩阵', '拓扑变换']",T36,T14,4.5,0.6195381602801405,标题:故障定位；摘要:故障定位,0.3748926191136058,0.4252725734295756,0.8699999999999999,T36,A37,A09,0.0,0.0245294942322429,,0.2903729884424803,0.1752106730874493,0.5069824436554672,A37,False,False,False,needs_review,high,needs_review
ZH_0323,适应我国高集中度电力现货市场的发电侧市场力辨识方法,我国电力现货市场发电侧拥有高市场集中度的特点，市场力的滥用辨识变得尤为重要。对美国事前市场力的辨识方法进行了详细综述，分析指出了行为-影响测试方法更适用于我国电力现货市场。在此基础上，进一步研究提出了高市场集中度下的事前-事后市场力辨识方法，包括用于辨识潜在市场力的剩余供给指标测试法和市场模拟仿真法、用于辨识事中市场力的行为-影响测试方法和从市场整体运行情况、用户侧、发电侧和电网侧4个维度进行全面评估的事后市场力辨识方法。最后，通过算例分析，论证了所提市场力辨识方法的合理性和可行性。,"['高市场集中度', '市场力', '辨识方法', '行为-影响测试', '事前-事后']",T06,T13,1.0,0.7176823363685573,摘要:综述,0.0999527951729813,-0.016554740224591,0.6155555555555555,T13,A36,A37,0.0,0.0018794406915114,,0.1112532225222335,0.0134245763679392,0.4820673847606626,A36,False,False,False,needs_review,medium,needs_review
ZH_0326,基于差动电流能量比的新能源场站送出线路纵联保护,电力电子装置在新能源电力系统中的广泛应用，改变了传统电力系统的故障特性，使得传统保护动作性能下降、甚至存在误动和拒动风险，从而给电网的安全稳定运行带来挑战。该文通过分析区内外故障后差流与分布电容电流的异同，明确了线路分布式电容电流与故障后差动电流的能量存在明显差异，然后利用区外故障时差动电流与分布式电容电流能量基本一致，而区内故障时差流能量与分布式电容电流能量差异很大的特点，提出了基于差动电流能量比的纵联保护新判据，仿真结果验证了保护算法的可行性。所提方法可解决新能源接入后差动保护动作性能下降问题，适应不同类型新能源场站，具有较好的耐受过渡电阻能力，与现有基于新能源暂态电流特征的保护相比，在新能源电源弱出力时动作性能更好。,"['新能源并网', '故障分析', '纵联保护', '能量比值']",T36,T11,1.0,0.7428960468594872,摘要:保护算法,0.2722834008298544,0.1635431918534804,0.6755555555555555,T36,A31,A34,0.0,0.0171652389192495,,0.2179207319613043,0.1226088494232114,0.4988817628111745,A31,False,False,False,needs_review,medium,needs_review
ZH_0327,电网碳排放因子研究方向与应用需求的演变进程,"电网碳排放因子是温室气体核算体系中非常重要的一部分，对于减缓气候变化和实现碳中和具有至关重要的作用。当前，针对电网碳排放因子核算的研究已经向着更为准确、区域更为细化、且更具有时效性的方向发展。该文总结了温室气体核算体系关于电网碳排放因子的需求演变以及国内外企业常用的标准和选择方法，介绍了欧美政府现阶段采取的电网碳排放因子计算方法及需求演变，探讨了关于电网碳排放因子的研究进展和应用情况。针对美国和欧洲地区，分别介绍了斯坦福大学、加州大学戴维斯分校、美国国家可再生能源实验室等知名研究机构的典型科研进展。此外，还探讨了欧美公司在电网碳排放因子计算方法及应用场景方面的创新，包括宾夕法尼亚-新泽西-马里兰电力市场公司(Pennsylvania-New Jersey-Maryland Interconnection,PJM)、新英格兰独立系统运营商(Independent System Operator-New England,ISO-NE)、Watt Time等公司已经推出的电网碳排放相关应用与产品。最后，该文指出了我国开展分时分区电网碳排放因子研究与应用的必要性，并提出了相应建议，为我国电网碳排放因子的进一步研究和标准制定提供参考。","['范围二温室气体', '电网碳排放因子', '属地碳强度', '市场碳强度', '边际碳强度']",T13,T11,1.0,0.0326278972047185,摘要:TEM,0.2861535837744776,0.233056408605133,0.571446242480746,T13,A36,A44,1.0,-0.6382843952314694,摘要:电力市场,0.1379894514161775,-0.0213591256029322,0.4755555555555555,A44,False,False,False,needs_review,needs_review,needs_review
ZH_0332,基于电容换流的限流型混合式直流断路器,"直流断路器是直流电网线路故障切除的重要装置，为提高直流电网在直流故障下运行的可靠性，针对断路器开断能力的高要求及成本较高、限流能力不强、故障隔离速度慢等问题，提出一种基于电容换流的限流型混合式直流断路器(capacitor commutation,current-limited hybrid DC circuit breaker,CC-CL-DCCB)拓扑，所提方案有正常及故障两种工作模式，依靠电容反向充电及阻感限流支路综合限流，有效抑制故障电流增长，使断路器跳闸时故障电流降低至3.71k A。所提方案具备故障清除后的重合闸判定能力，设有使电感短路及电容自然再放电的二极管组，可缩减故障隔离时间1.6ms，并降低避雷器吸收能量18.44MJ。对所提断路器拓扑进行了原理解析及理论推导，并在PSCAD/EMTDC中将其应用于四端直流电网进行仿真分析，与现有的直流故障保护方案进行性能及经济性对比分析，结果表明所提断路器具备一定优越性及可行性。","['混合式直流断路器', '直流故障', '故障限流', '预充电电容']",T14,T15,1.0,0.7129681349650836,摘要:PSCAD,0.0562252468344792,-0.05022760739226,0.6155555555555555,T15,A32,A07,0.0,0.0014588061261817,,0.135145290500138,0.0104200437584412,0.4816046867387999,A32,False,False,False,needs_review,medium,needs_review
ZH_0333,基于小波图像卷积的局部放电非梯度定位方法研究,为实现更准确的电力设备及线路异常放电定位，提出了一种基于小波图像卷积的非梯度定位方法。研究首先采用小波图像卷积的时延估计方法解决了低信噪比下时延估计误差较大的问题，基于小波变换分析获得了信号间时域–频域相关性，进一步通过卷积平均值获取精确时延估计值，在真实值±2μs的估计结果区间内将时延估计的置信概率提升了44%。在较高信噪比下应用时，有效地将估计结果的平均绝对误差限制在0.1μs内；其次，将下山单纯形法和模式搜索法2种非梯度优化方法引入局部放电定位算法中，借助非梯度优化算法无需求导、搜索迅速等优点，实现了局部放电源的定位寻优。为验证上述算法效果，首先通过仿真对比验证了小波图像卷积时延估计方法在不同时延长度、不同信噪比下的准确性和稳定性，然后采用十字阵列超声传感矩阵，对模拟放电源进行了实测。实验结果表明，所提出的定位算法相较传统算法误差更小，且未增加对硬件算力的要求。,"['小波变换', '时延估计', '放电定位', '下山单纯形法', '模式搜索法']",T11,T35,1.0,0.6970006090917091,摘要:超声,0.0030496518445453,-0.1642813636306483,0.6155555555555555,T35,A37,A21,0.0,0.0092887963081688,,0.1693619295964724,0.0663485450583489,0.4902176759389857,A37,False,False,False,needs_review,medium,needs_review
ZH_0335,考虑应急电源功能的光储充放电站配置方法研究,"考虑电动汽车的车网互联(vehicle to grid,V2G)运行模式，提出了光储充放电站应用于应急电源的配置方法。以医院为例，首先，根据门诊大楼屋顶面积确定光伏发电装机容量，以重要负荷功率需求确定电动汽车充放电桩数。其次，以光储充放电站运营商收益最大化为目标函数，医院后备时间(2h)用电需求为约束条件，建立了光储充放电站储能容量配置模型，利用CPLEX求解器求解模型。最后，校验光储充放电站是否满足医院24h用电需求。以医院典型季节日负荷为例进行了算例分析，结果表明：光储充放电站在正常运行时经济效益显著，且能够满足配电网供电中断时医院的应急用电需求。方法可推广至其他重要电力用户的应急电源配置。","['电动汽车', '应急电源', '储能电池', '移动储能特性']",T31,T13,0.0,0.0028123498846175,,0.1281897052571156,0.020088213461554,0.4830935848730793,T31,A31,A35,1.0,-0.7282762127638579,摘要:配电网,0.0175589874341604,-0.6305443768846991,0.4755555555555555,A35,False,False,False,needs_review,needs_review,needs_review
ZH_0340,同塔双回输电线路相参数新测量计算方法,输电线路相参数是线路过电压计算的基本参数，获取同塔双回交流线路的相参数对于指导工程运行是必要的。为准确获得同塔双回交流输电线路的相参数，建立微分形式的输电线路方程，对微分方程用拉普拉斯变换与反变换进行推导，获得输电线路相参数与各相导线首、末端电压和电流关系的测量用数学模型。在不同方式下，多次同步测量各相导线首、末端电压和电流，将所测数据代入模型求解参数。经仿真验证，对100～500km的线路最大偏差为1.47%，可适用于任意长度同塔双回线路，是一种新的相参数测量获取方法，满足电力系统过电压计算对参数准确性的需要。,"['同塔双回', '同步测量', '相参数', '分布参数模型', '拉普拉斯变换', '最小二乘法']",T40,T33,0.0,0.0176473772903251,,0.209212613005508,0.126052694930894,0.4994121150193576,T40,A27,A32,1.0,0.7152216429923689,摘要:数学,0.0361075581634579,-0.0341311214830788,0.6155555555555555,A32,False,False,False,needs_review,needs_review,needs_review
ZH_0342,基于分布式通信架构的温控负荷参与电力系统频率调控模型,温控负荷是具有参与电力系统频率调控潜力的需求侧资源。考虑到温控负荷用户群体分布的分散性和参数的异质性，提出一种基于分布式通信架构的温控负荷参与电力系统频率调控模型。负荷聚合商与区域控制器进行直接通信传递频率调控指令，用户个体间基于无线网络完成信息交互，通过Gossip算法实现节点负荷的通信状态和传递延时特性建模，针对用户响应状态的随机性，进一步将用户意愿系数纳入考虑，制定相应有序恢复策略避免二次功率冲击。通过算例仿真在单区域和多区域的频率响应模型中对所提方法有效性进行了验证，结果表明，所提方法能够充分发挥分布式需求侧温控负荷调频潜力，有利于提升系统频率稳定性。,"['温控负荷', '频率', '一次调频', '分布式通信架构']",T12,T07,1.0,0.7018542911269101,摘要:聚合,0.0263034530280351,-0.1296122062363566,0.6155555555555555,T07,A37,A15,0.0,0.0058265889628894,,0.1554152990719871,0.0416184925920675,0.4864092478591784,A37,False,False,False,needs_review,medium,needs_review
ZH_0345,高海拔山区铁路牵引供电系统——问题、挑战与对策思考,我国西部高海拔山区铁路部分区段面临沿线缺乏有力电网支撑，外部电源系统极端薄弱，途径复杂大坡道高原山区，建设难度大。高海拔山区铁路对牵引供电系统的技术要求非常特殊，对外部电网接入方案、牵引变电所供电能力、电源备用方式、长大坡道电分相处理方案等诸多方面提出了极为特殊的要求。该文从输电网–牵引变电所协同规划、长大坡道对牵引供电系统电压抬升影响、客货混跑下牵引供电系统谐波稳定性问题3个方面，分别剖析高海拔山区铁路牵引供电系统安全运行所面临的难题。然后，通过梳理总结已有文献研究，依次从考虑列车负荷和风光新能源不确定性的输电网随机规划方法、长大坡道下牵引负荷准确模拟与电压抬升机理分析、电力机车–牵引网系统宽频带谐波稳定性分析与振荡抑制措施3个角度对上述问题进行初步分析，同时给出了可能的解决方案，为高海拔山区铁路安全运行研究提供了借鉴。,"['高海拔山区铁路', '牵引供电系统', '薄弱电网', '长大坡道', '客货混跑']",T49,T06,1.0,0.7251358476721976,摘要:稳定性分析,0.2028533197843377,0.0366846262299837,0.6755555555555555,T49,A34,A46,1.0,-0.6239852845120724,摘要:风光,0.0787880532029362,0.0001051106280543,0.4755555555555555,A31,False,False,False,needs_review,medium,needs_review
ZH_0346,数据驱动的用户无功补偿装置远程故障感知,针对部分用户不能及时发现自身无功补偿装置的故障异常、降低用电能效和抬高用能成本的问题，提出数据驱动的用户无功补偿装置远程故障感知方法。该方法基于用户日用电模式会在有限的生产经营状态间切换的假设，利用无功补偿装置故障异常时用户侧功率因数降低、从电网吸收无功升高的特点，选取计量数据中的无功功率和功率因数作为特征量感知故障。采用正常运行时用户的历史计量数据构建正常样本库。同一生产经营状态下，无功补偿装置正常运行和故障异常时用户的无功及功率因数分布存在差异。采用近邻传播聚类对检测样本与正常样本库进行聚类，若检测样本产生单独类簇，即可判断当日存在无功补偿装置故障。基于实际发生的无功补偿装置故障用户计量数据的测试表明了所提方法的有效性。,"['用户节能', '功率因数', '无功补偿', '故障感知', '近邻传播聚类']",T34,T20,0.0,0.0107823880806704,,0.2346256950653468,0.0770170577190746,0.4918606268887375,T34,A05,A09,0.0,0.0033346408477953,,0.1343627717720668,0.0238188631985383,0.4836681049325749,A05,False,False,False,needs_review,needs_review,needs_review
ZH_0347,基于自适应插值强跟踪扩展卡尔曼滤波的电力系统动态状态估计研究,"针对扩展卡尔曼滤波(extended Kalman filter,EKF)算法在电力系统状态估计时存在鲁棒性差，精度被非线性系统的非线性程度制约大等缺点，提出一种自适应插值强跟踪扩展卡尔曼滤波(adaptive interpolation strong tracking extended Kalman filter,AISTEKF)算法，用于电力系统的动态状态估计。新算法利用自适应插值在两个连续采样点之间增加伪量测值，减小了EKF的线性化误差，有效提高了算法估计的精度；此外，该方法在EKF算法基础上引入强跟踪理论，增强了算法估计的鲁棒性。为验证所提出方法的有效性，分别运用EKF算法、自适应插值扩展卡尔曼滤波(adaptive interpolation extended Kalman filter,AIEKF)算法和AISTEKF算法对IEEE-5节点系统和IEEE-30节点系统进行动态状态估计。实验结果表明，与EKF和AIEKF算法相比，无论在高斯噪声环境下还是3种有偏噪声环境下，AISTEKF算法的电压幅值估计精度和电压相角估计精度都有显著性提高。所提出的新算法是一种鲁棒性好且估计精度高的电力系统状态估计方法。","['电力系统', '动态状态估计', '自适应插值强跟踪扩展卡尔曼滤波', '电压幅值', '电压相角']",T35,T27,7.5,0.0429440541664496,标题:状态估计；关键词:状态估计；摘要:状态估计,0.4322349779870698,0.3067432440460693,0.9072384595830948,T35,A01,A49,0.0,5.322324173143156e-05,,0.0640338201722575,0.0003801660123672,0.4800585455659045,A01,False,False,False,needs_review,high,needs_review
ZH_0348,基于相似日与多模型融合的短期负荷预测,"为提高负荷预测精度，以相似日思想为基础，构建了一种基于相似日与多模型融合的短期负荷预测框架。首先，通过Pearson相关系数确定负荷的气象影响因素，并结合气象因素及负荷日期类型进行相似日选取，构造历史数据集；其次，采用互补集合经验模态分解(complementary ensemble empirical mode decomposition,CEEMD)技术将历史数据集分解为不同频率下的固有模态函数(intrinsic mode function,IMF)分量；然后，采用长短期时序网络(long short term time-series network,LSTNet)及极限学习机(extreme learning machine,ELM)模型分别对高频及低频IMF分量进行预测，经过结果的融合得到最终的负荷预测结果；最后，经过实际电力负荷验证，所提出模型具有较高的负荷预测精度。","['短期负荷预测', '相似日']",T35,T13,7.5,0.6357080557984205,标题:负荷预测；关键词:负荷预测；摘要:负荷预测,0.1959616909423241,0.0836289699887181,0.98,T35,A09,A07,1.0,0.7058381393292417,摘要:CT,-0.0180772144168412,-0.1011561476482732,0.6155555555555555,A07,False,False,False,needs_review,high,needs_review
ZH_0349,新能源大规模并网环境下变电站防孤岛技术研究,针对新能源规模化并网给变电站带来的孤岛运行风险，研究基于电网拓扑和纵向通信的全站孤岛识别技术及相关切机策略。针对现有变电站新能源联切回路错综复杂的现状，基于电网拓扑模型，设计以联切矩阵为主的回路优化策略，建立联切间隔与新能源间隔之间的映射关系，大幅降低新能源间隔扩建时电网在运设备配合传动频率及后期运维难度。针对区域孤岛问题，提出基于多站信息融合的孤岛广域判别技术。采集并分析开关量、功率突变等关键信息，结合就地电气量变化得出可靠判别结果，避免新能源出力与孤岛负荷大体平衡时因无法快速识别孤岛带来的备自投及重合闸误动风险。研究表明，以联切矩阵为主的回路优化策略能大幅降低现场新能源联切回路数量，基于多站信息融合的孤岛广域判别技术可解决新能源出力与孤岛负荷大体平衡时孤岛识别问题。结合电网侧过/欠压及过/欠频等判据，形成完备的电网侧变电站反孤岛解决方案。,"['新能源', '并网', '联切', '孤岛', '矩阵']",T09,T19,0.0,0.0007836322251471,,0.1203482846114801,0.0055973730367651,0.4808619954476618,T09,A34,A51,0.0,0.0095922142441224,,0.1845596438103556,0.0685158160294462,0.4905514356685347,A34,False,False,False,needs_review,needs_review,needs_review
ZH_0350,,"针对风火打捆(wind-thermal-bundled, WTB)系统在受到干扰时可能由于阻尼不足而出现的低频振荡现象以及较高的网损会导致运行成本的增加和阻碍“双碳”目标实现的问题，提出了一种电力系统稳定器(powersystem stabilizer, PSS)与统一潮流控制器(unifiedpowerflowcontroller, UPFC)附加功率振荡阻尼控制器(poweroscillation damping, POD)参数和UPFC安装位置协调优化策略方法。首先，基于Matlab构建了风火打捆外送系统和控制器模型。然后，利用多目标樽海鞘优化算法(multi-objective salp swarm algorithm, MSSA)，将协调优化问题转化为多目标优化问题。目标函数设计中考虑了UPFC装置的调节特性。最后，采用IEEE 4机2区系统和16机5区系统进行多种工况下的仿真。仿真结果显示，协调优化后的控制器可以提高系统阻尼，维持发电机转速的稳定，抑制低频振荡引起的系统有功、电压等的波动，同时降低了系统的有功网损，提高了系统稳定性和运行经济性。MSSA在工程问题上的应用得到了补充。","['风火打捆', '低频振荡', '安装位置', '运行经济性']",T49,T13,1.0,-0.0381278169266237,摘要:阻尼控制,0.0886576048484905,-0.2723415494758842,0.3755555555555555,T13,A09,A38,1.0,0.7047566269273333,摘要:CT,-0.0156678717238845,-0.1088812362333335,0.5155555555555555,A38,False,True,False,needs_review,needs_review,needs_review
ZH_0351,基于改进秃鹰算法优化极限学习机的谐波发射水平估计,,"['谐波发射水平', '秃鹰搜索优化', '柯西变异算子', '极限学习机']",T02,T27,6.5,0.6866234348680693,标题:极限学习机；关键词:极限学习机,0.0450341234304585,-0.2384040366566471,0.8211111111111111,T27,A25,A26,0.0,0.0066527669209405,,0.1288354548037208,0.0475197637210037,0.3873180436130345,A25,True,False,False,needs_review,high,needs_review
ZH_0353,基于MMC的光伏直流升压并网系统故障分析及限流控制策略,"基于模块化多电平换变流器(modular multilevel converter, MMC)的光伏直流升压并网系统为大容量并网提供了更多的可能。而光伏升压系统直流侧发生故障时暂态过程复杂，故障电流上升迅速且峰值过高。针对此问题，首先对系统直流侧双极短路故障时的直流升压变换器与MMC换流站进行了故障过程分析，并通过故障回路分别计算出了可靠闭锁下流经短路点的故障电流。然后针对MMC换流站的故障电流，依据其控制原理，提出基于电压变化的主动限流控制策略。该控制通过引入电压变化量动态改变桥臂参考电压，从而限制故障电流。最后通过PSCAD仿真模型验证了故障分析结果与限流效果，经检验，该控制策略可以有效减小断路器的开断电流以及桥臂过流峰值。","['光伏', '双极短路', '直流变换器', '限流控制']",T49,T14,4.5,0.4336284967480805,标题:控制策略；摘要:控制策略,0.2417245107030055,0.240203548200575,0.8699999999999999,T49,A32,A34,1.0,-0.6182334720253764,摘要:换流站,0.0807579885202761,0.0411894855330255,0.4755555555555555,A38,False,False,False,needs_review,high,needs_review
ZH_0354,一种永磁同步电机无模型超螺旋快速终端滑模控制方法,"针对内置式永磁同步电机(interior permanent magnet synchronous motor, IPMSM)由于内部参数变化、外部扰动等各种不确定性因素导致控制性能不佳的问题，提出一种无模型超螺旋快速终端滑模控制方法。首先，建立考虑IPMSM不确定性的新型超局部模型，结合超螺旋算法和快速终端切换函数设计无模型超螺旋快速终端滑模控制器，确保系统状态有限时间收敛，并有效减小抖振。其次，设计扩展滑模扰动观测器精准估计超局部模型中的未知部分，并前馈补偿给设计的控制器，进一步提升系统的抗干扰能力和跟踪性能。最后，通过与PI控制和传统无模型滑模控制进行仿真实验对比，验证了该方法具有更快的收敛速度和更强的鲁棒性。","['永磁同步电机', '超局部模型', '超螺旋快速终端控制', '扩展滑模扰动观测器']",T39,T24,0.0,0.0038912176896365,,0.1720729682051965,0.0277944120688327,0.4842803394586002,T39,A09,A38,0.0,0.0048787140681013,,0.1482571251641122,0.0348479576292956,0.4853665854749115,A09,False,False,False,needs_review,needs_review,needs_review
ZH_0356,抑制间接矩阵变换器共模电压的调制策略,间接矩阵变换器在运行过程中会产生较大的共模电压，对电机系统造成严重的电磁干扰，影响系统正常运行。针对这一问题，提出一种新的空间矢量调制策略降低共模电压大小，改善输出电压性能。首先，将整流级空间矢量重新划分区域，根据参考电流矢量所在区域选择3个相邻的有效电流矢量，将有效矢量下的平均直流母线电压维持在一个恒定值，保证整流级的最大输出电压。其次，逆变级采用无零矢量调制策略，通过使用3个有效电压矢量合成所需要的输出电压，将共模电压峰值抑制到输入相电压幅值的57.7%。与传统调制策略相比，提出的调制策略不仅可以减轻系统计算负担，还可以减少系统输入输出谐波，改善输入输出波形质量。最后，通过Matlab/Simulink和实验平台搭建相应模型，仿真和实验结果验证了所提出策略的有效性。,"['间接矩阵变换器', '共模电压', '空间矢量调制', '整流级', '参考电压']",T12,T17,1.0,0.0187636386399625,摘要:合成,0.1272135176033554,0.1340259902854472,0.5561955580595144,T12,A30,A39,0.0,0.0002428998269385,,0.0740755435695491,0.0017349987638465,0.4802671898096323,A30,False,False,False,needs_review,needs_review,needs_review
ZH_0361,旅游市场、民生福祉与生态系统服务权衡协同关系研究——以张家界市为例,探究旅游市场、民生福祉与生态系统服务的关系是后脱贫地区推进乡村振兴和促进共同富裕进而实现中国式现代化建设的重要环节。文章基于1990、1995、2000—2022年张家界市4个区县面板数据，运用综合评价模型、当量因子评估法和力学平衡模型等方法，探究了旅游市场、民生福祉与生态系统服务权衡协同关系。结果表明：(1)综合权衡协同度整体呈现由低到高的演变趋势，空间格局从北高南低逐步趋于均衡，并呈现动态迁移与区域分化特征。(2)权衡协同类型由低协同状态向多功能共生型演进，表现为单核驱动型、双功能联合型、多功能共生型的递进式发展路径，不同类型反映出权衡协同的复杂性和多样化机制。(3)后脱贫地区旅游市场、民生福祉与生态系统服务的权衡协同关系受资源禀赋、产业发展阶段和政策导向等因素共同影响。,"['旅游市场', '民生福祉', '生态系统服务', '权衡协同关系', '张家界市']",T42,T41,1.0,-0.0073819774729892,摘要:面板数据,0.0493848386946068,-0.0527284105213521,0.4755555555555555,T22,A42,A47,1.0,-0.6336589634910668,摘要:乡村振兴,0.1125631137440443,-0.0689925963647626,0.4755555555555555,A47,False,False,False,needs_review,needs_review,needs_review
ZH_0367,新疆物流企业时空分布特征及其影响因素,文章基于物流企业数据，运用核密度、空间分析和地理探测器模型等方法，探究了2011、2015、2019和2023年新疆物流企业的时空分布特征及其影响因素。结果表明：(1)新疆物流企业总体上呈现以乌鲁木齐市为主要核心区域，大部分市州为边缘区域的“核心—边缘”空间分布格局。(2)新疆物流企业在不同研究年份均表现出一定的聚集分布模式，高高聚集区主要分布在乌鲁木齐市，低低聚集区较多但数量在逐年减少，由连片分布逐步演变为局部聚集。(3)新疆物流企业的空间分布受交通条件、经济因素、市场因素和政策环境4个维度因素的共同作用，其中经济发展水平、市场规模和区域政策是影响新疆物流企业时空分布的主要因素，市场规模与区域政策的交互作用最为显著，居民消费水平与产业结构状况的交互作用呈增强趋势。研究结论可为优化新疆物流产业布局、促进经济交流与区域协同发展提供借鉴参考。,"['物流企业', '集聚特征', '交通可达性', '市场规模', '区域政策', '区域协同发展', '新疆']",T48,T17,1.0,0.7261679671901735,摘要:地理探测器,0.1234326326816742,0.0440569085012393,0.6755555555555555,T48,A43,A46,1.0,-0.6612023581367017,摘要:产业结构,0.1587259442382121,0.065303353210752,0.5355555555555556,A43,False,False,False,needs_review,medium,needs_review
ZH_0368,沿海地区物流服务数智化水平格局变化及其影响因素,文章基于5A级物流企业数据，从物流基础服务供给能力和物流数字服务供给能力两方面构建物流服务数智化水平指标体系，运用虚拟最劣解TOPSIS方法评价中国沿海地区2011—2021年的物流服务数智化水平；在此基础上，采用Dagum基尼系数和核密度探究其时空格局演变规律，并通过地理探测器实证分析了其影响因素。结果表明：(1)2011—2021年中国沿海地区物流服务数智化水平逐年攀升，其中物流数字服务供给能力贡献突出，年均增长率为14.04%。(2)中国沿海地区物流服务数智化水平时序演变分段现象明显，其中2011—2015年物流服务数智化水平在低值区集中，2016—2021年物流服务数智化飞速发展，数字经济与产业深度融合、数字消费推动物流服务创新是关键。(3)空间格局方面，低水平区分布范围保持稳定，较高水平区由中部向南北方向扩展，高水平区向南部转移；区域差异方面，三大海洋经济圈的总体差异和组间差异呈波动扩大趋势，组内差异演化趋势各异，东部海洋经济圈整体发展态势良好，区域内差异逐渐缩小，而南部和北部海洋经济圈的区域内差异则有所增大。(4)影响因素方面，区域经济发展、地方政府扶持和区域数字化市场是物流服务数智化的主导影响因素，解释力集中在0.65～0.85；区域物流基础是支持相关服务的根本，其与其他因素的交互作用远超单因子影响，集中在0.7～0.9；地方政府扶持是打破路径依赖，促进区域物流服务转型发展的关键。,"['物流服务', '数智化水平', '5A级物流企业', '数智平台', '物流示范园区', '地方政府扶持']",T48,T41,2.0,-0.0055977714429134,摘要:空间格局；摘要:地理探测器,0.1478247750230699,-0.0399840817350957,0.5311111111111111,T44,A40,A46,1.0,-0.6036148454707693,摘要:数字经济,0.1619195501164706,0.145608246637362,0.5355555555555556,A40,False,False,False,needs_review,needs_review,needs_review
ZH_0373,基于护层接地线电流和分段TKEO的电缆早期故障检测方法,"电缆早期故障放电持续时间短，故障特征微弱，难以触发常规的过电流保护，故障查找困难。若不及时检测和处理，故障会逐步恶化，并在一定时间内发展成永久性故障。针对中压配电网极易发生电缆早期故障且难以灵敏可靠地检测故障的问题，提出了一种基于护层接地线电流和分段Teager-Kaiser能量算子(Teager-Kaiser energy operator, TKEO)的电缆早期故障检测方法。首先，采用最优变分模态分解(optimal variational mode decomposition,OVMD)对护层接地线电流信号进行分解，利用中心频率法确定最优分解数，获得本征模态函数(intrinsicmode function, IMF)。然后，计算各模态的脉冲因子和余弦相似度，遴选出最具故障特征的模态分量。其次，结合分段TKEO的导数分析信号的能量变化特征。最后，计算每段TKEO的导数最大值与前一段TKEO导数最大值的比值，设置合理阈值进行故障检测。仿真结果表明，该方法能准确检测电缆状态，实现早期故障检测，保证了检测的灵敏性与可靠性。","['早期故障', '脉冲因子', '余弦相似度']",T36,T11,4.5,0.570912691199122,标题:故障检测；摘要:故障检测,0.1355723150770872,0.0779477942794428,0.8699999999999999,T36,A31,A09,1.0,0.0102413421994826,摘要:配电网,0.0111437010394529,0.0731524442820192,0.4868210319749865,A37,False,False,False,needs_review,high,needs_review
ZH_0381,战略性新兴产业集聚与新质生产力耦合协调的时空特征及其驱动因素,文章基于高德地图提取的2010—2023年158197个微观企业点位数据，运用博弈论组合赋权法、耦合协调度模型、地理探测器等方法，考察了中国战略性新兴产业集聚与新质生产力耦合协调的时空特征及其驱动因素。研究发现：(1)中国战略性新兴产业集聚与新质生产力的耦合协调度呈现“协调性增长—阶段性回调”的演进趋势，不同地区耦合协调度的回调时点不同。(2)耦合协调的空间分异特征明显，东部地区耦合协调度明显高于其他地区，浙江、江苏、广东等省份一直处于良好协调和优质协调状态，中部地区省份崛起优势明显，西部地区大部分省份则被锁定在严重失调和中度失调状态。(3)从驱动因素来看，耦合协调与经济基础、政策环境、区位条件等因素密切相关，随着战略性新兴产业不断发展，其主要影响因素由早期的“经济基础”因素为主向“创新驱动”“需求牵引”等多重因素驱动转变，社会消费水平、区域创新能力等因素的驱动作用逐渐增强，多因素的共同作用强化了两者耦合协调的时空分异。因此，未来促进战略性新兴产业集聚与新质生产力耦合协调发展需要基于区域差异从产业协同、政策支持、要素支撑等多方面综合发力。,"['产业集聚', '战略性新兴产业', '新质生产力', '耦合协调模型', '创新驱动', '市场需求', '产业协同']",T44,T48,4.0,0.4000926250372012,摘要:耦合协调度；关键词:耦合协调模型,0.3774637218714147,0.2863758931228665,0.8422222222222222,T44,A39,A43,1.0,0.7120649296158335,摘要:区域差异,0.0569152412331115,-0.0566790741726182,0.6155555555555555,A43,False,False,False,needs_review,high,needs_review
ZH_0382,基于二维水动力模型与数据融合的电力设施淹没风险动态评估及预警方法,"为应对暴雨引发的电力设施淹没导致电网系统故障和供电瘫痪的问题，提出了一种基于二维水动力模型与数据融合的动态评估与预警机制。首先，结合芝加哥降雨模型与二维水动力模型，精确模拟关键电力设施位置的积水深度，提高预测准确性。其次，考虑积水深度、设备类型和可能的故障模式等因素，开发了一个综合评价体系，以量化电力设施因淹没而发生故障的风险。此外，构建了融合变分模态分解(variational mode decomposition, VMD)和长短期记忆网络(long short-term memory, LSTM)的短期负荷预测模型VMD-LSTM，为暴雨期间的电网负荷变化提供精准预测，并作为风险评估的重要依据。最后，设计了一套风险预警等级方案，能够准确标记需预警的电网节点，为管理者提供科学决策支持。通过具体区域电网案例分析，展示了该方法的有效性和实用性，为防灾减灾提供了坚实的技术支撑。","['暴雨淹没', '电力设施', '风险评估', '负荷预测', '二维水动力模型']",T41,T30,1.0,-0.5616201718068596,摘要:综合评价,0.0601595642196966,-0.1544297986204261,0.4755555555555555,T30,A37,A15,0.0,0.0213542079732958,,0.2498277019673729,0.1525300569521129,0.5034896287706254,A37,False,False,False,needs_review,needs_review,needs_review
ZH_0385,湖北省森林康养适宜性评价、区划及产品开发策略,森林康养对促进大众健康具有重要作用。文章以生态康养、景观康养、饮食康养、文化康养4个适宜性为一级准则，选取18项具体指标构建森林康养适宜性评价体系；在此基础上，对湖北省森林康养适宜性进行了评价和区划，并提出了产品开发思路和建议。结果表明：(1)湖北省平原区森林康养适宜性低，山地区森林康养适宜性高，总体呈“中部低，四周高”的圈层式空间分异格局；(2)湖北省森林康养产业发展可划为4个一级区（优先开发区、重点开发区、局部开发区、精准开发区）和8个二级亚区；(3)湖北省森林康养产品开发要因人、因地、因时制宜，实施多元化、特色化、协同化、赋能化的多层次开发策略。,"['森林康养', '适宜性评价', '区划', '生态康养', '景观', '饮食与文化', '产品开发']",T48,T21,1.0,0.71224602212134,摘要:空间分异,0.1085391357986941,-0.0553855562761422,0.6155555555555555,T21,A04,A23,0.0,0.0010727499997016,,0.1388028524793139,0.0076624999978687,0.4811800249996718,A04,False,False,False,needs_review,medium,needs_review
ZH_0389,基于时域阻抗法的35 kV配电线路相间短路故障测距,"为了解决35 kV高压配电网因感知量测手段不足和分支线路复杂性引起的故障测距难题，提出一种基于单端信息的时域阻抗法。首先，针对35 kV有分支线路配电网的相间短路故障特性，建立了基于单端信息的故障测距模型，并由故障后故障回路时域微分方程构成测距方程。然后，将测距方程中的故障距离、分支电流和过渡电阻作为未知参数，采用列文伯格-马夸尔特算法(Levenberg-Marquardt algorithm, LMA)进行非线性求解。并通过逐次搜索方法，依次对线路各区段和分支进行故障定位，确定故障所在位置。最后，利用PSCAD搭建35 kV电网模型，通过算例验证所提算法的可靠性和准确性。此方法只需要变电站出口测量的相电流和相电压作为输入，无需增加额外设备，就能够实现故障距离的精确计算和故障分支的有效识别。","['时域阻抗法', '单端信息', '故障测距', '阻尼最小二乘法']",T36,T14,8.5,0.7028243775299625,摘要:故障定位；标题:故障测距；关键词:故障测距；摘要:故障测距,0.3863128631160451,0.4823589991635983,0.98,T36,A31,A50,1.0,0.012239132178896,摘要:配电网,0.0849442928690139,0.0874223727064009,0.5490186009523412,A31,False,False,False,needs_review,high,needs_review
ZH_0390,电-气-碳-绿证多市场下综合能源供应商联合均衡模型,"在能源低碳转型的背景下，综合能源系统因其多能互补和有助于消纳新能源而得到了广泛的关注。为了体现综合能源系统的市场价值，其参与电-气等多能源市场以及碳-绿证市场的竞争将是一种趋势。作为综合能源系统参与市场投标的竞争主体，综合能源供应商的策略性行为将对这些市场产生重要的影响。为此，建立了含新能源的综合能源供应商(integrated energy suppliers, IES)参与投标竞争的电-气-碳-绿证多市场的联合均衡模型。该模型考虑综合能源供应商和单一能源供应商在4个相互耦合的市场中的博弈行为，同时考虑了新能源的不确定性，并引入偏差惩罚机制对新能源的投标偏差进行处理。采用非线性互补方法求得该均衡模型的解。最后，通过算例仿真验证了所提理论模型的合理性和有效性。结果表明，与不引入碳市场和绿证市场情况相比，综合能源供应商参与电-气-碳-绿证市场时利润增加了6.5%，碳排放减少了7.2%。","['综合能源供应商', '新能源', '电-气-碳-绿证交易市场', '多市场均衡分析']",T16,T18,1.0,0.7345332183222623,摘要:理论模型,0.1709242235966836,0.1038087023018728,0.6755555555555555,T16,A33,A36,1.0,-0.6070635609281916,摘要:综合能源系统,0.3671166775438094,0.2016468337061939,0.5355555555555556,A33,False,False,False,needs_review,medium,needs_review
ZH_0391,典型独立同步电网新能源高渗透率运行中的频率稳定挑战与应对措施(上),在高比例新能源与电力电子设备广泛应用的背景下，基于国际独立同步电网案例，分析了新能源高渗透率运行下面临的频率稳定挑战。首先，选取爱尔兰岛、得州和澳大利亚电网，梳理其系统特征与新能源发展路径，分析在新能源高渗透率运行下的频率稳定风险。然后，从系统惯量降低、调频资源稀缺、频率调节手段多样化、频率振荡风险加剧及分布式新能源对低频减载的影响5个维度，总结各电网在高比例新能源接入背景下面临的共性挑战。最后，总结高比例新能源接入下频率稳定问题的系统性特征，提出临界惯量评估、多源调频协同、频率振荡抑制与减载策略优化等研究方向，为构建新型电力系统提供理论基础和现实参考。,"['独立同步电网', '爱尔兰岛电网', '得州电网', '澳大利亚电网', '新能源高渗透率', '频率稳定']",T31,T28,0.0,0.0013332994115476,,0.0986093962227668,0.0095235672253399,0.4814666293527023,T31,A34,A31,0.0,0.014525134671487,,0.2166568344078845,0.1037509619391932,0.4959776481386357,A34,False,False,False,needs_review,needs_review,needs_review
ZH_0392,湖南省文化产业集团化发展实证研究,"推进文化产业集团化发展是""十三五""时期湖南文化产业发展的基本策略之一。以湖南省为例,通过实证分析发现,湖南文化产业集团化发展态势良好,呈现出产业集团化、产业园区或基地化、区域企业集团化等形式和特征。与此同时,湖南文化产业集团化发展也存在着一些问题,如产业集团大而未强、统而难筹、少而不匀。为推进湖南文化产业集团化发展,文章认为要坚持品牌发展、平衡发展、差异发展、尖端发展的战略,充分发挥产业集团化发展的规模经济效益,提升湖南文化产业综合竞争力。","['文化产业', '集团化发展', '文化体制改革', '品牌战略', '湖南']",T45,T10,1.0,0.726814455692574,摘要:发展态势,0.1532626967463088,0.0486746835183854,0.6755555555555555,T45,A43,A17,0.0,0.0229650745815404,,0.2386208868271486,0.1640362470110033,0.5052615820396945,A43,False,False,False,needs_review,medium,needs_review
ZH_0394,基于PSCAD的饱和铁心型超导限流器性能分析,"为了准确分析饱和铁心型超导故障限流器性能,根据参数设计要求建立了限流器三段式数学模型。研究了其在不同工作区间的静态特性以及在短路限流过程中的阻抗变化。在单机系统无穷大系统中,针对限流器阻抗变化将故障过程细分为不同阶段分析其对暂态稳定造成的影响。通过PSCAD仿真发现,串入固定感抗模型与限流器模型后极限切除时间分别为0.31 s和0.21 s。结果表明限流器具有较好的限流作用,提高了系统的暂态稳定性,且该模型能得到更准确的极限切除时间。","['超导', '饱和铁心', '阻抗变化', '暂态稳定', '极限切除时间']",T49,T14,4.0,-0.0335546287449011,关键词:暂态稳定；摘要:暂态稳定,0.3011291664379313,0.3317526518221351,0.7022222222222223,T49,A27,A38,1.0,0.7164411980117767,摘要:数学,0.0721339881742754,-0.0254200142015945,0.6155555555555555,A38,False,False,False,needs_review,medium,needs_review
ZH_0395,1990—2010年中国人口预期寿命与人均GDP的相关关系及其变化特征,"预期寿命是反映人口寿命水平的重要指标,人均GDP是反映经济发展的重要指标。采用相关分析和回归分析对中国1990—2010年市域、县域两个尺度的预期寿命与人均GDP的关系进行分析,结果表明:人均GDP对预期寿命具有显著正向影响,但累积影响强于即时影响;人均GDP超过3 000～5 000元后,其对预期寿命的影响开始出现边际递减效应;人均GDP对预期寿命的影响强度在空间分布上自东向西增强。由于经济相对发达的东部地区人均GDP对预期寿命的贡献率要小于经济相对落后的西部地区,因此,今后东部地区应通过完善社会保障、优化卫生资源配置、倡导健康生活方式等途径进一步提高预期寿命,西部地区则应大力发展区域经济,努力提高生活水平,以尽快缩小与东部地区预期寿命的差距。","['预期寿命', '人均GDP', '经济发展水平', '回归分析', '东部地区', '西部地区']",T02,T07,0.0,0.0035493534074203,,0.1053620528209706,0.0253525243387167,0.4839042887481624,T02,A39,A47,1.0,-0.009996621737549,摘要:区域经济,0.0027960652677947,-0.0714044409824924,0.4755555555555555,A10,False,False,False,needs_review,needs_review,needs_review
ZH_0396,坚持创新驱动引领中国经济高质量发展,"2019年是新中国成立70周年。新中国成立以来特别是改革开放以来,我们伟大的祖国和人民在中国共产党领导下,走出了一条适合国情的中国特色社会主义发展道路,创造了人类社会经济发展史上的新奇迹。今天的中国已成为世界第二大经济体、第一大制造业和货物出口及外汇储备国。尽管如此,中国仍然是世界上最大的发展中国家,中国的发展仍然处在社会主义初级阶段,中国的现代化仍然有很长的路要",[],T02,T07,0.0,0.0029704667089663,,0.0804604175748433,0.02121761934976,0.483267513379863,T02,A43,A50,1.0,-0.0052097638035628,摘要:制造业,0.1179102382069873,-0.0372125985968771,0.4755555555555555,A50,False,False,True,needs_review,needs_review,needs_review
ZH_0399,转型背景下“中心—外围”特征的演变机制与发展趋势——基于江苏区域产业结构变迁的实证分析,"空间经济学的经典模型认为,在一定的条件下市场因素会自发形成制造业中心——农业外围的模式,而当运输成本下降到一定水平后又会有所弱化。以江苏区域产业结构的变迁为例,将这一研究拓展到转型背景下区域发展的不平衡问题。在计划体制下,由于价格剪刀差等因素的影响,经济体也会出现中心外围的特征。进入转型体制后,在一定的条件下中心外围的特征还将得到维持甚至强化,并且在原来的基础上形成服务业中心。当要素成本上升到一定阶段导致较大规模的产业转移后,这种特征可能会演变为先进制造业、现代服务业中心——普通制造业、农业外围的新模式。","['中心—外围', '转型', '产业结构', '产业转移']",T07,T46,0.0,0.0050241772001296,,0.1524637584565654,0.0358869800009258,0.4855265949201425,T07,A39,A43,0.0,-0.8029664345558055,,0.0493693393854952,-0.5926173896843246,0.26,A43,False,False,False,needs_review,needs_review,needs_review
ZH_0408,融合物理与数据知识的电力系统扰动后频率在线快速计算方法,"针对电力系统扰动后频率响应计算问题，该文基于门控循环单元神经网络提出一种融合物理与数据知识的频率在线计算方法，以实现频率快速精准计算。该方法以同步电源惯性时间常数等影响频率响应的主导因素作为经典“黑箱”机器学习方法的基本输入特征量，并进一步在“黑箱”方法中嵌入频率响应相关物理知识，通过基本输入特征量和所嵌入物理知识形成新的输入特征量并用于模型训练。该方法能够提高小样本场景下的模型泛化能力和抗噪能力，并且增强其可解释性。采用新英格兰10机39节点系统作为仿真算例，通过与电力系统仿真器(power system simulator for engineering,PSS/E)中的仿真结果相对比，证明所提方法能够快速、准确地计算电力系统扰动后频率响应曲线。","['频率稳定', '频率在线计算', '物理–数据联合驱动', '门控循环单元神经网络']",T13,T02,1.0,0.0230019498380987,摘要:TEM,0.2955653202199874,0.1642996417007057,0.5008577003774641,T40,A26,A27,1.0,-0.6026344686455316,摘要:机器学习,0.2563920847278145,0.1526109382462024,0.5355555555555556,A26,False,False,False,needs_review,needs_review,needs_review
ZH_0412,国家历史文化名城地区空间变迁:土地利用研究,"首先介绍城市地区概念及国际上土地利用相关研究,并概述国家历史文化名城及其空间变迁过程;然后从土地利用历史断面的角度出发,研究了近300年来各时期国家历史文化名城地区的土地覆盖特征,以及从土地利用历史路径的角度出发,具体阐述土地覆盖特征所形成的过程;最后对研究成果进行了总结。","['国家历史文化名城', '城市地区', '空间变迁', '土地利用']",T25,T31,0.0,0.0017914941094813,,0.1105198871419005,0.0127963864962953,0.4819706435204294,T25,A42,A29,0.0,0.0057620011576614,,0.1432465131786391,0.0411571511261535,0.4863382012734276,A42,False,False,False,needs_review,needs_review,needs_review
ZH_0415,混合型相控开关在地面自动过分相中的应用,"现有地面自动过分相方案受传统开关及分相区的限制,在供电臂切换的过程中存在暂态过电压和励磁涌流的现象,供电死区时间长,导致辅助供电系统频繁启停。混合式高压复合开关具有很强的通流能力和较高的分断、过载可靠性,其中由全控型电力电子器件构成的相控单元能够实现在某一选定相位确地开断,克服了传统开关的缺点。结合混合式高压断路器特性和分相区结构,设计新型地面自动过分相系统,针对机车不同的运行方向制定不同的相控分合闸方案,从而抑制过电压和主变压器的励磁涌流,实现机车辅助供电系统不断电过分相。利用变压器饱和特性分析关合时间窗的大小,通过对机械开关关合特性的讨论,修正预击穿影响下的关合时间窗。基于MATLAB/Simulink建立牵引电网和CRH5型机车模型,对所提相控方案进行仿真,对比分析投切方案的不同暂态过程,最后建立选相控制试验平台,验证方案的有效性。","['混合型投切开关', '相控技术', '励磁涌流', '关合时间窗', '自动过分相']",T15,T06,0.0,0.0025771147621138,,0.1162977121389451,0.0184079625865276,0.4828348262383252,T15,A16,A37,1.0,0.0106601712690381,摘要:电子器件,0.1975643306078498,0.0761440804931299,0.5472817439514974,A16,False,False,False,needs_review,needs_review,needs_review
ZH_0417,我国生物安全文化建设的对策研究,"生物风险是现代生物技术潜在的""负效应"",随着现代生物技术的飞速发展,新的生物风险必将不断产生并危及人类生产和生活。特别是当现代生物技术与商业利益、跨国资本、地缘政治结合时,生物风险不仅是科技问题,而且是社会问题。因此,生物安全已成为当前国际安全问题的核心之一。加强生物安全建设的根本途径是生物安全文化的培育和创新。生物安全文化主要包括制度文化、物质文化和精神文化三方面。文章就此三方面分析了当前我国生物安全文化的现状和不足,阐明了当前重视和加强生物安全文化建设的必要性和意义,并对今后如何培育和加强我国的生物安全文化建设提出观点和建议。","['现代生物技术', '生物危害', '生物安全文化', '建议']",T23,T09,0.0,0.0046692221357976,,0.2894851914420364,0.0333515866842689,0.4851361443493774,T23,A04,A07,1.0,0.6816762007357752,摘要:精神,0.0561473546328513,-0.2737414233158911,0.6155555555555555,A07,False,False,False,needs_review,needs_review,needs_review
ZH_0421,生态草牧业在我国精准扶贫中的作用和潜力——中国科学院植物研究所科技扶贫实践与模式探索,"实施科技产业扶贫,是实现脱贫攻坚的一项重要战略措施。我国草原牧区是少数民族的主要聚居区,也是贫困人口的集中分布区,是我国脱贫攻坚的""硬骨头""。面向新时代居民食物消费的多元化和高品质需求,在我国农业供给侧改革的推动下,生态草牧业迎来了发展的春天,也为我国广大草原牧区的社会经济发展提供了大好机遇。草原牧区通过生态草牧业产业扶贫,全国已有不少脱贫致富的成功案例。中国科学院生态草牧业扶贫工作由中国科学院植物研究所牵头,联合院内外多家单位在贵州省水城县开展""黑山羊草畜一体化""示范项目,并为云南省永善县肉牛养殖提供科技支撑,项目成果为草山草坡地区发展生态草牧业产业扶贫提供了可借鉴的成功经验。我国面积广阔的草地资源不仅是广大牧民经济收入的主要来源,也具有保持水土、涵养水源等重要的生态功能。因此,发展生态草牧业,不仅是牧区实施产业扶贫的重要出路,也是我国建设美丽中国,实施乡村振兴战略的重要内容。","['生态草牧业', '科技扶贫', '产业扶贫', '北方草原', '南方草山草坡']",T23,T46,0.0,0.0075365418799146,,0.0946339497702938,0.0538324419993904,0.4882901960679061,T23,A42,A12,2.0,-0.3814825118271588,摘要:农业；摘要:乡村振兴,0.186282977555496,0.1322677726631514,0.5911111111111111,A42,False,False,False,needs_review,needs_review,needs_review
ZH_0423,返乡农民工创业选择的影响因素分析——基于5省465户返乡农民工家庭的调查数据,"农民工返乡创业对乡村振兴战略和农村脱贫战略的实施都具有重要影响,对返乡农民工创业选择的影响因素及城际差异进行研究有助于为各地区创业政策的精准制定和创业活动的精准开展指导提供参考。文章基于5个省6个城市返乡农民工家庭的样本数据,运用最优尺度回归和多水平模型实证分析了返乡农民工创业选择的影响因素与城际差异。研究发现:(1)出生年代、受教育程度、家庭年总收入3个微观变量和居住地教育环境、居住地居住条件、地区消费水平、地区房价水平4个宏观变量对返乡农民工创业选择具有显著影响。(2)返乡农民工创业选择存在城际差异,受教育程度、居住地教育环境、地区消费水平和地区房价水平对城市间返乡农民工创业选择的变异聚集性具有影响。根据地区特征,有针对性地加强针对农民工的技能培训和返乡创业支持体系建设有助于促进农民工返乡创业。","['返乡农民工', '创业选择', '城际差异']",T06,T16,0.0,0.0006345701256374,,0.1192491727696363,0.004532643754553,0.4806980271382011,T06,A42,A25,2.0,0.0164116104355595,摘要:农村；摘要:乡村振兴,0.2246132477417019,0.1172257888254245,0.6091638825902266,A42,False,False,False,needs_review,needs_review,needs_review
ZH_0424,美日“先进存储研究联合体”发展路径与启示,在全面推进中国式现代化建设进程中，必须坚持把科技自立自强作为国家发展的战略支撑，科技创新将成为经济高质量发展的主要驱动力。以企业为主体组建的创新联合体作为载体之一，旨在实现创新链和产业链的深度融合，加速科技成果转化为现实生产力，解决科研活动和产业需求脱节问题。文章在回顾总结美国、日本存储行业研究联合体演进的基础上，从演进过程、运行机制、发展战略、项目管理、组织协同、创新生态等方面，对该研究联合体进行剖析并获得重要启示，以期为助力我国创新联合体发展和加快科技强国进程提供管窥之见。,"['先进存储研究联合体', '研究联合体', '创新联合体']",T12,T34,0.0,0.0029929956977321,,0.1127128204017548,0.0213785406980864,0.4832922952675053,T12,A40,A43,1.0,-0.0032932144421646,摘要:科技创新,0.101393179696494,-0.0235229603011762,0.4755555555555555,A16,False,False,False,needs_review,needs_review,needs_review
ZH_0425,湘江流域县域发展水平的综合评价及特征分析,"从经济、产业、社会和资源四个方面,构建湘江流域县域发展水平的综合评价指标体系。基于熵值法,选取1991和2008年为研究截面,对湘江流域县域发展水平进行综合评价,划分县域发展动态类型,分析其变化特征,揭示其格局变化的影响机制。依据2008年县域综合发展水平和1991—2008年县域综合发展水平排名变化,将湘江流域县域划分为高水平增长、高水平下降、一般水平增长、低水平增长、低水平下降等15个基本类型。1991—2008年,湘江流域县域发展水平变化各异,随时间变化,县域发展水平差距有不断扩大的趋势,空间分布趋向集中。区位条件、资源禀赋、历史基础、特色产业以及区域发展政策是影响县域发展水平变化的主要因素。在此基础上,提出湘江流域不同类型县域的发展对策。","['县域', '发展水平', '类型', '湘江流域']",T41,T21,5.5,0.7519830973605006,摘要:指标体系；标题:综合评价；摘要:综合评价,0.4458840003076539,0.2284506954321472,0.9255555555555556,T41,A39,A30,0.0,-0.0257791697040677,,0.0407107553681443,-0.1841369264576264,0.26,A30,False,False,False,needs_review,high,needs_review
ZH_0426,中部农区农民期望务工距离研究——以河南三个样本村为例,"期望务工距离反映了农民务工地决策中的距离选择偏好,对其研究有助于在微观层面了解农民工流动的倾向和规律。通过对河南省南阳市三个不同类型样本村的实证研究,发现务工者的期望务工距离整体分散、局部集中,具有""U""型分布规律,同时具有一定惯性,但整体而言仍以本地为主。在期望务工距离选择模型中,年龄、上学年限、家庭人口、经济发展水平、地形等因子达到了显著水平。年龄较大者、学历较低者、家庭人口较多者期望在本地务工的概率较大,经济较发达村和地形起伏度较大村的务工者,期望在本地务工的概率较大,反之亦然。","['期望务工距离', '农民', '农区', '中部']",T21,T25,0.0,0.0034167856735012,,0.0886857137391015,0.0244056119535805,0.4837584642408514,T21,A42,A31,0.0,0.0025952908214262,,0.081966799161953,0.018537791581616,0.4828548199035689,A42,False,False,False,needs_review,needs_review,needs_review
ZH_0431,县域经济差异总体特征与空间格局演化研究——以浙江为实证,"以浙江为实证,采用探索性空间数据分析方法分析了县域经济差异及其空间格局演化,得出以下结论:2001—2011年,浙江省县域经济差异虽有波动,但整体趋于平稳;浙东北各县域经济差异变化幅度较小,浙西南各县域经济差异逐年减小,而这两个区域间的经济差异逐年增大;浙江省县域经济水平呈现空间集聚态势,""杭—绍—甬""城市带已成为浙江经济的核心发展区域;浙江省县域经济增长空间格局也呈现集聚态势,浙东北地区,尤其是杭州市辖区与绍兴县,始终是浙江省县域经济增长的热点区域,而浙西南地区经济增长水平相对较低。研究还从经济发展基础、区位、政策和空间邻近效应这四个方面探讨了浙江县域经济空间差异的动因及其对策建议。","['县域经济', '人均GDP', '总体特征', '空间演化', '浙江']",T48,T13,4.5,0.7214798481480403,标题:空间格局；摘要:空间格局,0.0947515394711642,0.010570343914574,0.8699999999999999,T48,A39,A23,0.0,0.0269718414043411,,0.2614886686771662,0.192656010031008,0.5096690255447752,A39,False,False,False,needs_review,high,needs_review
ZH_0436,基于占空比控制的Vienna整流器模型预测控制策略,"以Vienna整流器为研究对象,针对传统有限集模型预测控制(Finite Control Set Model Predictive Control,FCS-MPC)系统中存在的稳态功率脉动较大的问题,提出一种基于占空比控制的模型预测控制(duty-cycle-control-based model predictive control, DC-MPC)策略。首先,根据功率误差最小化原则构建价值函数,通过在线评估备选矢量对价值函数的影响选择最优矢量。然后,将控制周期划分为两个区间,引入第二矢量来提高系统的稳态性能,减小功率脉动。此外,利用冗余开关状态解决了Vienna整流器中点电位波动问题。与传统模型预测控制相比,消除了权重系数整定过程,控制结构更为简单。最后,通过Vienna整流模型的仿真分析与实验测试验证所提策略的有效性。","['Vienna整流器', '模型预测', '占空比控制', '价值函数', '中点电位']",T49,T26,3.5,-0.2263382092186774,标题:控制策略,0.0330805565775396,-0.4738443515619807,0.6144444444444445,T26,A09,A07,1.0,0.7118265627829883,摘要:CT,0.1164625629706243,-0.0583816944072263,0.6155555555555555,A07,False,False,False,needs_review,medium,needs_review
ZH_0440,知识经济背景下中国城镇化的第三次浪潮,"基于当前知识经济背景和国内外城镇化发展态势,将改革开放以来我国城镇化进程划分为三个时期,即制度城镇化、资本城镇化和知识城镇化。其中,第一次城镇化浪潮是制度城镇化,包括乡村城镇化和中心城市拓展两个阶段,其以制度创新为动力,城乡工业发展为目的,显著提升了我国城镇化发展水平。第二次城镇化浪潮是资本城镇化,包括都市区快速扩张和新型城镇化推进两个时期,其以土地(空间)商品化为手段,都市区建设为路径,快速推动了我国城镇化发展进程。第三次城镇化浪潮是知识城镇化,其以创新驱动、知识经济和人力资本为核心,构建认知—文化经济形态和科技创新中心,并实施特色小镇和乡村振兴战略,进而实现我国城乡区域融合发展。在知识城镇化时期,创业精神、产业资本、人力资本、创新氛围是重要生产要素,政府、企业、人才、大学成为主要动力主体,共同推动了新时代城乡区域空间结构重塑。未来要注重对知识城镇化的政策引导,强化塑造城乡场景空间品质,创新城乡要素流动机制。","['知识经济', '城镇化', '人力资本', '创新驱动', '制度创新', '城乡空间结构重塑', '要素流动']",T45,T20,1.0,0.7218424639470333,摘要:发展态势,0.1580429838075931,0.0131604567645245,0.6755555555555555,T45,A42,A41,1.0,-0.6647131273322702,摘要:乡村振兴,0.1718273826202594,-0.2908080523733589,0.4755555555555555,A41,False,False,False,needs_review,medium,needs_review
ZH_0444,中国省域创新基础设施与创新产出水平的耦合协调发展及其影响因素全文替换,创新已成为区域经济社会转型与高质量发展的关键，作为国家和区域创新体系的重要组成部分，创新基础设施在集聚创新资源、营造创新环境等方面的重要支撑作用日益凸显。为考察我国省域创新基础设施与创新产出水平耦合协调发展的空间格局及影响因素，利用2013—2020年的省级面板数据，测度了创新基础设施建设水平与创新产出水平，进而测算两者的耦合协调度并刻画其时空演化格局，在此基础上，利用空间计量模型探讨影响我国省域创新基础设施与创新产出水平耦合协调发展的因素。结果发现：(1)我国省域创新基础设施建设水平、创新产出水平及两者的耦合协调度均呈逐年增长趋势；(2)我国省域创新基础设施与创新产出水平的耦合协调度存在明显的空间异质性，其中东部地区最高，其次是中部、东北和西部；(3)城市化进程、政府管理程度、金融发展水平等因素会影响创新基础设施与创新产出水平的耦合协调发展。文章对我国省域创新基础设施与创新产出水平耦合协调的演化特征及影响因素进行研判，期望为我国创新基础设施与创新产出水平交互发展提供决策参考。,"['新基建', '创新基础设施', '创新产出', '协调发展', '城市化进程', '金融发展水平']",T44,T42,2.0,0.047922550486556,摘要:耦合协调度；摘要:时空演化,0.4827472939812812,0.3423039320468288,0.6438259166463227,T44,A39,A46,1.0,-0.6447638810551924,摘要:区域经济,0.1062700264096231,-0.1483134361085178,0.4755555555555555,A18,False,False,False,needs_review,medium,needs_review
ZH_0445,南京市游客路径轨迹空间特征研究——以地理标记照片为例,"地理信息系统与通讯技术和网络技术的发展和融合,为游客追踪数据生产和采集提供了技术支持。本文借助于Panoramio这一新兴网络媒介与互动平台,利用社会网络挖掘技术,发现、提取Panoramio中游客地理标记照片信息数据,运用Arcgis的空间热点分析技术、追踪分析技术对采集的数据进行空间信息的处理和表达,探索基于地理标记照片的南京市游客空间分布格局和路径轨迹模式。研究发现:①南京市游客地理标记照片呈现出高度的地理集聚特征,形成""大分散、小集聚""圈层式空间分异模式。南京城市核心区占主导,近郊区整体上弱于核心区,体现了中心-外围逐渐递减的特点,说明南京市游客空间选择具有明显的向心性。②通过Getis-Ord Gi*分析,识别了核心热点区,热点区具有倾向于重点旅游景区集聚、城市中央商务区集聚、重要文化空间集聚、重要交通设施集聚等特征,充分说明了照片空间分布和城市地域的旅游资源引力、商业集聚状况、重要文化设施、交通枢纽地区等因素密切相关。③借助追踪分析方法,挖掘出单节点轨迹、区域内部轨迹、区域间路径轨迹3种路径方式。62.69%游客选择单节点轨迹方式,13%游客选择区域内部路径轨迹方式,24.31%游客选择区域间路径轨迹方式。④识别了110种不同路径轨迹序列,形成7类区域间路径轨迹模式,游客路径轨迹中存在着明显的结构分层,形成了强中心线型结构。","['游客', '路径轨迹', '空间特征', '地理标记照片', '南京']",T48,T47,3.0,0.5248828946435986,摘要:ArcGIS；摘要:GIS；摘要:空间分异,0.4630075997280518,0.3205921045971335,0.7866666666666666,T48,A45,A46,1.0,0.014601664528835,摘要:旅游,0.1410137489291813,0.1042976037773933,0.551617386537274,A45,False,False,False,needs_review,high,needs_review
ZH_0451,加强半导体基础能力建设 点亮半导体自立自强发展的“灯塔”,"在“逆全球化”下产业链“脱钩”愈演愈烈的背景下,当前我国的科技基础能力难以支撑实现高水平科技自立自强的国家战略需求。为此,在党的二十大报告中提出了加强科技基础能力建设。中国科学院院长、党组书记侯建国在《人民日报》撰文指出,科技基础既包括各类科技创新组织、科研设施平台、科学数据和文献期刊等“硬条件”,也包括科技政策与制度法规、创新文化等“软环境”。中国科学院在2022年制定了“基础研究十条”,明确中国科学院基础研究的战略定位、重点布局和发展目标,从选题机制、组织模式、条件支撑、人才队伍、评价制度、国际合作等方面提出了一系列有针对性、可操作的政策措施,强调了学风、作风和学术生态建设。",[],T45,T46,0.0,0.0029958502862254,,0.0936934099272485,0.0213989306158962,0.483295435314848,T45,A40,A16,1.0,-0.5392786806406488,摘要:科技创新,0.1044129098853927,-0.1785211882495317,0.4755555555555555,A48,False,False,True,needs_review,needs_review,needs_review
ZH_0453,基于城市联系网络的城市群等级结构对比,"城市群已成为中国新型城镇化发展的主体形态,基于城市联系网络分析城市群城市等级结构为当前研究热点。文章以长三角、珠三角、京津冀和成渝4个城市群为研究区,通过获取公路客运的日均发车班次数据构建城市群的城市联系网络,基于城市联系强度划分出不同层级的联系子网,利用复杂网络中度和特征向量指数对比分析城市群等级结构特征。结果表明:各城市群城市之间的联系强度均呈现出明显的重尾分布特征,基于重尾分级法可将城市联系网络及城市节点划分成不同层级。城市联系网络的层级结构和城市节点的等级结构特征形成明显的映射关系,等级较高的联系线以中心城市为核心形成辐射状结构,而中等水平的联系线以地方中心城市间的联系形成网络状结构,对城市群的发展轴线或经济密集区有一定指示作用。长三角城市群与珠三角城市群的等级结构较为合理,不同等级的中心城市在对应的联系子网中占据首要地位。京津冀城市群和成渝城市群处于中心城市快速发展阶段,中心城市与周边城市形成较为明显的""断层""现象,且以成渝城市群最为明显。","['城市群', '城市联系网络', '等级结构', '引力模型', '复杂网络']",T43,T01,4.0,0.7612189878386744,关键词:复杂网络；摘要:复杂网络,0.3548632287761621,0.2944213417048175,0.8422222222222222,T43,A41,A39,1.0,-0.6903704727892424,摘要:城镇化,0.1827116901558223,-0.2781564382905069,0.4755555555555555,A39,False,False,False,needs_review,high,needs_review
ZH_0457,基于VMD-WVD的故障行波全波形时-频分析方法,受高阻接地故障、过零点故障和高频噪声等因素的影响，行波波头检测困难，导致行波保护和故障定位方法可靠性不高。由于故障行波具有全时频特性，检测一定时间窗内时频域行波波形将包含全景故障信息，从而实现故障特征可观测。融合故障行波时频域信息，提出了基于全波形信息的故障行波表现形式。在此基础上，提出了一种基于变分模态分解(VMD)和Wigner-Ville分布(WVD)的行波时频分析方法。对故障行波进行VMD分解，得到多个单一成分的固有模态分量。利用Wigner-Ville分布分解各固有模态分量，将分解结果线性叠加即可得到行波时频域波形，即行波全波形。利用该方法对模拟和实测行波信号进行分析，结果表明：该方法具有良好的噪声抑制作用，同时具有较高的时频分辨率和聚集性，实现了行波全波形的真实、准确提取。应用于1:1真型配电网实验平台中，可实现准确故障定位，且不受高阻接地故障、过零点故障、噪声干扰和采样率等因素的影响，有望大大提高行波保护和故障定位方法的可靠性。,"['行波全波形', '变分模态分解', 'Wigner-Ville分布', '时频联合分析']",T36,T17,1.0,0.0298194957286621,摘要:故障定位,0.2688724705276263,0.2129963980618722,0.568357000857084,T36,A31,A37,1.0,0.6861758033026137,摘要:配电网,0.0184698029295193,-0.2416014049813299,0.6155555555555555,A37,False,False,False,needs_review,needs_review,needs_review
ZH_0460,考虑夏普比率的虚拟电厂日前投标策略,由于风电、光伏机组出力不确定性及负荷等预测误差的存在，虚拟电厂日前投标行为面临风险，而目前应用于日前投标的风险–收益多目标优化方法仍需主观决策风险厌恶系数。夏普比率能够同时衡量收益与风险，可在无需决策风险厌恶系数的同时实现风险和收益的帕累托最优，目前已被广泛地用于评价投资组合的业绩、评判资本市场的运行效率等方面。该文将虚拟电厂日前投标行为类比于投资组合，以最大夏普比率为目标，采用场景生成法刻画风电光伏出力、负荷及电价的不确定性，并引入场景评价指标，提出考虑夏普比率的虚拟电厂日前–实时随机优化投标策略。结果表明，以最大夏普比率为目标的投标策略能够降低决策的主观性，在设备参数改变时自主修正风险厌恶系数，与传统风险管理方法的计算结果对比验证了模型有效性。,"['虚拟电厂', '电力现货市场', '随机优化', '条件风险价值', '夏普比率']",T39,T37,7.0,0.674639968428127,关键词:随机优化；摘要:随机优化；关键词:条件风险价值,0.4867227942016901,0.4106936520376422,0.98,T39,A34,A33,2.0,-0.5314318754623705,摘要:光伏；摘要:风电,0.1657583669458893,-0.0245133961597892,0.5311111111111111,A33,False,False,False,needs_review,high,needs_review
ZH_0462,泛在电力物联网背景下基于联盟区块链的电力交易方法,"泛在电力物联网的建设,推进电能的生产消费进一步向分布式发展,出现了更多电力自由双边交易。中心化电力交易模式中,市场主体互信度不够,数据安全性不高。提出基于联盟链技术的电力交易方法以解决这些问题,确保交易高透明度、可追溯性与不可篡改性。联盟链分布式存储与数据共识机制确保电力交易系统安全性。保留交易中心的监管权限、将调度中心安全校核与电网输送电能环节纳入电力交易,提升联盟链技术应用于电力交易业务的可行性。最后设计交易平台中发、用电多方合作博弈交易情景,多发电方共同完成电力需求。该方法有利于灵活调整交易电量,增加合作收益,避免单个发电方无法满足规定时间内过大电力需求的隐患,为未来的弱中心化电力交易模式提供新思路。","['泛在电力物联网', '电力交易', '联盟区块链', '弱中心化', '分布式存储']",T38,T11,1.0,0.7769904426712286,摘要:合作博弈,0.4925070157344314,0.4070745905087762,0.6755555555555555,T38,A24,A36,1.0,0.6759150111281705,摘要:监管,-0.0109517787719526,-0.3148927776559242,0.6155555555555555,A36,False,False,False,needs_review,medium,needs_review
ZH_0463,1990年以来湖南人口与经济重心及其演化,"人口应与经济协调发展,以湖南省为例,采用重心理论分析了湖南省1990年以来的人口、GDP、三大产业重心的区域分布特征,并探讨了重心动态演化的原因。实证表明:1湖南省人口、经济分布存在不均衡性,主要表现为西南与东北的差异。2从移动方向上来看,人口重心与经济重心的移动方向一致,均由西南向东北移动;从移动幅度和移动速度上看,人口重心的移动滞后于经济重心的移动。3均衡性表现为偏移距离按第一产业产值重心、GDP重心、第三产业产值重心、人口重心、第二产业产值重心的顺序逐步降低,且各要素分布逐渐均衡化。4第一产业是影响人口迁移的主要因素,第二产业和第三产业是经济重心移动的主要力量。最后对湖南的人口合理分布与经济的协调发展提出建议。","['人口重心', '经济重心', '重心动态演化', '区域协调发展', '湖南省']",T44,T45,0.0,0.0076986436884647,,0.1418192765363695,0.0549903120604623,0.4884685080573112,T44,A04,A05,1.0,0.7045444575348646,摘要:心理,0.0050880777820191,-0.1103967318938234,0.6155555555555555,A05,False,False,False,needs_review,needs_review,needs_review
ZH_0464,西北地区生态保护与高质量发展协同推进的策略和路径,"西北地区是我国重要的生态安全屏障和重大国家战略的枢纽地区,经济社会发展整体滞后,发展与保护的矛盾比较突出。处理好西北地区生态保护与高质量发展之间的关系,对于新时代推进西部大开发形成新格局具有重要战略意义。推动西北地区生态保护和高质量发展的主要任务包括:围绕大保护,建立""一廊五区多点""的生态安全格局;围绕大开发,形成""两横两纵四区四群多点""的区域经济布局;围绕大开放,构建""三重开放、两带引领""的互动合作格局;围绕人地协调,探索各具特色、优势互补的高质量发展模式。实现西北地区生态保护与高质量发展协同推进的关键策略与路径在于:(1)分区推进保护和修复,提高生态系统稳定性。(2)实施重大引调水工程,构建水安全保障体系。(3)强化创新和园区驱动,多元化发展绿色经济。(4)优化交通网络和通道,探索枢纽经济新模式。(5)多层次提升合作水平,增强区域发展协同性。","['西北地区', '生态保护', '高质量发展', '协同推进', '策略', '路径', '水安全保障体系']",T36,T49,0.0,0.0010928806131109,,0.0943648898488073,0.00780629009365,0.481202168674422,T36,A39,A44,1.0,-0.661299163812789,摘要:区域经济,0.0660418626210929,-0.2664225986627786,0.4755555555555555,A44,False,False,False,needs_review,needs_review,needs_review
ZH_0465,我国生物产业发展现状及政策建议,"进入生物经济时代以来,世界各国加大了对生物产业发展的支持力度。文章通过分析我国生物产业发展现状,探究其中存在的问题。研究结果表明,我国生物产业发展成效显著,但仍存在国际竞争力不强、区域发展不协调、部分企业经营状况较差等问题。针对上述问题,文章从注重生物产业区域协调发展、完善生物产业资本市场建设和提高生物产业国际竞争力3个方面提出了我国发展生物产业的对策,以期为我国生物产业和生物经济发展提供决策参考。","['生物产业', '发展现状', '政策建议', '中国']",T23,T02,0.0,0.0038152684347197,,0.1371153410442988,0.0272519173908551,0.4841967952781916,T23,A39,A50,0.0,-0.740364135889581,,0.0054928018875284,-0.1454581134970078,0.26,A07,False,False,False,needs_review,needs_review,needs_review
ZH_0468,探索我国信息技术体系的自立自强之路——兼序“构建自立自强的信息技术体系”专题,"高水平科技自立自强不是靠单项技术,而是要形成强大的国家技术体系,即""国家平台""。信息技术3.0(IT3.0)时代一定会产生不同于IT 1.0和IT 2.0时代的新技术体系,这是中国构建自立自强信息技术体系的难得机遇。未来的信息技术产业生态将朝着领域专用、百花齐放的方向发展,中国的优势将在未来的竞争中充分体现。构建信息技术体系应重视5个原则:(1)正确处理自立自强与开放合作的辩证统一关系;(2)以系统结构创新为主,重在跨层纵向整合;(3)发展开源生态,构建技术命运共同体;(4)重点发展领域专用产业生态;(5)大力发展敏捷设计和敏捷制造。文章还简要介绍了《中国科学院院刊》""构建自立自强的信息技术体系""专题的8篇文章,这些文章侧重于技术方向和科研模式的选择,一定程度上反映了我国科技人员探索建立信息技术新体系的努力踪迹和期望的愿景。","['信息技术体系', '高水平自立自强', '技术命运共同体', '跨层纵向整合', '开源生态', '敏捷设计', '敏捷制造']",T45,T11,0.0,0.0059955353303906,,0.1470906601922343,0.0428252523599332,0.4865950888634297,T45,A16,A09,0.0,0.0002156118350741,,0.1542980548907479,0.001540084536244,0.4802371730185816,A16,False,False,False,needs_review,needs_review,needs_review
ZH_0469,变电站二次测试中智能语音控制关键技术研究,"为了增强变电站二次测试智能化水平,提高测试效率,提出了一种基于智能语音识别的电力二次测试系统。采用一种针对电力专用词库的二次语音识别引擎,设计了基于离线识别模式的嵌入式测试系统。在实验室与现场,利用该系统分别实测了智能终端、保护装置、合并单元等设备。实测结果表明,电力专用词汇语音识别引擎提高了整体识别率和稳定性,且该测试系统的语音操控能够准确无误地完成整个测试过程,增强了电力二次测试仪的操控性、灵活性和易用性。","['智能语音', '离线识别', '麦克风矩阵', '电力专用识别引擎', '嵌入式系统']",T34,T27,0.0,0.0112907893884833,,0.2060682060340596,0.0806484956320235,0.4924198683273316,T34,A26,A37,0.0,0.0065063555606738,,0.2086928149850017,0.0464739682905272,0.4871569911167412,A26,False,False,False,needs_review,needs_review,needs_review
ZH_0472,中国草畜生产的时空匹配格局及驱动机制,探究饲草种植与牲畜养殖时空匹配度及演变机制是优化草畜结合的重要基础，是实现草畜业提质增效的关键抓手。文章基于草业系统耦合理论构建草畜生产系统分析框架，阐释草畜生产匹配的动态演变内涵并依此确定指标体系，再利用改进耦合协调、四种空间权重下的计量模型测度中国2001—2019年草畜生产时空匹配格局及其驱动效应。结果表明：饲草种植系统远滞后于牲畜养殖系统，草畜生产匹配度上升缓慢，整体呈现西北高东南低的分布格局。草畜生产匹配的空间相关性不断增强，冷热点集聚趋势逐渐扩散。草畜生产匹配度在养殖业的需求引导、运输成本的理性约束、草地资源的优势带动、城镇化的消费激励、劳动力的流动传导，以及技术红利与政策支持等多因素协同驱动下不断发展。不同省份间存在示范扩散、集聚竞争等空间关联效应使得驱动因素的溢出效应显著。,"['草业系统耦合', '草畜生产', '时空匹配', '驱动机制', '溢出效应']",T41,T42,1.0,-0.0132329976422423,摘要:指标体系,0.0386613404604391,-0.0945214117303034,0.4755555555555555,T44,A41,A07,1.0,0.711437341574399,摘要:城镇化,0.0328868939623201,-0.0611618458971502,0.6155555555555555,A07,False,False,False,needs_review,needs_review,needs_review
ZH_0473,专利拍卖在我国的发展机遇与挑战,"与传统的双边谈判模式相比,专利拍卖具有覆盖面广、公平竞价等特点,能有效降低专利交易的时间和成本,目前已成为国际上专利交易的一种新模式,我国也已经出现专利拍卖的探索和实践。文章分析了专利拍卖在中国发展的机遇和趋势,研究了专利拍卖对于科研院所专利批量转移转化的重要意义和独有优势;同时讨论了专利拍卖在我国发展中存在的一些突出问题,并根据这些问题提出了有针对性的对策建议。","['专利', '专利拍卖', '技术转移']",T38,T20,0.0,0.0001311238008381,,0.152541920730086,0.0009365985774155,0.4801442361809219,T38,A40,A25,0.0,0.0042141544461836,,0.1213880363514344,0.030101103187026,0.484635569890802,A40,False,False,False,needs_review,needs_review,needs_review
ZH_0481,图深度学习技术在智能暂态稳定评估中的应用及展望,"数据驱动的暂态稳定评估模型是近年来的热点研究方向。深度学习技术具有高维输入空间的特征聚合能力，其引入能显著降低智能稳定评估模型设计中输入特征选择的主观性，并改善基于动态信息的评估模型预测精度。图深度学习(graph deep learning,GDL)框架进一步拓展了深度学习模型的拓扑学习能力，使其可以将状态特征与拓扑关系相结合，提升稳定评估模型的特征提取能力。论文分析了GDL应用于智能暂态稳定评估模型的设计框架，从图表示、图嵌入、全局聚合、训练方式4个方面探讨了暂态稳定评估应用中GDL的特征聚合性能提升方法。该文结合IEEE测试系统验证了GDL与传统深度学习模型的稳定评估性能差异以及多种性能提升方法的有效性。论文可为GDL在智能稳定评估领域的应用研究提供指导思路。","['图深度学习', '智能暂态稳定评估', '特征聚合', '性能增强']",T12,T49,4.0,-0.3709436393934122,关键词:聚合；摘要:聚合,-0.020289257342066,-0.2495974242386591,0.6422222222222222,T49,A25,A26,0.0,0.0009487055194552,,0.130706065942498,0.0067764679961088,0.4810435760714007,A25,False,False,False,needs_review,medium,needs_review
ZH_0482,基于深度学习的无人机电网巡检缺陷检测研究,由于无人机电网巡检存在检测区域面积小、背景复杂、计算量大等特点，导致深度学习算法的准确率和实时性难以实现。为实现无人机电网巡检的准确、快速识别，分析了各类深度学习算法在复杂环境下对绝缘子的检测效果，提出了一种基于YOLO v3的目标检测算法。首先选用ResNet18作为主干网络结构，然后构建一个多尺度特征金字塔，将其与主干网络进行融合，形成深度融合的电网巡检绝缘子检测模型，可在提高检测准确率的同时，满足实时性的检测要求。实验结果表明，YOLO v3网络的均值平均精度(m AP)达98.10%，相比于Faster R-CNN提高了6.71%；其每秒检测帧数高达47.52帧，分别是R-CNN和Faster R-CNN的25倍和12倍。所提的YOLO v3网络具有更优的识别精度和检测速度。,"['无人机巡检', '深度学习', '绝缘子']",T01,T24,7.5,0.7301635229136707,标题:深度学习；关键词:深度学习；摘要:深度学习,0.2424050136820524,0.0725965922405051,0.98,T01,A26,A34,0.0,0.0051801594948518,,0.103007454970202,0.0370011392489418,0.485698175444337,A26,False,False,False,needs_review,high,needs_review
ZH_0483,基于DS-LCC拓扑抗偏移性的建模与优化,针对无线电能传输(WPT)系统中线圈偏移导致功率及效率波动问题，提出基于双边LCC(DS-LCC)拓扑WPT系统的改进模型。首先，对该模型进行传输特性分析，推导出不同横向偏移条件下线圈互感与传输特性间对应的函数式。其次，引入归一化方法并确定偏移后线圈匝数与耦合强度及线圈内阻的线性关系。在上述基础上通过对系统进行参数优化设计，实现特定横向偏移范围内系统输出功率和传输效率抗偏移性的提升。最后，搭建一台100 W的实验样机对理论分析进行验证。结果显示在0～20 cm的横向偏移范围内系统的输出功率始终高于80 W，传输效率始终高于70%。,"['抗偏移性', '横向偏移', '归一化方法', '无线电能传输']",T17,T22,1.0,0.7034134959836347,摘要:样机,0.0613934098880907,-0.1184750286883241,0.6155555555555555,T22,A01,A32,0.0,0.0056277412572262,,0.1222533374723178,0.0401981518373304,0.4861905153829489,A01,False,False,False,needs_review,medium,needs_review
ZH_0487,科技助推“三变”改革 建立科技扶贫长效机制——中国科学院贵州省水城县定点科技扶贫实践与探讨,"贵州省六盘水市水城县是中国科学院定点帮扶县。文章回顾了近年来中国科学院在水城县开展科技扶贫工作主要内容和成效:发挥综合科技优势,结合水城县实际情况,打造特色科技扶贫项目,重点培养贫困地区的自我造血功能。总结成功经验,探索科技扶贫助推""三变""改革的新模式,强化科技支撑,推进精准扶贫,建立科技扶贫长效机制。","['科技扶贫', '“三变”改革', '精准扶贫', '产业发展', '猕猴桃', '玄武岩纤维']",T23,T16,0.0,0.0010666449622894,,0.0796192360400521,0.007618892587782,0.4811733094585184,T23,A30,A07,0.0,0.0025211545928644,,0.0551189821116297,0.0180082470918891,0.4827732700521509,A30,False,False,False,needs_review,needs_review,needs_review
ZH_0488,基于正交多项式拟合的PMU现场测试参考值计算方法,"为给现场运行的同步相量测量装置(phasor measurement unit, PMU)性能分析提供准确的相量参考值，保证其数据质量，提出了基于正交多项式拟合的高精度相量测量方法。该方法利用Legendre多项式的正交性特点，对信号模型进行Legendre多项式拟合，以此来构建一种基于Legendre多项式的正交拟合相量模型。在此基础上，通过分析对比不同拟合参数求解方法的复杂度，提出了基于Cholesky分解的相量参考值计算方法，为非线性拟合参数求解计算量大的问题提供一种新的解决方法，并通过迭代修正来保证测量精度。进一步地，根据分析揭示的最优窗长和拟合阶数，实现算法的高精度测量和高效率计算。仿真与硬件测试表明，测量精度均满足标准要求10倍及以上，可在硬件中实时稳定运行，并为PMU现场测试校准提供参考值。","['同步相量测量装置', 'PMU现场测试', 'Legendre多项式拟合', 'Cholesky分解', '相量测量方法']",T17,T13,8.5,0.6718549309032162,标题:现场测试；关键词:现场测试；摘要:现场测试；摘要:硬件测试,-0.087911618637257,-0.3438933506913122,0.94,T13,A09,A10,0.0,0.0048280896489226,,0.1029805433356712,0.034486354635162,0.4853108986138149,A09,False,False,False,needs_review,high,needs_review
ZH_0491,实施精准扶贫与区域协调发展,"农村贫困人口脱贫是2020年全面建成小康社会最艰巨的任务。精准扶贫和集中连片特困地区的区域扶贫攻坚计划是当前我国扶贫攻坚的两大主要模式。2011年国家大幅提高贫困标准,贫困人口规模、分布特征、贫困内涵等都发生了较大的变化。文章在分析新贫困标准下我国农村贫困基本特征的基础上,全面解析了当前扶贫开发中面临的挑战,在此基础上提出了区域精准扶贫的理念,包括:建立多维贫困区域识别指标体系,开展精准化贫困区域识别;采取多元化扶贫方式;以及实施基于不同地理空间尺度和贫困地区类型的差异化的分类扶贫政策。文章最后针对当前两大扶贫模式中存在的缺陷,提出了拓展精准扶贫内涵、促进区域协调发展的途径和建议。","['精准扶贫', '挑战', '集中连片特困地区', '区域精准扶贫', '区域协调发展']",T41,T13,1.0,0.7188592951587034,摘要:指标体系,0.04467598247364,-0.0081478917235473,0.6155555555555555,T13,A42,A07,1.0,0.715876392846755,摘要:农村,0.0440902595403523,-0.0294543368088932,0.6155555555555555,A07,False,False,False,needs_review,medium,needs_review
ZH_0496,2000—2019年全球核电设备贸易网络结构及其影响因素,文章采用复杂网络分析法，从网络结构、社团演化等方面探讨了2000—2019年全球核电设备贸易网络结构演化特征；并采用QAP回归方法探讨了相关影响因素。结果表明：(1)从贸易网络结构来看，全球核电设备贸易网络的网络密度、贸易规模、集聚程度呈现先上升后下降的趋势；美国和俄罗斯在网络中居于重要地位，控制能力较强；中国的中介中心度呈现上升趋势。(2)从贸易集团演化角度分析，全球核电设备贸易网络逐渐形成以美国为中心的单核贸易圈，以俄罗斯、中国为中心的双核贸易圈，以法国、瑞典、德国等为中心的多核贸易圈。(3)国家间经济发展水平差异、能源供应结构差异、地缘政治关系是影响全球核电设备贸易网络结构体系的主要因素。国家间核电设备贸易网络格局的变化，反映了全球绿色低碳转型背景下各国的贸易“竞合”关系和国际地位变化，对未来中国的核电设备贸易具有一定的启示。,"['核电设备', '清洁能源', '全球贸易网络', '地缘经济与政治', '网络分析法“', '竞合”关系']",T43,T27,1.0,0.7843952998611343,摘要:复杂网络,0.5286972928356156,0.4599664275795314,0.6755555555555555,T43,A44,A50,1.0,-0.627687033756672,摘要:低碳转型,0.0666685877400027,-0.0263359554048009,0.4755555555555555,A50,False,False,False,needs_review,medium,needs_review
ZH_0498,关键信息缺失下基于相空间重构及机器学习的电力负荷预测,随着碳交易系统的发展，准确预测电力能源消耗对于能源管理是至关重要的。为实现在缺失天气等多种关键信息下的电力负荷预测，首先采用混沌理论中的相空间重构技术对历史负荷时间序列进行处理，根据排列熵验证混沌特性。并利用8种机器学习模型进行预测与比较，其中包括4种以神经网络为基础的机器学习模型、3种以统计学习为基础的机器学习模型及1种基准模型。其次采用灰色关联度法对预测精度较高的极限学习机(ELM)和极端梯度提升(XGBoost)进行组合，构建了ELM-XGBoost模型。最后将ELM-XGBoost应用于一日至一周内不同时间尺度的负荷预测。结果表明，预测精度随预测时间尺度增加而呈现降低的趋势，且在日负荷预测中，所构建的ELM-XGBoost模型预测精度得到提升，应用效果良好。,"['电力负荷预测', '关键信息', '极限学习机', '极端梯度提升', '相空间重构', '排列熵']",T35,T02,7.5,-0.087765365087662,标题:负荷预测；关键词:负荷预测；摘要:负荷预测,0.3233235478746384,-0.0218534481051487,0.8,T02,A39,A26,0.0,-0.7579781531301457,,0.0177938238411795,-0.2712725223581836,0.26,A26,False,False,False,needs_review,high,needs_review
ZH_0499,考虑风-储-直参与调频的电力系统频率特征定量分析,以风电、储能、柔性直流输电为代表的高比例可再生能源和大量电力电子设备的并网，使得电网中传统火电的比例下降，这将在一定程度上影响电力系统的频率稳定性。为定量分析风电、储能、柔性直流输电系统参与调频下电力系统的频率特征，首先提出多种调频资源参与调频下的电网频率特征定量分析总体思路，建立风-储-直调频频率响应模型。然后基于频率特性传递函数对电力系统稳态频率偏差、初始频率变化率、最大频率偏差和频率安全裕度进行理论推导；且定量分析了稳态频率偏差变化规律以及惯性时间常数、辅助调频单元控制比例系数对频率稳定性的影响，并计算稳态频率偏差与功率扰动的关系。最后，基于仿真软件验证了所提分析方法的可行性和有效性。仿真表明所提方法可有效定量分析电力系统频率特征，可为双高电力系统下电网频率安全稳定运行与控制提供指导依据。,"['双高电力系统', '频率响应模型', '风-储-直调频', '频率特征定量分析']",T25,T40,1.0,0.7077178398206234,摘要:软件验证,0.0820131257507108,-0.0877297155669748,0.6155555555555555,T40,A35,A34,1.0,-0.3823445127524647,摘要:储能,0.0190109863045317,-0.1596036625176049,0.4755555555555555,A32,False,False,False,needs_review,medium,needs_review
ZH_0501,换流阀相变乳液换热性能及其工程应用研究,"通过实验和数值模拟方法获得了相变乳状流体的传热性能,讨论了在相变乳状流体冷却条件下热通量、流量和质量分数对换流阀散热器传热特性的影响,并由实验验证了所采用的模型和算法可靠性。研究结果表明,相变乳状流体平均对流换热系数几乎是水的3倍,相变乳状流体散热器热阻要低于水冷却散热器50%以上,同时相变乳状流体的压降略有提高,约为12%以内;采用相变乳状流体替代去离子水能够进一步提高直流输电工程的输电容量20%左右,换流阀短时过负荷能力提升1.51倍。","['换流阀', '过负荷能力', '冷却介质', '相变乳状液', '对流换热系数']",T14,T15,1.0,0.7501154534668458,摘要:数值模拟,0.4930713742616171,0.2151103819060424,0.6755555555555555,T14,A32,A19,0.0,0.006362320847049,,0.2177850541806191,0.0454451489074931,0.486998552931754,A32,False,False,False,needs_review,medium,needs_review
ZH_0502,生产性服务业集聚空间效应与城市技术创新——基于长江经济带108个城市面板数据的实证分析,"采用长江经济带108个城市2003—2016年的面板数据,通过构建生产性服务业的空间集聚测度模型,绘制专业化集聚、多样化集聚及城市技术创新的时空演化趋势图,检验长江经济带城市群创新的空间关联性,采用空间杜宾面板计量模型实证研究生产性服务业集聚对城市技术创新的直接效应与空间溢出效应,得到如下结果:(1)长江经济带各城市生产性服务业专业化、多样化集聚程度以及技术创新水平均呈现出明显的空间异质性与非均衡性,并且存在显著的空间自相关性。(2)生产性服务业专业化集聚对本地城市技术创新具有显著正向作用,并通过空间关联对其邻近城市创新产生了正向空间溢出效应。多样化集聚不利于本地城市技术创新发展,也对其邻近城市创新存在负向空间溢出。(3)从地理区位差异视角来看,生产性服务业专业化集聚显著推动了内陆城市技术创新进步,而多样化集聚对其邻近城市创新产生了负向空间溢出效应;从经济发展地区差异视角来看,生产性服务业专业化集聚显著推动了经济发达城市创新发展,但多样化集聚对经济发达城市创新产生了明显抑制作用。文章对于城市依托生产性服务业集聚促进自身技术创新水平提升、推动城市群跨地域创新活动开展,进而实现长江经济带高质量发展具有重要意义。","['生产性服务业集聚', '空间溢出', '技术创新', '长江经济带', '专业化集聚', '经济发展水平', '高质量发展']",T42,T48,5.5,0.6026130793093027,标题:面板数据；摘要:面板数据；摘要:计量模型,0.2042423099289288,0.0965869301313831,0.9255555555555556,T42,A39,A40,1.0,-0.6373365794776831,摘要:城市群,0.0639922153781919,-0.0952612819834509,0.4755555555555555,A40,False,False,False,needs_review,high,needs_review
ZH_0505,国土空间规划下城市收缩与复兴中的空间形态调整,"在国土空间规划体系的构建过程中,市级国土空间总体规划在战略引导城市空间可持续发展方面,担负着处理城市和区域的空间关系、探索城市空间发展模式、进行空间结构优化的职责。在我国城镇化发展出现局部人口收缩的新背景下,部分区域和城市的收缩与复兴对其空间布局调整和结构优化将产生决定性影响。因此,文章基于收缩城市研究中的空间形态调整规律,探讨其在国土空间规划背景之下的规划应对策略。首先,从区域收缩(广义收缩)和城市收缩(狭义收缩)两个层面对现有人口收缩的空间模式进行概括,总结区域和城市在收缩与复兴过程中的形态演化规律,归纳区域衰退、中心区衰退、次中心衰退、居住用地空置、产业用地弃置五种形态类型特征。其次,基于国土空间总体规划的编制内容,从已见成效的城市复兴案例入手,分别归纳收缩期区域和城市层面的空间形态调整策略。最后,基于以上空间调整策略的梳理和总结,对国土空间总体规划下的空间形态优化策略进行探讨。","['国土空间规划', '空间结构优化', '收缩城市', '城市复兴', '城市形态', '城镇开发边界', '资源环境底线']",T29,T20,0.0,0.0016889618503001,,0.1629911898448671,0.0120640132164299,0.4818578580353301,T29,A41,A51,2.0,-0.5644964026168532,摘要:城镇化；摘要:城市空间,0.2258207126015627,-0.2606885901203802,0.5311111111111111,A51,False,False,False,needs_review,needs_review,needs_review
ZH_0506,“空间的生产”理论、研究进展及其对中国城市研究的启示,"空间的生产是新马克思主义城市学派和马克思主义地理学的一个关键概念。城市空间的生产指资本、权力和阶级等政治经济要素和力量对城市的重新塑造,从而使城市空间成为其介质和产物的过程。通过文献分析和比较可以得出,空间的生产理论在批判传统的将空间视为容器和无价值判断的空间观的基础上产生;借助马克思主义理论并将之与空间问题相结合,西方地理学界和城市学界在空间的生产问题上已经积累了丰富的理论成果和实践经验;国内学界对它的研究较为迟滞,缺乏突出的案例研究,目前还处在引介和初步应用的起步阶段,但在近5年也兴起了一个以多学科共同研究为特征的风潮。1990年代以来,城市空间的生产问题在中国逐渐变得突出,预示着它将是一个重要而有潜力的研究方向。","['城市', '空间的生产', '新马克思主义城市学派', '马克思主义地理学']",T06,T07,3.5,0.7194435083397659,标题:研究进展,0.0826084340196313,-0.0039749404302431,0.7544444444444445,T07,A41,A30,1.0,0.7079538130882679,摘要:城市空间,0.1511747936108693,-0.0860441922266583,0.6155555555555555,A30,False,False,False,needs_review,high,needs_review
ZH_0509,高比例水电系统AGC稳定性分析及控制策略优化,"云南电网是一个典型的高比例水电大规模直流送出系统,运行中多次发生自动发电控制(automaticgeneration control,AGC)过程不稳定导致的频率振荡现象。结合云南电网实际,建立包含AGC控制环节的频率稳定性分段线性化分析模型,通过特征值分析方法研究云南电网运行方式变化对系统小干扰稳定性的影响,揭示在水电机组一次调频死区以内AGC系统超调是引起云南电网分钟级频率振荡的原因。提出高比例水电系统AGC频率偏差系数的整定方法,通过设置次紧急区区域控制偏差(area control error,ACE)反向抑制策略和紧急区恒定频率控制(flatfrequencycontrol,FFC)切换策略,兼顾小干扰下的稳定性以及大扰动下的速动性。研究成果已在云南电网实际运行中验证,云南电网频率合格率显著提高。","['高比例水电系统', '自动发电控制', '一次调频', '频率振荡', '控制策略']",T49,T26,10.0,0.7382948648786973,标题:控制策略；关键词:控制策略；标题:稳定性分析,0.221105353090109,0.1306776062764092,0.98,T49,A20,A34,0.0,0.0014195953684854,,0.0828048155535451,0.0101399669177528,0.4815615549053339,A20,False,False,False,needs_review,high,needs_review
ZH_0510,基于改进无迹卡尔曼滤波的短线路同杆并架双回线参数辨识,"由于短线路同杆并架双回线通常不采用换位架设,存在线路参数不对称以及参数难以估计的问题。针对该问题,提出了一种基于改进无迹卡尔曼滤波法的短线路同杆并架双回线的参数辨识方法。首先根据短线路同杆并架双回线的特点,建立对应的阻抗模型、导纳模型和量测方程。然后根据量测误差修正量,在线校正量测值和误差方差阵补偿量测噪声。相比于其他参数辨识方法,所提方法考虑了短线路参数不对称性,因此更符合电网实际运行情况,且引入了量测误差修正量能够进一步提高参数辨识精度和稳定性。仿真结果验证了该方法的有效性。","['无迹卡尔曼滤波', '误差校正', '同杆并架双回线', '参数辨识']",T27,T34,7.5,0.711588549972151,标题:滤波；关键词:滤波；摘要:滤波,0.1111603702934259,-0.0600817859132063,0.94,T34,A49,A19,0.0,0.0007952009074912,,0.1167614285842186,0.00568000648208,0.4808747209982403,A49,False,False,False,needs_review,high,needs_review
ZH_0513,省际交界区跨界环境风险全过程管理机制构建,"环境风险的跨界性和跨界环境风险的整体性、叠加性、脆弱性倒逼环境风险全过程管理。以湘渝黔边区""锰三角""为例,省际交界区跨界环境风险过程管理""遵循""着事前因利益引发环境风险隐患,事中诸于外部效应""免费搭车"",事后多重高压下合作联动的演进过程和逻辑。割裂跨界环境风险全过程管理导致环境风险不断升级。为此,将全过程管理植入跨界环境风险治理中,从时间维度、空间维度和政策维度,构建跨越时空与领域的环境风险全过程管理机制和保障体制,降低跨界环境风险发生概率。","['锰三角', '省际交界区', '跨界环境风险', '全过程管理', '跨界管理机制']",T46,T03,0.0,0.0154068956438262,,0.2619738689313084,0.1100492545987588,0.4969475852082088,T46,A13,A28,0.0,0.0128237250629451,,0.1654462835695267,0.0915980361638935,0.4941060975692396,A13,False,False,False,needs_review,needs_review,needs_review
ZH_0514,基于犹豫模糊矩阵的变电站自动化设备检修优先级决策,"检修条件有限的情况下,检修优先级决策是合理制定检修计划及最优化检修效果的基础。综合考虑检修经济性与运行可靠性,构建优先级决策指标集并提出各个指标的量化方法,以此对检修任务的检修成本及运行风险展开量化评估。在此基础上引入基于指标相关性等因素建立的指标权重确定模型,结合反映决策者模糊意见的犹豫模糊矩阵,解决权重确定的模糊性和实时性问题。最后,通过算例对比验证了所提方法的有效性,可为调度人员合理编排检修计划提供决策依据。","['变电站自动化设备', '检修成本', '运行风险', '犹豫模糊矩阵', '优先级决策']",T30,T27,0.0,0.0012651125507906,,0.1441753779373302,0.0090365182199334,0.4813916238058697,T30,A37,A26,0.0,0.0120389516012764,,0.1727229437357433,0.085992511437689,0.4932428467614041,A37,False,False,False,needs_review,needs_review,needs_review
ZH_0518,中部地区公共卫生健康高质量发展研究,"公共健康与经济社会发展密切相关,提升公共卫生健康保障水平是中部地区高质量发展的重要着力点。以中部六省地级市为研究对象,从生活行为方式、生产生活环境、医疗卫生服务三个方面构建公共卫生健康保障水平指标体系,运用地理空间分析方法对中部地区公共卫生健康保障水平空间格局和影响因素进行分析。结果表明:(1)中部地区公共卫生健康保障水平总体水平偏低,地域不平衡性明显和均等化程度较低,总体表现东南强西北弱的态势。(2)六省内部各地区在生活行为方式、生产生活环境、医疗卫生服务水平的空间分异特征多样,呈现出不同的梯度或局部集中连片格局,山西、河南和江西三省的城市群带动效应发挥明显不足。(3)各因素对公共卫生健康保障水平的影响程度表现为:城乡居民人均可支配收入差异>人均GDP>人均医疗财政支出>城乡居民健康投入差异。要实现中部地区公共卫生健康高质量发展,需适度提高公共服务保障水平,集中力量补齐当前短板的同时考虑长远,科学制定财政支出和优化结构。","['公共卫生健康保障', '高质量发展', '空间格局', '中部地区', '均等化']",T41,T48,1.0,-0.5961253340923058,摘要:指标体系,0.092426679746099,-0.1437523863736137,0.4755555555555555,T48,A39,A10,1.0,-0.730342367735089,摘要:城市群,0.0126071298036528,-0.6789160720573582,0.4755555555555555,A10,False,False,False,needs_review,needs_review,needs_review
ZH_0522,基于固定影响变截距模型的湖北省旅游业发展影响因素回归分析,"基于湖北省1999—2008年旅游业发展数据,用固定影响变截距模型建立了回归模型,对影响其旅游业发展的因素进行实证分析。发现突发事件、旅游资源、旅游服务设施、旅游交通条件、旅游活动组织能力以及区域经济发展水平等因素影响显著,而旅游人力资源和旅游教育水平因周期长,影响效果不明显。在此基础上,提出了建立和完善旅游应急系统、重视旅游资源的开发和旅游产品的设计、发挥现代旅游交通优势、提升旅游行业服务水平等提升湖北省旅游业竞争力的对策和建议。","['旅游业', '影响因素', '回归分析', '湖北省']",T42,T16,0.0,0.0045208337813111,,0.1150742331790414,0.0322916698665085,0.4849729171594423,T42,A39,A45,1.0,-0.6247414786163229,摘要:区域经济,0.1391338677928264,-0.0052962758308774,0.4755555555555555,A45,False,False,False,needs_review,needs_review,needs_review
ZH_0525,青藏高原河流输沙量变化与影响,"青藏高原是亚洲多条大江大河的发源地,为下游20多亿人民提供宝贵的水资源。河流输沙量与径流量相比被认为是对气候及地表过程变化反应更敏感的河流变量,是量化区域土地退化及土壤资源变化的重要指标。研究选取发源于青藏高原的8条主要河流,包括叶尔羌河、疏勒河、黑河、雅鲁藏布江、怒江、黄河、长江、澜沧江,开展其河源区或上游输沙量变化研究。首先探明了青藏高原主要河流径流量和输沙量的总体水平及空间差异;进而分析了近几十年来(1960—2017年)河流输沙量的变化特征,结合气候(气温、降水)和地表过程(冰川、冻土、植被覆盖)要素解析了影响输沙量时空变化的主要因素,探讨了影响青藏高原河流输沙量变化不确定性的多因素作用机制;最后通过典型案例阐明了河流输沙量变化对高原生态环境及水利工程安全的重大影响,从而为进一步开展青藏高原河流输沙量变化机理研究提供了基础。目前,水文气象资料稀缺是认识青藏高原河流输沙过程的重大挑战,亟待开展、加强观测与模拟研究,为青藏高原水土资源可持续利用以及下游的水安全管理提供科学依据,服务于国家生态安全屏障建设。","['青藏高原', '河流输沙量', '变化趋势', '环境影响']",T46,T06,1.0,0.7196935693459553,摘要:作用机制,0.1293228902053876,-0.0021887903860337,0.6155555555555555,T06,A51,A28,1.0,-0.0028547647579751,摘要:水资源,0.0788299334739434,-0.0203911768426805,0.4755555555555555,A13,False,False,False,needs_review,medium,needs_review
ZH_0528,川西横断山脉高山峡谷区旅游特色化开发战略——兼论中国西部山地旅游发展路径,"川西横断山脉高山峡谷区地处民族地区,景观多样性明显,但地质环境复杂,生态脆弱性强,经济社会发展落后,在中国西部山地旅游发展中具有代表性。通过实证研究,基于对川西横断山脉高山峡谷区旅游资源特点和其发展山地旅游特殊性的分析,提出了该区域旅游特色化发展战略及开发对策,并以此对中国西部山地旅游发展思路进行了探索,提出了围绕生态保护、旅游体验和社区参与三大核心要素,以""产品—品牌""为载体、""安全—环保""为保障、""文化保护—社区发展""为目标的西部山地旅游发展路径。","['山地旅游', '中国西部', '横断山脉', '高山峡谷区', '发展战略']",T24,T20,0.0,0.0017393946695486,,0.1471399407804167,0.0124242476396328,0.4819133341365034,T24,A44,A45,1.0,-0.6078548404571217,摘要:生态保护,0.2738923812622889,0.1153225681634157,0.5355555555555556,A44,False,False,False,needs_review,needs_review,needs_review
ZH_0529,基于城市特色景观的城市识别系统构建策略,"在分析城市特色景观的形成因素、探讨城市特色景观类型、总结城市特色景观塑造方法的基础上,运用城市识别系统理论,从理论识别系统、行为识别系统、视觉识别系统、听觉识别系统、环境识别系统的五大角度出发,提炼基于城市特色景观的城市识别系统的具体构建策略,以期对城市识别系统的应用和城市特色景观的建设提供借鉴。","['城市特色景观', '城市识别系统', '构建策略']",T32,T34,0.0,0.0047591194277333,,0.1192295191623154,0.0339937101980952,0.4852350313705066,T32,A39,A09,0.0,0.0051596829623868,,0.1053466180003891,0.0368548783027633,0.4856756512586255,A39,False,False,False,needs_review,needs_review,needs_review
ZH_0530,微生物与细胞资源的保存与发掘利用,"1995年中国科学院典型培养物保藏委员会成立,旨在统一指导、协调中国科学院生物培养物资源工作,以加强对全院生命科学和生物技术研究的支撑。2015年,该委员会更名为中国科学院生物遗传资源库工作委员会,包括隶属于中国科学院11个科研机构的12个资源库。中国科学院生物遗传资源库保藏的生物资源类型涵盖了植物种子和离体材料、人及动物的细胞株和干细胞、微生物菌毒种、淡水藻种、海藻等,以其基础性、权威性和前瞻性区别于产业部门和大学所属的资源库,代表了我国生物资源设施保藏的水平;每年面向国家的科学研究、技术开发、环境治理、重大疫病防控、医药健康、生物能源开发、农作物育种等,提供各类生物资源4万—5万株/份。文章介绍了中国科学院生物遗传资源库的基本定位、组成、生物资源规模,及其在科学研究、国家重大需求、经济发展和社会进步中发挥的重要支撑作用,并根据生物遗传资源保护和可持续利用的发展趋势,提出了生物资源收集保藏和共享利用的重点工作建议。","['微生物资源', '细胞资源', '生物遗传资源库']",T23,T09,0.0,0.0146321561796808,,0.4904571040152688,0.1045154012834347,0.4960953717976489,T23,A44,A12,1.0,-0.0251232726761162,摘要:环境治理,0.1221149621860848,-0.1794519476865445,0.4755555555555555,A07,False,False,False,needs_review,needs_review,needs_review
ZH_0533,沿海城市人地关系地域系统脆弱性研究——以大连市为例,"脆弱性是全球环境变化研究的热点和前沿领域,是多个科学计划的重要研究内容。人地关系地域系统是海洋经济地理研究中一个重点内容,将区域可持续发展研究推向纵深。利用大连市1996—2007年综合发展水平数据,根据区域经济发展、资源环境消耗、社会发展的相互关系,采用三角图分析方法,通过敏感性、适应性、恢复性等进行指标筛选,构建沿海城市脆弱性指标体系,建立脆弱性评价模型,对大连市人地关系地域系统的脆弱性进行了初步探索,结果表明:①大连市人地关系地域系统脆弱性逐年降低,连续12年脆弱性类型均为ERS型;②从趋势上看,经济子系统的脆弱值逐渐降低;③社会子系统的脆弱值逐渐下降,并且降低速度较快;④资源环境子系统的脆弱值逐年增加,在2003—2007年间,占大连市人地关系地域系统的1/3以上,该子系统为目前影响大连市人地关系地域系统的主要系统。","['脆弱性', '人地关系地域系统', '三角图法', '大连市']",T41,T33,1.0,0.7146521147821076,摘要:指标体系,0.0443752051963005,-0.0381991801278024,0.6155555555555555,T33,A39,A51,1.0,0.0024448179471573,摘要:区域经济,0.0972292586764847,0.0174629853368384,0.5382448552974286,A39,False,False,False,needs_review,medium,needs_review
ZH_0534,基于六普数据的湖南省人口老龄化发展态势与对策研究,"基于2010年第六次人口普查数据,运用人口统计及人口分析的方法对湖南省人口老龄化发展现状进行了分析。然后,采用中国人口预测(CPPS)软件对2011—2100年湖南省人口增长进行了预测。研究表明:自1996年湖南省迈入老龄化社会后,老龄化程度在不断加深;主要特征有:人口老龄化明显是""未富先老"",老年人口基数大,增长速度加快,高龄化、空巢化,失能与半失能老人多。在此基础上,就湖南省应对人口老龄化提出了相应的对策与建议。","['人口老龄化', '发展态势', '特征', '湖南省']",T45,T10,6.5,0.7467502683695233,标题:发展态势；关键词:发展态势,0.2685309178427216,0.1910733454965952,0.98,T45,A07,A09,0.0,0.0019219678462594,,0.0863089863653396,0.0137283417589963,0.4821141646308854,A07,False,False,False,needs_review,high,needs_review
ZH_0536,改革开放以来湖南城乡居民收入两极分化演变研究,"利用1980—2010年湖南居民收入的时间序列数据,对湖南城乡居民收入两极分化的演进及其影响因素进行了实证分析,结论表明:1980—2010年,湖南城乡居民收入差距与收入两极分化在震荡中加大,其速度快于全国水平。基于分析,提出了相应的政策建议。","['居民收入', '两极分化', '主成分分析']",T02,T04,0.0,0.0034419248338235,,0.1067609131183538,0.024585177384454,0.4837861173172058,T02,A41,A10,0.0,0.0052425941115874,,0.0929960945580402,0.0374471007970529,0.4857668535227461,A41,False,False,False,needs_review,needs_review,needs_review
ZH_0537,中部地区人文发展的生态效率评价,"人文发展导向的生态效率研究是对经济发展观向人文发展观和可持续发展观演变的响应。基于生态效率概念演变并对其概念框架进行人文发展导向的拓展,建立生态效率的概念模型便是这一响应的具体体现。通过主成分分析法和功效系数法计算中部6省的环境负荷,进而对1990—2008中部地区省级尺度人文发展的生态效率进行定量评价,以此提出提高中部地区人文发展水平和生态效率的对策建议。","['中部地区', '人文发展', '生态效率评价']",T02,T41,0.0,0.0098358594690109,,0.2269470397750513,0.0702561390643638,0.490819445415912,T02,A44,A12,0.0,0.0018287409137401,,0.1028891225329735,0.0130624350981443,0.4820116150051142,A44,False,False,False,needs_review,needs_review,needs_review
ZH_0539,基于深度学习的安全帽识别算法研究与模型训练,"针对作业人员不按规定佩戴安全帽和非作业人员误入作业现场的问题,设计了基于深度学习的安全帽和语音识别智能终端算法。对于安全帽的检测,采用了人体关键点检测模型和基于深度学习的YOLO3算法。将智能摄像头得到的视频文件,先利用人体关键点模型提取现场人员图像,再结合YOLO3算法检测现场作业人员佩戴安全帽的情况,对于未正确佩戴安全帽的人员发出告警信息。通过模型训练验证了所提模型的实用性。","['深度学习', '安全帽', 'YOLO3算法', '模型训练']",T01,T24,7.5,0.7351373123807903,标题:深度学习；关键词:深度学习；摘要:深度学习,0.2707679948598327,0.1081236598627878,0.98,T01,A26,A17,0.0,0.016764208091668,,0.2102650082665259,0.1197443435119149,0.4984406289008348,A26,False,False,False,needs_review,high,needs_review
ZH_0540,厦漳泉传统商业街更新与发展研究,"本文以厦门、漳州、泉州为例 ,探讨了闽南传统商业街的更新与发展。文章首先简要介绍了三地传统商业街形成年代、分布范围、建筑特色及风格 ;其次 ,分析三地传统商业街的现状与存在问题 ;最后 ,提出三地传统商业街更新发展的思路及应采取的对策","['厦门', '漳州', '泉州', '传统商业街', '更新发展']",T45,T44,0.0,0.0013930495136841,,0.0725284348485146,0.0099503536691725,0.4815323544650525,T45,A39,A44,0.0,0.0020531248091013,,0.139098840421859,0.014665177207867,0.4822584372900115,A39,False,False,False,needs_review,needs_review,needs_review
ZH_0542,1996—2008年中国县级市减贫效应分解与空间差异分析,"提出经济增长、收入分配与贫困线移动三因素减贫效应的分解方法,运用贫困增长曲线,分析1996—2008年中国四大区域县级市的经济增长模式、贫困水平和影响贫困三因素的减贫作用,并进行空间差异分析。实证结果表明:①西部地区的经济属于减贫增长,其他三大区域的经济属于涓滴式增长;②东北和东部的贫困状况普遍好于中西部地区;③经济增长始终起着减少贫困的作用,收入分配差距恶化起着增加贫困的作用,而分配差距改善可起到减贫作用;④使用变动的贫困线有助于独立分析经济增长和收入分配的减贫作用。","['减贫', 'FGT指数', '贫困分解']",T42,T34,0.0,0.0016800661421317,,0.0890674605096028,0.0120004724437983,0.4818480727563449,T42,A39,A09,0.0,0.0047649783706038,,0.1228360839097515,0.0340355597900276,0.4852414762076643,A39,False,False,False,needs_review,needs_review,needs_review
ZH_0547,面向换流阀状态监测用传感器节点电磁取能仿真分析与设计,"特高压直流输电技术应用在我国发展非常迅速,对特高压直流输电系统核心设备-换流阀-实现多物理量在线状态监测的需求变得越来越迫切。低功耗无线智能传感网络技术是实现换流阀设备多物理量在线监测一种有效手段,但在实际工程应用中必须解决传感器节点自取电这一瓶颈问题。该文根据实际工程应用换流阀的电气和结构设计,提出并验证了一种用于晶闸管表面温度在线监测传感节点的小型化非侵入式电磁取能方案,即利用换流器桥臂电流的开通和关断暂态过程获取能量。文章首先建模分析了换流器桥臂电流在阀组件周围空间的磁场分布情况,在此基础上提出了电磁取能线圈设计方案,利用仿真并结合大电流实验提取取能线圈互感等关键参数,建立电磁取能回路感应部分的等效电路模型。最后在等效电路模型的基础上,用换流阀接近实际工况电流波形对取能模块的输出电压和输出功率特性进行仿真研究,评估取能模块在实际运行工况条件下的有效性。","['非侵入式磁场取能', '换流阀状态监测', '智能传感']",T17,T14,0.0,0.0204571393731138,,0.287495535933769,0.1461224240936703,0.5025028533104252,T17,A32,A16,3.0,-0.206960434894883,摘要:高压直流；摘要:换流器；摘要:特高压,0.4996430562796217,0.2359968936079786,0.6466666666666667,A32,False,False,False,needs_review,needs_review,needs_review
ZH_0552,多回击地闪特征参数及其对直流线路故障的影响研究,基于浙江和西藏两地区的地闪活动观测资料，分析、对比了两地地闪参数的特征，并建立了多回击地闪雷击线路仿真模型，计算分析了地闪特征参数对线路动作特性的影响。结果表明，浙江地区的多回击地闪百分比、地闪回击次数、地闪持续时间、回击时间间隔和地闪回击强度等参数均要大于西藏地区，两地多回击地闪的地闪持续时间大于500ms的比例和后续回击大于首次回击的比例均不可忽视；多回击地闪作用下的线路耐雷水平与单次回击作用下的线路耐雷水平相等，线路的重启失败率随着多回击地闪的地闪回击次数增大和地闪持续时间的延长而呈现先增大后减小的趋势；适当延长线路重启过程的去游离时间以及增加线路重启次数，有助于提高多回击地闪作用下线路的重启成功率。,"['多回击地闪', '特征参数', '输电线路', '线路动作特性']",T14,T21,1.0,0.7145007763832607,摘要:仿真模型,0.0919821796925552,-0.0392801686909944,0.6155555555555555,T21,A09,A32,0.0,0.0058872081833412,,0.1267564499595203,0.0420514870238658,0.4864759290016753,A09,False,False,False,needs_review,medium,needs_review
ZH_0555,西安市文化娱乐业空间结构图谱及其形成机理,文章利用西安市文化娱乐企业兴趣点（POI）和城市空间矢量数据，运用地学信息图谱理论，采用核密度分析和热点探测模型，探究城市文化娱乐业热点的广义对称结构与规模等级结构，揭示城市文化娱乐业空间结构形成机理。结果表明：(1)文化娱乐场所在西安市主城区总体呈现聚集分布特征，形成“内密外疏、南密北疏”和“多核心”的空间格局，在地理空间上具有显著的南北轴向和潜在的西南—东北轴向分布特点，各类文化娱乐场所大致符合总体布局特征，但是各自又具有一定的特殊性；(2)西安市文化娱乐业具有明显的空间对称规律与等级秩序规律，大型、较大型文化娱乐业热点在空间上呈现出轴对称、旋转对称和平移对称等模式，在横向上反映了城市空间的整体与局部结构形态，而不同等级热点区之间具有的等级结构和包含关系，则在纵向上表征了城市内部结构的规模等级特征；(3)西安市文化娱乐业空间结构是城市发展演变的阶段性与区域性的集中体现，文化娱乐业及其各业态空间结构的形成是城市物质空间因素、社会经济因素和消费分层因素交互耦合作用的结果，其中城市物质空间因素是重要约束力，社会经济因素是核心驱动力，消费分层因素是关键作用力。,"['文化娱乐业', '对称结构', '等级结构', '形成机理', '地学信息图谱', '西安']",T13,T48,1.0,0.0064035511536916,摘要:表征,0.0659409793020145,0.0457396510977978,0.4825994618246162,T07,A41,A51,1.0,0.7051392736316455,摘要:城市空间,0.0253320290521257,-0.106148045488246,0.6155555555555555,A51,False,False,False,needs_review,needs_review,needs_review
ZH_0560,从追赶到领先——华为的创新之路,"华为技术有限公司(以下简称""华为"")成立于1987年,得益于改革开放,经过30多年的拼搏努力,我们把华为这艘大船划到了""与世界同步的起跑线""上。华为从小到大、从大到强、从国际化到全球化的全过程,就是基于创新的成功。2019年上半年,在面临巨大的外部挑战和压力下,得益于客户的信任、伙伴的支持以及社会各界的帮助,华为依然取得了23%的同比增长,销售收入4 013亿元人民币,净利润8.7%。巨大的外部压","['创新', '信息产业', '瓶颈', '开放式', '智能社会']",T24,T09,0.0,6.647142312415921e-05,,0.1152631495644952,0.0004747958794585,0.4800731185654365,T24,A24,A50,0.0,0.0026655804426674,,0.1938814850568736,0.0190398603047674,0.4829321384869341,A24,False,False,False,needs_review,needs_review,needs_review
ZH_0563,多跳中继宽带电力线通信网络中的OFDM跨层资源分配,"为保障宽带电力线通信网络的有效性和可靠性,提出一种综合多跳中继宽带电力线通信网络的业务层、网络层、介质访问控制(Media Access Control, MAC)层和物理层信息的正交频分复用(Orthogonal Frequency Division Multiplexing,OFDM)跨层资源分配方法。首先建立综合跨层信息的MAC层数据包调度效用值模型和基于公平性阈值控制的物理层子载波分配模型。提出为满足各用户服务质量需求的MAC层高效用值数据包优先调度准则。再将该模型和准则应用于宽带电力线通信网络各交叉节点的资源分配过程中。最后在典型电力线信道环境下对所提算法及对比算法进行仿真。仿真结果表明所提算法能够保证实时用户与非实时用户的通信速率和时延的服务质量需求,且具有较大的系统吞吐量和较好的时延特性,有效解决了多跳中继宽带电力线通信网络的OFDM资源分配问题。","['多跳中继网络', '宽带电力线通信', '资源分配', '能源互联网']",T05,T45,0.0,0.0081491449199652,,0.1811677134838819,0.0582081779997516,0.4889640594119617,T05,A27,A22,1.0,0.7048492930854746,摘要:物理,0.0317921300201936,-0.1082193351037532,0.6155555555555555,A22,False,False,False,needs_review,needs_review,needs_review
ZH_0564,南方(以广东起步)电力现货市场“月结算”试运行关键监测指标及市场力分析,"在我国电力现货市场建设加快发展的形势下，对已实施的双轨制现货市场进行市场监测是保证电力市场持续推进的关键环节。产业组织理论中的结构–行为–绩效(structure-conduct-performance,SCP)模型能够提供一个既深入结合具体实例，又有系统逻辑体系的产业分析框架。因此基于SCP框架，从市场结构、市场行为、市场绩效3个角度提出了适应中国特色双轨制现货市场的评价体系，并结合南方(以广东起步)电力现货市场2021年5月试运行数据，充分挖掘了市场主体行为及市场出清结果的规律特点及深层次原因，有效防范市场运营风险。最后，提出了推动南方区域电力市场建设、加快东西部间网架建设、加强市场力监测等建议，以期为中国电力现货市场发展提供借鉴。","['电力现货市场', '结算试运行', '评价体系', '产业组织理论', '市场力监测']",T11,T10,1.0,0.7135789247866722,摘要:CT,0.0846725901600674,-0.0458648229523415,0.6155555555555555,T10,A36,A09,1.0,0.013944496184625,摘要:电力市场,0.2050730921588467,0.0996035441758931,0.550894501358643,A36,False,False,False,needs_review,medium,needs_review
ZH_0568,近3年《经济地理》发表论文的评论——现任《经济地理》主编给论文作者、审稿者与读者的汇报,"通过对近3年担任主编的《经济地理》杂志来稿分析,阐明了《经济地理》的办刊方向,凸现了经济地理学交叉学科的性质,表现出以经济地理学学术论文为主体、同时刊发资源环境和社会经济等多种与经济地理相关的边缘性学科论文的多样性特征,《经济地理》已成为经济地理学同以经济学为主的相关学科相互影响和交流的重要平台,也是青年经济地理学者学术成果发表的主要阵地。通过对来稿评审意见的综述,讨论了来稿命题在科学性与学术价值、更多的是研究成果本身产生过程和实现方法等方面存在的问题,明确了不区分规划政策报告同学术论文的差异、缺少长期扎实的研究工作为论文写作的基础、以及关于指标体系和学科发展综述为核心成果的论文存在的具体问题。最后,着眼办好《经济地理》刊物,提出要加强引导经济地理学科建设、重视科学研究方法的应用、增强与国外学术的交流等希冀。","['经济地理', '交叉学科', '论文', '审稿']",T41,T06,1.0,-0.019797334246119,摘要:指标体系,0.108203641939512,-0.141409530329422,0.4755555555555555,T06,A30,A05,0.0,0.0126029490131599,,0.1648289710410102,0.0900210643797136,0.4938632439144759,A30,False,False,False,needs_review,needs_review,needs_review
ZH_0569,中国林业上市公司林产品流通效率比较研究,"作为林产品流通重要主体的全国林业上市公司在林业产业发展中地位重要。选择全国20家林业上市公司,运用数据包络分析法(DEA),利用2008—2011年的年报数据,对林产品流通效率进行实证研究。结果表明,林业上市公司的林产品流通效率有高低差距,大部分公司处于DEA弱效或严重无效状态且呈现出降低趋势,仅有少数公司的林产品流通效率处于良好。研究认为,国家要加大对林业上市公司的政策扶持力度,加快林产品流通基础设施建设,推进林业产业结构不断升级,提高林业上市公司的内部管理水平,以大力提升林产品流通效率。","['林业上市公司', '林产品', '流通效率', '中国']",T41,T28,1.0,0.7437043688781926,摘要:数据包络分析,0.3033689430208631,0.1693169205585186,0.6755555555555555,T41,A43,A46,1.0,-0.0125930912298716,摘要:产业结构,0.172013371634409,-0.0899506516419406,0.4755555555555555,A18,False,False,False,needs_review,medium,needs_review
ZH_0583,城市化与生态环境协调发展的调控机制研究,"通过诠释城市化与生态环境相互作用内涵、形式以及特征,提出了两者协调发展的调控机制。以东北地区为例,探讨了城市化与生态环境相互作用是在产业、规划、社会、政策等多种调控机制的共同作用下协调发展的。","['城市化', '生态环境', '协调发展', '调控机制']",T29,T44,0.0,0.0228844390560369,,0.2730660230707438,0.1634602789716926,0.5051728829616406,T29,A44,A13,0.0,0.0038595371904322,,0.1493822540299541,0.0275681227888015,0.4842454909094754,A44,False,False,False,needs_review,needs_review,needs_review
ZH_0584,人才跨国流动的动力与影响研究评述,"全球化进入到知识经济时代,国家间的人才竞争逐渐升级,高端人才的跨国流动愈加频繁。结合人才跨国流动的历史进程和发展形势,采用文献综述的方法,对人才跨国流动的模式及其动力和影响进行了系统梳理。研究认为:①人才跨国流动是随着全球化进程不断发展的过程,存在不同的阶段和类型,人才流失、人才流入、人才回流和人才环流四种形式可以很好地理解人才跨国流动的过程和阶段特征;②每一种人才跨国流动形式都存在推力和/或拉力,不能将人才流出和流入归结为国家和个人单方面的原因,国家力量和个人动机相互影响共同作用于人才跨国流动;③需要从正反两个方面理解人才跨国流动带来的影响,既有促进创新联系的有利影响,也有带来社会冲突的不利影响,应强化有利影响,回避不利影响;④人才跨国流动应成为新时期我国人才地理学研究的重点方向,以服务于国家海外人才引进战略的制定和实施,服务于创新型国家的建设。","['国际人才', '跨国流动', '人才流失', '人才流入', '人才回流', '人才环流', '高技术移民', '海外高层次人才']",T06,T13,1.0,0.7417478997589457,摘要:综述,0.31392421328287,0.1553421411353268,0.6755555555555555,T06,A09,A49,0.0,0.0071749007714752,,0.1747544381013082,0.0512492912248231,0.4878923908486227,A09,False,False,False,needs_review,medium,needs_review
ZH_0587,中国经济地理学的国际化,"中国经济地理学走过了独特的发展道路,通常被划分为""实践派""。在国家实力和科研实力增强、学术评价体系变化和年轻一代学者教育背景等因素的作用下,中国经济地理学在过去二十年中经历了快速国际化。文章从研究主题对比、学者的国际活跃度、所发表英文论文的特征等方面,系统揭示中国经济地理学国际化的趋势和存在的问题。研究发现,新世纪以来,中国经济地理学研究中出现了越来越多的国际共同话题,如全球化、集聚与集群、创新、演化经济地理。同时,中国经济地理学者在组织国际学术会议、国际学术组织和期刊任职、开展国际合作等方面越来越活跃,正在走进国际经济地理学术舞台的中央。此外,中国经济地理学者发表英文论文的数量在过去十多年中出现了爆发式增长,但是在发表论文20篇以上的期刊中,近一半是环境类期刊。这在一定程度上反映出中国经济地理学研究的自然科学化倾向,也体现了现有学术评价体系的负面效果。总体上,中外经济地理学研究的""平行线""问题依然存在,需要努力克服才能让基于中国经验产生的知识更好地服务于全球知识体系的发展,提高国际学术话语权。","['中国', '经济地理学', '研究主题', '学术评价体系', '学术交流']",T21,T28,0.0,0.0061172382095275,,0.0830957292637385,0.0436945586394828,0.4867289620304803,T21,A25,A27,1.0,0.7141429052714758,摘要:教育,0.0303334944782048,-0.0418363909180297,0.6155555555555555,A27,False,False,False,needs_review,needs_review,needs_review
ZH_0588,基于直流电力分组传输的缓存储能研究,"直流配电网中基于电力分组传输的调度系统实现了电能的有效分配,然而,由于分组供能的断续性,缓存储能问题变得至关重要。着重对直流电力分组传输系统中的储能缓存器容量进行了分析。利用一阶电路三要素法推导出电容容量表达式,将其应用到电力分组系统中,得出缓存器容量范围,建立了缓存器和负载之间的关系。基于其关系,从时分复用的角度分析了系统可容纳负载数量问题。最后,使用Matlab软件对其数学关系进行理论仿真分析。结果表明,可以通过减小电力包的有效载荷持续时间等来满足更多负载的需求。这一研究在一定程度上既减少了投资成本,又使电力资源得到了有效利用。","['直流电力分组传输', '缓存器', '电容', '时分复用', '负载']",T40,T08,0.0,0.000443803778622,,0.0923879993438649,0.0031700269901571,0.4804881841564842,T40,A31,A35,1.0,-0.5475091545229974,摘要:配电网,0.1004966505377613,0.0892203248357327,0.4755555555555555,A30,False,False,False,needs_review,needs_review,needs_review
ZH_0594,科技工作者创造了中国科技发展70年的辉煌,"世界上任何创举,人永远是主导性的第一要素。中国科技发展70年的辉煌也不例外,它正是一代又一代中国科技工作者前赴后继、不懈奋斗的结果。早期回国的许多爱国科学家中,如:李四光,为新中国脱掉了贫油国的帽子;赵忠尧、王淦昌奠定和开拓了中国的核科学;华罗庚开辟了中国近代数学;王应睐领导组织了新中国科学家领先合成蛋白质和核酸。新中国成立前后,以钱学森、郭永怀、邓稼先、",[],T12,T18,1.0,0.7255367057854029,摘要:合成,0.1997309892737481,0.0395478984671632,0.6755555555555555,T12,A27,A22,1.0,0.0172626117795949,摘要:数学,0.1515683001551376,0.1233043698542496,0.49454442851311,A48,False,False,True,needs_review,medium,needs_review
ZH_0595,新时代下东北地区高质量发展的战略路径研究,"东北地区是我国典型的衰退型老工业基地和问题型区域,是国土开发与社会经济高质量发展的难点地区,其振兴发展对实现我国区域协调发展具有战略意义。在回顾东北地区振兴战略历史沿革和总结经验做法的基础上,文章从营商环境、创新驱动、资源外流等若干角度剖析了当前东北地区发展的突出问题,考察了其面临的新形势、新要求,须关注的重大关系和须解决的重大矛盾,提出了""十四五""期间东北地区振兴发展的总体思路,并从生态保护、发展格局、经济结构调整等角度设计了振兴发展的战略路径。","['东北地区', '振兴战略', '高质量发展', '战略路径']",T34,T46,0.0,0.000724574193237,,0.0898065206608754,0.0051755299516934,0.4807970316125607,T34,A44,A51,1.0,0.7193673568060072,摘要:生态保护,0.1266447242740558,-0.0045188799570911,0.6155555555555555,A51,False,False,False,needs_review,needs_review,needs_review
ZH_0597,世界工业遗产的地理、产业分布及价值特征研究——基于《世界遗产名录》中工业遗产的统计分析,"通过对《世界遗产名录》中的工业遗产进行统计分析,得出目前50个世界工业遗产在时间分布上呈现出阶段性递增的特征;在地理分布上呈现出大部分集聚于欧洲、整体分布不均衡的特征;产业分布上呈现出采矿业、制造业、交通运输业比重大的特征;从登录标准来看呈现出具有较强的科技价值的特征。从世界遗产的视角分析世界工业遗产的特征和发展趋势对我国的工业遗产保护具有重要的启示作用,以期为我国工业遗产的识别、认定和保护性再利用等方面提供借鉴。","['世界工业遗产', '世界遗产名录', '地理分布', '价值特征']",T07,T21,0.0,0.0017878511393071,,0.1518231563705507,0.0127703652807653,0.4819666362532379,T07,A43,A46,1.0,0.0223179198646722,摘要:制造业,0.2190466487716888,0.1594137133190876,0.5601052674066951,A43,False,False,False,needs_review,needs_review,needs_review
ZH_0599,高速铁路客货混跑车网耦合系统电气稳定性研究,"高速铁路客运机车与货运机车混合运行可能成为未来运输的趋势,该文首次针对客货混跑时车网耦合系统的电气稳定性问题开展研究,在考虑牵引逆变器模型的前提下,建立了客车(CRH3型动车组)和货车(HXD2B型电力机车)在混跑状态下的阻抗模型,详细分析牵引网参数和控制器参数对车网耦合系统电气稳定性的影响。首先,基于状态空间模型,在数学建模时将逆变器和牵引电动机等效为中间直流环节的电阻并联电流源,并基于瞬态电流控制,分别建立了CRH3和HXD2B在dq轴下的整流器小信号阻抗模型;接着,基于广义Nyquist判据,利用""源–荷""车网级联系统的阻抗回比矩阵,对影响车网耦合系统的牵引网参数和控制器参数进行稳定性分析;最后,结合仿真测试和StarSim硬件在环实时仿真平台,验证了该文对客货混跑车网耦合系统电气稳定性研究的有效性和正确性。","['高速铁路', '客货混跑', '车网耦合', '小信号模型', '稳定性分析']",T49,T47,4.0,0.5774661072112466,关键词:稳定性分析；摘要:稳定性分析,0.3689042969131352,0.2676150515089037,0.8422222222222222,T49,A38,A46,1.0,-0.6032185601232908,摘要:逆变器,0.1983109122927374,0.1484388562622087,0.5355555555555556,A38,False,False,False,needs_review,high,needs_review
ZH_0600,改进EGM模型对特高压输电线路的适用性与验证,"为了更准确地分析我国特高压输电线路雷电绕击屏蔽性能，基于我国长空气间隙放电试验数据和雷电回击观测数据，建立考虑地形条件的适应于大尺寸输电线路雷电屏蔽性能评估的改进电气几何模型(electricgeometry model, EGM)并进行验证，将击距公式修正为r=0.13(I+40I)0.814。改进EGM模型对超、特高压输电线路三相导线的雷电绕击率计算结果与日本实际线路雷击观测数据及我国平原、山区特高压输电线路雷击模拟试验数据具有一致性，验证了改进EGM模型的适用性。采用改进EGM模型评估了杆塔型式、山坡陡度对我国特高压线路绕击跳闸率的影响。计算结果表明，采用SZ322型杆塔的绕击跳闸率高于采用SZT1型杆塔，且特高压线路绕击跳闸率随山坡陡度的增大而增大。EGM模型的修正以及计算方法的优化，对我国特高压输电线路雷电屏蔽性能的设计具有一定的指导意义。","['特高压输电线路', '雷电屏蔽模拟试验', '电气几何模型(EGM)', '击距公式']",T11,T21,1.0,0.6912712782515897,摘要:CT,-0.0675983205935389,-0.2052051553457873,0.6155555555555555,T21,A09,A32,1.0,-0.6350015855821638,摘要:CT,0.065888156406386,-0.0785827541583124,0.4755555555555555,A32,False,False,False,needs_review,medium,needs_review
ZH_0602,一种基于故障支路判定和迭代计算的单回T型输电线路故障测距新方法,针对单回T型输电线路，根据其在故障情况下的正序网络提出了一种基于集中参数模型的故障测距新方法。该方法包括故障支路判定和故障测距两部分。在故障支路判定阶段，为简化故障支路判定函数，在不考虑线路对地电容作用的情况下，推导并设计了故障支路判定函数，根据该函数在各支路首末端函数值是否异号的特征，即可实现故障支路判定。另外，为保证支路首端附近和T节点附近发生故障时故障支路判定的准确性，给出了故障支路判据。在故障测距阶段，为保证测距精度，计及了输电线路对地电容作用，给出了基于正序分量和正序故障分量的故障距离解析表达式，根据该表达式只需数次迭代即可求解出故障距离。所提方法适用于各种故障类型，在T节点附近发生高阻故障时故障支路判别不存在死区，且计算量小、易于编程实现。理论分析和仿真测试表明，该方法的有效性和准确性不受故障位置、过渡电阻以及T接位置等因素的影响。,"['T型输电线路', '故障支路判定', '故障测距', '迭代计算']",T36,T11,7.5,0.7558048358580454,标题:故障测距；关键词:故障测距；摘要:故障测距,0.3781762161648551,0.2557488275574667,0.98,T36,A37,A30,0.0,0.0062609360713004,,0.1194638771351397,0.0447209719378601,0.4868870296784304,A37,False,False,False,needs_review,high,needs_review
ZH_0608,黄河流域生态保护和高质量发展：框架、路径与对策,"文章概括了黄河流域自然生态条件特征、经济社会发展现状及存在问题和发展机遇。按""基底-生态优先、承载-发展约束、驱动-内外关联""3个逻辑递进环节搭建了黄河流域生态保护和高质量发展国家战略的总体框架,形成了通过对国土空间开发人类活动适宜性评价划定生态、农业和城镇三类功能区域,到评价测算三类功能区域的资源环境承载能力,进而依据承载能力制定不同功能区域高质量发展策略的学术思路。提出了生态-移民-城镇化建设工程、农业种植结构调整、旱作基本农田建设、分类分批解决能矿资源采空区历史遗留问题等生态恢复保护战略路径。建议采取的高质量发展对策,主要包括:壮大太阳能、风能、水能等可再生能源开发规模,发展特色生物医药和健康食品产业,借助""三线""国企创新潜势发展机电、电子信息、人工智能等新型战略产业,创新科技成果产业化转化机制和资源优势价值化分配体制,健全空间精细化管治、区域差异化发展和对外开放等现代化管理体系,构建国家战略引领、""一带一路""开放需求拉动、黄河文化思想和社会主义核心价值观支撑的高质量发展新动力系统等。","['高质量发展', '生态保护', '战略路径', '黄河流域']",T19,T46,0.0,3.478959948621796e-06,,0.1084103098206564,2.484971391884805e-05,0.4800038268559434,T19,A41,A44,1.0,-0.6486359251229382,摘要:城镇化,0.0546385866468174,-0.1759708937352729,0.4755555555555555,A44,False,False,False,needs_review,needs_review,needs_review
ZH_0613,并网变换器的多频率耦合等幅振荡分析,电压源型并网变换器与交流电网相互作用会引发新型电磁振荡现象。受控制器非线性环节的影响，该振荡不能持续发散，最终将形成等幅振荡。目前，已有研究多利用描述函数法对系统的限幅环节进行建模，从而计算振荡的幅值和频率。但是这些模型都忽略了非线性环节导致的高阶振荡分量。对现有方法进行了改进，提出了一种计及高阶振荡分量的并网变换器等幅振荡分析方法，推导了考虑高阶振荡分量后非对称限幅的描述函数，及考虑高阶分量后等幅振荡频率和幅值的计算方法，并将该方法应用于单轴限幅和双轴限幅的振荡分析。最后，利用仿真验证了所提改进方法的准确性。理论分析和仿真验证表明，所提方法提高了并网变换器等幅振荡的分析精度，并且能够计算高阶振荡分量的幅值。,"['电压源型并网变换器', '限幅环节', '等幅振荡', '高阶振荡分量', '描述函数']",T40,T15,0.0,0.0068419410179787,,0.1428867239242708,0.0488710072712767,0.4875261351197766,T40,A38,A30,0.0,0.0078014816083761,,0.1830346181384953,0.0557248686312583,0.4885816297692137,A38,False,False,False,needs_review,needs_review,needs_review
ZH_0615,基于整日尺度的城市女性休闲满意度及其影响因素——以西宁市为例,"休闲满意度作为对休闲经历或情境感觉到满足的程度,对衡量居民的休闲活动评价和认同以及反映对于生活质量的满意程度有重要的作用。文章基于西宁市2013年居民活动日志问卷调查数据,应用时间地理学方法从个体整日活动、即时活动出发,基于ordered logit模型试图从整日视角分析女性休闲满意度的影响因素。结果表明:西宁女性整日休闲满意度相对于休闲时长、休闲频率、休闲地离家距离而言,更多地受到休闲同伴、休闲类型和固定性较强的非休闲活动影响,家人或朋友的陪伴、个人事务活动的时长与休闲满意度存在正相关关系,工作活动频率与家庭照料活动时长与休闲满意度存在负相关关系。","['休闲满意度', '女性', '时间地理学', '整日活动', '休闲设施', '公共休闲空间', '西宁市']",T20,T29,1.0,0.743353657340358,摘要:问卷调查,0.3154595816344476,0.1668118381454147,0.6755555555555555,T20,A10,A30,1.0,0.7140383264707147,摘要:生活质量,0.1369837501772398,-0.042583382352038,0.6155555555555555,A30,False,False,False,needs_review,medium,needs_review
ZH_0620,基于供需理论的土地征收补偿研究——以湖北省为例,"土地征收补偿问题是保障农民利益、维护社会稳定的一个关键问题。文章基于经济学的供给和需求理论以湖北省为例探讨征地补偿标准,通过从供给角度的农地总价值测算和需求角度的农地功能价值测算,得出征地补偿的参考值。研究结果表明:基于供给角度测算的湖北省农地总价值为80—150万元/hm2,以此作为征地补偿的上限值;基于需求角度测算的湖北省农地功能价值为27.7—85.93万元/hm2,为征地补偿的合理值,二者均远高于目前执行的征地补偿标准。","['征地补偿', '供需理论', '湖北省']",T46,T21,0.0,0.0020152285591713,,0.1447856622542622,0.0143944897083665,0.4822167514150884,T46,A42,A27,0.0,0.0087527710569131,,0.1789645971063507,0.0625197932636656,0.4896280481626044,A42,False,False,False,needs_review,needs_review,needs_review
ZH_0626,瞬时功率聚合传输的低电容值大功率级联型风力发电系统,随着海上风电机组单机容量的不断增加，传统低压两电平背靠背变流器存在额定电流过大、解揽困难等问题，难以满足10～20MW大型海上风电机组功率变换需求。为此，提出了一种基于瞬时功率聚合传输的中压大容量级联H桥风电变流器拓扑结构。该拓扑利用四端口DC/DC变换器进行电气隔离。并给出了一种基于瞬时功率聚合传输的控制方法，将级联H桥三相H桥单元的低频脉动功率进行聚合传输，消除级联H桥的直流侧低频脉动电压。相比于常规级联H桥风电变流器，所提拓扑不需要多绕组工频变压器隔离，并且可以大幅降低所需的低频滤波电容，具有功率密度高、成本低、可靠性高(直流滤波电容)的优势。最后搭建了小功率模拟实验平台，验证了所提拓扑及控制策略的有效性。,"['风力发电', '低频脉动功率', '级联H桥', '低电容值']",T49,T12,1.0,-0.553001895017972,摘要:控制策略,0.0983731389636852,0.0499864641573426,0.4755555555555555,T27,A34,A38,1.0,0.0098677575788426,摘要:风电,0.1266334300305467,0.0704839827060185,0.5464100888922824,A34,False,False,False,needs_review,needs_review,needs_review
ZH_0630,会展企业微观集聚研究——以广州市流花地区为例,"以广州市会展企业名录为数据基础,运用缓冲区分析和Ripley K函数分析方法,探讨广交会的举办地流花地区会展企业时空分布及其形成机制。结果表明:①1957—2011年,流花地区会展企业的空间分布密度在逐渐加强,主要沿城市交通干道分布;企业空间分布的范围在逐步扩大,主要向东部天河一带扩散;②流花地区会展企业的空间分布呈明显的集聚状态,考察1991、2002和2011年3个时间节点,显示会展企业分别在0.5km、0.66km和0.87km的尺度空间呈显著集聚。同时,空间集聚的范围逐渐扩大,集聚的强度在1991年后明显降低;③影响会展企业空间集聚的因素是多方面的,主要包括大型展馆、交通和商务环境,城市规划及政府的产业发展政策也影响企业集聚,正是在这些因素的共同作用下,会展企业在特定地段呈显著的集聚状态。","['会展企业', '微观集聚', '缓冲区分析', 'Ripley K函数', '流花地区', '广州']",T46,T11,1.0,0.7160893486822284,摘要:形成机制,0.1297958865309222,-0.0279332236983681,0.6155555555555555,T11,A46,A43,1.0,0.704149413427241,摘要:交通,0.0324719088215119,-0.1132184755197064,0.6155555555555555,A43,False,False,False,needs_review,medium,needs_review
ZH_0632,基于电流突变采样值轨迹特征的快速母线保护,"新能源电源提供的短路电流幅值受限，故障特征弱化，影响母线故障的快速准确识别。该文利用三相电流同一采样值突变量快速提取电流突变特征，将母线各支路电流进行分组，分别构造了两种启动元件，根据启动元件的动作时序，快速识别母线区内、外部故障和区外转区内故障。建立了母线多支路分组电流突变量采样值的分析平面，经过极性转换与采样值积分，直观反映母线区内外故障时电流突变采样值的运动轨迹，在此基础上，建立了识别母线区内外故障的保护动作区。利用实时数字仿真平台(real time digital system,RTDS)建立仿真系统，仿真结果表明，母线故障时，启动元件动作时间小于1ms，利用电流突变采样值轨迹可以快速识别区内外故障及转换性故障。","['母线保护', '电流采样值突变量', '启动元件', '区内外故障', '电流采样值轨迹']",T13,T47,1.0,0.0115501250764556,摘要:TEM,0.1619640483720675,0.082500893403255,0.5482606931396568,T13,A37,A03,0.0,0.0024748816569745,,0.1013269416421664,0.0176777261212467,0.4827223698226719,A37,False,False,False,needs_review,needs_review,needs_review
ZH_0639,洞庭湖区两型社会发展水平时空分异,"从经济增长、社会进步、资源利用和环境质量4个方面构建洞庭湖区两型社会发展水平评价指标体系,利用评价模型和人工神经网络模型对两型社会发展水平进行时空变化分析和预测。结果表明:1洞庭湖区2005—2012年经济发展度和社会协调度均呈上升态势,年均增幅分别达2.46%、4.46%;环境可持续度则呈波动性下降态势,年均降幅达0.74%。两型社会发展水平整体上升的同时,内部经济、社会和环境的协调性较差。2从空间上来看,17个县域经济发展度和社会协调度的变化幅度均呈正向变化,环境可持续度处于负向变化,岳阳市区、常德市区和益阳市区3个县域的经济发展度和社会协调度要比其它14个县域的高,环境可持续度则下降幅度最为明显。2个时段的对比,可以看出17个县域两型社会发展水平均处于上升态势,县域差异性变化明显。3预测显示2015年洞庭湖区17个县域两型社会发展水平指数大体上处于中等状态,并且呈现差异性上升,既表明湖区两型社会建设走上了良性发展道路,建设效果日趋明显,又说明湖区人口、资源、环境与发展之间的矛盾仍然没有得以稳妥解决,并且将成为制约湖区两型社会可持续发展的障碍因素。研究证明利用BP神经网络模型进行两型社会发展水平时空预测切实可行可靠,模型运行结果可以为区域可持续发展提供科学依据。","['两型社会', '可持续发展', '人工神经网络', '时空分异', '洞庭湖区']",T41,T01,1.0,0.704614567714425,摘要:指标体系,0.1639114227780939,-0.1098959448969643,0.6155555555555555,T01,A24,A26,0.0,0.0064215546955942,,0.1617632590685586,0.0458682478256729,0.4870637101651536,A24,False,False,False,needs_review,medium,needs_review
ZH_0640,电力系统SDH网络非对称路径PTP对时策略,"为了解决电力系统SDH通信链路延时非对称性引起的PTP网络对时精度较差的问题,根据SDH网络的特征以及IEEE1588对时标准,介绍了SDH网络如何选择合适的PTP对时模式,提出一种新的非对称路径下PTP路径延时补偿策略。根据该策略,并相应研发了一套对时装置,给出了应用方案。进行三天拷机测试,对时精度1?s以内。测试结果证明,SDH网络通信路径不对称延时补偿之后,PTP对时精度提高很多,满足智能变电站设备对时要求。","['SDH网络', '网络时间同步', '非对称路径', '路径延时']",T40,T10,0.0,0.0049939849976509,,0.1521347112547597,0.0356713214117919,0.485493383497416,T40,A04,A11,0.0,0.0132383613881059,,0.1896673752267807,0.0945597242007568,0.4945621975269165,A04,False,False,False,needs_review,needs_review,needs_review
ZH_0642,基于主客观赋权相结合的省级电网发展诊断分析方法与实证研究,"面向省级电网的发展诊断分析问题,提出一种基于区间二型模糊集合和熵权法的电网发展诊断分析方法。首先,综合考虑指标体系的多维度、多影响因素、独立性和可操作性,从电网发展速度、发展规模、发展安全、发展效率和发展效益五个角度,提出电网发展诊断评价的分层指标体系。在此基础上,提出面向该指标体系的指标归一化评分方法,并基于区间二型模糊集合和熵权法提出了各项指标的赋权方法。该方法能够较好地刻画指标赋权过程中的模糊因素问题。最后,基于黑龙江电网的实际数据开展实证分析,评估黑龙江电网的发展情况。分析结果表明:黑龙江电网的整体发展情况良好,但在网源协调性、网荷协调性、电网设备水平、企业经营状态等方面仍有待完善。","['区间二型模糊集合', '熵权法', '电网发展诊断', '指标体系', '评价方法', '实证分析']",T41,T28,8.0,0.7499701671664398,关键词:指标体系；摘要:指标体系；关键词:熵权法；摘要:熵权法,0.3766050558646111,0.2140726226174276,0.98,T41,A19,A49,0.0,0.0029130740824565,,0.0987158413560801,0.0208076720175466,0.4832043814907021,A19,False,False,False,needs_review,high,needs_review
ZH_0644,国家创新体系的发展演进分析与若干思考,"国家创新体系是国家安全和经济社会发展的重要支撑,在长期的历史演进和选择建构中不断发展演变。文章结合历史回溯与逻辑分析,以科技发展规律为主线,揭示了国家创新体系演进的一般规律和总体趋向,梳理总结了我国国家创新体系的建设实践,提出了完善国家创新体系的架构特征和提升我国国家创新体系整体效能的思路建议。","['国家创新体系', '发展演进', '科学技术', '整体效能']",T43,T25,0.0,0.0018601874429319,,0.078051859525608,0.0132870531637994,0.4820462061872251,T43,A48,A15,0.0,0.009674536529326,,0.151913384508623,0.0691038323523291,0.4906419901822587,A48,False,False,False,needs_review,needs_review,needs_review
ZH_0648,湖南物流产业集群系统发展研究,"近年来,湖南物流产业集群随着区域经济地高速增长得到蓬勃发展。但产业集群规模小,缺乏整体规划,信息技术利用程度低,已经难以适应本土的经济发展。要尽快发展湖南物流产业集群,就必须根据湖南地理特征,构建三级物流产业集群系统;根据物流集群的功能,构建双轨物流产业集群系统;而且还要加大信息技术的利用力度,加快物流集群信息整合,构建湖南物流产业集群系统。只有这样,湖南物流产业才能迎头赶上,为湖南经济大发展做出贡献。","['物流产业集群', '系统规划', '物流园区', '配送中心', '信息技术']",T14,T09,0.0,0.0017852915121394,,0.0960876920974055,0.0127520822295676,0.4819638206633533,T14,A39,A43,1.0,-0.644112005762786,摘要:区域经济,0.1516597688317813,-0.143657184019901,0.4755555555555555,A43,False,False,False,needs_review,needs_review,needs_review
ZH_0652,适应集控模式的主厂站数据流优化,为了满足智能变电站设备集中监控业务需求，适应集控站建设模式，该文从调度主站、集控站和变电站的业务功能需求出发，优化了主站与变电站、变电站内设备间的数据流。在主厂站数据流方面，提出主厂站间数据分流处理和分层规划方法，优化上送数据选点原则，增加非实时数据的按需调阅通道，提升主站采集数据覆盖范围，解决远方监控信息不足的问题。在变电站内数据流方面，根据不同设备的数据实时性、数据结构、处理性能指标等差异，优化数据传输路径，由原来的多端重复采集优化为分区传输，并利用跨区实时总线同步技术，实时全面接入一、二次设备及消防、安防等辅助设备信息，解决数据重复采集、冗余交叉传输的问题，支撑主辅一体化全面监控。,"['集中监控', '数据流', '集控站', '设备监视']",T27,T19,0.0,0.0029055739367326,,0.185090933830526,0.0207540995480906,0.4831961313304059,T27,A26,A37,0.0,0.0125863676429224,,0.1778025657194522,0.0899026260208746,0.4938450044072147,A26,False,False,False,needs_review,needs_review,needs_review
ZH_0655,合成生物学研究的工程化平台,"合成生物学研究中,海量的工程化试错实验远远超出传统的劳动密集型研究范式的能力范畴,因而亟需一种变革性的工程化研究平台。工程化平台通过引进各类符合生产所需的智能装备,开展大规模个性定制模式创新,实现生命体的远程定制、异地设计、规模经济生产。工程化平台能够快速积累经验知识,是实现生命体可预测合成的科学基础。文章介绍了合成生物学研究的一些工程化平台,及其上下游机构的发展案例、创新机制与趋势。","['合成生物学', '生物铸造厂', '工程化平台']",T12,T23,7.5,0.7091665065938109,标题:合成；关键词:合成；摘要:合成,0.2237704931013861,-0.0773820957584934,0.94,T23,A22,A07,0.0,0.0328319334086819,,0.683924569339706,0.2345138100620138,0.5161151267495501,A22,False,False,False,needs_review,high,needs_review
ZH_0656,长江经济带“共抓大保护、不搞大开发”的基础与策略,"依托长江黄金水道,建设长江经济带是新时期国家重大区域发展战略。长江经济带是形成国家""一体两翼""开发开放大格局的主干轴线。文章在系统分析长江经济带的长江生态系统服务价值、生态区位、生态类型、生态地理格局、自然条件、自然生态灾害等生态本底基础上,总结了长江经济带面临的水环境和大气环境污染严重、长江干支流和湖泊水生态显著退化、重大工程生态环境累积影响不断显现、江河湖泊关系不和谐等重大生态环境问题;建议将长江水生态环境保护摆在头等重要的位置,率先实行水质目标管理,形成开发节约集约与生态自然开敞的国土空间开发保护格局,持续实施长江经济带绿色生态保障工程,以及打破部门和地方分割,实施流域综合管理等生态环境保护总体策略,以确保长江经济带""共抓大保护、不搞大开发""战略实施。","['长江经济带', '生态本底', '环境问题', '保护策略']",T29,T19,0.0,0.0127471202006489,,0.1799710764131766,0.0910508585760637,0.4940218322207138,T29,A39,A51,0.0,-0.7416541444752293,,0.0573897460235266,-0.1546724605373524,0.26,A44,False,False,False,needs_review,needs_review,needs_review
ZH_0657,行政区划调整对住宅价格变化的影响效应分析——以南汇并入浦东新区为例,"行政区划的调整往往是为了适应城市化和区域经济一体化的要求而进行的。除经济和生态环境因素外,住宅价格还受社会、文化和政治等因素的影响和作用,但行政因素对住宅价格变化影响的实证研究并不多见。以上海市南汇区并入浦东新区为例,运用Hedonic模型、多元线性回归分析、半弹性系数等方法,从时间和空间两个方面,定量测度行政区划调整对住宅市场价格变化的影响程度。结果表明:从时间变化上看,行政区划调整以后,浦东新区各板块的住宅均价呈现上涨趋势,住宅价格比调整之前上涨2.74个百分点,且前阶段的涨幅较之后要大;从空间变化上看,外郊环、郊环外涨幅潜力更大。总体而言,行政区划调整对区域住宅价格变化有一定的正面影响,但其影响程度有限且不及区位、交通和住宅特征等因素显著。因此,地方政府和房地产开发商应当理性对待行政区划调整策略,不能过于奢望通过短期的行政区划调整来提升房地产价值,而应当更多地关注开发区位的选址及区域交通和环境条件的改善,提升物业管理水平与服务质量,完善社区公共服务配套设施建设。","['行政区划调整', '住宅价格', '住宅特征', 'Hedonic模型', '新浦东地区']",T31,T24,0.0,0.0074605550521899,,0.139312426961686,0.053289678944214,0.4882066105574089,T31,A39,A47,1.0,0.0007309649857014,摘要:区域经济,0.1209175476159631,0.0052211784692959,0.536359617039827,A39,False,False,False,needs_review,needs_review,needs_review
ZH_0659,资源枯竭城市转型的驱动因素和机理解析,"资源枯竭城市曾为我国经济发展提供了重要的资源和能源支持,随着资源逐渐衰减等原因,其在发展过程中积累的许多矛盾和问题不断显现,成为我国全面建成小康社会的""问题地区""。2008年以来,国家开始选择全国69个资源枯竭城市作为转型试点,运用中央财力性转移支付支持转型工作。文章通过对资源枯竭城市的实地调研,结合数据分析对当前资源枯竭城市面临的主要问题进行归纳总结,发现宏观环境变动使得城市发展波动增大、东北地区的城市转型步伐明显变缓、独立工矿区和森工型城市是转型中的难点城市。利用面板数据模型衡量资源枯竭城市转型的主要驱动因素,发现对转型成效影响较大的因素是再就业促进活动、国家财力与政策支持及棚户区改造,但再就业培训体系与产业发展等匹配度低、地方资金投入方向与国家导向偏差、棚户区搬迁改造与居民能力不匹配等原因阻碍了各领域转型工作的有效推进。基于以上分析,文章提出继续加大中央财力支持、完善接续替代产业扶持政策、推进沉陷区综合治理工作、建立资源枯竭城市棚户区改造基金等对策。","['资源', '资源枯竭城市', '转型', '驱动因素']",T42,T20,1.0,0.0209170811842511,摘要:面板数据,0.1049476582349053,0.1494077227446517,0.4985643448582318,T19,A25,A05,1.0,0.714853970484372,摘要:培训,0.1418352422610788,-0.0367573536830565,0.6155555555555555,A05,False,False,False,needs_review,needs_review,needs_review
ZH_0660,经济发达地区与欠发达地区土地利用结构演化比较——以江苏省苏州市和安徽省宿州市为例,"以苏州市和宿州市为代表,对经济发达地区与欠发达地区的土地利用结构演化进行比较研究。在土地利用数量、程度变化分析模型和信息熵理论支持下,分析比较了1998—2008年两市土地利用结构演化规律及其差异。结果表明:两市耕地、居民点及工矿用地和交通运输用地等主要地类的变化方向相同,且苏州市的变化幅度的绝对值和变化速度均远大于宿州市;两市的土地利用程度均较高,苏州市该指数的增长总体上维持在较高水平,处于高速发展期,宿州市则较为稳定,处于缓慢的发展期,研究期内该指数被逐步拉开,至2008年差距已达到9.36;研究期内两市的信息熵总体上均上升,总趋势是由快变慢,苏州市信息熵增长更快,两市土地利用系统均向复杂无序方向发展。因地制宜,制定差别化的政策,实现土地利用结构的持续优化是今后两市土地利用管理努力的方向。","['土地利用', '结构演化', '比较研究', '苏州市', '宿州市']",T31,T15,0.0,0.0024279000193292,,0.1033866789180809,0.0173421429952088,0.4826706900212621,T31,A42,A46,1.0,0.0109913941351915,摘要:耕地,0.0984723584673515,0.0785099581085114,0.5476460891042663,A42,False,False,False,needs_review,needs_review,needs_review
ZH_0661,地理空间效应视角下的后发经济区趋同研究——以北部湾经济区为例,"在新古典增长理论模型的基础上,构建后发经济区经济增长β趋同的空间计量经济学模型框架,从理论上探讨了基于地理空间效应对β趋同进行统计研究的可能性和可行性;通过对2000—2008年北部湾经济区整体和内部三个发展区尺度的经济增长趋同进行实证分析,发现与经典的趋同模型相比,纳入地理空间效应分析框架的空间趋同模型,趋同速度和方程拟合优度均更优,说明地理空间外溢效应在北部湾经济区的经济增长趋同中起着不容忽视的重要作用,也是其空间俱乐部趋同发生的关键机理,这对于后发经济区增长过程中的区域资源共享、要素流通、互助合作、协调发展,具有重要的政策启示。","['地理空间效应', '空间计量模型', '趋同', '北部湾经济区']",T42,T16,3.0,0.5045078224750384,关键词:计量模型,0.314282073430091,0.1750558748217033,0.7866666666666666,T42,A27,A01,0.0,0.0029849686166567,,0.090929808516221,0.0213212044046912,0.4832834654783224,A27,False,False,False,needs_review,high,needs_review
ZH_0664,一种双向谐振型高频直流变压器通用参数设计方法,"交流微电网和直流微电网之间多通过电力电子变压器(PET)构成交直流混合微电网以减少额外的电能转换环节。但是PET中高频变压器的谐振参数常常限值了效率的提升,且谐振拓扑的细微变化也会进一步加剧参数设计的难度。针对该问题,提出一种面向交直流混合微电网(HADM)的双向谐振型高频直流变压器(HFT)通用型参数设计方法,明确只有在谐振电流与输入方波电压基频部分同频同相时传输的平均功率最高。并指出当变压器励磁电感与漏感之比大于一定值时,CLLC、LLC和CLL谐振型高频变压器均可工作在双向功率传输状态,且获得的标幺化增益和效率均满足HADM系统要求,CLLC更有利于功率的有效传输。最后,搭建了一台采用SiC器件的6 kW实验样机,实验结果进一步验证了所提设计方法的可行性和有效性。该样机在双向工作模式下的最高效率大于97%。","['微电网', '高频变压器']",T17,T25,1.0,0.7305761096720214,摘要:样机,0.2070580163909069,0.0755436405144379,0.6755555555555555,T17,A33,A37,4.0,-0.3322884099136369,关键词:微电网；摘要:微电网,0.0945551101703228,0.0265113577597359,0.6422222222222222,A16,False,False,False,needs_review,medium,needs_review
ZH_0667,基于拓扑聚合的输电断面辨识方法与断面传输极限的研究,国内外多次发生的大停电事故表明输电断面是大规模互联电网的薄弱环节。快速搜索出电网关键输电断面并计算出断面极限传输功率，有利于调度部门及时调整运行方式，避免电网发生大面积停电事故。提出利用电网拓扑聚合算法对电网关键输电断面进行搜索。通过对电网邻接矩阵进行简单的矩阵变换操作，将拓扑中临近节点聚合到邻接矩阵的主对角线附近。直接在变换后的邻接矩阵上对电网输电断面进行快速搜索，然后通过潮流分布因子来辨识关键输电断面。利用磷虾群优化算法构造电网关键输电断面极限传输功率的优化模型，准确计算断面极限传输功率。IEEE14节点系统和IEEE39节点测试系统验证了所提方法的有效性。,"['关键输电断面', '邻接矩阵', '拓扑聚合', '磷虾群优化算法', '极限传输功率']",T12,T34,7.5,0.6995974361828328,标题:聚合；关键词:聚合；摘要:聚合,0.1836295027636772,-0.1457325986940514,0.94,T34,A32,A15,0.0,0.0027302632140066,,0.1268634388452129,0.0195018801000476,0.4830032895354073,A32,False,False,False,needs_review,high,needs_review
ZH_0668,基于改进离差最大化方法的电网关键线路综合辨识,关键线路的辨识对保证电力系统安全性具有重要意义。针对现有关键线路辨识方法较少考虑线路两端节点信息以及对线路偶然故障考虑不足的问题，以电网拓扑信息为基础，结合当前运行状态，提出一种多指标评价的关键线路辨识方法。通过考虑局部系统的电压稳定性、线路传输容量、线路故障率以及节点的拓扑重要性，建立了识别线路重要程度的电压稳定性、容量裕度、实时故障率、拓扑联系度等4个指标；改进离差最大化方法，建立了考虑不同因素的主客观赋权的线路综合重要性指标；采用系统失负荷量最小的控制策略，衡量线路故障下系统的供电能力；最后对IEEE 39节点系统进行仿真，验证了所提辨识方法的可行性和正确性。,"['关键线路辨识', '电压稳定性', '故障率', '离差最大化', '失负荷量']",T49,T34,1.0,0.7109575346537834,摘要:控制策略,0.1739661468955225,-0.0645890381872615,0.6155555555555555,T34,A30,A37,0.0,0.0032583961168761,,0.1452775152837372,0.0232742579776869,0.4835842357285638,A30,False,False,False,needs_review,medium,needs_review
ZH_0669,基于社区尺度的互联网企业空间格局与演化——以扬州市区为例,"基于扬州市区2006、2012、2016年互联网企业数据,以社区为研究单元,采用负二项回归模型,验证不同周期、不同类型互联网企业空间分布特征及区位选择特点,为中小城市互联网产业发展提供理论指导。结果表明:(1)互联网企业数量由内至外圈层呈低—高—低空间形态,企业密度由高往低逐圈层递减;企业空间分布经历了集聚—随机—集聚的变化过程,分布热点由内城区逐步向外城区、近郊区扩散。(2)不同类型互联网企业中,技术研发型集聚程度最高、工业互联网型次之、电子商务型最低;不同生命周期企业中,初创型企业空间分布以内城区、外城区为主,成长型、成熟型以近郊区为主,部分成熟型企业出现了企业部门分离趋势;不同生命周期互联网企业经历了从内城区、外城区向外扩散的过程。(3)不同类型、不同生命周期互联网企业区位因子差异显著。办公用房租金、住宅租金、集聚要素对各类、各生命周期互联网企业均有高强度影响,区域路网密度、高速公路出入口为中等程度影响,生态环境影响较低;专业市场、CBD对电子商务企业及初创型互联网研发企业有高强度影响;成长型、成熟型技术研发企业、工业互联网企业对人才条件、产业园区要素更为敏感。","['互联网企业', '工业互联网企业', '空间格局', '企业生命周期', '研发型', '负二项回归', '扬州']",T48,T42,6.5,0.7190465001801891,标题:空间格局；关键词:空间格局,0.1114767474603165,-0.0068107129986494,0.9211111111111112,T42,A46,A43,1.0,0.6957361157689189,摘要:公路,0.0121672807590756,-0.1733134587934363,0.6155555555555555,A43,False,False,False,needs_review,high,needs_review
ZH_0680,建构的世界经济地理格局——以战后日本崛起为例,"经济地理学作为地理学的重要分支学科之一,其研究思潮和研究视角都发生了巨大的变迁。在现有的研究中,经济地理学明显忽视了世界经济体系中的国家行为体以及政治因素对经济地理格局形成的探讨。首先以社会建构主义理论为出发点,从探讨国家作为世界经济系统中的行为体为切入点,指出国家是世界经济体系中的真实的行为体,是有意愿、信念、意图等人的性质的。由此,国家跟人一样具有四种不同的身份以及相应的国家利益。身份包含了利益的成分,是利益的先决条件,国家通过确立身份才能确立利益的范围和数量。然后,本文以战后日本的崛起为例,实证研究了国家层面的政治与经济互动下的世界经济地理格局形成的机理。研究结果有利于促进和深化学科交叉以及经济地理学的理论研究,对指导我国崛起以及处理与世界大国、周边国家关系提供参考。","['国际关系', '建构主义', '国家行为体', '关系经济地理', '日本崛起']",T34,T42,0.0,0.0003246400813985,,0.1163796720904175,0.0023188577242753,0.4803571040895384,T34,A30,A05,0.0,0.0081786913905849,,0.1007871848075786,0.0584192242184643,0.4889965605296434,A30,False,False,False,needs_review,needs_review,needs_review
ZH_0681,国家自然科学基金如何更好地引导基础研究多元投入?,"优化基础研究经费投入结构、加快构建多元投入格局是当前我国科技事业的重点工作之一。国家自然科学基金对撬动基础研究多元投入有重要作用,联合基金是国家自然科学基金引导基础研究多元投入的主要途径,是国家自然科学基金委员会面向国家需求、引导多元投入、推动资源共享、促进多方合作的成功探索。然而,一方面,目前联合基金合作方只限于具有""国有""性质的部门、机构和企业,尚未扩展到""私营""企业等主体;另一方面,联合基金的管理体制和运行模式未能充分体现联合基金""合作投资""的内在属性。基于此,建议联合基金在管理理念上突破""公""与""私""的界限,实现向公共私营合作制(PPP)模式的转变;同时,设立相对独立的""联合基金管理中心"",完善适应联合基金性质的治理体系和管理机制,并完善符合联合基金特点的评审标准和成果利用机制。此外,在新发展阶段,需要破解国家科学基金长期未能接受社会捐赠这一问题。以国家自然科学基金接受社会捐赠是""公益信托""行为的分析为基础,依据国家相关法律规定,建议应首先赋予国家自然科学基金委员会合法合规地接受社会捐赠的资格和身份,并成立""中国科学基金公益信托中心"",以突破现有制度障碍,推动国家自然科学基金接受社会捐赠。","['联合基金', '国家自然科学基金', '基础研究', '多元投入']",T46,T38,0.0,0.006607201335254,,0.2308926163752646,0.0471942952518149,0.4872679214687794,T46,A24,A50,1.0,0.0003773416504997,摘要:法律,0.083113338456568,0.0026952975035696,0.4759706313711052,A26,False,False,False,needs_review,needs_review,needs_review
ZH_0682,河南省农用地集约利用对农民收入影响实证研究:1978—2012,"基于河南省1978—2012年相关数据,利用遗传算法-BP神经网络模型测算了河南省农用地集约利用水平,在此基础上,通过采用协整分析、误差修正模型、脉冲响应函数和方差分解,从动态的视角对河南省农用地集约利用与农民收入之间进行了研究,结果表明:1978年以来河南省农用地利用集约水平不断上升,农民收入和农用地集约利用水平之间存在着长期均衡关系,长期内农用地利用集约度每提高1%,会引起农民收入水平提升0.41%;农民收入和农用地集约利用水平互为Granger因果关系,短期内农用地集约利用水平对农民收入弹性系数较小;脉冲响应函数和方差分解显示农用地集约度的提高将促进农民收入的增加,且对收入变化的解释能力随着时间推移逐渐增强。","['农用地', '集约利用', '遗传算法', 'BP神经网络', '协整分析', 'VAR模型']",T01,T18,0.0,0.009025260775544,,0.1968859832096268,0.0644661483967433,0.4899277868530984,T01,A26,A12,0.0,0.0014801813475754,,0.0867380462512802,0.0105727239112531,0.481628199482333,A26,False,False,False,needs_review,needs_review,needs_review
ZH_0683,疫情下关于分餐制的思考与对策建议,"2020年初以来,新冠肺炎疫情在全球肆虐,对我国经济社会发展的各方面造成不同程度的冲击,也使公众开始重新审视传统合餐饮食方式的科学合理性。在疫情影响下,公众对文明就餐的意识明显提高,对健康、安全的饮食需求增强,社会各界对实行分餐制的呼声上涨,这为推动分餐制的常态化提供了良好契机。",[],T18,T12,0.0,0.0008105481709275,,0.1391270375439029,0.0057896297923394,0.4808916029880202,T18,A10,A28,0.0,0.0074263241942887,,0.1649957160566272,0.053045172816348,0.4881689566137175,A10,False,False,True,needs_review,needs_review,needs_review
ZH_0684,直流微网混合储能系统控制策略现状及展望,"在直流微电网中,混合储能系统被用于改善可再生能源发电系统的性能,维持网内的整体功率平衡。合理的控制策略是充分发挥不同储能器件特性、保证系统安全稳定运行的关键。综述了直流微网混合储能系统控制策略的最新进展,从基本控制思想、动态响应能力提升方法和考虑荷电状态的控制策略三个方面进行了总结研究,并以表格形式直观地展示其优点和不足。针对现有控制策略的局限性,并结合相关领域技术进展,对其未来发展方向进行了展望。","['混合储能系统', '直流微电网', '控制策略', '动态响应', '荷电状态']",T49,T06,7.5,0.6441941712848309,标题:控制策略；关键词:控制策略；摘要:控制策略,0.2192577182490679,0.1442440806059349,0.98,T49,A33,A35,4.0,-0.3340162728793273,关键词:微电网；摘要:微电网,0.1081732011104183,0.0141694794333758,0.6422222222222222,A14,False,False,False,needs_review,high,needs_review
ZH_0685,意愿调查法在我国遗产资源价值评价领域的应用与研究进展,"从中国知网选取97篇相关论文作为样本,从研究领域、主要发表期刊、所属学科、具体研究内容、研究过程、关键技术等方面进行了统计分析,对使用CVM在遗产价值评价方面的研究进行了梳理、述评,并对当前研究中存在的问题进行评析,旨在明晰CVM在遗产资源价值评价中的研究现状及发展进程。","['意愿调查法(CVM)', '遗产资源', '价值评价', '研究进展']",T06,T21,6.5,0.6873184485674444,标题:研究进展；关键词:研究进展,0.0670537882468902,-0.2334396530896827,0.9211111111111112,T21,A30,A51,0.0,0.0163782374110207,,0.2555481618038321,0.1169874100787196,0.4980160611521229,A30,False,False,False,needs_review,high,needs_review
ZH_0686,基于标签传播算法的电网主动解列断面快速定位方法,传统的失步解列控制无法适应多变的运行方式和复杂的失稳模式，实现数据驱动的电网主动解列断面快速定位具有重要意义。为此，结合复杂网络社团检测理论和电气距离，提出一种基于标签传播算法的主动解列断面快速定位方法。基于等值两机系统联络断面电气距离对振荡中心位置有主要影响的机理，依据支路导纳建立图数据的相似性权重矩阵。根据同调机群在线辨识的分群结果标注同步发电机节点的类别标签。使用基于调和函数的标签传播算法对未标注节点进行半监督节点分类，不同类节点之间的边即所定位的解列断面。通过IEEE118节点系统算例和东北电网实际系统的仿真分析，验证了所提方法的可行性和有效性。该方法的计算速度非常快，具有较好的工程实用价值。,"['电力系统', '主动解列', '标签传播算法', '电气距离', '振荡中心', '解列断面']",T43,T07,1.0,0.7228326838857617,摘要:复杂网络,0.1522246910298511,0.0202334563268697,0.6755555555555555,T43,A22,A37,0.0,0.0008937327192722,,0.0770545149820481,0.0063838051376586,0.4809831059911994,A22,False,False,False,needs_review,medium,needs_review
ZH_0687,鸭绿江河口水文特性对丹东市城市空间格局演变的影响,"丹东市是因港而形成和发展的城市,文章收集了不同时期鸭绿江影响航运的水文特性,探讨影响港口布局进而影响丹东市条带状空间格局的内在驱动力。结果表明:城区空间格局演变是不同时期对水文要素的响应:早期的选址是作为鸭绿江防区薄弱环节来设防,此处的鸭绿江水流平缓、沙洲较多、易于涉水;丹东设制和开埠时期,以鸭绿江的对外港口运输,适宜的潮差和流量是丹东城市雏形的重要因素;随着建设东北东部现代化港口城市的定位,原有丹东内港的水深、潮差、河床宽度和泥沙淤积等要求已不能满足这种要求,城市空间形态沿鸭绿江向大东港方向延伸,形成了丹东与东港同城化的极为狭长的条带状城区。","['鸭绿江', '潮差', '港口城市', '城市空间格局']",T48,T25,7.5,0.7163461432907621,标题:空间格局；关键词:空间格局；摘要:空间格局,0.0622497516071676,-0.0260989764945562,0.94,T25,A46,A41,4.0,-0.3487275155401588,关键词:港口；摘要:港口,0.0312379483928491,-0.0909108252868484,0.6422222222222222,A51,False,False,False,needs_review,high,needs_review
ZH_0689,长期冰川学观测引领大陆性和干旱区冰川变化与影响研究,"中国是中纬度山地冰川大国,冰川科学研究十分重要。冰川还是我国西部干旱区重要的水资源——我国及周边国家大江大河的源头,由冰川变化引发的水文、水资源变化对于我国西北干旱区山盆地理结构的生态系统具有决定性意义。中国科学院天山冰川观测试验站(以下简称""天山冰川站"")建立于中国冰川学开创之初的1959年,围绕乌鲁木齐河源1号冰川(以下简称""1号冰川"")的研究,对中国冰川科学理论的形成和发展起着关键性作用,亦是对国际冰川学的重要发展和贡献。以乌鲁木齐河山区流域综合观测试验为基础的水文学研究,奠定了我国内陆河流域水文研究基础。60年来,作为中国冰川学观测、试验、研究和人才培养的基地,对外开放交流的平台,天山冰川站在冰川物理学、冰川对气候变化的响应、冰川水文、雪冰物理化学过程、第四纪冰川、冰缘植被与生态等研究方向取得系统性创新成果,为中国的冰川学事业作出了卓越贡献。世界冰川监测服务中心(WGMS)将1号冰川列为全球10条重点观测研究的参照冰川之一,即作为中国和中亚干旱区的参照冰川,其长期、系统的观测研究成为许多国家冰川学研究的参照和典范。","['乌鲁木齐河源1号冰川', '冰川物质平衡', '冰川水文', '雪冰过程']",T29,T28,0.0,0.0026339387975556,,0.1539660724099468,0.0188138485539691,0.4828973326773112,T29,A51,A28,1.0,-0.0015106428565341,摘要:水资源,0.1975363953129784,-0.010790306118101,0.4755555555555555,A28,False,False,False,needs_review,needs_review,needs_review
ZH_0692,新自由主义与国家空间:反思与启示,"2008年以来的全球金融危机将世界政治经济环境推向所谓的后新自由主义时代。文章首先回顾新自由主义的起源,以及不同政治地理背景下的新自由主义在发展与演变过程中的异同。其后,文章介绍学术界对新自由主义思潮获致的三点共识:其一,民族国家的意义并没有因为新自由主义而消亡;其二,理解政府在经济发展中的角色对于理解新自由主义至关重要;其三,新自由主义的发展因地而异。新自由主义思潮在全球扩散的同时塑造新的国家空间。新国家空间有三个特点:尺度重组、柔性边界与扁平化。研究指出,不论新自由主义是否终结,其局限性已经凸显,因此有必要跳出新自由主义的思维模式,思考如何在新自由主义创造的所谓新国家空间中,重塑政府监管,思考各国发展经济的全球责任,并思考创造社会空间再分配模式的可持续性等问题。","['新自由主义', '国家空间', '尺度重组', '柔性边界', '扁平化']",T42,T34,0.0,0.0039271385209171,,0.158095963760653,0.028050989435123,0.4843198523730089,T42,A50,A24,1.0,0.0176185070308514,摘要:金融,0.1458000867434249,0.1258464787917958,0.5549359132894921,A50,False,False,False,needs_review,needs_review,needs_review
ZH_0696,中美欧内部数字治理格局比较研究,考察各国内部的数字治理格局，在认清现状的基础上，厘清其各自的内在生成逻辑，对于中国更好参与国际数字化发展而言至关重要。文章利用数字生态视角对中国、美国、欧盟（以下简称“中美欧”）内部数字治理格局进行了比较研究，试图阐明中美欧各自的数字生态发展模式，并分析发展模式与其数字规制体系之间的关系。研究发现，美国形成全要素领先的发展模式及以鼓励创新为核心的规制体系；欧盟国家多元的发展模式影响欧盟层面形成了以市场建构为核心的规制体系；中国的发展模式表现出应用驱动的特征，规制体系以发展与安全为双核心。文章据此对中国如何优化调整自身数字规制体系，转型升级自身数字生态发展模式提出建议。,"['数字治理', '格局', '数字生态', '规制体系', '发展模式']",T13,T28,0.0,0.0003633073506358,,0.1257153392238266,0.002595052504542,0.4803996380856994,T13,A40,A13,0.0,0.0004862388529187,,0.1343169838862013,0.0034731346637056,0.4805348627382106,A40,False,False,False,needs_review,needs_review,needs_review
ZH_0697,国际创新统计体系演化与国内发展研究,"从产业发展到创新驱动,全球经济在探索中寻求新的发展方向。以研究与发展(R&D)为核心的科技统计为量化经济发展要素新动能提供了条件,以创新行为及其网络互动为核心的创新统计工作为理解科技经济互动提供了新平台。发达国家创新统计实践已形成较好的规范体系和国际标准,我国在借鉴国际经验的同时,也初步建立了创新统计体系,为进一步推进创新驱动发展战略打下了重要基础。未来仍需以国际规范为基本标准,适度平衡我国发展特色,尊重统计规律,重视统计创新人才与创新研究,全面推动我国创新统计体系建设。","['研究与发展', '创新', '统计', '国际规范']",T30,T46,0.0,0.0002938056316147,,0.1095695437266365,0.0020986116543913,0.4803231861947762,T30,A40,A22,0.0,0.0078920676727424,,0.1661660824463702,0.0563719119481604,0.4886812744400167,A40,False,False,False,needs_review,needs_review,needs_review
ZH_0698,中小城市城乡社区生活圈建设路径研究——以榆林市榆阳区为例,"通过理论分析论证生活圈建设具有阶段性特征,然后以榆林市榆阳区为例进行案例研究,总结出典型中小城市生活圈的建设路径,并得出以下结论:首先,中小城市的社区生活圈构建具有典型意义,既适应中小城市衔接城乡、宜居舒适的特点,又能满足中小城市对社会治理、活力塑造的需求。其次,中小城市社区生活圈构建需要结合地区的发展特点,在精准人群画像基础上,综合考虑地区未来的城镇化水平、产业发展阶段、相关政策影响,据此制定生活圈构建策略。最后,中小城市社区生活圈构建应重点把握城乡统筹、以人为本、差异化公共服务供给三个方面。","['新型城镇化', '中小城市', '城乡社区生活圈', '社会治理', '路径', '策略']",T46,T17,0.0,0.0017673779059097,,0.1006451896773859,0.0126241278993553,0.4819441156965007,T46,A41,A24,4.0,-0.0117454331431599,关键词:城镇化；摘要:城镇化,0.2869809835569177,-0.0838959510225708,0.6422222222222222,A47,False,False,False,needs_review,needs_review,needs_review
ZH_0700,关于中国和印度尼西亚在资源环境领域开展重点合作的建议,"自2013年""一带一路""倡议首次提出到2018年的5年以来,中国和印度尼西亚的科技合作形成了一系列较为成熟的框架及协议,取得了诸多进展。""21世纪海上丝绸之路""倡议是中国加强海洋国际合作和追求互利共赢的重大顶层设计。印度尼西亚位于两大蓝色经济通道交汇之处,地理优势十分突出,该国提出的""全球海洋支点""构想是其发展重心由陆地转向海洋的关键性战略调整。中国的""21世纪海上丝绸之路""同印度尼西亚的""全球海洋支点""高度契合,两者深度对接将为两国的科技合作带来新的机遇。文章在系统梳理中国和印度尼西亚科技合作现状的基础上,重点探讨了两国加强科技合作的关键契合点,提出了海洋资源规划、产业链优化、基础设施风险防控、重大自然灾害应对等具有合作潜力的重点领域,建议基于共商、共建、共享的原则和政策导向,结合民生要求和科学目标,加快推进两国的科技合作,尤其应重点关注气候变化和自然灾害应对的合作领域。","['科技合作', '21世纪海上丝绸之路', '全球海洋支点', '资源与环境']",T32,T47,0.0,0.0002842452749201,,0.0918134898924032,0.0020303233922864,0.4803126698024121,T32,A43,A28,1.0,-0.6644453792799581,摘要:产业链,-0.0179840426820017,-0.4603241377139865,0.4755555555555555,A28,False,False,False,needs_review,needs_review,needs_review
ZH_0704,低成本对抗性隐蔽虚假数据注入攻击及其检测方法,信息物理深度耦合的电网面临着虚假数据注入攻击的威胁，深度学习技术成为检测虚假数据注入攻击的重要手段。针对深度神经网络面临的对抗性攻击的问题，该文提出一种低成本对抗性隐蔽虚假数据注入攻击方案及对应的检测方法。通过两阶段优化求解最优的量表组合及攻击值，得到预期攻击目标的最优攻击策略，对最优攻击值通过白盒攻击添加对抗性扰动，使深度学习模型将其误报为正常样本。从检测的角度，对历史数据库中的所有初始攻击样本均添加对抗性扰动，并标记为攻击样本加入训练集，对模型进行训练，提升检测性能。分别在IEEE14节点系统和IEEE118节点系统上进行实验，验证了所提攻击和检测方法的有效性。,"['深度学习', '虚假数据注入攻击', '对抗攻击', '白盒攻击', '对抗训练']",T01,T25,5.0,0.6205243060798558,摘要:深度神经网络；关键词:深度学习；摘要:深度学习,0.3972058673123467,0.3180307577132552,0.8977777777777778,T01,A27,A26,1.0,0.7158592794990774,摘要:物理,0.0647797075423876,-0.0295765750065906,0.6155555555555555,A26,False,False,False,needs_review,high,needs_review
ZH_0716,评《城乡发展差异测度及其协调发展研究——以重庆市为例》,"陈国生、田应华、夏由清、李琪、黄鑫五位学者以重庆市为具体研究案例撰写了《城乡发展差异测度及其协调发展研究——以重庆市为例》一书,最近由哈尔滨工程大学出版社正式出版,我认为该书有以下几个特点:",[],T35,T44,0.0,0.002990642531429,,0.0983463939545097,0.0213617323673507,0.4832897067845719,T35,A39,A43,0.0,0.0058033093258894,,0.1319626497740687,0.0414522094706393,0.4863836402584784,A39,False,False,True,needs_review,needs_review,needs_review
ZH_0717,河南省新冠肺炎疫情时空扩散特征与人口流动风险评估——基于1243例病例报告的分析,"文章搜集了河南省1 243例新冠肺炎的病例数据,利用探索性数据分析方法,在区县尺度上从病例总量、输入性扩散性病例数量以及扩散比三个维度探究了河南省新冠肺炎疫情的时空扩散过程,进一步基于人口流动评估了各个区县春节过后疫情风险。研究发现,河南省新冠病毒疫情经历了发生、迅速发展和趋于稳定的发展过程,目前病例总量和扩散比的""S""型曲线已经呈现;病例总量、输入性扩散性病例均呈现显著的空间集聚特征,其中病例总量与输入性扩散性病例高—高集聚区主要分布于信阳大部分区县,南阳、驻马店、郑州部分区县,遵循与湖北省地理邻近和网络邻近的特征;扩散比较高的区县为分散分布,且大多为家庭式集聚性扩散;在人口流动的影响下,信阳市主城区及周边县,安阳、郑州、许昌、平顶山等市主城区,人口流入和流出所引致的相对风险较高。随着疫情的发展,需要及时评估疫情动态,并兼顾人口流动风险进行动态疫情风险划分,以便及时有效地指导区域疫情的防控与经济社会秩序恢复。","['时空特征', '人口流动风险', '河南省']",T07,T30,7.0,0.3824891371529643,标题:病例报告；标题:例病例,0.368041706552269,0.1606366939497446,0.98,T07,A07,A10,1.0,0.6894169479314652,摘要:病毒,-0.0609704290214169,-0.2184503719181048,0.6155555555555555,A10,False,False,False,needs_review,high,needs_review
ZH_0719,“三业结合”全面提振中国经济的逻辑与路径,当前中国经济发展正面临国内外多风险叠加的严峻形势。从经济社会协调发展的角度出发，产业、企业与就业的“三业结合”应成为全面提振经济的核心，也是实现高质量发展的要旨。产业、就业与企业是一种耦合关系，应从只注重某一方面转向“三业结合”。文章重新梳理了产业、就业与企业间的关系，特别是从尺度下移与尺度上推的视角阐明了“三业结合”的关键，倡导地理学、经济学、社会学与管理学等多学科交叉融合，以区域空间重构为抓手，推动三业结合。提振经济需大力支持中西部地区、中小城市与中小微企业的发展，尤其关注并解决社会重点群体的就业问题，畅通国内国际双循环的渠道以保障物流、知识流、人才流的互通。实现经济社会可持续、高质量发展，需要贯彻三业结合以构筑新发展格局。,"['产业', '就业', '企业', '经济社会系统', '中西部地区', '双循环新格局', '社会空间']",T42,T11,0.0,0.0032849036416638,,0.1356151254858605,0.023463597440456,0.4836133940058302,T42,A39,A46,0.0,-0.7107977559811002,,0.0589003962962212,0.0657303144207132,0.26,A43,False,False,False,needs_review,needs_review,needs_review
ZH_0725,基于GIS的半山丘陵区农村居民点空间布局及优化分析——以山西省襄垣县为例,"农村居民点布局的调整与优化是新一轮土地利用总体规划的重要内容,对协调人地关系、增强区域经济、统筹城乡发展等具有重要的作用。以地处黄土高原半山丘陵区的襄垣县为研究对象,结合DEM、第二次土地调查数据库等相关资料,从海拔、坡度、交通、水源等方面对居民点的空间特征进行了定量分析,采用专家咨询法对选取的指标赋予相应的权重并逐级打分,将研究区的自然地理等级划分为优等区域、中等区域和差等区域,根据研究区人口、经济、地质灾害等情况,将研究区的居民点划分为异地搬迁型、保留发展型和优先发展型,确定了31个村作为研究区的中心村。","['农村居民点', '半山丘陵区', '空间布局', '襄垣县']",T48,T25,3.5,0.5196786139181528,标题:GIS,0.1341937625980242,0.0385207116602756,0.8144444444444445,T48,A39,A42,1.0,-0.6249583426314337,摘要:区域经济,0.1019823162936286,-0.0068453045102414,0.4755555555555555,A28,False,False,False,needs_review,high,needs_review
ZH_0726,疏勒河中下游绿洲土地利用变化及其驱动力分析,"通过1990、2000、2005和2010年4期遥感影像解译结果,获取了近20年来疏勒河流域中下游绿洲的土地利用变化数据,进一步利用土地利用动态变化模型,对疏勒河流域中下游绿洲土地利用变化过程、趋势及其驱动机制进行了深入分析。结果表明:近20年来疏勒河流域中下游绿洲土地利用类型仍以草地、水域和耕地为主,土地利用整体特征未发生显著改变,但不同土地利用类型的变化差异较大;其中,研究期内耕地呈持续高速增长态势,草地出现较大的波状起伏,水域面积于2000年后持续减少;1990—2005年草地和水域面积减少引起绿洲缓慢萎缩,2005—2010年草地和耕地面积增大导致绿洲缓慢扩张;人口、政策方向、城市化程度和技术水平等人文因子是绿洲变化的主要驱动力。","['土地利用变化', '疏勒河中下游绿洲', '驱动力分析']",T06,T29,0.0,0.0066722496691995,,0.096089902835015,0.0476589262085684,0.4873394746361195,T06,A42,A23,1.0,0.7193491116497849,摘要:耕地,0.0533881480643429,-0.0046492025015359,0.6155555555555555,A23,False,False,False,needs_review,needs_review,needs_review
ZH_0728,云计算的价值创造及其机理,"云计算在各行业的创新应用,衍生出诸多新型业态和新型商业模式,产生了巨大的经济价值和社会价值,主要体现在:云计算集中了信息技术资源和服务,大幅提高了IT资源的应用效率;降低了应用技术门槛,最大限度扩展用户规模;集中整合了数据资源,挖掘出大数据价值潜力;引起体制机制的变革,以技术方式突破体制屏障;加强了信息系统综合集成,实现智慧管理与服务。云计算应用创新具有独特的价值生成机理。首先,云计算通过将市场交易双方的博弈改变为无限重复动态博弈,形成诚信自律机制,提高了市场交易效率从而形成增值;其次,云计算的创新应用向资本市场展示了收益前景,以内部学习效应形成了以未来收益弥补当前亏损的资本补偿机制,挖掘了知识价值;第三,云计算形成了新型互联网商业平台,以交叉补贴机制确保长期可持续经营,创造了低成本、高收益的价值增值模式。鉴于云计算平台已经成为涉及公共利益、承载公共服务的信息基础设施,建议将云设施视为信息基础设施,纳入监管保护体系;制定针对云计算的知识产权和个人信息保护措施,鼓励云计算创新应用;开展多层次试点示范,帮助中小企业和社会大众利用云计算创新创业。","['云计算', '价值创造', '生成机理']",T47,T19,1.0,0.7120757836494799,摘要:信息系统,0.1495679529222463,-0.0566015453608578,0.6155555555555555,T19,A47,A24,1.0,-0.348684405609266,摘要:公共服务,0.2304428076595898,0.0808256742195281,0.4755555555555555,A50,False,False,False,needs_review,medium,needs_review
ZH_0730,区域财政横向均衡与改革发展新突破,"认为全面深化改革仍需从财政体制上取得新突破。主张对中国经济区合纵连横,即将东、中、西""三大部""纵向区域调整为泛珠三角、泛长三角和大环渤海""三大块""横向区域,依托这一天然的均衡性区域平台在介于国家与省级之间实施区域财政横向均衡制度,以确保公共服务均等化而又不损坏财政经济增长的效率机制;并通过对常住人口统计中创造财富外溢或享有公共服务外溢等非真实因素剔除后""标准人""的假定与论证,解决了政府间财力均衡公式化分配的难题。","['区域财政横向均衡', '预算区', '标准人分配模型']",T31,T10,0.0,0.0060383728640237,,0.1259936068812999,0.0431312347430266,0.4866422101504261,T31,A47,A39,1.0,-0.3522175298580727,摘要:公共服务,0.2378214087429231,0.055589072442337,0.5355555555555556,A47,False,False,False,needs_review,needs_review,needs_review
ZH_0731,基于分时容量电价的新型电力现货市场设计,为支撑高比例新能源新型电力系统现货市场的建设，需建立精准反映电力时空平衡成本的现货市场机制，形成度量源网荷储价值的价格信号，激励源网荷储精准、高效的互动。当新能源成为主力电源，当前现货市场机制将出现如下问题。1）若新能源决定边际价格，其近零边际成本将导致现货价格信号消失，价格调节作用不复存在；2）若昂贵、少量的灵活性资源决定边际价格，新能源与灵活性资源的供电服务差异性无法体现，新能源将获取超额利润，造成“搭车”现象。为此，文章设计了新能源与灵活性资源解耦、基于新能源固定成本形成分时容量电价的电力现货市场机制。新能源分时容量市场将新能源市场主体固定成本逐日分时分摊，以形成时序价格信号；灵活性资源现货市场通过竞争发现偏差电量平衡、调频、备用等剩余电力平衡服务价格；通过向新能源及用户公平分摊成本，确保满足“谁产生的成本谁承担”的激励相容原则，以市场机制实现灵活性的供需匹配。,"['新型电力系统', '电力现货市场', '分时容量价格', '灵活性资源']",T40,T38,0.0,0.0011717348613551,,0.1274600034020831,0.0083695347239652,0.4812889083474906,T40,A36,A31,0.0,0.0039245727430726,,0.0982121975897046,0.0280326624505186,0.4843170300173798,A36,False,False,False,needs_review,needs_review,needs_review
ZH_0732,绿色设计案例分析,"文章围绕绿色设计的理念从两个方面对绿色设计案例进行梳理分析,一方面基于当前世界著名绿色设计案例,主要集中于绿色能源、绿色制造、绿色建筑、绿色交通、绿色化工和绿色材料6大领域,通过案例分析为中国未来绿色设计的发展提供学习和借鉴;另一方面以世界级产品——苹果手机(i Phone)为主要分析对象,从生命周期、原材料使用、功能设计3个方面入手,通过综合分析认为,iPhone系列手机其生命周期平均缩短1.9—2.0年,3年内产生废弃手机约1亿部,具有产生1 800亿立方米水污染的潜力、产生15万亩土地污染潜力,其28%功能为冗余设计,存在诸多潜在的非绿色弊端。尽管苹果手机在市场经营中取得了高额利润,但距离绿色设计要求还有很长的路要走。通过对绿色设计典型案例的分析,以期引起各类企业对于绿色设计的重视。","['绿色设计', '世界级绿色设计案例', '苹果手机(iPhone)']",T12,T18,0.0,0.0032144911746191,,0.1794528403379539,0.0229606512472792,0.483535940292081,T12,A46,A44,1.0,0.7031070669795194,摘要:交通,0.0347656383621189,-0.1206638072891462,0.6155555555555555,A44,False,False,False,needs_review,needs_review,needs_review
ZH_0733,中国省际资本流动规模实证研究,"基于市场交易中资金与货物流向相反的逻辑,以地区货物和服务净流出减去其净出口的相反数来测算中国省际资本流动的规模,并分析其制度成因。结果表明:1980—2008年东部为资本净流入地区,中部为资本净流出地区,而西部则为持续的资本净流出地区;在东部地区内,京津冀为资本净流入地区,长三角和珠三角为资本净流出地区。资本跨地区流动的制度成因在于地方政府行为生成的内生交易费用差异,因而地区产业投资环境建设的重点在于持续降低当地的内生交易费用。在推进区域产业转移和产业升级过程中,可置信的保护产权的承诺等良好的公共治理对于改善地区投资环境必不可少。","['资本流动', '经济区域', '内生交易费用']",T38,T20,0.0,0.0083382835299413,,0.213040835534053,0.0595591680710099,0.4891721118829354,T38,A46,A39,1.0,-0.5054549504823928,摘要:物流,0.0044470302531456,-0.1818210748742343,0.4755555555555555,A43,False,False,False,needs_review,needs_review,needs_review
ZH_0734,江西省农村居民收入时空差异及其影响因素,"利用传统统计分析方法和探索性空间数据分析(ESDA)方法相结合,在ArcGIS和GeoDA等软件的支持下,以农村居民人均纯收入为测度指标,从时间、空间、影响因素3个侧面对1997—2010年江西省县域农村居民收入的时空格局及演化进行了分析。结果表明:江西省农村居民收入受1998年洪涝灾害影响明显;区域相对差异总体上呈缓慢扩大趋势,绝对差异呈现波动性缓慢扩大趋势;县域农村居民收入空间相关性显著,高值区在赣北及赣中集聚,低值区在赣南集聚,集聚呈两极分化现象;收入水平在空间格局上表现为显著的南北差异,差异有不断增大的迹象;重大自然灾害、交通区位、与中心城市的空间距离、区域发展政策及矿产资源等都是影响江西省农村居民收入时空差异的重要因素。","['农村居民收入', '时空差异', '江西省']",T48,T17,3.0,0.741559279322112,摘要:ArcGIS；摘要:GIS；摘要:空间格局,0.2273045402484828,0.1539948523007999,0.7866666666666666,T48,A39,A42,0.0,-0.7263576764824049,,0.005153121198369,-0.0454119748743204,0.26,A28,False,False,False,needs_review,high,needs_review
ZH_0738,中国科学院科技扶贫创新举措及成效,"中国科学院是我国科技扶贫的先行者和践行者。根据国务院扶贫办的统一部署,中国科学院承担了4个国家级贫困县的定点扶贫任务,包括内蒙古库伦旗、广西环江县以及贵州水城县和六枝特区。近年来,中国科学院发挥科技综合优势,根据贫困地区地域特点,通过部署科技扶贫项目支撑帮扶地区产业发展和脱贫增收,构建服务贫困地区发展的科技扶贫网络,培育贫困地区可持续发展的""造血功能"",取得了显著的帮扶成效。在国务院扶贫办组织的2018年度脱贫攻坚成效考核中,中国科学院定点扶贫工作考核等次为第一等次""好""。","['科技扶贫', '脱贫攻坚', '扶贫成效', '精准脱贫']",T23,T47,0.0,0.0047258436538041,,0.0794768349726616,0.033756026098601,0.4851984280191845,T23,A28,A42,0.0,0.0003311613715287,,0.0455531995789456,0.0023654383680624,0.4803642775086816,A28,False,False,False,needs_review,needs_review,needs_review
ZH_0740,中国大豆生产格局变化及其影响因素,大豆是中国重要的植物蛋白和饲料来源，研究大豆生产格局对保障粮食安全、促进农业可持续发展具有重大意义。文章运用2000—2018年我国29个省域的面板数据，运用基尼系数、产业集中度、ESDA法、空间计量模型分析了大豆生产的时空格局演变特征及影响因素。研究发现：(1)近20年以来，中国大豆生产总量波动上升，呈现出“东北集中、西南扩散”的空间变动趋势，大豆生产的地理聚集水平有所上升。(2)中国大豆生产存在较强的正向空间关联关系，关联性呈“U”型变动趋势。(3)要素投入、农业比较收益、城镇化对大豆生产存在正向促进作用，受灾面积对大豆生产存在负向抑制作用，邻近地区的农业机械总动力、大豆产业从业人员、农业比较收益、交通通达性、城镇化会影响到本地区大豆生产，具有较强的空间溢出效应。最后，基于上述发现提出针对性意见，以期为提高中国大豆自给能力提供理论参考。,"['大豆产区', '粮食安全', '产业集中度', '农业机械化', '农业保险', '农业比较收益']",T42,T44,2.0,0.7319451330060782,摘要:面板数据；摘要:计量模型,0.1499063215586413,0.0853223786148451,0.731111111111111,T42,A41,A42,1.0,-0.6339101545382162,摘要:城镇化,0.0638602976454351,-0.0279296752729733,0.4755555555555555,A23,False,False,False,needs_review,medium,needs_review
ZH_0745,西安市创意产业空间格局演化和影响因素,"创意产业是经济发展和城市优化的有力手段,时空二维视角则是理解创意产业发展的有效逻辑。文章对创意产业的内涵、特征和行业范围进行辨析与梳理,使用大数据技术获取了西安市创意产业时空数据,选用空间分析方法从分布模式、集聚热点和发展方向性三个方面对西安市创意产业及各行业空间格局和演化过程进行探索,并基于空间可视化对影响因素进行结构性解析。研究表明:(1)西安市创意产业稳定集聚分布在城区;(2)总体上呈现既集聚又扩散的时空特征,演化过程具有多核心扩散分布的趋势,由核心集聚成团,经历沿南北中轴线发展成轴,最终形成以西南—东北方向覆盖城区的延绵片状格局;(3)创意产业各行业时空格局及其影响因素均具有显著差异;(4)产业整体的时空格局演化在多因素综合作用下产生,发展初期主要受非干预性因素影响,行政干预出现后非干预性因素影响力减弱;(5)市场因素和设施因素对各行业的影响具有普遍性和稳定性,行政因素则对部分行业作用显著;(6)动因差异的产生与各行业生产方式和产品的特征有关。","['创意产业', '空间集聚', '时空演化', '大数据', '西安市']",T48,T44,4.5,0.2397971862950711,标题:空间格局；摘要:空间格局,0.0785422609274203,-0.0014486693209205,0.8099999999999999,T44,A10,A21,0.0,0.0003788623363369,,0.0779812742015444,0.0027061595452643,0.4804167485699707,A10,False,False,False,needs_review,high,needs_review
ZH_0746,中心镇推进城乡一体化的时空演进模式研究:理论与实证,"重点发展大城市和农村剩余劳动力向城市转移的传统城市化道路越来越受到内外发展环境的制约而困难重重,改革与发展中心镇日益成为破除城乡二元结构和推进城乡一体化的重要路径。在充分阐述中心镇作为城乡一体化战略节点的内涵及其战略意义的基础上,文章理论和实证地研究了中心镇推进城乡一体化的阶段性特征和空间模式化特征。研究发现,中心镇推进城乡一体化主要经历了初始阶段、成长阶段及成熟阶段三个发展时期,在不同的发展阶段,中心镇自身的产业结构、基础设施发展水平以及政府政策重点与导向等各不相同,中心镇推进城乡一体化发展具有十分明显的阶段性特征。同时,从生产力空间布局形态来看,推进城乡一体化的中心镇空间模式主要包括了产业平台集散驱动型和城镇功能优化带动型两种。最后,提出了分阶段分层次的中心镇改革发展政策建议。","['城乡一体化', '中心镇', '战略节点', '时空演进', '模式']",T44,T10,0.0,0.0021396779950734,,0.1396450298409274,0.0152834142505247,0.4823536457945808,T44,A43,A42,1.0,0.0040923874207399,摘要:产业结构,0.150440968074996,0.0292313387195705,0.5400571817183695,A43,False,False,False,needs_review,needs_review,needs_review
ZH_0748,近20年来张家界入境旅游流与居民收入增长的考察,"旅游流是旅游研究的热点之一,分析了入境旅游流增加与居民收入的相关影响机理,即旅游流增加带动居民收入增加、旅游流促进旅游产业集群的形成与产业结构的升级进而促进居民收入增加、居民收入增加促进城市基础设施建设与服务质量提高、基础建设与服务质量又吸引旅游流的良性循环过程,并以张家界为例,选用1989—2009年统计数据通过构建方程模型进行了定量分析,指出目前张家界旅游市场存在入境市场结构单一、产品单一等并提出开拓国外旅游市场,优化产品结构,增加张家界入境旅游流,增加居民收入。","['旅游流', '居民收入增长', '张家界']",T12,T25,0.0,0.0004633162304764,,0.1082048800615376,0.0033094016462601,0.480509647853524,T12,A43,A45,2.0,-0.6295592144049476,摘要:产业结构；摘要:产业集群,0.1701576074375227,-0.0397086743210534,0.5311111111111111,A45,False,False,False,needs_review,needs_review,needs_review
ZH_0750,基于部门结构调整的区域减碳目标情景模拟——以广东省为例,"文章提出了基于部门结构调整的减碳目标模拟新方法并应用于广东省低碳发展实践中。该方法基于能源消耗碳排放的总量与部门结构特征来构建情景分析的基本框架,分别按照惯性发展、相对脱钩、绝对脱钩情景,基准情景、产业""退二进三""、综合调整情景模拟广东省减碳总体目标实现以及部门目标分解的情景。结果表明:国家下达给广东省""十二五""的减碳目标间于惯性发展情景和相对脱钩情景之间,是较为现实的减碳目标,其实现的关键在于提高能源效率;然而,如果没有实质性的结构调整就不可能有能源效率的大的提高,也就无法完成减碳目标;尽管产业结构""退二进三""对于节能减碳作用显著,但要单独依靠""退二进三""来实现减碳目标是不现实的;只有结合三次产业内部行业结构调整(重点是制造业内部行业结构调整)、技术改造、能源结构调整以及生活节能等综合调整手段才能有效地完成减碳目标。实践证明,新方法能够将减碳目标分配到各个部门,有利于减碳目标的分解落实。","['部门结构调整', '碳排放', '目标', '情景模拟']",T11,T33,0.0,0.001706604262732,,0.100905192342235,0.0121900304480856,0.4818772646890052,T11,A43,A44,2.0,-0.3397034008739477,摘要:产业结构；摘要:制造业,0.2895764992135922,0.1449757080432311,0.5911111111111111,A43,False,False,False,needs_review,needs_review,needs_review
ZH_0751,武汉城市圈社会经济—资源—环境耦合的演化分析,"都市圈社会经济—资源—环境的耦合协调机理已成为城市地理学研究的热点和前沿。建立都市圈社会经济—资源—环境耦合协调的演化度模型,基于时序数据分析了武汉城市圈社会经济—资源—环境耦合协调水平的演化特征:①1978—2009年社会经济发展水平不断提高,资源和环境水平震荡波动最终趋于平稳,资源环境系统对社会经济系统的响应和反馈较为明显,但有一定的时间滞后;②在规模分异上表现为由金字塔型结构向纺锤型结构演进的分异特征,在空间分异上表现为由核心边缘结构向等级圈层结构演进。","['ERE复合系统', '耦合协调', '演化度', '空间分异', '武汉城市圈']",T48,T44,4.0,0.6970430350460372,关键词:空间分异；摘要:空间分异,0.1383613565728322,-0.1639783210997339,0.7822222222222223,T44,A39,A26,0.0,0.0042171206437557,,0.1240485401889289,0.0301222903125408,0.4846388327081312,A39,False,False,False,needs_review,high,needs_review
ZH_0762,知识产权保护促进了服务业内部结构优化吗？——基于复杂网络视角,"文章构建中国省级服务业内部结构优化和知识产权保护的空间关联网络,并基于复杂网络分析法,实证检验知识产权保护与服务业内部结构优化空间关联的关系。结果表明:(1)中国各省份服务业内部结构优化与知识产权保护空间关联网络分别存在107和142个空间关联渠道,其网络通达性和稳定性较好。(2)东部省份在网络中的中心地位明显,且在网络中起到的""桥梁""作用更大。(3)基于QAP相关和回归分析发现:知识产权保护以及地理位置邻接对服务业内部结构优化的空间关联和空间溢出有显著的正向影响,知识密集型服务业的增长具有""近水楼台先得月""的效应。(4)知识产权保护空间关联、地理邻接及人均GDP、制造业结构升级、信息化水平的空间差异可共同解释82.09%的服务业内部结构优化空间关联。","['知识产权保护', '服务业内部结构', '复杂网络', '空间关联']",T43,T20,7.5,0.7450261421856335,标题:复杂网络；关键词:复杂网络；摘要:复杂网络,0.3649143379648906,0.178758158468811,0.98,T43,A43,A24,1.0,-0.6132928101047461,摘要:制造业,0.0535612807160359,0.0764799278232417,0.4755555555555555,A20,False,False,False,needs_review,high,needs_review
ZH_0763,城市公园用地增长的时空分异及其驱动因素——基于湖南省城市面板数据的实证分析,"生态文明战略背景下,城市公园用地管理对城市土地利用效益、城市社会转型以及可持续发展的作用越来越明显。文章以湖南省13个地级市2001—2016年的面板数据为基础,应用ArcGIS空间分析、变差系数、泰尔指数、相对发展率以及面板回归模型对城市公园用地增长的时空演变特征以及驱动因素开展实证研究。结果表明:(1)湖南省城市公园用地增长总体呈现不断上升趋势,2016年人均城市公园面积为2.509 m2/人,但城市间差异显著,其空间分布具有连贯性,湘东地区和湘北地区是两个高值区。(2)2001—2016年,湖南省城市公园用地增长的区域差异呈逐步缩小趋势,不同城市的相对发展速度分异明显,其中常德和株洲发展最快。(3)房地产投资、城市交通和生态环境对城市公园用地增长具有正面驱动影响,而人口密度、经济增长对城市公园用地增长具有负面驱动影响。(4)城市公园用地增长的驱动机理表现为:生态环境、房地产投资、城市交通、经济增长、人口规模五大因素通过其不同属性特征和作用过程共同驱动城市公园用地增长。研究结论显示,城市公园用地逐渐成为城市高品质生活的重要用地需求,湖南省城市发展尚处于经济增长抑制公园用地增长的转型前发展阶段。","['城市公园用地', '增长水平', '时空分异', '驱动机理']",T42,T48,4.5,0.4012099997450176,标题:面板数据；摘要:面板数据,0.2652161054408857,0.0086428553215549,0.8699999999999999,T42,A46,A39,1.0,-0.0132899454525613,摘要:交通,0.026228210282572,-0.0949281818040089,0.4755555555555555,A39,False,False,False,needs_review,high,needs_review
ZH_0764,比较视野下的中国科学院外籍院士制度初步研究,"起源于欧洲的外籍院士制度是院士制度国际化发展到一定阶段衍生出来的制度体系,是院士制度的重要组成部分。中国科学院外籍院士制度借鉴了国际通行做法,经历了漫长曲折的酝酿设计过程后于1994年建立。随着全球化的发展,外籍院士在国际合作交流中越来越成为一支不可忽视的力量。为保障外籍院士更好地发挥作用,欧美国家在外籍院士制度建设中已经形成一套行之有效的体系机制;中国科学院外籍院士制度建设充分吸纳了国际经验,同时在本土化过程中也深受国家不断提升的综合实力和历史悠久文化的影响,形成了自身的一些特色。文章在比较视野下,对中外外籍院士制度的起源发展和保障外籍院士发挥作用的体系机制方面进行了初浅的研究;在此基础上,提出了进一步优化中国科学院外籍院士制度,助力新时代我国国际科技交流合作战略实施的相关举措。","['外籍院士制度', '外籍院士', '国际合作交流', '比较研究']",T46,T21,0.0,0.0014681765523342,,0.1211595796561936,0.0104869753738161,0.4816149942075676,T46,A19,A22,0.0,0.0032136596707856,,0.080682353604017,0.0229547119341829,0.4835350256378641,A19,False,False,False,needs_review,needs_review,needs_review
ZH_0770,科研数据开放的国际实践及对我国的启示,"科研数据的开放共享被认为是下一个十年科研活动最显著的特征。在既有的生态观测和依托大型科研仪器设备所产生的""大科学""数据开放共享的基础之上,欧盟、美国等也在积极布局推进个体科研人员在科研过程中产生的""小科学""数据开放共享。小科学数据的开放共享有望将割裂的科研个体联接为科研创新网络,从而引发科研组织模式、创新范式的新变革。文章从资助机构推动、数据期刊建设、科研数据开放平台实践3个方面梳理了欧美国家在小科学数据开放共享中的实践,并提出对我国科研数据开放共享的启示。","['科研数据', '开放', '国际实践', '启示']",T43,T29,1.0,0.7322421002992776,摘要:创新网络,0.1987515587394101,0.087443573566268,0.6755555555555555,T43,A40,A25,1.0,0.6926680904917377,摘要:创新网络,0.1259416887662042,-0.1952279250590166,0.6155555555555555,A25,False,False,False,needs_review,medium,needs_review
ZH_0771,2016年中国经济增长形势展望,"2015年,我国经济增长处于下行通道中,预计全年GDP增速约为6.9%左右。展望2016年,我国经济增长在面临国际国内诸多挑战的同时,也有深化改革带来的有利因素。预计2016年中国经济增速仍将进一步减缓,全年GDP增速约在6.7%左右,呈现前低后高趋势,预计上半年GDP增速为6.5%左右,下半年GDP增速有望达到6.8%左右。当前中国经济需要重点解决产能过剩与有效需求不足、杠杆率过高与潜在系统性风险过大、资源配置效率不高和经济增长质量不高等核心问题。","['经济增长', '预测', '减缓']",T07,T42,0.0,0.0020324095175147,,0.1033617006226811,0.014517210839391,0.4822356504692661,T07,A28,A37,0.0,0.001142658837336,,0.0637026220220821,0.0081618488381149,0.4812569247210697,A28,False,False,False,needs_review,needs_review,needs_review
ZH_0773,污染企业迁移意愿的影响因素研究——以浙江省上虞市为例,"基于文献研究和32家浙江省上虞市污染企业及相关部门的访谈研究,通过构建污染企业迁移意愿模型,探讨环境规制下污染企业迁移意愿的影响因素及其作用机制。研究发现,污染企业迁移并不只受单一因素影响,而是外部因素以及企业自身属性的内部因素共同作用的结果。实证表明,环境规制、政府博弈、产业联系是影响影响污染企业迁移意愿的三大外部因素,企业规模则是一个重要的内部因素。随着企业规模的增加,环境规制造成的成本减少,企业与政府的博弈能力增强,企业的本地联系减弱。在环境规制、政府博弈、产业联系的综合影响下,污染企业迁移意愿与企业规模呈""倒U型""关系。","['企业迁移', '环境规制', '“污染避难所”假说', '企业规模']",T20,T46,1.0,-0.0039415493943181,摘要:访谈,0.1015288073831461,-0.028153924245129,0.4755555555555555,T46,A13,A43,0.0,0.0136693670431542,,0.2501665420385104,0.0976383360225305,0.4950363037474697,A13,False,False,False,needs_review,needs_review,needs_review
ZH_0774,基于反射系数谱积分的电缆缺陷诊断方法,为解决现有电缆局部缺陷定位方法所需原始数据过多和频率过高的缺点，提出一种基于反射系数谱积分的电缆局部缺陷定位方法。首先，利用电缆分布参数，建立了含局部缺陷的反射系数谱的计算模型；之后，分析了局部缺陷对反射系数谱的影响，并进一步研究了基于积分变换的电缆定位原理。为减少所需的电缆原始数据和采样要求，提出一种基于反射系数谱积分的电缆局部缺陷定位方法。接着，利用仿真对不同缺陷情况的电缆进行定位诊断，得到了不同信号频率范围和频域采样点数对定位结果的影响，结果表明，该方法在降低了信号频率和采样点数的同时，仍可实现高精度定位，误差小于1%。最后，通过在实际实验中降低对原始数据的采样数量，说明了该方法在现场应用中的有效性，具有较高的实际工程价值。,"['XLPE配电电缆', '缺陷诊断', '反射系数谱', '积分变换']",T24,T16,0.0,0.0017523704036438,,0.094508962089203,0.012516931454599,0.4819276074440082,T24,A01,A09,0.0,0.0001362857371032,,0.0695554259057224,0.0009734695507373,0.4801499143108135,A01,False,False,False,needs_review,needs_review,needs_review
ZH_0776,市域应急物资储备库选址模型与实证——以石家庄市为例,"合理布局应急物资储备库,有效配置应急资源是提高城市应急物资保障能力的重要战略决策问题。基于设施选址理论,以创造应急物资需求点民众总体满意程度最大为目标,构建了考虑交通方式、需求点风险程度的市域应急物资储备库选址模型,解决了市域应急物资储备库的空间布局优化问题。以石家庄市为实证区域,得出其应急物资储备库的最优服务区、县(市)与服务半径,绘出优化配置布局图,并提出相关建设性建议。","['设施选址', '最大覆盖', '城市应急物资储备库', '新建', '石家庄市']",T37,T22,1.0,0.7110649437476325,摘要:优化配置,0.0706083697922969,-0.0638218303740527,0.6155555555555555,T22,A46,A13,1.0,0.7166526980649703,摘要:交通,0.1049644544902826,-0.0239092995359257,0.6155555555555555,A13,False,False,False,needs_review,medium,needs_review
ZH_0777,创新型企业城市内部空间分布及组织逻辑——以南京市为例,创新型企业是创新型经济的核心主体和创新要素的集聚载体。文章以南京市为例，获取14 521条创新型企业POI，综合运用核密度分析、标准差椭圆、Moran’s I指数（双变量）、DBSCAN聚类等多种空间研究方法分析了创新型企业在城市内部的空间特征，并与普通企业进行对比。结果表明：创新型企业在圈层分异、多心集聚、轴向延展等方面呈现出与普通企业不同的特征；在规模上发生“大中企业在产业载体高度集聚，小微企业在中心城区广泛分布”的错位格局；不同创新产业类型企业形成“专业化产业”全域园区集聚、“多样化产业”城区扩散集聚、“知识密集专业化产业”城区园区集聚三种组织模式；创新型企业在城市内部空间分布的本质是企业外部空间组织、企业内部需求决策、制度力量介入影响的复杂叠合过程。,"['创新型企业', '创新经济', '空间分布特征', '双变量莫兰指数', 'DBSNCAN聚类', '南京市']",T48,T30,4.0,0.7374014916120527,关键词:莫兰指数；摘要:Moran,0.2414423428383389,0.1242963686575191,0.8422222222222222,T48,A40,A43,0.0,0.0024511130907418,,0.1233356777105549,0.0175079506481557,0.482696224399816,A40,False,False,False,needs_review,high,needs_review
ZH_0781,中国文化产业发展的区域特征与成因研究——基于第五次和第六次人口普查数据,"利用第五次和第六次人口普查数据探讨了中国31省市区文化产业发展的区域特征及其影响因素。对31省市区文化产业就业人数的分析表明,进入新世纪以来,文化产业发展呈显著不平衡,主要表现在行业间发展不平衡和空间分布上不平衡。计量检验显示,地区生活质量、开放度、人口密度和区位条件都是影响中国文化产业区域发展差异的重要因素,但影响传统文化产业和新兴文化产业发展的主要因素是不同的。今后各地区应着重从优化城市生活质量和增强开放性出发,利用城市化经济和地方化经济形成循环累计因果效应,推动文化产业发展。","['文化产业', '人口普查数据', '区位商', '影响因素']",T13,T42,0.0,0.0018954534421926,,0.1322052456149873,0.0135389531585189,0.4820849987864118,T13,A39,A10,0.0,-0.7178499955557536,,0.1694899207099906,0.0153571746017606,0.48,A39,False,False,False,needs_review,needs_review,needs_review
ZH_0782,国民休闲驱动机制研究——生活方式、信息刺激与休闲消费行为的结构模型分析,"当前,我国国民休闲发展正从构想变为现实,以宏观视角研究国民休闲驱动机制对于国民休闲政策的调整和制定具有特殊而重要的意义。回顾消费者购买行为模式和我国国民休闲研究历程,借助因子分析和结构方程模型分析生活方式、信息刺激、形象感知、体验质量、价格敏感五大潜变量间的结构关系,在此基础上提出国民休闲消费行为模型;并探讨了国民休闲消费的驱动机制并提出宏观国民休闲政策的四项措施。","['国民休闲', '驱动力', '生活方式', '信息刺激', '消费行为', '结构方程模型']",T20,T16,4.0,0.7004783412597855,关键词:结构方程模型；摘要:结构方程模型,0.0137626212545114,-0.1394404195729616,0.7822222222222223,T16,A19,A49,0.0,0.0032474750485594,,0.1056037566347787,0.0231962503468531,0.4835722225534153,A19,False,False,False,needs_review,high,needs_review
ZH_0784,生命与健康大数据现状和展望,"生命与健康大数据是国家人口健康和生物安全的重要基础资源。目前,我国相关数据严重流失、主权丢失、安全无法保障、再利用效率极低,亟待加快建设国家级生命与健康大数据共享平台。通过发展多元主动的数据收集新方法、互利共赢的数据共享新机制、高效智能的数据解析新技术,建立生命健康大数据的汇交、管理、共享、应用体系,维护国家数据主权,保障数据安全和加速数据应用,服务科研院所、高校、医院、企业和广大人民群众,为我国经济社会发展和人民生活改善作出重大贡献。","['生命与健康', '大数据', '现状', '展望']",T25,T42,0.0,0.0082467718919491,,0.1549020057960759,0.0589055135139227,0.4890714490811441,T25,A11,A30,0.0,0.000121482579853,,0.186305280650459,0.0008677327132363,0.4801336308378384,A11,False,False,False,needs_review,needs_review,needs_review
ZH_0786,模块化多电平换流器子模块关键组部件稳态电流应力全解析化计算,"模块化多电平换流器(modular multilevel converter,MMC)是当前柔性直流工程的主流拓扑。高压大容量柔性直流输电工程中，MMC子模块中的半导体器件，特别是绝缘栅双极型晶体管(insulated gate bipolar transistor,IGBT)的通流能力较弱，电流安全裕度较小，对各半导体器件的稳态电流应力进行精确解析计算对换流器器件选型、换流器损耗计算、阀冷系统设计、换流阀运行状态评估等具有决定性的作用。同时，支撑电容器也是模块的关键组部件，电流是其研发的关键指标。该文基于MMC子模块各组部件的通流条件和平均开关函数模型，推导了各组部件的电流平均值和电流有效值等关键参数的精确解析表达式，并进一步分析了MMC处于整流状态和逆变状态时各器件稳态电流应力的大小关系及特征。通过将稳态电流应力的解析计算结果与电磁暂态仿真结果进行对比，验证了该文提出的解析计算方法的精确性。最后，基于解析计算和仿真分析，揭示了各组部件电流应力分布的特征规律。","['模块化多电平换流器', '半导体器件', '电容器', '电流平均值', '电流有效值']",T14,T32,1.0,-0.0026129740922553,摘要:电磁暂态仿真,0.1329941948345107,-0.018664100658967,0.4755555555555555,T15,A16,A32,4.0,-0.3844252803427673,关键词:半导体；摘要:半导体,0.1648700682585938,-0.0232057839609434,0.6422222222222222,A32,False,False,False,needs_review,needs_review,needs_review
ZH_0788,直面挑战 追梦核裂变能可持续发展——“未来先进核裂变能——ADS嬗变系统”战略性先导科技专项及进展,"加速器驱动次临界系统(ADS,Accelerator Driven Sub-critical System)可提供高通量的硬中子,嬗变长寿命核素能力强,可大幅降低核废料的放射性危害,实现核废料的最少化,被国际公认为是核废料处理最有前景的技术途径。文章分析了ADS研究的国家需求,概述了国内外发展现状,同时介绍了中科院战略性先导科技专项(A类)""未来先进核裂变能——ADS嬗变系统""实施进展情况,并对未来发展进行了展望。","['核能', '乏燃料', '加速器驱动临界系统(ADS)', '中科院战略性先导科技专项']",T13,T24,1.0,0.7269485519751981,摘要:TEM,0.2008978352857107,0.0496325141085581,0.6755555555555555,T13,A28,A20,0.0,0.007853435524496,,0.1201298988341207,0.0560959680321142,0.4886387790769456,A28,False,False,False,needs_review,medium,needs_review
ZH_0789,中国科技新城的空间联系特征及其影响机制,"科技新城是大都市空间拓展新形式和高质量发展新载体。文章利用国家和省级的开发区数据,结合引力模型和空间杜宾模型,分析了科技新城的空间联系特征及其影响机制。结果表明:科技新城的国家级空间联系网络表现出由单中心逐渐向均衡型的复杂网络结构过渡,强联系主要为江苏—上海、江苏—山东、江苏—安徽三组。省级层面科技新城的空间联系形成了长三角、京津冀两大较为明显的网络中心;国家级和省级的科技新城及其空间联系总量均具有明显的空间集聚效应。国家级层面,科技新城空间联系总量的热点分布呈现出以长三角为主的热点区和西部地区为主的冷点区,热点区包含了福建、浙江、安徽、江苏和上海;省级层面的科技新城空间联系的热点区演化,其中热点区主要位于长三角的浙江、江苏、上海和安徽四个区域;互联网+、政府主导、市场主导、经济基础、区域科技金融和对外开放水平、企业家精神对科技新城的设立及其空间联系总量均有一定的空间溢出效应,且表现出明显的异质性特征。","['科技新城', '空间联系', '引力模型', '互联网+', '京津冀', '长三角', '创新型城市']",T43,T42,1.0,0.014179542028218,摘要:复杂网络,0.2221210123500344,0.1012824430586996,0.5511530517865953,T43,A50,A39,1.0,-0.6437834166614205,摘要:金融,0.1480952656994069,-0.0984529761530039,0.4755555555555555,A39,False,False,False,needs_review,needs_review,needs_review
ZH_0790,雄安新区:建设可持续竞争力的理想城市,"河北雄安新区不仅要建成具有可持续竞争力的理想城市,而且要为中国理想城市建设开拓创新,为世界理想城市建设提供经验。作为独具特色的、竞争力可持续的理想城市,雄安新区应该是:以民为中心的宜居城市,创业至上的宜商城市,公平包容的和谐城市,水城共融的生态城市,创新驱动的知识城市,城乡一体的田园城市,交流便捷的智慧城市,以及开放多元的文化城市。","['雄安新区', '可持续竞争力', '理想城市']",T20,T07,0.0,0.0063385420530438,,0.173157475214111,0.0452753003788848,0.4869723962583482,T20,A50,A51,0.0,0.0075974008916411,,0.1431997698802457,0.0542671492260084,0.4883571409808053,A50,False,False,False,needs_review,needs_review,needs_review
ZH_0794,基于QQ群网络的东北地区城市联系特征与层级结构,"基于腾讯QQ群视角,查找联系两个城市的QQ群,利用社会网络分析法研究东北地区城市网络联系特征和层级结构。研究表明:①东北城市QQ群联系网络密度为63.81%,大部分城市之间存在QQ群联系。②从城市联系对象看,沈阳、大连等4个城市联系特征为全体伙伴型,大庆、锦州等10个城市属于众多伙伴型,齐齐哈尔、四平等15个城市为普通伙伴型,伊春、白山等5个城市则是寡少伙伴型。③从QQ群联系总量看,东北地区城市具有明显层级结构。沈阳为大区中心城市,是东北地区的中心;七台河等4个城市为地方边缘城市,其他城市层级介于之间,分属另外5个层级。","['城市网络', '信息流', '网络时代', 'QQ群', '社会网络分析', '东北地区']",T43,T34,4.0,0.8057751519714053,关键词:社会网络分析；摘要:社会网络分析,0.70213072969246,0.6126796569386087,0.8422222222222222,T43,A39,A15,0.0,0.0196084043372439,,0.2274370884790792,0.140060030980314,0.5015692447709683,A39,False,False,False,needs_review,high,needs_review
ZH_0796,生态位理论视角下湖南省城市旅游脆弱性评价,"文章运用生态位理论,构建旅游资源、旅游市场、社会经济、生态环境4个维度共计32个指标组成的城市旅基于脆弱性理论,通过脆弱度模型计算14市(州)的生态位脆弱性指数。为较全面地探究城市旅游发展水平与潜力,文章将生态位与脆弱性相结合,形成生态位—脆弱性的对比研究视角,探究二者结合下的湖南省城市生态位—脆弱性数值的空间格局分布状况,并依据核心—边缘理论,将14市(州)划分为四个等级:突出型核心城市、均衡型次级城市、发展型次级城市和潜力型边缘城市。对不同等级的城市提出具备针对性的旅游可持续发展提升策略,以推动湖南省从旅游大省到旅游强省的跨越式发展。","['城市旅游', '可持续发展', '生态位理论', '脆弱度模型', '核心—边缘理论', '文旅融合', '乡村振兴战略']",T48,T06,1.0,0.7018396621588898,摘要:空间格局,0.0101180508064131,-0.1297166988650731,0.6155555555555555,T06,A42,A45,3.0,-0.5261833455269286,关键词:乡村振兴,0.2455282671979504,-0.0849830802943872,0.5866666666666667,A45,False,False,False,needs_review,medium,needs_review
ZH_0797,城乡统筹发展水平评价——以山东省为例,"科学、准确地衡量一个地区城乡统筹发展的真实水平是实施统筹城乡发展的基础和前提。然而,目前关于城乡统筹的评价多是衡量城乡之间的综合差距,忽视了城乡统筹是发展到一定阶段的产物这一历史前提。尝试建立基于发展基础的城乡统筹评价体系,并以山东省为例进行实证分析,结果表明该方法更能全面、科学、客观地评价城乡统筹发展水平,实践指导性强。","['城乡统筹', '评价', '基础条件', '山东省']",T21,T12,0.0,0.0012388217318373,,0.1068421281888409,0.0088487266559809,0.481362703905021,T21,A27,A37,0.0,0.0035964362975615,,0.1119827481637436,0.0256888306968681,0.4839560799273176,A27,False,False,False,needs_review,needs_review,needs_review
ZH_0798,"从“人、财、物”视角出发,提升网络空间的安全态势","网络安全已经成为保障经济发展、支撑现代科技进步的一个重要环节。随着万物依赖信息技术的应用,提升网络空间的安全态势变得愈发重要。如何采取有力的手段,切实提升网络空间的安全态势,是文章的核心命题。文章提出要从""人、财、物""的角度出发:(1)解决在网络安全人才供应不足的前提下,重点关注从其他信息技术领域平移过来的人才的能力认证问题,旨在向社会供应有细分领域才能的网络安全人才。(2)通过网络安全保险来解决残余风险的转移问题,以便解决在确定的网络安全态势前提下的成本控制问题;同时,通过网络安全保险来提升企业的风险管控水平,降低社会应对网络安全的总成本,树立企业网络安全应对能力的标杆,为企业的社会责任提供有效的应对工具,为网络安全产品提供能力背书。(3)通过""外打内""模式的网络靶场来提升信息技术产品的抗攻击能力,即通过构建符合系统孪生特性的影子系统来承受持续不断的众测,以强化相应系统的安全抗打击能力。通过这3种方式,达到大幅度提升网络安全态势的目标。","['安全态势', '人才认定', '网络保险', '网络靶场', '众测']",T43,T09,0.0,0.0001024761180918,,0.1362065769523026,0.0007319722720844,0.480112723729901,T43,A07,A48,0.0,0.0028139357841146,,0.0963742075107881,0.0200995413151046,0.4830953293625261,A07,False,False,False,needs_review,needs_review,needs_review
ZH_0802,非隔离型模块化多电平DC/DC变换器的最小化桥臂环流控制,"用于中高压直流电压转换和直流电网互联的高压大功率直流变压器一般采用中间交流变压器,存在损耗高和体积大等不足。对一种非隔离型的模块化多电平DC/DC变换器进行了研究,与普通双有源桥式DC/DC变换器相比,避免了交流变压器的存在。首先分析了此变换器的工作原理,建立了变换器的等效数学模型。考虑子模块电容电压存在特殊的不平衡,变换器需要引入交流循环电流,提出了一种保证桥臂功率均衡的最小化桥臂环流的控制策略,减小了桥臂电流的交流分量,降低了变换器的损耗。在Matlab/Simulink中仿真验证了变换器的性能和最小环流控制策略的有效性。最后搭建实验平台进行了实验验证。","['模块化多电平DC/DC变换器', '直流电网', '能源互联网', '直流变压器']",T49,T17,1.0,0.000957129204033,摘要:控制策略,0.0529559780260923,0.0068366371716642,0.4766083976799918,T15,A32,A37,1.0,-0.5149136628173842,摘要:高压直流,0.2502499480341507,0.17918812273297,0.5355555555555556,A32,False,False,False,needs_review,needs_review,needs_review
ZH_0803,满足静态电压稳定增强要求的发电机最佳调整方法,为增强电力系统的静态电压稳定性，同时最大限度地减小运行人员的操作工作量，提出了一种综合经济性和静态电压稳定性的发电机最佳调整模型。该模型以发电机参与调整台数最少和发电成本最小为目标，约束条件包括系统负荷裕度满足设定提升要求和电力系统安全运行要求。该问题的数学本质是一个多目标非线性混合整数规划问题。为实现上述问题的求解，首先以线性灵敏度方法快速估算所需调整出力的发电机，求解控制数量最少的整数规划问题。然后以发电成本最小为目标，利用线性规划法求解各台发电机的调整出力值。最后在IEEE39节点算例和IEEE118节点算例进行仿真验证，结果表明所提模型与求解方法能很好地解决系统的静态电压稳定性增强控制问题。,"['优化调度', '负荷裕度', '灵敏度方法', '发电成本', '线性规划']",T37,T26,4.0,0.804451347187565,关键词:优化调度；摘要:混合整数,0.7336743094486631,0.6032239084826077,0.8422222222222222,T37,A27,A30,1.0,0.7021157321554011,摘要:数学,-0.0154589644452652,-0.1277447703185626,0.6155555555555555,A30,False,False,False,needs_review,high,needs_review
ZH_0809,区域农村贫困格局的形成：空间依赖、空间分异与尺度效应,从“人地关系地域系统”视角，基于等级理论构建了一个分析框架，通过解析贫困空间依赖和分异格局成因的尺度机制（重点关注差异与关联），来理解宏观与微观因素的相互关系。对甘肃省六盘山片区村级和乡镇贫困进行了计量实证研究，结果表明：(1)行政村尺度对案例区贫困格局及成因的解释度更好，但乡镇尺度上过程不容忽视。(2)宏观经济社会情境因素对微观上村级和乡镇贫困具有显著影响，作用方式具有多元化特点，作用强度在乡镇尺度上大于村级尺度。(3)宏观情境因素与本地因素对贫困格局的形成存在交互增强且因尺度而异的协同关系。另外，还比较了不同等级系统（行政区划系统和重新构建的贫困分区系统、地理分区系统）下的结果差异，发现行政区划系统不是解析贫困格局成因的最佳选择，它会掩盖和扭曲部分因素的影响，而贫困分区系统能更好地描述“真实的”的贫困形成过程。以上表明，中国精准扶贫战略将重心下沉到村和户是现实合理选择，但以“适度漫灌”来夯实宏观上经济基础和补齐公共服务短板在甘肃六盘山片区仍有重要意义，而各级各地政府或组织形成共同但有侧重的协作理念和方式是重要保障。同时，高效可持续的贫困治理在行政机制外尚需强化市场和社会机制。,"['农村贫困', '空间格局', '形成机制', '尺度效应', '六盘山片区', '贫困治理']",T48,T46,6.5,0.3819767313383452,关键词:空间格局；标题:空间分异,0.1084493777081594,-0.0408255453854457,0.9211111111111112,T24,A47,A42,1.0,-0.5910021851273342,摘要:公共服务,0.1649038032772381,0.1302041721673936,0.5355555555555556,A47,False,False,False,needs_review,high,needs_review
ZH_0813,长沙市土地利用结构熵值时序分析,"开展城市土地利用研究,定量地了解城市土地利用的现状及存在的主要问题,找出提高城市土地利用效率的对策方法,有助于进一步了解土地利用的变化原因与机制,促进城市土地的合理利用和可持续发展。文章以长沙市1996—2007年土地利用数据作为研究基础,借助信息论的信息熵、均衡度和优势度原理,分析了长沙市土地利用结构的动态演变特征,分析结果表明:在研究区间内,长沙市土地利用信息熵持续上升,均衡度、优势度呈波动状态,土地利用职能相对扩张,土地空间利用类型表现出均衡发展的态势。","['土地利用结构', '信息熵', '长沙市']",T31,T15,0.0,0.0016703713259266,,0.0942693758364992,0.0119312237566188,0.4818374084585193,T31,A42,A19,0.0,0.0068997296126775,,0.1183665653632178,0.0492837829476965,0.4875897025739453,A42,False,False,False,needs_review,needs_review,needs_review
ZH_0818,黄河下游沿岸县域经济发展的空间分异,"利用加权主成分分析法、GIS的趋势分析工具和Morans’I指数分析2009年黄河下游沿岸109个县域经济发展的空间差异,并运用MATLAB7.0的SOFM神经网络模型进行经济发展水平分类。结果表明:黄河下游沿岸县域经济发展的空间分异显著,宏观上呈现出西南—东北方向的U型趋势和东南—西北方向的倒U型趋势;县域经济空间集聚特征明显,东营、济南各县域以及荥阳为经济核心区,而豫东、菏泽等中原经济区东部平原县为经济塌陷区。109个县域的经济发展水平可以分为5类,其空间分布总体上符合圈层结构理论。用主成分得分作为输入,参考层次聚类结果确定神经元数是SOFM网络取得良好分类效果的前提。","['县域经济发展', '空间分异', 'SOFM分类', '空间自相关分析', '黄河下游沿岸区']",T48,T01,12.5,0.7481559359559792,关键词:空间自相关；摘要:Moran；摘要:GIS；标题:空间分异；关键词:空间分异；摘要:空间分异,0.3467534915925453,0.2011138282569939,0.98,T48,A39,A41,0.0,0.0152156812830678,,0.1738245957531706,0.1086834377361986,0.4967372494113746,A39,False,False,False,needs_review,high,needs_review
ZH_0819,全球流动空间中的当代世界城市网络理论研究,"当代世界城市网络的发展是建立在对世界城市、世界城市等级体系和全球城市等相关理论的批判基础上的,其理论发展以城市间关系的研究为重点,突破了传统世界城市研究中实证数据的局限,打破了等级观念在城市间关系研究中的垄断地位,凸显了城市间建立联系并互动合作的重要性。当代世界城市网络理论适应全球化经济时代城市间关系演变的需求,以关系视角替代结构视角推动理论研究范式的转型,以""流动空间""替代""地方空间""作为相关研究的理论基础,以""中心流动理论""替代""中心地方理论""来解释世界城市网络的形成机制,推动了本研究领域的理论创新。基于上述对当代世界城市网络理论的梳理,认为我国的相关领域研究可以从城市间关系的转变、城市研究视角的转变、城市策略的转变和城市职能的转变等方面取得借鉴和启示。","['全球流动空间', '世界城市网络', '理论研究']",T46,T43,1.0,0.7246040463935415,摘要:形成机制,0.221790138591552,0.0328860456681539,0.6755555555555555,T46,A39,A40,0.0,0.0175964903307384,,0.292316000607942,0.1256892166481315,0.4993561393638122,A39,False,False,False,needs_review,medium,needs_review
ZH_0823,基于非期望产出的中国城市绿色发展效率及影响因素分析,基于非期望SBM模型，文章对中国277个地级及以上城市2010—2016年城市绿色发展效率进行评价，分析其时空格局、城市类型、效率损失成因及影响因素。研究发现：(1)城市绿色发展效率水平总体不高，波动下降后有所回升，区域效率呈现东部>东北>西部>中部的态势，东北效率提升最大且提升单元具有“低投入、低产出和低污染”特点；效率沿河北至广东一线具有明显“凹陷”特征，区域内部效率变动较大。(2)环境污染、资源和资本冗余是各区域效率损失的主因，消费、财政收入和GDP分别是中部、西部和东北地区效率损失的重要期望产出因子。(3)效率领先型、协调发展型、效率突破型和绿色增长型城市是中国绿色发展效率改善的推动力量，绿色下降型、黄色增长型和黄色下降型城市的效率则亟需改善。(4)经济发展水平、人口规模、产业结构、能源强度、政府干预、环境规制和信息化水平是影响城市环境效率变动的重要因素，且影响程度存在区域异质性。,"['绿色发展效率', '非期望SBM模型', '时空格局', '投入产出分析', 'Tobit模型']",T07,T12,0.0,0.0033630065800241,,0.1048185807899402,0.0240214755716008,0.4836993072380265,T07,A43,A44,1.0,-0.6404695748072678,摘要:产业结构,0.1015122964435468,-0.1176398200519135,0.4755555555555555,A44,False,False,False,needs_review,needs_review,needs_review
ZH_0824,数字技术赋能国家统计现代化建设,国家统计现代化是国家治理现代化的有机组成部分。数字技术为变革统计生产方式、提高统计生产力、重塑统计生产关系提供了源源动力，成为推进统计现代化建设的重要前提。文章总结了数字技术赋能政府统计的国际经验，国家统计法制体系的顶层设计，以及数字技术在促进统计现代化中的重要性；分析了国家统计现代化建设存在的主要挑战。从实施国家统计现代化工程、实现统计数据全流程数字化、突破统计数据收集分析关键技术、提高统计安全发展能力、推进全社会统计审计工作和培养具有数字技术技能的统计人才6个方面提出了数字技术赋能国家统计现代化建设的对策建议。,"['数字技术', '政府统计', '国家治理现代化', '统计现代化']",T47,T25,0.0,0.0049737078656642,,0.156080237649977,0.0355264847547447,0.4854710786522306,T47,A40,A19,0.0,0.0213225779373619,,0.2359532543396114,0.1523041281240137,0.5034548357310982,A40,False,False,False,needs_review,needs_review,needs_review
ZH_0827,非全相运行对线路零序电流保护的影响分析,非全相运行是电力系统中一种常见的不对称运行状态，可能会对线路零序电流保护造成影响，使其失去选择性，发生越级动作。为此，研究了线路零序电流保护的整定计算原则，推导了发生短路故障和出现非全相运行状态时零序分支系数的计算公式，对两种情况下的零序分支系数计算公式进行了对比分析，并在此基础上分析了非全相运行状态下零序电流保护越级动作的原因，与短路故障相比，非全相运行时的零序分支系数越大，越容易发生越级动作。结合IEEE39节点系统算例，验证了非全相运行时零序分支系数的增大可能引起线路零序电流保护发生越级动作。最后，针对非全相运行时零序电流保护可能越级动作这一问题，从定值离线校验和在线管理两个方面给出了应对策略。,"['非全相运行', '线路零序电流保护', '整定计算', '零序分支系数', '越级动作']",T40,T29,0.0,0.0111391252144318,,0.2190217992143623,0.0795651801030847,0.492253037735875,T40,A37,A07,0.0,0.0076179390343474,,0.1491955257137454,0.0544138502453389,0.4883797329377821,A37,False,False,False,needs_review,needs_review,needs_review
ZH_0830,辽宁城市化进程中土地利用结构效率测评分析,"利用数据包络分析方法(DEA),以城市化水平相对较高的辽宁省为样本,选取2000和2009年辽宁省14个地市的土地利用结构数据和相关指标,对辽宁省土地利用结构效率进行了系统测评。结果表明,在辽宁快速城市化过程中,土地利用结构效率现状不理想,尤其是工业用地结构效率低于农业用地结构效率。在分析影响辽宁省土地利用结构效率相关因素的基础上,对如何优化辽宁省土地利用结构、提高土地利用结构效率设计了一条可行的路径。","['土地利用结构', '城市化', '效率', '辽宁']",T41,T25,1.0,0.73629570325098,摘要:数据包络分析,0.2522527002588579,0.1163978803641432,0.6755555555555555,T41,A42,A19,1.0,0.7197173194186224,摘要:农业,0.1014627724613224,-0.0020191470098399,0.6155555555555555,A19,False,False,False,needs_review,medium,needs_review
ZH_0831,西藏地区可持续发展面临的主要生态环境问题及对策,"西藏是我国重要的生态安全屏障区域,也是我国生态建设的重点区域。生态安全屏障建设和促进农牧民持续增收是西藏可持续发展过程中面临的两方面重大需求,其面临的主要问题包括:(1)受高原特殊的自然条件限制,西藏资源环境承载能力极为有限,其资源与生态环境本底情况有待于进一步调查、评估;(2)以高寒草地为主体的高原生态系统深受气候变化和人类活动的双重影响,屏障功能正面临日益严峻的威胁;(3)以高寒草地为支撑的畜牧业仍沿袭传统模式,农牧民收入现状及趋势与全国平均水平还有一定的差距。因此,在建设西藏生态文明的背景下,应积极探索资源节约型、环境友好型发展道路,为转变经济发展方式、发展生态产业提供理论与技术支撑,在实现农牧民增收的同时,保护和建设国家生态系统安全屏障。主要对策包括:(1)开展西藏地区资源环境容量调查与研究,保障西藏的可持续发展;(2)量化辨识气候变化和人类活动对草地生态系统的影响,建立科学有效的分类治理与管理模式;(3)实施农牧系统耦合工程,实现高寒草地保护和农牧民增收的双赢;(4)加强西藏高原特色畜产品基地保护与建设,促进农牧民增收。","['生态环境', '保护与建设', '可持续发展', '西藏自治区']",T19,T29,0.0,0.009199487868674,,0.1723195750184319,0.0657106276333863,0.4901194366555415,T19,A28,A44,1.0,0.701762422009572,摘要:气候,0.006962112649186,-0.1302684142173435,0.6155555555555555,A44,False,False,False,needs_review,needs_review,needs_review
ZH_0832,县域尺度的河南省城乡协调发展空间格局研究,"城市和乡村这两类异质地域单元相互关联,互为补充,共同推动区域社会经济不断发展。城市和乡村对区域发展的贡献度取决于二者在特定区域背景下的协调度。从城市发展水平和乡村发展水平两个方面构建河南省县域城乡协调发展评价指标体系,采用协调度模型和空间自相关分析方法,对河南省2010年的城乡协调发展程度及空间格局进行分析。结果表明:河南省县域城乡协调度存在明显的区域分异,郑州、焦作、安阳部分县市是城乡协调发展的核心区,东部的商丘、周口、驻马店部分县市是塌陷区;县域城乡协调度与经济发展水平有很大的相关性;县域单元的城乡协调度评价更合理地反映了区域城乡关系的实际状况。","['县域', '城乡协调度', '指标体系', '空间格局', '河南省']",T48,T41,8.5,0.3819317145530755,摘要:空间自相关；标题:空间格局；关键词:空间格局；摘要:空间格局,0.1852318358362948,0.0053945997488588,0.98,T48,A39,A41,0.0,-0.0022562251217722,,0.0647447361338269,-0.0161158937269449,0.26,A41,False,False,False,needs_review,high,needs_review
ZH_0833,景区智慧旅游设施的优化布局——以泉州古城为例,"智慧旅游设施布局是景区智慧旅游设施建设中的重要决策问题,科学合理的布局有助于减少建设和管理成本、提高服务和运作效率以及提升游客旅游便利和满意度感知。文章在便利性理论的基础上重新定义旅游便利性的结构维度,提出景区(点)便利、服务便利、功能便利和交通便利的旅游便利性理论框架,并在对""步行性指数""进行修正的基础上提出旅游便利性指数模型。以此为基础,提出智慧旅游设施布局的操作步骤包括:确定布局候选区域→面向旅游者开展便利性认知调查→计算候选布局区域的便利性指数→确定智慧旅游设施的布局结构。基于泉州古城的案例分析表明,旅游便利性的理论框架和指数模型可为智慧旅游设施布局提供可行的理论依据和操作方法,也可为旅游部门和景区合理配置资源及节省开支提供理论支撑和实践指导。","['旅游便利性', '智慧旅游', '布局', '移动终端', '候选兴趣点', '旅游服务', '科技创新']",T46,T16,1.0,0.7393421161464072,摘要:理论框架,0.2482260055336251,0.1381579724743374,0.6755555555555555,T46,A40,A45,3.0,-0.438675348261925,关键词:科技创新,0.1410123111800276,-0.0476810590137506,0.5866666666666667,A45,False,False,False,needs_review,medium,needs_review
ZH_0836,科学选择与分级培育适应新常态发展的中国城市群,"城市群是高度一体化和同城化的城市群体,经历了从城市到都市区、再到都市圈、再到城市群、最后到大都市带的4次扩展过程。中国城市群是世界经济重心转移和""一带一路""建设的主阵地,是国家新型城镇化的主体,也是我国当前与未来经济发展格局中最具活力和潜力的核心地区。但我国城市群在选择与培育过程中存在着""滥圈滥划、扩容贪大、拔苗助长、无中生有、拼凑成群""等一系列亟待解决的""城市群病"",具体表现为:城市群的战略地位被过分夸大高估,出现了新型城镇化的""唯群论"";城市群的空间范围一扩再扩,违背了国家建设城市群的基本初衷;城市群选择过多地依靠主观意志拼凑成群,脱离了发育的最基本标准;城市群的选择培育过多迁就了地方利益,影响到了国家战略安全大局;城市群成为雾霾等生态环境问题集中激化的敏感区和""问题区""。针对这些问题,建议按照科学标准和客观规律,科学选择并循序渐进地培育城市群,科学认识和理解城市群形成、发育的客观标准与自然规律;正确区分城市群与城镇群的本质区别,避免在政府文件和学术研究中将二者混为一谈;科学培育和分级建设大、中、小梯度发展的城市群,分层次建设好5个国家级的大城市群、9个区域性的中等城市群和6个地区性的小城市群;编制好与资源环境承载力相适应的城市群总体规划;创新城市群发展的公共财政制度与公共财政储备机制;发挥市场机制在城市群发育中的主体作用,建设市场主导型城市群,引导城市群顺应经济发展的新常态健康稳定发展。","['城市群', '新常态', '科学选择', '城市群病', '分级培育', '对策建议']",T21,T38,0.0,0.0043807025862044,,0.0968345580560878,0.0312907327586035,0.4848187728448249,T21,A41,A39,1.0,-0.6294203190470546,摘要:城镇化,0.3227645528714714,-0.0387165646218191,0.4755555555555555,A39,False,False,False,needs_review,needs_review,needs_review
ZH_0838,大湘南示范区承接转移的产业选择,"珠三角与大湘南示范区在工业规模差异、工业结构差异、生产效益差异和高新产业差异等方面所存在较大梯度差异,使得珠三角与大湘南示范区客观上形成了一种势能差,这种势能差有利于两地产业转移与承接,按照克拉森区域分类法分析,重点对大湘南示范区从珠三角可承接的产业进行甄别,力图把握承接产业转移的对象,并提出相应的对策。","['克拉森区域分类法', '大湘南示范区', '产业地转移', '产业选择']",T02,T20,0.0,0.0002401306943631,,0.0701109487856611,0.0017152192454507,0.4802641437637994,T02,A43,A39,1.0,0.0276807117725664,摘要:产业转移,0.4308523838690403,0.1977193698040461,0.5660043385053786,A43,False,False,False,needs_review,needs_review,needs_review
ZH_0842,迈向新时代 创造新辉煌,"研究新形势重在趋利避害,要深刻认识和把握好我国实施的""一带一路""战略、全球新科技革命和产业变革机遇;研究新经济重在转型升级,着力解决产业层次低、技术创新弱、发展不平衡、就业压力大和资源环境刚性约束的突出矛盾;研究新动能重在创新驱动,把对标与赶超世界一流企业和科研机构作为今后研发投入、科研攻关、国际合作、技术引进、重组并购的目标和方向;研究新体制重在深化改革,中国要走在世界新科技革命和产业变革的前列,深化教育、科技、人才管理体制改革势在必行;研究新政策重在保障民生,特别是关系民生和稳定政策一定要落实到位。","['新形势', '一带一路', '新经济', '创新驱动', '新体制', '新政策']",T46,T21,0.0,0.0044110824489819,,0.1220702830229388,0.0315077317784427,0.4848521906938801,T46,A48,A50,1.0,-0.5315551576471755,摘要:科研机构,0.3989097847616715,0.0603203025201742,0.5355555555555556,A48,False,False,False,needs_review,needs_review,needs_review
ZH_0846,基于电压突变量的差动保护同步方法研究,随着基于无线通道的配网差动保护被引入配电网，需要解决的关键技术之一即是两端故障数据的同步问题。基于保护启动时刻电压突变量的同步方法可以在不增加额外设备的情况下实现数据同步，但对该方法的同步精度和适用范围尚缺乏必要的理论分析和验证。通过叠加原理研究了多相故障情况下基于电压突变量的差动保护同步原理，并进一步分析了故障启动门槛、采样频率、故障初始角、谐波和各侧装置采样时刻不同对同步误差的影响，并进行了相关模拟仿真测试。结果表明，取5%的电压额定值作为启动门槛，采用每周波240点采样，能确保各侧装置在线路多相故障时启动时刻的同步误差小于30°，从而满足配网差动保护的同步要求。,"['差动保护', '电压突变量', '同步']",T49,T06,0.0,0.0005157583782201,,0.0763004701061242,0.0036839884158582,0.4805673342160421,T49,A31,A37,1.0,0.7153286730194275,摘要:配电网,0.0600995822062082,-0.0333666212898034,0.6155555555555555,A37,False,False,False,needs_review,needs_review,needs_review
ZH_0852,中国科学院外籍院士群体特征研究,"中科院外籍院士制度自1994年正式建立,迄今已走过20余年历程。文章以中科院外籍院士群体为研究对象,对其特征进行计量分析。在此基础上,从历史的视角探讨外籍院士对中国科技事业的贡献,并对如何进一步发挥外籍院士的作用,促进我国科技事业的发展提出政策建议。","['外籍院士', '群体特征', '计量分析', '科技贡献']",T45,T06,0.0,0.0066119744496027,,0.1343694150524342,0.0472283889257341,0.487273171894563,T45,A19,A22,0.0,0.0011399983581155,,0.0485981861044313,0.008142845415111,0.4812539981939271,A19,False,False,False,needs_review,needs_review,needs_review
ZH_0855,暂态电能质量扰动引发电压变动对闪变检测的影响,随着电能质量在线监测系统建设的深入，IEC规定的数据标记已不能应对暂态电能质量扰动在传播过程中引发的电压变动对闪变检测的不利影响，给闪变源定位方面的技术监督工作带来巨大挑战。针对该现状定义了暂态电压变动并给出刻画其电压均方根值形状的特征量，而后基于IEC闪变仪分析各特征量变化对闪变检测结果的影响特性及程度，实现考虑背景的暂态电压变动引起闪变水平的量化，给出幅值差的限值建议，并通过实例验证。最后面向不同场景在线监测数据，总结长时闪变月趋势数据分布特征，提出应用统计学准则的四分位数判别方法，分析结果表明了该方法的有效性，为暂态电压变动造成闪变超标的监测点快速筛查提供可选方法。,"['暂态电能质量扰动', '暂态电压变动', '特征量', '闪变', '四分位数法']",T40,T29,0.0,0.0006606352307007,,0.1008062870176102,0.0047188230764338,0.4807266987537708,T40,A38,A25,0.0,0.0085779687967854,,0.1626577807164328,0.0612712056913242,0.4894357656764639,A38,False,False,False,needs_review,needs_review,needs_review
ZH_0857,国家级新区设立的效用分析,"设立国家级新区是我国全面推进深化体制改革的重要途径,其设立效果及对周边区域的带动效用受到广泛关注。利用中国283个地级市2006—2015年的面板数据,从""五化""协同发展水平的视角对国家级新区设立效用进行分析。实证发现,国家级新区设立能促进其主体城市并带动同省其它城市""五化""协同发展水平的提升。控制地理禀赋的结果显示,国家级新区设立对同省其它城市的带动效应会随着地理距离的增加而递减。考虑地区异质性的结果显示,在东北地区设立的国家级新区,其效应尚未全面显现。","['国家级新区', '深化体制改革', '制度创新', '“五化”协同发展', '双重差分法', '事件分析法']",T42,T17,1.0,0.7326669127700473,摘要:面板数据,0.1720390138746781,0.0904779483574803,0.6755555555555555,T42,A34,A29,0.0,0.0009574475814484,,0.0888732414910361,0.0068389112960602,0.4810531923395932,A34,False,False,False,needs_review,medium,needs_review
ZH_0863,城市规模的分布及演进特征——基于18个国家统计数据的实证研究,"基于1990、2000和2010年中国等18个国家的城市人口数据,采用统计分布检验、马尔可夫转移矩阵等方法,分析各国城市规模的分布特征和动态演进特征。同时以中国为例,探讨空间因素在城市规模演进过程中所产生的作用。结果表明:①欧洲国家近似服从齐普夫定律的比例高于亚洲与美洲,中国的城市规模分布逐渐接近齐普夫定律的理想状态。②从城市之间的动态变化来看,全球范围城市的流动性水平呈下降趋势,而发展中国家的流动性水平普遍高于发达国家,大部分国家的城市整体呈现向上流动的特征。其中,中国的城市动态演进由收敛增长转变为发散增长。③城市增长表现出不同空间分布特征的背后,区域环境起到重要作用:较差的区域环境对城市的增长造成负面影响,优越的区域环境有利于低等级城市的规模增长,但部分中高等级城市的增长将因为城市间服务功能的高度竞争而面临阻力。","['城市规模分布', '位序—规模法则', '城市流动性', '城市增长', '空间马尔可夫链', '都市圈']",T44,T31,0.0,0.016185283547907,,0.2015978965437159,0.1156091681993358,0.4978038119026977,T44,A14,A35,0.0,0.0010945917048795,,0.057665619106384,0.0078185121777109,0.4812040508753674,A14,False,False,False,needs_review,needs_review,needs_review
ZH_0864,基于卷积深度网络的高压真空断路器机械故障诊断方法,"高压断路器执行机构所产生的振动信号蕴含着丰富的机械状态信息。针对传统基于浅层的振动信号分析法存在特征提取和泛化能力等方面的不足,提出一种基于卷积神经网络和长短期记忆网络的混合深度网络。该网络利用卷积层对原始振动数据进行特征转换,结合门控循环单元的局部时域特征表示能力,对故障敏感特征进行提取。通过对10 kV真空断路器振动信号的分析实验表明,所提出的混合网络模型在ROC曲线和PR曲线上的诊断性能要优于广泛应用的支持向量机诊断法。这种端到端的故障诊断策略通过振动信号特征的深度映射能够有效提高机械状态故障识别精度。","['高压真空断路器', '深度学习', '故障诊断', '长短期记忆模型']",T36,T01,7.5,0.3515185483287674,标题:故障诊断；关键词:故障诊断；摘要:故障诊断,0.4513155331966088,0.1108467737769095,0.98,T36,A37,A09,0.0,0.0054756022984276,,0.2628472663358286,0.0391114449887689,0.4860231625282704,A37,False,False,False,needs_review,high,needs_review
ZH_0865,考虑事故频率约束的微网机组组合能效评估方法,"新能源消纳水平的提升为系统电源规划带来了新的变革。将系统运行风险融入电源规划和灵活性改造，对于保障微网的可靠运行至关重要。鉴于微网的低惯量特性，文章提出一种考虑事故频率约束的微网机组组合能效评估方法，旨在为考虑系统运行风险的电源规划问题提供有效的分析手段。首先，建立机组组合能效概念，并提出期望电量不足率(expected energy not supplied ratio,EENSR)指标，结合常用的条件风险价值(conditional value-at-risk,CVa R)作为系统风险的基本量化指标；其次，对于给定的风光储荷边界条件，建立考虑事故频率约束的机组组合混合整数线性规划模型，用于量化给定场景下的最小负荷损失；然后，再通过蒙特卡洛模拟法量化机组组合能效；最后，通过算例分析，借助风险指标与边界参数的灵敏度关系，分析探讨富源型、平衡性以及重载型3种微网分别在联网和自治运行时，各机组对于系统风险改善的重要程度，论证了所提方法对于微网机组组合能效评价的有效性及其对实际微网规划的指导意义。","['微网机组能效', '电源规划', '事故频率', '风险评估', '混合整数线性规划']",T39,T37,2.0,-0.351878990011077,摘要:条件风险价值；摘要:蒙特卡洛,0.3092100647437707,0.0580072142065919,0.5911111111111111,T39,A34,A09,1.0,-0.0069607941696588,摘要:风光,0.0605431179495366,-0.0497199583547063,0.4755555555555555,A09,False,False,False,needs_review,needs_review,needs_review
ZH_0867,基于并行粒子群算法的电力系统分区抗差状态估计,随着对调度自动化水平要求的提高，状态估计发挥着越来越重要的作用。针对抗差状态估计器难以求解以及粒子群算法在高维空间寻优困难等问题，文章提出一种基于并行粒子群算法的抗差状态估计方法。该方法首先借鉴马尔可夫模型以及条件独立性假设对电力网络进行解耦，通过区域间的通信保证量测冗余度，然后对各区域分别采用粒子群算法求解，将求解一个高维空间问题转化为并行求解多个低维空间问题。最后仿真结果表明该方法相比直接使用粒子群算法收敛更快，计算效率更高，并且计算速度受目标函数影响较小，适用于多种抗差估计器。,"['电力系统状态估计', '抗差状态估计', '粒子群算法', '分布式并行计算', '全局马尔可夫性']",T35,T36,7.5,0.7773541438276907,标题:状态估计；关键词:状态估计；摘要:状态估计,0.5712916089230009,0.4096724559120774,0.98,T35,A51,A28,0.0,5.231074362010979e-05,,0.0743818435264128,0.0003736481687149,0.4800575418179821,A51,False,False,False,needs_review,high,needs_review
ZH_0869,基于断路器重合闸的柔性直流输电线路单端故障测距方法,"高压柔性直流输电采用架空线路,运行环境复杂,难以避免故障。快速准确的故障定位可以缩短故障清除时间,对于快速恢复供电十分重要。现有测距算法依赖暂态波头辨识,受到干扰后测距精度会下降。针对上述问题,在线路分布参数模型基础上,在时域中通过电报方程计算线路沿线分布的电压和电流,进而根据故障点处电阻值相对稳定这一特性构成测距判据。由于输电线路两侧的直流断路器重合时间并不一致,此时先重合一侧的系统才会继续向故障点馈入短路电流,因此通过单端量便可实现测距。所提测距方法无需通信,适用于各种故障类型并且所需窗长较短,具有耐受过渡电阻和噪声的能力。最后利用PSCAD/EMTDC电磁暂态仿真软件搭建±500 kV多端柔性直流输电系统模型,仿真结果验证了所提测距算法的准确性和适用性。","['直流输电线路', '故障测距', '直流断路器', '分布参数模型', '重合闸']",T36,T14,7.5,0.5665143324735775,摘要:故障定位；标题:故障测距；关键词:故障测距,0.263718114208043,0.2751023748112677,0.98,T36,A37,A32,0.0,-0.7527329492334404,,0.0614220601827539,-0.2338067802388598,0.26,A32,False,False,False,needs_review,high,needs_review
ZH_0871,面向多级市场出清的负荷聚合商联合交易策略,在以新能源为主体的新型电力系统发展模式下，电网将面临灵活性资源严重不足的问题，亟需引导用户侧可调控资源主动参与系统的平衡调节服务。提出一种考虑日前主能量市场、日前备用市场及实时平衡市场的多级市场衔接框架，基于负荷聚合商引导终端用户参与至多级耦合市场的市场化调度中。在日前主能量市场与备用市场，提出负荷聚合商可调节负荷状态感知模型及日前电能量与备用联合市场的竞价模型，系统运营商实现日前主辅能量市场的阶段性出清。在实时平衡市场，提出负荷聚合商基于用户侧富余可调节资源的实时平衡市场竞标模型，系统运营商基于实际系统运行需求实现平衡资源的出清与备用资源的调度。最后基于IEEE 30节点系统验证了所提出市场框架可有效激励用户侧主动响应电网调控需求、降低系统供需不平衡风险。,"['平衡市场', '负荷聚合商', '备用市场', '需求侧响应']",T12,T38,7.5,0.6981077070807564,标题:聚合；关键词:聚合；摘要:聚合,-0.0085956430512974,-0.1563735208517395,0.94,T38,A36,A15,0.0,0.0324646150650738,,0.3122615353154858,0.2318901076076705,0.5157110765715812,A36,False,False,False,needs_review,high,needs_review
ZH_0872,儒家思想视角下传统宗族聚落空间营造及其现代启示——以湖南省岳阳市张谷英村为例,文章以儒家思想为主线，以国家历史文化名村——湖南省岳阳市张谷英村为落脚点，从聚落生产、生活空间和宗族文化出发，分析传统村落空间布局，梳理建筑、景观、细部构造有机融合的聚落空间秩序，得到如下启示：(1)生态主义规划是美丽乡村风貌的基石，是村民生产、生活的前提和保障。(2)以儒家思想为设计理念的建筑和景观空间秩序有助于有限建筑空间的合理划分，有助于不同空间功能的有机组合，有助于聚落资源分配。(3)细部构造是建筑环境中的精髓，体现匠人精神，具有故事性、教育性，是空间使用者和空间的纽带。(4)应该以批判性的眼光看待传统文化所派生的空间规划思想，在继承中发展优秀的空间设计与规划理念，营造展现传统文化、具有思想内涵的以人为本的聚落空间。,"['儒家思想', '宗族聚落', '空间营造', '环境设计', '张谷英村']",T19,T25,0.0,0.0013853983883064,,0.0820819043569791,0.0098957027736171,0.481523938227137,T19,A04,A25,1.0,0.0045013107544333,摘要:精神,0.0262639275524033,0.0321522196745242,0.4805069973854322,A42,False,False,False,needs_review,needs_review,needs_review
ZH_0874,运用智库双螺旋法构建绿色GDP评价体系,在新发展阶段，将绿色国内生产总值（GDP）作为发展绿色经济、低碳经济和循环经济的切入点，以及衡量高质量发展、可持续发展和现代化发展的重要指标，是保障建设“美丽中国”、基本实现社会主义现代化和达成碳中和目标的有效途径。文章围绕绿色GDP评价问题，运用智库双螺旋方法，从认识论、方法论和实践论角度，为绿色GDP评价提供了创新研究范式，从而拓宽了GDP评价体系研究路径。在绿色GDP评价理论方面，依据DIIS过程融合法的数据收集、揭示信息和综合研判过程，梳理绿色GDP评价研究环节，重塑我国绿色GDP评价体系的理论基础。在绿色GDP评价应用方面，从机理分析、影响分析和政策分析出发，总结我国绿色GDP评价体系演进规律。依据智库双螺旋法DIIS研究过程和MIPS逻辑环节融合，总结绿色GDP评价理论分析和演进规律，提出了构建我国绿色GDP评价体系的基本原则、指标框架和实施路径。针对我国未来发展面临形势和绿色GDP评价重要性，指出在智库双螺旋法指导下，从理论体系、技术方法和实践应用方面推进绿色GDP评价研究的建议。,"['智库双螺旋法', '绿色国内生产总值', '评价体系']",T21,T28,0.0,0.0030179284417248,,0.2259833284151265,0.0215566317266061,0.4833197212858973,T21,A44,A48,1.0,-0.6015950346373498,摘要:碳中和,0.1380520379332813,0.160035466876073,0.5355555555555556,A44,False,False,False,needs_review,needs_review,needs_review
ZH_0875,中南地区陶瓷手工艺作坊时空演变及经济效应,"以中南地区为研究区域,基于GIS空间分析和空间统计分析方法,对1980—2020年陶瓷手工艺作坊的时空演变特征进行梳理和分析,并从计量经济学角度探讨陶瓷手工艺作坊给当地带来的经济效应。研究表明:中南地区陶瓷手工艺作坊的发展态势总体呈现""低—高—低""的变化特点,即在萌芽期和形成期数量低,发展期和高峰期高,最后进入衰退期;总体上,中南地区陶瓷手工艺作坊空间分布的集聚性逐渐增强,且呈逐步放缓的趋势;省域上,表现为以广东和湖南为核心的""双核""结构发展;市域上,最先兴起的梅州、肇庆、长沙等地,带动其周边市域形成作坊的聚集并维持着相对较为稳定的发展;中南地区陶瓷手工艺作坊资本存量、从事陶瓷手工艺作坊人数、从业者受教育水平、陶瓷手工艺产业规模及当地旅游发展水平对本地区经济增长有着显著的正向效应,并对周围地区产生显著的空间溢出效应。因此,为传承陶瓷手工艺作坊文化,应加大典型地区陶瓷手工艺作坊集群建设,并充分利用其正向溢出效应,拉动周围地区陶瓷手工艺作坊经济的发展。","['中南地区', '陶瓷手工艺作坊', '经济效应', '产业聚集', '旅游', '小微企业', '文创产业']",T48,T45,1.0,0.0023510339511345,摘要:GIS,0.1413098174117473,0.0167930996509611,0.4781416929018035,T19,A45,A15,4.0,-0.3373216016975412,关键词:旅游；摘要:旅游,0.0878209485367107,-0.0094400121252944,0.6422222222222222,A15,False,False,False,needs_review,needs_review,needs_review
ZH_0879,高时空分辨的神经递质电化学传感检测技术发展与展望,"目前,实现对细胞神经递质释放过程的高时空分辨实时监测,仍存在诸多挑战。近些年来,通过发展不同的电化学检测技术实现了对细胞胞吐(exocytosis)释放以及细胞内部囊泡的定量化分析;一些研究使用这些技术,进行了细胞释放模式的探究。通过在电极表面修饰小分子或者调控电极尺寸,可实现高分辨率和高灵敏度的监测。文章重点介绍了神经递质电化学检测的机理、微米电极以及纳米电极检测技术的发展,对电化学传感与成像技术的联用进行了评述,并对电化学传感检测技术未来发展方向进行了展望。在此基础上,文章综合各种不同监测技术的优点,提出构建纳米电极与成像以及其他检测手段的联用技术,以大幅提高纳米电极在神经递质检测方面的能力。","['神经递质', '高时空分辨率', '囊泡释放', '纳米电极', '电化学']",T11,T36,1.0,0.7378617793409956,摘要:成像,0.296734491312332,0.127584138149969,0.6755555555555555,T11,A22,A16,0.0,0.0118156102858925,,0.2772870530473508,0.0843972163278041,0.4929971713144818,A22,False,False,False,needs_review,medium,needs_review
ZH_0884,同塔混压四回线下的单回线故障零序方向元件动作特性分析,"同塔混压四回线发生故障时,由于近距离物理条件,不仅要考虑相间互感,也要考虑不同电压等级系统之间的互感对故障分析及保护产生的较大影响。针对弱电强磁与强电联系两种场景下同塔混压四回线中单回线发生接地故障的情况,首先阐述零序去耦等值电路的建立依据,然后对零序方向元件的动作特性及主要影响因素进行理论分析。结果表明对于弱电强磁场景,不同电压等级之间的零序互感对零序方向元件动作行为的影响可以忽略不计。对于强电联系场景,零序互感、电气强度及故障位置综合影响零序方向元件的动作行为。基于ATP-EMTP建立1 000 kV/500 kV同塔混压四回线模型,对单回线故障条件下的零序方向元件动作行为进行了建模仿真,验证了理论分析的正确性。","['同塔混压四回线', '弱电强磁', '强电联系', '单回线故障', '零序方向元件']",T40,T49,0.0,-0.001725609157258,,0.0907218079932095,-0.0123257796947006,0.26,T49,A27,A30,1.0,0.7049267677834321,摘要:物理,-0.0122544222243613,-0.1076659444040562,0.6155555555555555,A30,False,False,False,needs_review,needs_review,needs_review
ZH_0885,西北地区主体功能区划方案,"以西北地区特殊的自然地理环境和经济布局为基础,探讨适合西北地区主体功能区划的方法,提出了采用定性与定量结合,以县域为研究单位,对西北地区资源环境与社会经济发展综合分析评价,然后进行空间分析(如主成分分析,叠加分析,缓冲区分析)的综合区划方法,以此为依据制定西北地区主体功能区划方案,提出各类型区的发展方向与政策。","['主体功能区划', '西北地区', '综合指数法', '空间分析']",T02,T21,0.0,0.0050562837139923,,0.1897364431486519,0.0361163122428022,0.4855619120853915,T02,A28,A26,0.0,0.0009575143499752,,0.1000151404447335,0.0068393882141085,0.4810532657849727,A28,False,False,False,needs_review,needs_review,needs_review
ZH_0886,产品内分工视角下服务贸易竞争力的影响因素及其启示,"产品内分工影响服务贸易的基本途径是服务外包;基于11个OECD国家投入产出表的数据,实证分析了制造业消耗的生产性服务业中间投入和服务业消耗的生产性服务业中间投入、生产性服务业的劳动力成本和信息与通讯技术发展水平对服务贸易竞争力的影响,并给出了政策启示。","['服务贸易', '产品内分工', '竞争力']",T07,T12,0.0,0.0024314667477523,,0.1169394094936196,0.0173676196268023,0.4826746134225275,T07,A43,A50,1.0,-0.6195891938774931,摘要:制造业,0.1430269158573862,0.0315057580179062,0.4755555555555555,A02,False,False,False,needs_review,needs_review,needs_review
ZH_0889,哈大走廊城市规模、紧凑度与土地集约化的耦合,"对哈大走廊城市规模—紧凑度—土地集约度的耦合协调度进行了计算,并运用GIS工具中的空间自相关、冷热点分析及变差函数分析法,深入研究了耦合协调度的空间分布特征与演变趋势。研究发现,哈大走廊城市规模—紧凑度—土地集约度的耦合协调性在研究期内整体呈上升态势,三者之间的作用强度与协同效应逐步加强。空间分布具有明显的空间聚集特征,并且自相关性不强,高值区主要集中在东北部和西南部,中部为低值集聚。耦合协调度的空间变异随机性增强,空间差异在不断降低,但结构化分异有增加趋势,东北—西南方向的空间差异最大,南—北向的空间差异最小。","['城市规模', '紧凑度', '土地集约化', '耦合协调', '哈大走廊']",T44,T48,1.0,-0.3287851593710053,摘要:耦合协调度,0.4928713976333246,0.2229631473499629,0.5355555555555556,T44,A09,A19,0.0,0.0006178873519747,,0.0915445951061295,0.0044134810855341,0.4806796760871722,A09,False,False,False,needs_review,needs_review,needs_review
ZH_0890,合成生物学的医学应用研究进展,"在医学应用领域,合成生物学以人工设计的基因线路改造人体自身细胞,或改造细菌、病毒等人工生命体,再使其间接作用于人体。这些经人工设计的生命体能够感知疾病特异信号或人工信号、特异性靶向异常细胞和病灶区域、表达报告分子或释放治疗药物,从而实现对人体生理状态的监测,以及对肿瘤、代谢疾病、耐药菌感染等典型疾病的诊断与治疗。文章将综述了合成生物学的医学应用领域近期的一些研究进展。","['人工细胞', '人工细菌', '人工病毒', '人工噬菌体']",T06,T12,5.5,0.1052332514531856,摘要:综述；标题:研究进展；摘要:研究进展,0.0158999374702302,-0.183398853256466,0.8413121321540598,T23,A03,A07,1.0,-0.6982046619843548,摘要:肿瘤,0.1399833199332824,-0.4157475856025348,0.4755555555555555,A22,False,False,False,needs_review,high,needs_review
ZH_0891,铸造强国重器:关键核心技术突破的规律探索与体系构建,"关键核心技术对于我国经济社会发展和国家安全等具有极端战略重要性,突破和掌握那些我国处于""卡脖子""短板位置的关键核心技术,对于我们实现建设世界科技强国的目标具有决定性的标志意义。因此,我们需要立足于国家重大战略需求,重视前瞻布局,加强战略研究。文章将在分析识别关键核心技术特性的基础上,系统反思我国关键核心技术突破的挑战与瓶颈,并从支撑重大技术突破的组织模式、人才培养机制以及新评价激励机制等维度设计等方面,思考如何构建充满活力和效力的攻坚创新体系,真正铸造强国重器。","['科技强国', '关键核心技术规律', '创新体系']",T31,T43,0.0,0.0047637657923362,,0.1085566085811438,0.0340268985166878,0.4852401423715698,T31,A25,A40,1.0,0.7014621067717868,摘要:人才培养,-0.0408995360485215,-0.1324135230586663,0.6155555555555555,A40,False,False,False,needs_review,needs_review,needs_review
ZH_0892,开启深渊之门——海斗深渊前沿科技问题研究与攻关先导科技专项进展,"海斗深渊已逐渐成为国际地球科学尤其是海洋科学的前沿阵地和研究热点。""海斗深渊前沿科技问题研究与攻关""战略性先导科技专项的设立旨在推动我国海洋科学事业的发展,引领世界深渊科学研究,建立我国深渊生物学、深渊生态学和深渊地学等海斗深渊学科体系;满足和支撑国家海洋探测高技术需求,建立支撑我国深渊科学研究及技术攻关的技术体系。文章介绍了专项立项背景、研究目标、研究内容、组织管理架构及近期重要进展。","['深渊', '海斗深渊', '中科院战略性先导科技专项']",T06,T45,0.0,0.0001147372571655,,0.0973050380837628,0.0008195518368967,0.480126210982882,T06,A51,A28,1.0,-0.0217476916143317,摘要:海洋,0.1237843903555074,-0.1553406543880834,0.4755555555555555,A28,False,False,False,needs_review,needs_review,needs_review
ZH_0894,西藏高原农牧系统耦合发展及其生态效应,"生态安全屏障建设和促进农牧民持续增收是西藏高原可持续发展过程中面临的两方面重大需求。文章根据西藏地域分异的特点,对藏北地区草地面临的主要生态问题以及高原地区农牧民面临的增收困境进行了分析,提出了农区和牧区互动耦合的区域发展对策。即利用西藏""一江两河""河谷农区丰富的水热和土地条件,建设草产品和饲料基地,实施""南草北上""工程,对藏北地区的牲畜进行季节性补饲,缓解草畜矛盾,遏止草地退化,不仅可以改善藏北草地的生态环境,同时还可以增加农牧民的收入,从而实现西藏高原生态环境保护和农牧民收入增加的双赢。","['西藏', '农牧民增收', '生态屏障功能', '农牧耦合', '区域发展']",T12,T19,1.0,0.7205576951377808,摘要:水热,0.0946852795573777,0.0039835366984344,0.6755555555555555,T12,A39,A30,0.0,-0.0054271914553272,,0.0396193503897722,-0.0387656532523373,0.26,A30,False,False,False,needs_review,medium,needs_review
ZH_0895,中国东南半壁南北方地区人口空间分异格局及其影响因素,"中国南北方地区发展不平衡问题凸显,人口南北空间分异现象引起了广泛关注。文章以1982—2020年5期人口普查数据为基础,采用泰尔指数、地理探测器等方法,探究中国东南半壁南北方地区人口空间分异格局及其影响因素。结果表明:(1)研究期内""南密北疏""的人口分布格局基本稳定,南方地区一直保持着人口规模和密度优势。(2)研究区人口分布的总体差异不断拉大,南北方地区内部差异的贡献占主导地位,其中南方地区内部差异比北方地区小,但上升幅度较大。(3)研究区人口具有向南迁移扩散的趋势,且人口密度变化的区域差异持续扩大,少部分区域人口快速增长,人口密度优势显著。(4)人口空间分异是自然环境和经济社会因素共同作用的结果,经济发展水平、创新能力和吸纳就业能力等是人口密度变化的主要因素,其中创新能力的影响作用不断增强。","['人口分布', '南北方地区', '秦岭—淮河线', '胡焕庸线', '自然环境', '经济发展水平', '创新能力']",T48,T11,5.5,0.7302135348701925,标题:空间分异；摘要:空间分异；摘要:地理探测器,0.2012275474823114,0.0729538205013746,0.9255555555555556,T48,A39,A40,1.0,0.717151349859547,摘要:区域差异,0.062876751773812,-0.0203475010032352,0.6155555555555555,A40,False,False,False,needs_review,high,needs_review
ZH_0898,中国绿色化发展水平测度及动态演化规律,"基于信息熵模型和耗散结构理论,从支持型输入熵、压力型输出熵、还原型代谢熵和氧化型代谢熵角度建立区域绿色化发展系统的评价指标体系,对中国30省市2000—2014年的绿色化发展系统进行熵变分析;运用综合赋权的决策分析模型测算绿色化发展水平,结合马尔可夫链和核密度方法研究中国绿色化发展水平的动态演化规律。结果表明:在2000—2014年间,①系统熵流、熵产生和总熵变整体表现为波动下降趋势,区域绿色化发展系统有序度不断增强,发展趋于健康化。②30省市绿色化发展水平整体呈现上升趋势,但存在较大的上升空间。③核密度估计表明,我国绿色化发展水平在考察期内呈收敛态势。马尔可夫链分析得知,不同水平的地区组间流动性较低,具有一定的稳定性,难以实现跨越式发展。在此基础上对促进中国绿色化发展水平提出合理化建议。","['绿色化发展', '评价指标体系', '信息熵', '核密度估计', '马尔可夫链', '演化']",T41,T44,4.0,0.7233262439163702,关键词:指标体系；摘要:指标体系,0.2118164844856686,0.0237588851169307,0.8422222222222222,T41,A02,A06,0.0,0.0033442877726792,,0.1229566927152806,0.0238877698048516,0.4836787165499471,A02,False,False,False,needs_review,high,needs_review
ZH_0899,基于学科视角的专业市场集群形成机制研究述评,"无论从理论上还是实践上,专业市场集群形成机制是一个值得深入研究的课题。依据不同的研究视角——新制度经济学、经济社会学和经济学集群论对专业市场集群的产生条件和形成机制相关研究进行回顾,以期对国内专业市场研究和理论的发展动态有一个全面的了解。在研究综述的基础上,针对现有研究的问题和不足,提出了未来研究建议。","['专业市场', '市场集群', '形成机制']",T06,T46,4.5,-0.3201061417468324,摘要:综述；标题:研究述评,0.1515571434823818,-0.2293295839059451,0.6699999999999999,T46,A36,A43,0.0,0.0023250577635781,,0.0963723952891931,0.01660755545413,0.4825575635399359,A36,False,False,False,needs_review,medium,needs_review
ZH_0900,空间尺度对城市竞标地租理论的适用性影响分析——以深圳经济特区为例,"以深圳建筑普查数据为基础,以GIS空间分析为技术方法,整理得到深圳经济特区城市尺度和组团尺度的建筑平均高度和商业办公、工业仓储和居住等三大类土地利用数据,对比分析空间尺度对城市竞标地租理论的适用性影响。结果表明:组团尺度的土地竞租能力和土地利用强度是符合距离衰减效应的,而城市尺度的地域空间结构相比组团尺度则显得更复杂,体现了空间尺度对竞标地租理论的适用性。","['竞标地租理论', '空间尺度', 'GIS空间分析', '深圳经济特区']",T48,T30,4.0,0.7402492173748945,关键词:GIS；摘要:GIS,0.2517861675739355,0.1446372669635324,0.8422222222222222,T48,A40,A39,0.0,0.005222394738391,,0.1488026050830439,0.0373028195599355,0.4857446342122301,A40,False,False,False,needs_review,high,needs_review
ZH_0901,基于改进GMM-CNN-GRU混合的非侵入式负荷监测方法研究,为挖掘用户侧节能减排潜力，对用户用电行为进行精细化分析和管理，提升电能利用效率，提出了一种基于高斯混合模型聚类和深度神经网络相结合的非侵入式负荷监测方法。首先，针对同一电器常出现功率相近但运行状态不一致问题，利用高斯混合模型聚类算法中“软分类”和类簇灵活的优势，对负荷工作状态进行精细分类，形成负荷用电设备实际运行情况的负荷状态特征库。其次，针对常见的应用于非侵入式负荷监测模型的深度神经网络在多标签分类时存在识别精度低等问题，提出卷积神经网络与门控循环单元混合的深度神经网络模型。最后，综合考虑外部环境数据对家庭用户用能习惯的影响，在AMPds2数据集上开展验证分析，并与其他模型进行对比。结果表明，所提的非侵入式负荷监测模型具有较高的准确性。,"['非侵入式负荷监测与分解', '高斯混合模型聚类', '卷积神经网络', '门控循环单元', '深度学习']",T34,T01,1.0,-0.6775653815227638,摘要:聚类算法,0.0883472835512853,-0.3397527251625981,0.4755555555555555,T01,A26,A37,0.0,0.0012114036016924,,0.0910083821306268,0.0086528828692314,0.4813325439618616,A26,False,False,False,needs_review,needs_review,needs_review
ZH_0903,论我国土壤保护宏观战略,"从土壤安全角度研究我国土壤保护战略问题,对持续利用和保护土壤资源,改善土壤环境质量,保障农业生产与食物质量安全具有重大的现实意义和深远的历史意义。文章在分析我国土壤存在的主要问题的基础上,提出了我国土壤保护宏观战略研究中亟需解决的一些关键问题,即土壤保护的战略思想、战略方针、战略目标、战略任务及战略重点,保护战略的实施对策,以及土壤安全工程创建思想,为制定国家土壤安全战略规划提供指导。","['土壤资源', '土壤保护', '宏观战略', '土壤安全工程']",T32,T27,0.0,0.0031251417061099,,0.1327212813084055,0.0223224407579282,0.4834376558767209,T32,A42,A12,1.0,0.7046347916399862,摘要:农业,0.0817977326708534,-0.1097514882858123,0.6155555555555555,A12,False,False,False,needs_review,needs_review,needs_review
ZH_0904,元素视角下的中国稀土供需格局及平衡利用策略,稀土是全球竞争最为热点的关键矿产之一。当前，全球稀土的资源和供应格局正在发生变化，西方国家正在积极构建摆脱中国的供应链。文章从稀土元素视角阐述了中国的供需格局演变，分析了大变局下中国稀土元素的供需错位及面临的挑战，提出了稀土元素的平衡利用策略，为推动产业链全球化和保障中国稀土资源安全提供了优化方案。,"['稀土元素', '供需格局', '平衡利用', '优化策略']",T15,T14,0.0,0.0006751260974681,,0.1332584766329147,0.0048223292676292,0.4807426387072149,T15,A43,A28,1.0,0.7087563497540557,摘要:产业链,0.0193306880414162,-0.0803117874710308,0.6155555555555555,A28,False,False,False,needs_review,needs_review,needs_review
ZH_0911,武汉市人口扩散与就业扩散的时空关系研究,"利用武汉市2007—2011年的人口和就业面板数据,通过ArcGIS方法探索人口与就业的分布与扩散在空间上的差异性,再运用异速增长模型和人口—就业相互作用模型分析二者的空间协调性及其引致关系。结果发现,武汉市就业主要集中于中心城区,而人口近一半集中在近远郊区;2007—2011年,人口和就业仍向中心城区集中的同时也向外围扩散,各圈层人口与就业扩散同步性较差,特别是在内部圈层,就业先于人口向郊区扩散;总体上武汉市各圈层的人口与就业发展相对独立,并不存在相互的引致关系。","['人口扩散', '就业扩散', '异速增长模型', '人口—就业相互作用', '武汉市']",T42,T48,1.0,-0.3706794205503597,摘要:面板数据,0.1754888122139438,-0.0762815753597126,0.4755555555555555,T48,A21,A04,0.0,0.0034805961889532,,0.0839916247087042,0.0248614013496657,0.4838286558078485,A21,False,False,False,needs_review,needs_review,needs_review
ZH_0912,我国海洋经济的区域特征分析及其发展对策,"我国沿海地区海洋经济发展存在着明显的区域差异,研究不同区域海洋经济发展的特征能够提出有针对性的对策建议,对制定海洋经济发展政策具有一定的指导意义。选择了资源禀赋、经济规模、产业结构、就业状况、基础设施建设以及科技水平等衡量海洋经济发展的重要指标,通过指标分析对我国沿海地区海洋经济发展较好的地区进行区域分类,并归纳了不同类型区域的某些共同特征,最后依据分析结果提出了具体的发展对策。","['海洋经济', '区域特征', '发展对策']",T44,T07,0.0,0.0046363291538756,,0.0959639691742665,0.0331166368133976,0.4850999620692632,T44,A43,A51,1.0,-0.6307490777500828,摘要:产业结构,0.1505500073671413,-0.048207698214878,0.4755555555555555,A51,False,False,False,needs_review,needs_review,needs_review
ZH_0913,美国智能制造的发展及启示,"随着新一轮科技革命和产业变革的兴起,我国经济正处于经济结构转型的重要战略机遇期。作为工业大国,制造业转型升级成为驱动经济高质量发展,实现以国内大循环为主体、国内国际双循环相互促进的新发展格局的重要抓手。与长期以来对美国重视虚拟经济、轻视实体经济的认知相反,自2010年至今,美国奥巴马、特朗普和拜登3届政府都将振兴美国制造业、激发美国制造业创新活力作为保障美国经济领先地位的核心战略,并通过《2014年振兴美国制造业和创新法案》《国家制造业创新网络》《2021年美国创新和竞争法案》等一系列政策完善了美国智能制造的顶层设计,为美国智能制造提供了政策支持与指导意见。文章以智能制造为切入点,系统梳理了自奥巴马政府以来美国智能制造政策的演化过程,重点分析了美国制造业创新研究所与制造业拓展伙伴计划两大典型实践,总结了美国制造业转型升级的经验,为我国的制造业转型升级提供借鉴。为推进我国智能制造发展,基于美国的政策及相应实践,结合我国国情与产业基础,文章梳理总结了美国智能制造政策对推进我国政策改进的6点启示:(1)加强政府的引领作用,完善智能制造顶层设计;(2)培育智能制造生态系统,扶植中小企业发展;(3)增强自主创新能力,推动关键性技术的发现与商业化进程;(4)深化开放合作,促进知识的共享与融合;(5)改革考核评估体系,优化创新资源配置;(6)完善教育与培训体系,强化智能制造人才培养机制。","['美国', '智能制造', '制造业', '创新研究所', '制造业拓展伙伴', '政策']",T43,T26,1.0,0.7181927104263965,摘要:创新网络,0.126797779329505,-0.0129092112400245,0.6155555555555555,T26,A40,A43,1.0,-0.6051064333831697,摘要:创新网络,0.1153782239408061,-0.2079030955940692,0.4755555555555555,A43,False,False,False,needs_review,medium,needs_review
ZH_0918,2014年中国人文地理学术年会在湖南长沙召开,"10月18-19日,由中国地理学会人文地理专业委员会主办,湖南师范大学承办的""2014年中国人文地理学术年会""在枫林宾馆隆重召开。本次会议的主题为""中国转型发展与人文地理学创新""、""新型城镇化与中部地区崛起""。来自全国120多所高校和科研院所的460多名专家、学者及研究生出席了本次盛会。中国科学院地质研究所叶大年院士、中国地理学会副理事长刘毅研究员、中国地理学会秘书长张国友研究员、中国地理学会人文地理专",[],T17,T48,0.0,0.0021853658440896,,0.0810923430430088,0.0156097560292119,0.4824039024284986,T17,A41,A28,1.0,0.0331448684048649,摘要:城镇化,0.2764303508820669,0.2367490600347498,0.5720149108009069,A41,False,False,True,needs_review,needs_review,needs_review
ZH_0920,我国地球科学发展的若干思考与建议,地球科学是以地球各圈层相互作用及其资源与环境效应为研究对象，多学科交叉融合的一门科学。地球科学既研究过去，阐述地球演化历史，又面向未来，为人类可持续发展提供解决方案，是一门既能拓展人类知识前沿又能服务于人类社会经济发展的综合性、系统性的科学。文章在梳理国际地球科学发展趋势和总结我国地球科学发展现状与科技资助情况的基础上，提出我国地球科学发展应从系统科学和国家需求的视角部署未来发展方向和研究计划。从地球系统整体出发，关注地球系统各圈层、各要素之间的相互作用及其对人类社会经济发展的影响。以“四个面向”引领地球科学领域研究的发展方向，开展有组织的重大科学研究，完善科技资助与评价机制，使研究成果更好地服务于国家重大战略需求。,"['地球科学', '现状趋势', '发展战略', '资助机制']",T19,T28,0.0,0.0009821863028058,,0.0835793785364798,0.0070156164486133,0.4810804049330864,T19,A28,A30,0.0,0.0386174386321356,,0.4867513423851263,0.2758388473723973,0.5224791824953492,A28,False,False,False,needs_review,needs_review,needs_review
ZH_0923,基于新型日期映射法和ISGU混合模型的短期电力负荷预测,"针对电力负荷非线性、预测条件多样性、预测模型参数设置主观性等问题，提出一种基于强适应性的日均负荷日期映射法、高非线性拟合性能的门控循环单元(Gate Recurrent Unit, GRU)和强搜索性能的改进麻雀搜索算法(Improved Sparrow Search Algorithm, ISSA)相结合的ISSA-GRU(ISGU)混合模型进行短期电力负荷预测(Short-term LoadForecasting,STLF)。首先，利用日均负荷日期映射法对星期-节假日因素进行映射，解决该因素因非数字化导致不易输入预测网络的问题。随后，从诸多相关因素中筛选出高度相关特征值，以此解决预测条件多样性问题。最后，构建GRU网络进行负荷预测，并引入ISSA算法对GRU网络参数进行客观配置。为验证ISGU混合模型的有效性，采用新加坡电力负荷数据进行实验，并将实验结果与现有算法进行比较。实验结果表明，所提方法对STLF具有良好性能，有效提高了STLF统计标准的精度指标。","['短期电力负荷预测', '改进麻雀搜索算法', '门控循环单元', '日均负荷日期映射', 'ISGU混合模型']",T35,T13,7.5,0.7134074686572018,标题:负荷预测；关键词:负荷预测；摘要:负荷预测,0.2018816404356789,-0.0470895095914152,0.94,T13,A03,A01,0.0,0.002528913509592,,0.0945442101554994,0.0180636679256576,0.4827818048605512,A03,False,False,False,needs_review,high,needs_review
ZH_0924,我国机器人产业现状分析与发展研判,"机器人是""制造业皇冠顶端的明珠"",其研发、制造、应用是衡量一个国家科技创新和高端制造业水平的重要标志。我国政府提出《中国制造2025》规划纲要,并将机器人作为智能制造的核心部分。中国作为全球最大的机器人市场,需求旺盛。政策支持和""机器换人""产业发展趋势共同推动着中国机器人产业快速发展。目前,工业机器人已经广泛应用于汽车及零","['机器人', '产业', '现状']",T26,T02,7.5,0.7568513064157362,标题:机器人；关键词:机器人；摘要:机器人,0.4511788053108614,0.2632236172552586,0.98,T26,A40,A20,1.0,-0.7349877668070116,摘要:科技创新,0.0240233970093901,-0.7927697629072259,0.4755555555555555,A20,False,False,False,needs_review,high,needs_review
ZH_0926,基于模块化多电平矩阵式换流器的分频输电系统低频侧阻抗建模及稳定性判别,"针对风电机组经分频输电并网系统低频侧稳定性判别的问题，该文采用阻抗分析方法，结合基于阻抗矩阵k-范数的稳定判据，实现了并网系统低频侧稳定性的快速判别。首先，基于模块化多电平矩阵式换流器(modular multilevel matrix converter,M3C)的数学模型，针对M3C低频侧接风电机组并网这一典型场景设计了相应的无源控制器和对应的滤波电路，并对风电机组的模型进行了简化。其次，推导了M3C低频侧和风电机组的dq轴阻抗模型并利用扫频法验证了该文阻抗建模的正确性。然后，针对该系统低频侧稳定性设计了基于系统阻抗矩阵范数的快速判稳方法。最后，利用MATLAB对风电机组经分频输电并网系统低频侧的稳定性进行了判别并基于PSCAD仿真验证了该方法的有效性。","['分频输电系统', '模块化多电平矩阵式换流器', '低频侧阻抗建模', '稳定性判别', '矩阵范数']",T14,T40,1.0,-0.6418552678154995,摘要:PSCAD,0.030345954442681,-0.1275376272535678,0.4755555555555555,T40,A34,A32,1.0,-0.624722940370991,摘要:风电,0.0494012852568403,-0.0051638597927928,0.4755555555555555,A32,False,False,False,needs_review,needs_review,needs_review
ZH_0927,不平衡电网下隔离型固态变压器非线性一体化控制,"由多个功率变换级构成隔离型固态变压器(solidstate transformer,SST)是一种非线性、强耦合系统。由于前后2级功率传递的响应不同，系统整体的动态性能难以保证。不平衡的三相电网环境又会进一步加剧此类变流器控制难度，SST2级间电容承受的电压应力与交流侧的并网电流质量更加难以保障，影响着SST的运行安全与适用性。为此，根据SST前后级的非线性特性，建立三相电网不平衡条件下SST一体化仿射非线性模型。在此基础上，采用输入-输出精确反馈线性化的方法，实现前级电流环、前后级级间电压与SST直流侧电压的解耦，加强了前后2级功率传递的一致性，保障了SST交流侧并网电流的质量。为进一步提高系统整体的动态性能，将解耦的线性系统与积分滑模控制器结合，改善了系统对参数摄动的鲁棒性。仿真和实验结果验证了以上方法的正确性与有效性。","['固态变压器', '不平衡电网', '前后级', '精确反馈线性化', '滑模控制']",T01,T07,1.0,0.7818270795558507,摘要:Transformer,0.5437378530051512,0.4416219968275054,0.6755555555555555,T01,A31,A37,4.0,-0.3409094848441152,关键词:馈线；摘要:馈线,0.0454797713386341,-0.0350677488865371,0.6422222222222222,A38,False,False,False,needs_review,medium,needs_review
ZH_0928,数字孪生技术在船舶综合电力系统中的应用前景与关键技术,"船舶综合电力系统(shipboard integrated power system,SIPS)具有高效率、高可靠性与高可控性的特点，是大型船舶发展的技术前沿与关键支撑。数字孪生技术为船舶综合电力系统的感知、分析与优化提供了新的解决方案。该文探讨了SIPS数字孪生(digital twin for shipboard integrated power system,SIPS-DT)——基于SIPS发展趋势和功能，提出SIPS-DT架构，旨在建立高度集成、闭环自趋优的SIPS新体系，并探讨其潜在应用服务。具体而言，考虑船舶航行环境及平台特点，建立SIPS的数字空间，从物理与数据2个维度刻画SIPS多工况、多时间尺度和多物理量的动态过程，将系统全局和局部特征、规则与经验有机结合。基于数据和知识联合驱动方法对SIPS-DT进行挖掘，在系统异常检测、优化运行和全生命周期维护领域发掘潜在更好的应用。最后，结合当前SIPS的发展需求，分析了SIPS-DT在具体实施过程中需突破的关键问题及技术。","['数字孪生', '大数据分析', '船舶综合电力系统', '框架设计', '建模']",T47,T13,7.5,0.6207539176807076,标题:数字孪生；关键词:数字孪生；摘要:数字孪生,0.3257091141419002,-0.0231863022806592,0.94,T13,A27,A40,1.0,0.7174128717540219,摘要:物理,0.0860060862556402,-0.0184794874712718,0.6155555555555555,A40,False,False,False,needs_review,high,needs_review
ZH_0931,一种双电船舶混合发电单元的有限时间控制器设计,超级电容/锂动力双电船舶中存在着众多级联的电力电子装置和闭环控制的负载变换器，它们都可被视为恒功率负载，其负阻抗特性会放大系统的不稳定，甚至导致整个系统无法正常工作。针对这一问题，提出一种新型有限时间控制器。首先，构建双电船舶直流电力推进系统的数学模型，介绍用于混合发电单元的比例/积分下垂控制。然后，基于有限时间控制理论设计了含双曲正切函数的新型有限时间控制器，通过所设计的有限时间观测器对各类扰动进行观测，并由控制器进行补偿。最后，搭建仿真模型及实验平台，其结果表明，所提控制器可以在保证混合发电单元对母线电压波动分频响应的同时，提高系统带恒功率负载时的大信号稳定性。,"['双电船舶', '直流电力推进系统', '蓄电池-超级电容', '有限时间控制器', '恒功率负载联']",T49,T14,1.0,0.0111992738477807,摘要:下垂控制,0.1826330768090832,0.0799948131984334,0.4878747567881143,T40,A38,A27,1.0,0.0145917473440166,摘要:下垂控制,0.1737615157634653,0.1042267667429762,0.5516064776339739,A38,False,False,False,needs_review,needs_review,needs_review
ZH_0932,省级区域规划实施评估方法和机制探究,"省级区域规划是国家和地方发展和空间规划体系中的重要组成部分。在我国建立更加有效的区域协调发展新机制的实践中,探究我国省级区域规划实施评估中存在的问题,研究和建立更加有效的省级区域规划实施评估的内容、方法和机制,对于进一步落实好省级政府的责任和义务,更好全面、有效实施好省级区域规划具有重要推动作用。文章提出了我国省级区域规划实施评估存在的问题、评估的方法、评估的内容和指标体系,并提出了具体建立更加有效的省级区域规划实施评估机制的建议和设想。","['区域规划', '实施评估', '发展规划', '政策建议']",T41,T21,1.0,0.7250210718318603,摘要:指标体系,0.2225956422949243,0.0358647987990023,0.6755555555555555,T41,A28,A39,0.0,9.973573506349977e-05,,0.0804006476741398,0.0007123981075965,0.4801097093085698,A28,False,False,False,needs_review,medium,needs_review
ZH_0939,西部快速城市化地区近20年土地利用变化及驱动因素分析——以呼和浩特市为例,"以呼和浩特市绕城高速公路内为研究区域,利用1987年和1997年的TM,2006年的UTM遥感数据,对呼和浩特市城市扩展进行研究。结果表明,呼和浩特市城市建设用地1987—2006年间逐年增加,而耕地是城市扩展的主要来源;其间部分牧草地、弃置地、水域主要转化为耕地和城市建设用地。城市土地利用变化剧烈,土地利用正处于发展期。呼和浩特市的自然地理环境及城市人口增加、开发区建设是城市扩展的主要驱动因素。","['土地利用变化', '驱动因素', '呼和浩特市']",T06,T28,0.0,0.0034155901922117,,0.0698411454793231,0.024397072801513,0.483757149211433,T06,A42,A46,1.0,0.0136880998170022,摘要:耕地,0.0970360027861596,0.0977721415500163,0.550612465354258,A42,False,False,False,needs_review,needs_review,needs_review
ZH_0940,数据资讯：2021年全球创新指数,"""全球创新指数""(Global Innovation Index)系列年度报告(以下简称""GII报告"")由世界知识产权组织(World Intellectual Property Organization)与相关机构合作出版,其核心是提供衡量创新表现的指标并对全球132个经济体的创新生态系统进行排名。GII报告以丰富的数据集(来自国际相关部门的81个指标集合)为基础而超越了传统的创新报告;其不再局限于研发实验室及发表的科学论文情况,",[],T25,T11,1.0,0.0013954940031056,摘要:数据集,0.0826366432601456,0.0099678143078976,0.4770905989589717,T08,A09,A24,1.0,0.0072706952299355,摘要:CT,0.0687974582244359,0.0519335373566821,0.4835533203084846,A40,False,False,True,needs_review,needs_review,needs_review
ZH_0942,城市负债研究的国内外进展与展望,"从城市负债内涵、形成机理、影响效应、负债水平的衡量与风险预警以及负债监控政策与手段等方面对相关研究进行了文献梳理和分析总结,并展望了进一步研究的方向和重点。结果表明:城市负债研究在国内外均取得了不少成果,但国内目前的研究存在以中国实践去验证国外理论和经验的情况,且研究视角较为单一,缺乏多学科、广领域、立体层次的研究。因此,未来应在基本内涵上力求综合、完整、全面,关注历史经验和最新数据的监测融合,通过多种分析方法对多层次尺度的数据进行更加细化深入和全面的分析,实现包括经济、社会、地理、人文等多权重要素在内的差异化格局和多要素之间耦合关系的分析。","['城市负债', '机理', '效应', '进展', '中国']",T06,T46,0.0,0.0172154254733359,,0.2384116768985291,0.1229673248095427,0.4989369680206695,T06,A30,A47,0.0,0.0240432049275705,,0.2514252684755144,0.1717371780540754,0.5064475254203276,A30,False,False,False,needs_review,needs_review,needs_review
ZH_0943,湖南武陵山片区农民收入增长及演变特征的县际差异,"以湖南武陵山片区37县市区为样本,应用偏离—份额分析法对各县市区2000—2011年农民收入增长及其演变特征进行了探讨。研究发现,湖南武陵山片区农民收入水平整体低于全国平均水平且差距扩大,但收入结构的演变趋势与全国大体一致;少数市辖区、县级市及经济发达县市农民收入增长较快,在四种增长类型中,快速增长和滞后增长型县市区较少,而结构优势和竞争优势推动型县市区较多;相对于2000—2006年,2006—2011年湖南武陵山片区各县市区农民收入增速明显加快,且收入水平和收入结构分异、差距扩大趋势更加明显,除快速增长型以外,其他三种类型的县市区在空间上趋于同类集聚;工资性收入、财产性收入增长差异对各县市区收入增长差异的贡献较大。","['农民收入', '演变特征', '县际差异', '湖南武陵山片区']",T34,T28,0.0,0.001701139804519,,0.0729400199987191,0.0121509986037073,0.4818712537849709,T34,A39,A25,0.0,0.0028501612320516,,0.0777583131637925,0.0203582945146546,0.4831351773552568,A39,False,False,False,needs_review,needs_review,needs_review
ZH_0945,上海苏州河沿岸创意活动的地理空间及其集聚研究,"苏州河沿岸创意产业集聚带是上海创意产业分布最为显著的地带之一。通过分析苏州河沿岸创意活动的空间分布、集聚驱动机理,探讨作为老工业区的苏州河沿岸创意活动集聚的规律。研究表明,苏州河沿岸历史文化资源的丰富性为创意活动提供了地理空间。创意人员对创意活动区位选择是创意产业园区的主体行为。创意活动集聚从形态模仿、业态选择到生态转型的过程,得益于政策的转向,伴随了创意人员的创造、创意活动之间的联系、企业组织的互动等活动。","['创意活动', '创意产业集聚', '创意产业园区', '苏州河沿岸']",T12,T23,0.0,0.0026944953537063,,0.0974778825201884,0.0192463953836169,0.482963944889077,T12,A21,A31,0.0,0.005296530069853,,0.1328375401022772,0.0378323576418076,0.4858261830768384,A21,False,False,False,needs_review,needs_review,needs_review
ZH_0946,面向区域调频辅助服务市场的南方电网统一调频控制区设计与策略优化,"为深入贯彻落实电力体制改革要求，南方电网公司积极推动南方区域调频辅助服务市场建设。设计了面向区域调频辅助服务市场的南方电网统一调频控制架构，通过技术和管理手段相结合，解决了区域电网多调度机构自动发电控制(automaticgenerationcontrol,AGC)协调控制、与区域调频市场衔接、电网运行调峰调频解耦、省区间联络线控制等问题。为兼顾电网运行安全与市场公平，对统一调频控制策略及参数进行了优化，以满足大扰动下电网频率恢复的控制要求。运行结果表明，面向区域调频辅助服务市场的统一调频控制模式可有效提高电网的频率质量，加快大扰动下电网频率的恢复速度，能够充分发挥南方电网大平台对调频资源的优化配置作用。","['区域调频辅助服务市场', '统一调频控制', 'AGC协调控制', '调峰调频解耦', '省区间联络线控制']",T49,T37,1.0,-0.0015107599747231,摘要:控制策略,0.0435292441724626,-0.0107911426765934,0.4755555555555555,T28,A36,A28,0.0,0.0180041546697916,,0.2326111541076641,0.1286011047842257,0.4998045701367707,A36,False,False,False,needs_review,needs_review,needs_review
ZH_0951,北京市住宅租金空间结构及其影响因素,"以北京市六环内住宅租金空间和非空间数据为基础,运用空间自相关分析和Kriging插值等方法,研究北京市住宅租金空间分布规律,探究其形成的影响因素。研究表明:北京市住宅租金空间自相关性显著,住宅租金整体上呈现由市中心向外圈层衰减的规律,高—高(HH)集聚类型主要分布于北城,低—低(LL)集聚类型则主要分布在南城。人口密度、城市房地产开发、就业中心、城市功能分区、交通条件及公共服务设施水平等因素影响北京市租金空间结构形成。其中,交通条件及公共服务设施对区域住宅租金高低有决定性作用。这些因素通过影响租赁住宅的需求与供给、住宅居住效用这两方面决定城市住宅租金水平。","['住宅租金', '空间结构', '影响因素', '北京']",T48,T30,1.0,0.7404854072439306,摘要:空间自相关,0.2680757171669563,0.1463243374566477,0.6755555555555555,T48,A46,A47,1.0,-0.0138496144654842,摘要:交通,0.0521500357424945,-0.0989258176106019,0.4755555555555555,A47,False,False,False,needs_review,medium,needs_review
ZH_0953,采用自补偿复合电流判据的变电站长段动力电缆漏电监测方法,长期以来，变电站长段动力电缆漏电缺乏有效监测手段。基于对漏电电流变化特征以及现有监测方法局限性的分析，提出了一种采用自补偿复合电流判据的变电站交流系统长段动力电缆漏电监测方法。该方法通过引入动力电缆两端剩余电流和单相电流信息，构建由稳态剩余电流判据、剩余电流增量判据、稳态剩余电流差动判据、单相剩余电流差动判据相结合的复合判据，实现对长段电缆不对称漏电、三相漏电的可靠辨识。仿真计算和现场实践结果表明，所提方法能够有效监测交流系统长段动力电缆各种漏电故障，提升站内交流系统智能运维水平。,"['剩余电流', '差流', '长段动力电缆', '复合电流判据', '漏电监测', '智能运维']",T15,T36,0.0,0.0006309186526433,,0.1438049600334895,0.0045065618045954,0.4806940105179076,T15,A15,A26,0.0,0.0018848324182887,,0.1148628123721344,0.0134630887020624,0.4820733156601176,A15,False,False,False,needs_review,needs_review,needs_review
ZH_0954,地下水-农田生态系统关键过程综合试验模拟装置（禹城地下水农田模拟装置）,"黄河下游引黄灌区是我国重要的粮食保障基地。该地区当前面临严重的缺水和水资源分配不足问题,从而导致地下水位快速下降。由此对未来农业及生态环境的影响存在诸多未知和不确定性,已成为当前农田生态系统研究的热点。在中国科学院野外站网络重点科技基础设施建设项目的支持下,中国科学院禹城综合试验站(以下简称""禹城站"")/山东禹城农田生态系统国家野外科学观测研究站2016—2020年建成了16个地下水位可调控的封底样地群构成的地下水-农田生态系统关键过程综合试验模拟装置(以下简称""禹城GAS"")。禹城GAS集成了大型封底样地子系统、地下水位自动调控子系统、土壤温度-湿度-盐分监测子系统、土壤水采集子系统、根系生长监测子系统、地下水水量-水质动态监测子系统、关键带动态监测子系统、农田生态系统水碳氮交互作用研究子系统、近地面无人机作物长势-多光谱监测子系统等9个子系统;通过多方法定位监测、多要素分层解析、多尺度立体监测组成的综合监测体系,禹城GAS可支撑开展地下水动态变化情景下农田生态系统碳氮水养分循环、粮食安全、生态安全和环境安全相关的基础试验研究和国际前沿探索。","['地下水位', '农田生态系统', '生态过程', '试验研究', '科学装置']",T29,T11,0.0,0.0240171806612291,,0.3162616166852304,0.1715512904373513,0.5064188987273521,T29,A51,A42,1.0,-0.3680425586773638,摘要:水资源,0.0204196413400341,-0.0574468476954555,0.4755555555555555,A13,False,False,False,needs_review,needs_review,needs_review
ZH_0956,"加强喀斯特关键带长期观测研究,支撑西南石漠化区生态恢复与民生改善","中国科学院普定喀斯特生态系统观测研究站长期致力于我国西南喀斯特表生过程研究,研究成果揭示了贵州高原喀斯特生态系统物质循环规律及驱动力,论证了我国西南喀斯特碳、氮等营养元素和水循环过程与全球变化响应、反馈机制;剖析了喀斯特生态系统结构与功能、格局与过程,实现对石漠化发生、演变动力学机制的深刻解析,探明了喀斯特退化生态系统修复的途径和机理,并进行示范;针对喀斯特不同地质地貌类型区特点,构建了石漠化治理与生态恢复模式,为西南石漠化地区的生态恢复提供了基础理论和技术支撑。","['喀斯特', '生态系统', '生态恢复', '长期定位监测', '石漠化']",T29,T15,0.0,0.0031436095745581,,0.136076900683532,0.0224543541039868,0.4834579705320139,T29,A28,A23,1.0,0.0049062861827758,摘要:地质,0.0487899936495116,0.0350449013055424,0.480952470356609,A12,False,False,False,needs_review,needs_review,needs_review
ZH_0959,湖南“省直管县”财政体制改革对县域经济发展影响实证分析,"湖南省决定从2010年1月1日起推行""省直管县""财政体制改革。这一改革已实施五年,有必要对政策效果进行研究。利用双重差分法(DID)对湖南省14个市州和122个县2005—2014年的数据进行实证研究。研究结果表明:""省直管县""财政体制改革有助于促进贫困县县域经济的发展;""省直管县""财政体制改革有助于促进非贫困县县域经济的发展;""省直管县""财政体制改革对市本级经济发展也具有促进作用。""省直管县""财政体制改革对县域经济发展的促进程度有赖于县域经济的发展水平,湖南""省直管县""财政体制改革更有利于贫困县经济的发展。并提出湖南应进一步扩大""省直管县""改革实施范围,扩大县级政府的经济发展权限。","['财政体制改革', '“省直管县”', '贫困县', '非贫困县', '经济增长', 'DID分析法']",T42,T34,4.0,0.723486957238882,关键词:DID；摘要:DID,0.1417083686232707,0.0249068374205858,0.8422222222222222,T42,A24,A05,0.0,0.0024849204143414,,0.081799797718176,0.0177494315310101,0.4827334124557755,A24,False,False,False,needs_review,high,needs_review
ZH_0966,基于受扰后量测响应信息的两阶段电力系统暂态稳定评估,"为充分挖掘电力系统受扰后的量测响应信息，并提供给后续控制更丰富的参考，提出了一种基于快照集成门控循环单元(gated recurrent unit,GRU)网络的两阶段电力系统暂态稳定评估方法。该方法通过单次训练过程即可高效构建集成模型，且直接面向底层量测数据，可快速完成线上部署。在线应用时，首阶段通过分类模型进行动态的分层评估，逐级筛选出可信样本；次阶段利用回归模型实现进一步的暂态稳定裕度定量预测。此外，通过对模型的损失函数进行修正，有效克服了样本不平衡并强化了对困难样本的挖掘。仿真结果验证了所提方法的有效性，且所提模型的评估性能相较于其他机器学习模型具有显著优势。该文作为前瞻性理论研究，为数据驱动的在线暂态稳定评估的实现提供一种新思路。","['暂态稳定评估', '深度学习', '集成学习', '门控循环单元', '受扰轨迹', '损失函数']",T49,T01,7.5,0.4452070389685958,标题:暂态稳定；关键词:暂态稳定；摘要:暂态稳定,0.1999332781896993,0.0943359926328269,0.98,T49,A26,A25,1.0,0.7183363768042597,摘要:机器学习,0.1048407404373147,-0.0118830228267171,0.6155555555555555,A25,False,False,False,needs_review,high,needs_review
ZH_0967,基于BP人工神经网络的小城镇生态规划研究——以梅河口市中和镇为例,"试图将人工神经网络方法引入生态规划,采用BP(Back-Propagation)神经网络建立生态适宜度评价模型,并用于实际的生态适宜度分析中,从而为生态规划提供一种新的方法。对案例区梅河口市中和镇生态健康水平进行评价,结果显示:中和镇生态现状处于亚健康水平。从生态规划学理论和神经网络模型出发,以梅河口市中和镇实际调查数据为基础,利用MATLAB7.0软件建立生态适宜度分析模型。利用建立的评价模型对中和镇的生态适宜性进行评价。根据生态适宜性评价结果和生态健康水平提出中和镇生态区划方案。","['生态规划', 'BP人工神经网络', '生态适宜度', '小城镇']",T01,T21,0.0,0.0245835897357659,,0.3106603163925071,0.1755970695411853,0.5070419487093425,T01,A04,A26,0.0,0.0067679802308152,,0.1918634881904883,0.0483427159343946,0.4874447782538967,A04,False,False,False,needs_review,needs_review,needs_review
ZH_0968,新型工业化背景下湖南省承接国内外先进汽车产业技术转移策略研究,"新型工业化强调工业化进程中的环保、节能与安全,突出与信息化等现代高科技发展紧密结合。在国际金融危机影响下,国内外优秀汽车产业技术转移力度增强,为湖南省加快发展提供了一个难得的承接技术转移机遇。本文在对湖南承接国内外先进汽车业技术转移的意义、优势条件及约束因素进行分析的基础上,从承接层面、目的、目标、重心及路径方面提出了承接国内外先进汽车产业技术转移的策略。","['新型工业化', '湖南', '汽车业', '技术转移', '策略']",T32,T47,0.0,0.0047002616208678,,0.1582022640076724,0.0335732972919132,0.4851702877829546,T32,A50,A43,1.0,0.7008561030140974,摘要:金融,0.0349769151681862,-0.1367421213278759,0.6155555555555555,A43,False,False,False,needs_review,needs_review,needs_review
ZH_0973,生物技术启发下的信息技术革新,"仿生概念将生物学和工程技术结合在一起,以最灵活、最高效、最可靠、最经济的方式,为人们改善和创造新的技术设备、促进技术革新、解决技术难题提供新原理、新方法和新途径。在大数据与智能化的时代背景下,信息技术虽不断向前发展但仍然面临诸多挑战,海量数据爆发式增长带来的存储、计算和分析需求,以及随其而来的能耗、效能挑战,迫切需要信息技术寻求新的发展方向。借助生物技术的启发,从生物结构中寻找信息技术革新方案,正成为国际前沿研究方向。DNA数据存储和神经形态计算,作为当前活跃的新兴研究领域,是两个具有代表性的方向,未来发展前景十分广阔。文章主要从这两个方向的发展现状及趋势出发,尝试分析受生物技术启发的信息技术发展的动因、趋势及前景。未来20年,将是生命领域与信息领域交叉融合的重要时间窗口。通过向生命系统学习和模拟,以及借鉴生物技术研究提供的新思路、新原理和新理论,信息领域将会产生若干颠覆性的技术与应用,并影响整个学术界与产业界。","['信息技术', 'DNA存储', '人工智能', '神经形态计算', '类脑芯片', '仿生学']",T45,T09,0.0,0.003910155084855,,0.2046590356528748,0.0279296791775359,0.4843011705933405,T45,A26,A22,3.0,-0.1934221139910411,关键词:人工智能,0.259583890305854,-0.0958722427931513,0.5866666666666667,A22,False,False,False,needs_review,needs_review,needs_review
ZH_0974,2000年以来中国高耗能产业的空间格局演化及其成因,"优化高耗能产业空间布局对新时期推进经济高质量发展和生态文明建设都具有重要意义。基于2000—2016年的省级面板数据,文章探讨中国高耗能产业的空间布局演化及其成因。通过计算区位基尼系数、产业集中度,发现高耗能产业省区分布较为集中,主要分布在山东、江苏、河南、广东等少数省份。动态格局方面,高耗能产业的空间格局发生重大变化,集疏过程经历""集聚—扩散—集聚""的阶段性变化。区域间主要表现为东北地区向中西部地区转移,东部地区产业份额总体不变,但区域内部格局变化显著,表现为北京、上海和广东向山东和江苏发生大规模转移。基于相关理论,文章构建高耗能产业空间分布影响因素的计量模型。统计分析表明,经济发展水平和历史基础是影响高耗能产业布局的主要因素,但影响强度正在逐步弱化;资源禀赋和经济全球化通过影响企业原材料和中间产品获取途径作用于高耗能产业的空间布局,但前者作用强度正逐渐减弱,而后者的影响则日益突出;环境规制和政府干预正逐渐成为促使高耗能产业空间扩散的重要驱动力。","['高耗能产业', '面板数据', '资源节约与环境友好', '产业转移', '环境规制', '高质量发展']",T42,T48,5.0,0.0809510874139156,关键词:面板数据；摘要:面板数据；摘要:计量模型,0.1430703481316485,0.0639363386708259,0.8468239739330852,T42,A15,A43,0.0,-0.7385210724044499,,0.0466460620869283,-0.1322933743174993,0.26,A43,False,False,False,needs_review,high,needs_review
ZH_0975,中国北方草地生态系统服务评估和功能区划助力生态安全屏障建设,"北方草地是我国重要的绿色生态屏障,也是黄河、长江、澜沧江、滦河等江河的发源地和水源涵养区,其对保障我国生态安全,提升生态系统服务和生态系统稳定性具有极其重要的作用。长期以来,我国在畜牧业生产中重视草地的生产功能,而忽视其生态功能,导致生产功能过度利用,以及生态系统服务和生态功能降低,继而严重威胁着我国的生态安全。开展北方草地生态系统服务评估,制定北方草地主体功能区划,是构建和优化生态安全屏障体系,科学配置草地的生态-生产功能,推进生态文明,统筹山水林田湖草一体化保护和修复,建设""美丽中国"",实现人与自然和谐共生的国家重大科技需求。文章基于北方草地生态系统服务和资源环境条件的空间分异规律,将北方草地划分为7个功能区、25个亚区。该生态功能区划将为制定区域国土空间规划,科学布局重要生态系统保护和修复重大工程,统筹推进生态保护和修复工作提供重要的科技支撑。","['中国北方草地', '生态系统服务', '生态系统服务价值评估', '生态功能分区', '生态-生产功能合理配置', '生态安全屏障']",T21,T48,3.0,0.4762930630603443,关键词:价值评估,0.0991666636832962,-0.02647812099754,0.7266666666666667,T29,A44,A51,1.0,-0.0048435519109585,摘要:生态保护,0.1237575217163948,-0.0345967993639899,0.4755555555555555,A12,False,False,False,needs_review,medium,needs_review
ZH_0978,北京市城区住宅地价的时空变化规律,"揭示大城市住宅地价的时空变化规律,有助于政府制定合理的房价调控和土地利用政策。传统统计和空间分析相结合的方法。2005年后新城区地价增幅明显高于老城区。五环外地区因充足的土地供给、交通状况的改善而逐渐成为住宅开发的重点。南部地区地价涨幅明显,地价""北高南低""现象有所缓解。北京的居住功能已经由老城区转至新城区,环线地价的空间布局呈明显的波浪推移状态。","['土地经济', '住宅地价', '时空分布', '新旧城区', '五环外区域']",T31,T24,0.0,0.0034601191239568,,0.133214802809918,0.0247151365996917,0.4838061310363525,T31,A46,A42,1.0,0.7044060627502007,摘要:交通,-0.0313286730175909,-0.1113852660699944,0.6155555555555555,A42,False,False,False,needs_review,needs_review,needs_review
ZH_0979,基于“时空图”的广州市社会空间分异,"传统社会空间分异指数的测算是建立在均质平面欧氏空间内,注重空间的结构与组成,而较少关注空间本身。文章在社会空间分异指数计算过程中将两点之间直线距离转变为空间作用成本,利用多维标度方法(MDS)构建时空图对传统社会空间分异指数进行修正,对比修正后指数与传统指数的差异,并以广州为例探讨反映的社会空间分异特征。得到以下结论:①通达性分异指数(修正后的指数)能反映作为人的社会性分异而非物质形态的分异;由于""空间变量""在空间分异指数不同维度的权重的差异,这种空间修正方法对基于面积周长比的分异指数相对于基于距离函数的分异指数的影响要小得多。②对比修正前后的空间分异指数,由于相对拥堵的市中心的时间距离比城市郊区要大,市中心的实际隔离程度被低估了。而通行距离坐标系统中市中心通达性比城市郊区更高,受道路拥堵影响较弱的人群在市中心的隔离程度相对于市郊区又相对被高估。③通行距离坐标系统中空间分异测算的均匀性维度指标影响较小,而接触性维度指标受的影响非常显著。文章新构建的坐标系统将原来两点之间的直线距离转变为将个体移动路径作为空间作用成本,基于此坐标系统计算的通达性分异指数更能反映""人的空间""。","['社会空间分异', '时空图', '多维标度分析法', '通达性']",T48,T30,7.5,0.7439865790765867,标题:空间分异；关键词:空间分异；摘要:空间分异,0.3256888946632336,0.1713327076899056,0.98,T48,A50,A39,0.0,0.0024629858238655,,0.1242944125598393,0.0175927558847539,0.482709284406252,A50,False,False,False,needs_review,high,needs_review
ZH_0980,青岛市迈向现代化国际城市综合评价及战略对策,"借鉴国内外有关现代化国际城市的研究成果和资料 ,探索了青岛市建设现代化国际城市的基本指标体系和基本标准 ,并对青岛市建设现代化国际城市进行定量分析和战略探讨","['青岛市', '国际城市', '综合评价']",T41,T28,7.5,0.7565315104506588,摘要:指标体系；标题:综合评价；关键词:综合评价,0.5163598978231736,0.2609393603618488,0.98,T41,A29,A15,0.0,0.000162416927789,,0.0803842171602251,0.0011601209127787,0.4801786586205679,A29,False,False,False,needs_review,high,needs_review
ZH_0981,粤港澳共建环珠江口“湾区”经济研究,"在""金融危机""冲击之下,世界各地都在为本地区的经济发展作出新的思考和规划。2009年初,国家出台《珠江三角洲地区改革发展规划纲要(2008—2020年)》,明确提出""支持共同规划实施环珠江口地区的‘湾区’重点行动计划""。本研究以""湾区""为载体,以争当第三条亚欧大陆桥的桥头堡为目标,制度先行,构建便捷交通网络,强化区域创新系统建设,建立统一市场,深化合作领域和层次,从而构筑起粤港澳和谐持续的经贸关系,以提升对全国经济及亚欧经济的带动能力。","['湾区', '区域合作', '制度创新', '珠江三角洲']",T18,T37,0.0,0.0005033507125478,,0.1198052951778024,0.0035953622324845,0.4805536857838026,T18,A46,A50,1.0,0.0097446728148807,摘要:交通,0.1317566583912671,0.0696048058205771,0.4862746956519244,A39,False,False,False,needs_review,needs_review,needs_review
ZH_0984,面向区域间振荡模式的电力系统小扰动惯量域构建,"为提升低惯量电力系统的小干扰稳定性,给出保障适应新能源发展的合理惯量裕度,并明确惯量分布对于互联系统小干扰稳定性的影响规律。研究了惯量分布对系统区域间振荡模式的影响规律,构建了面向区域间振荡的电力系统小扰动惯量域(Small Signal Inertia Region, SSIR)。首先,基于部分惯量中心(Part of the Center of Inertia,PCOI)等值方法和多项式Leverrier解法,构建了等值两机系统区间振荡模式阻尼比解析式。在此基础上,依据临界阻尼比构建了计及小干扰稳定约束的惯量域。进而,对区域互联系统惯量分布和小干扰稳定性之间的联系进行解析。最后,对惯量域进行全面分析,并在新能源系统中进行了初步验证。仿真结果表明,所提出的计算方法能够实现电力系统小扰动惯量域的准确、快速构建,增强低惯量电力系统小干扰稳定性的评估和监控能力,并为新能源惯量域的构建提供理论指导。","['新能源', '区域间振荡模式', '小干扰稳定', '状态矩阵', '阻尼比', '惯量域']",T40,T49,0.0,0.0066705677515693,,0.2104243582659912,0.0476469125112097,0.4873376245267262,T40,A34,A22,0.0,0.0060120231497158,,0.1566989453101245,0.0429430224979704,0.4866132254646874,A34,False,False,False,needs_review,needs_review,needs_review
ZH_0985,中国五大城市群生态效率的演变及其影响因素,实现最优生态效率对于改善环境条件同时确保经济增长至关重要。基于城市群视域，运用非期望产出的超效率SBM模型，测度京津冀、长三角、珠三角、长江中游和成渝城市群99个城市2010—2019年的生态效率，揭示五大城市群生态效率时空演变规律，进一步通过Tobit模型识别五大城市群生态效率的影响因素。研究发现：(1)五大城市群生态效率总体发展较为稳定，呈上升趋势。2010—2019年，五大城市群生态效率均值由大到小依次为：长三角>珠三角>京津冀>成渝>长江中游。(2)京津冀城市群呈现升—降—升—降的“M”型结构，珠三角城市群呈现升—降的倒“V”型结构，长三角、长江中游和成渝城市群呈平稳上升趋势，且长江中游城市群增幅最大。(3)经济发展水平、人口密度对城市生态效率有显著的正向影响，产业结构、对外开放、技术创新和政府支持起到了负向影响，而城镇化的正向影响不显著。基于此，提出重视区域异质性，发挥政府在经济和产业结构中的宏观调控作用等政策建议。,"['城市群', '生态效率', '京津冀', '长三角和珠三角', '技术创新', '产业结构', 'SBM-Tobit模型']",T19,T09,0.0,0.0001591502390416,,0.0616335207879609,0.0011367874217258,0.4801750652629458,T19,A41,A39,1.0,-0.7192885209377619,摘要:城镇化,0.0471731403991149,-0.2586542704345631,0.4755555555555555,A39,False,False,False,needs_review,needs_review,needs_review
ZH_0987,常德市住宿业空间结构时空演化特征及影响因素,"住宿业空间结构的研究在大型城市、省会城市较多见,而对经济发展水平较靠前的普通地级城市很缺乏,常德市在上述方面具有较好的代表性。文章将常德市住宿企业发展时期分为5个阶段,采用ArcGIS中的最邻近指数、核密度估计与标准差椭圆及相关系数进行分析,研究发现:①时间上,常德市住宿企业从2008年开始,整体呈增长趋势;②住宿企业重心向东南方向扩张,主要集中在武陵区与鼎城区,且住宿企业集聚程度不断加强;③住宿企业在已有或新成集聚区、片区中数量不断增加,密度不断加大,分布上整体呈现一""核""、多""点""、成""片""特征;④住宿企业整体上受交通站点、行政中心、商业中心、地区生产总值影响明显,但是A级景点、人口密度两个因素的影响有一定差异。未来的住宿业布局与经营应关注:①政府需加强对交通沿线住宿企业的布局规划力度;②加大在石门、桃源、澧县等旅游资源丰富的区域布局;③注重对现有住宿业的升级改造,适当增加高星级住宿企业数量,提升服务水平。","['住宿业', '时空演化', '交通条件', 'A级景点', '人口密度', '常德']",T48,T44,2.0,-0.5171420313949846,摘要:ArcGIS；摘要:GIS,0.1371384933938593,-0.1334320923817586,0.5311111111111111,T44,A45,A46,1.0,-0.5376424337333598,摘要:旅游,0.0194406193701403,0.0168397590474295,0.4755555555555555,A43,False,False,False,needs_review,needs_review,needs_review
ZH_0990,特大城市两种高压配网典型接线可靠性比较研究,"随着电网规模的扩大,110 kV电网在特大城市内多用作高压配网。因此,对110 kV高压配网两种典型接线双链式接线和""3T""接线的可靠性进行了比较研究。给出了用解析法求解两种典型接线可靠性指标的方法,以及两种不同接线的可靠性指标理论计算值。此外,还对两种不同接线进行了灵敏度分析。结果表明,两种接线方式都能满足电网结构实际运行的需要,但""3T""接线的停电时间短于双链式接线,并且对备自投装置的正确投运率的灵敏度更好。","['高压配网', '典型接线', '可靠性', '双链式接线', '“3T”接线']",T33,T08,0.0,0.0057814309428438,,0.1578536582525649,0.041295935306027,0.4863595740371281,T33,A32,A31,0.0,0.0034909192789058,,0.1560046565807751,0.0249351377064703,0.4838400112067964,A32,False,False,False,needs_review,needs_review,needs_review
ZH_0992,山西电力现货市场中长期与现货衔接问题及对策,"中长期交易与现货市场的衔接是现货市场建设需要考虑的关键要素之一。山西发用两侧均参与的集中式现货市场已在各类典型电网运行方式下经过多次结算试运行。文章对山西在市场化中长期交易与现货市场衔接方面存在的问题进行了深入分析,指出尽快建立容量补偿机制、开展适应现货市场的中长期分时段交易是解决问题的关键。最后结合现货结算试运行设计了一种新的中长期分时段交易机制,包括交易方式、交易周期、合同分解、风险控制等内容。","['电力现货市场', '结算试运行', '中长期与现货衔接', '容量补偿机制', '中长期分时段交易']",T38,T11,0.0,0.0077614406714607,,0.1279740932551152,0.055438861939005,0.4885375847386067,T38,A36,A50,0.0,0.0109306574541039,,0.1386148125343348,0.0780761246721712,0.4920237231995144,A36,False,False,False,needs_review,needs_review,needs_review
ZH_0994,基于可编程电源的数模动模混合仿真系统研究,为满足现代电力系统实时仿真的发展需求，提出一种基于可编程电源的数模动模混合仿真系统。利用动模实验室搭建动模仿真系统，并在RTDS中搭建39节点系统作为数字仿真系统模型，结合以理想变压器模型算法作为功率接口算法的接口系统，形成一个800 V/345 kV的动模数模混合实时仿真系统实验平台。在研究混合仿真接口两端系统延时对系统稳定性和准确性影响基础上，提出用二阶相位超前环节对下发通道和上传通道的接口延时进行相位补偿，以提高系统稳定性和准确性。通过对所搭建的数模动模混合仿真系统的实验，并与纯数字仿真进行对比分析，进一步验证了混合仿真系统的有效性。,"['数模混合实时仿真', 'ITM接口算法', '相位补偿', '纯数字仿真']",T17,T28,1.0,0.678703935084282,摘要:实验平台,-0.0502539644641281,-0.2949718922551285,0.6155555555555555,T28,A37,A03,1.0,0.7050859368068991,摘要:变压器,0.0051555425981964,-0.1065290228078639,0.6155555555555555,A03,False,False,False,needs_review,medium,needs_review
ZH_0995,高通量作物表型监测:育种和精准农业发展的加速器,"表型是研究""基因型-表型-环境""作用机制的重要桥梁,研发具有自主知识产权的作物表型监测平台对于加速育种进程和辅助精准农业监测具有重要意义。Crop 3D表型监测系统以水稻和玉米等主要粮食作物为研究对象,实现了多尺度、多时序作物全生育期的生长动态监测,为育种提供了重要数据支撑。文章首先综述了国内外关于表型平台的研究进展,进而介绍了Crop 3D系统平台的主要研究进展,最后对未来表型研究的方向进行了展望。","['育种', '高通量', '表型', '激光雷达', '无人机']",T24,T06,1.0,-0.3557327469520662,摘要:基因型,0.1753676676012226,0.0304803789138121,0.4755555555555555,T46,A17,A42,3.0,-0.3370928611743456,关键词:激光,0.0096686773829433,-0.0701438135829888,0.5866666666666667,A22,False,False,False,needs_review,needs_review,needs_review
ZH_0998,智能变电站二次设备即插即用理论模型与应用研究,为解决智能变电站新建及改造过程中二次设备配置繁琐和文件生成复杂的问题，提出了智能变电站二次设备即插即用理论模型。为实现即插即用的功能，首先设计了二次设备即插即用框架，针对设计的框架，从硬件层面和软件层面实现需求功能。硬件方面采用双核异构处理器外加FPGA构成的三核硬件平台，软件方面实现分层化设计，由支持层、功能层、应用层系统组成，实现了层与层的解耦，便于后期维护和软件组件的重用。在二次设备模型基础上，增加即插即用特有的数据及功能描述，从设备、数据和功能三方面进行了说明。为测试功能应用，进行保护和测控两方面验证仿真。同时设计了二次设备顺序控制、防误闭锁、五防闭锁和虚端子校验等方面控制校核逻辑。最后，通过功能测试证明了所设计模型可正确自动进行设备配置的读取、下装和相关参数配置修改。,"['智能变电站', '即插即用', '二次设备', '顺序控制']",T16,T17,4.5,0.5897907817055872,标题:理论模型；摘要:理论模型,0.1582232427975766,0.2127912978970515,0.8699999999999999,T16,A26,A37,0.0,0.0001189192125053,,0.1433113852787562,0.0008494229464671,0.4801308111337559,A26,False,False,False,needs_review,high,needs_review
