document_id,ch_name,ch_abstract,keywords,technical_cluster_id,technical_secondary_id,technical_evidence_score,technical_margin,technical_evidence,technical_semantic_score,technical_semantic_margin,technical_confidence,technical_semantic_top,application_cluster_id,application_secondary_id,application_evidence_score,application_margin,application_evidence,application_semantic_score,application_semantic_margin,application_confidence,application_semantic_top,abstract_missing,title_missing,keywords_missing,gold_quality,technical_gold_quality,application_gold_quality
ZH_0001,土地流转和社会化服务对农业全要素生产率的影响实证分析,文章基于2010—2021年中国30个省份面板数据，采用SBM模型和空间计量模型实证探究了规模经营视角下土地流转和农业社会化服务对农业全要素生产率的影响、空间溢出效应及其交互效应。研究发现：(1)2010—2021年，全国层面和省级层面农业全要素生产率均呈现增长态势。(2)土地流转和农业社会化服务均能显著促进农业全要素生产率提升，且两者交互项系数显著为正，在效率提升过程中是“相得益彰”的共赢关系。(3)土地流转和农业社会化服务均具有显著正向空间溢出效应，能够促进邻近地区农业全要素生产率提升。据此，提出要推动农业社会化服务体系和土地流转体系协同联动发展，充分发挥好农业规模经营的正向空间溢出效应，共同促进农业生产提质增效。,"['土地流转', '农业社会化服务', '农业全要素生产率', '空间溢出效应']",T42,T47,2.0,0.73577186849381,摘要:面板数据；摘要:计量模型,0.1725381870088302,0.1126562035272142,0.731111111111111,T42,A42,A12,15.0,0.7439088585517702,标题:农业；关键词:农业；摘要:农业；标题:土地流转；关键词:土地流转；摘要:土地流转,0.3121514687159576,0.1707775610840732,0.98,A42,False,False,False,medium,medium,high
ZH_0004,中国省域共同富裕水平测度、时空分异与障碍因素,测度中国共同富裕发展水平并分析其时空分异特征与障碍因素，能够为扎实推动共同富裕提供量化支撑。文章从富裕程度、共享程度、可持续性3个维度构建了包含24个指标的中国共同富裕综合评价指标体系，采用纵横向拉开档次法测度2013—2021年中国共同富裕水平。同时，基于Dagum基尼系数及其分解方法、核密度估计以及莫兰指数对中国共同富裕时空分异特征进行分析。最后运用障碍度模型，诊断影响中国共同富裕水平提高的障碍因子。结果表明：(1)样本期内中国共同富裕水平稳步提高，总体呈现“东部>东北>中部>西部”及“南强北弱”的空间发展格局；以各维度中位数为划分标准，可将各省份划分为“全面领先型”“持续发展型”“可持续引领型”“富裕引领型”“共享引领型”及“相对滞后型”6种发展模式。(2)中国共同富裕水平整体差异不断缩小，不同地理分区共同富裕水平的动态演进特征差异较大。(3)全国、南方地区、北方地区存在“高—高”“低—低”的聚集式发展格局，且中国共同富裕水平具有较高的空间稳定性。(4)影响共同富裕水平提高的主要障碍因子涉及创新产出、法治环境、收入水平、分配结构、创新环境、生态保护及城市基础设施建设等诸多方面。,"['共同富裕', '时空分异', '障碍因素', '高质量发展']",T44,T41,2.0,0.0287443770323707,摘要:障碍度模型；摘要:Dagum基尼,0.3640029935902658,0.2053169788026477,0.6227299258467189,T44,A41,A46,7.5,0.6638304583171182,标题:共同富裕；关键词:共同富裕；摘要:共同富裕,0.3718901204061252,0.284503273693702,0.98,A41,False,False,False,medium,medium,high
ZH_0011,适应能源转型发展的输配电价动态激励机制研究,在能源转型的背景下，“重约束，轻激励”的输配电定价方式已不适应输配电网络低碳、安全、高效转型的发展需求。因此，该文设计了一种激励与约束相容的输配电价动态激励机制，研究表明：转型阶段下，需要进一步通过优化电网投资结构，减少投资冗余来提高输配电网络运营效率，电网仍是成本超支风险的主要承担者；省级电网的低碳、安全、高效之间的耦合协调程度整体呈现为逐年提升；所提激励机制兼顾差异性和公平性，有利于各省输配电网的清洁、低碳、可持续发展。,"['新型电力系统', '输配电价', '数据包络分析', '耦合协调', '动态激励机制']",T41,T44,3.0,0.7119876732004538,关键词:数据包络分析,0.2423714401466401,-0.0572309057110446,0.7266666666666667,T44,A31,A36,1.0,-0.6293866961016128,摘要:配电网,0.1511986045199086,-0.0384764007258062,0.4755555555555555,A36,False,False,False,needs_review,medium,needs_review
ZH_0012,基于临界超标样本扩充的数据驱动短路电流超标精准校验方法,"短路电流超标校验中，针对现有技术在临界超标场景下存在计算精度不足、易误判的缺陷，提出一种基于临界超标样本扩充的数据驱动短路电流超标精准校验方法。首先，在短路电流领域首次采用生成对抗网络(generative adversarial networks,GAN)产生与蒙特卡洛模拟具有相同效力的大量样本，再筛选其中的临界超标样本；其次，设计了一种临界超标占比高、非临界超标占比低的新型样本构成方式，据此融合GAN生成临界超标样本与蒙特卡洛仿真样本以形成数据驱动样本集；继而，采用数据驱动的代表性回归算法LightGBM开展短路电流超标校验；最后，仿真结果表明所提方法能有效提高短路电流超标的校验准确度，相比其他物理计算方法和数据驱动方法具有更高效率和计算精度，以及更快的计算速度。","['短路电流超标校验', '临界超标样本扩充', '生成对抗网络', '数据驱动']",T36,T01,4.0,-0.2054024522822424,关键词:短路电流超标校验；摘要:短路电流超标校验,-0.1117640550362482,-0.4385889448731597,0.6422222222222222,T01,A27,A30,1.0,0.7116247861912713,摘要:物理,0.0457096306496436,-0.0598229557766328,0.6155555555555555,A30,False,False,False,needs_review,medium,needs_review
ZH_0030,基于关系超图增强Transformer的智能站二次设备故障诊断研究,"随着智能变电站二次设备的状态感知与自描述能力不断提升，在提高电网调控细粒度的同时，其海量、驳杂、离散的状态信息也使故障诊断难度倍增。为提高二次设备故障诊断精度与效率，提出基于关系超图增强Transformer的二次设备故障诊断算法。首先利用Apriori算法挖掘故障信号间的关联规则，构建关系超图。然后利用超图卷积神经网络(hypergraph convolutional neural network, HGCN)和微调标准Transformer网络学习故障特征间的高阶关系和上下文表达，再经过误差反向传播、非线性传递函数预测故障类型。最后，以某地区一年的二次设备运行数据作为算例进行分析。结果表明，所提方法能够去除冗余信息干扰，准确定位故障元件和诊断故障类型，为智能运维提供支持。","['关系超图', '超图卷积神经网络', '故障预测', '二次设备', '设备关联模型']",T36,T01,4.5,-0.4050067162131792,标题:故障诊断；摘要:故障诊断,0.2078177771095765,-0.472737048581532,0.6699999999999999,T01,A37,A09,0.0,0.0151842904014829,,0.3269786527143418,0.1084592171534497,0.4967027194416312,A37,False,False,False,needs_review,medium,needs_review
ZH_0032,混合级联型HVDC系统的后续换相失败预判方法,"白鹤滩—江苏±800k V特高压直流输电工程于2022年7月1日在中国投运，在世界上首次创造性地研发应用了特高压混合级联直流输电新技术方案。基于此系统背景对逆变侧电网换相换流器(line commutated converter,LCC)进行具有一定时间裕度的后续换相失败预判。分析了LCC控制器对电气量的控制作用和模块化多电平换流器(modular multilevel converters,MMC)对LCC的电压支撑作用，明确了混合级联直流输电系统逆变侧LCC发生后续换相失败的机理。推导了逆变侧LCC在首次换相失败后恢复过程末期关断角与故障后线路传输功率最小值的关系，定义了阈值功率的概念。然后建立了关断角与阈值功率的定量关系，提出一种故障后直流传输功率最小值与功率阈值相比较的后续换相失败预判方法。最后在PSCAD/EMTDC中搭建了相应的仿真模型，验证了理论分析和预测方法的准确性。","['混合级联直流输电系统', '后续换相失败预判', '交流故障', '阈值功率']",T14,T06,2.0,0.7027244778233772,摘要:PSCAD；摘要:仿真模型,-0.0291807536765551,-0.123396586975877,0.6711111111111111,T06,A32,A07,14.0,0.771247467795524,摘要:高压直流；标题:HVDC；摘要:换流器；标题:换相失败；关键词:换相失败；摘要:换相失败；摘要:特高压,0.4896522119701436,0.3660533413965997,0.98,A32,False,False,False,medium,medium,high
ZH_0035,光伏接入直流受端电网下直流换相失败影响机理初探,随着“双碳”目标推进，大量新能源发电系统将接入高压直流输电系统受端电网，但鲜有文献涉及该研究场景，新能源接入是否会对直流运行带来不利影响存疑。为此，该文分析了电网发生交流故障后光伏、直流的输出特性及交互影响规律，发现直流发生换相失败后将向光伏输送50、100、150Hz正负序电流分量，导致光伏输出功率及并网点电压的波动，并通过受端电网反馈传递导致直流系统直流电流及超前触发角指令的波动，进而带来直流后续换相失败风险，最后结合PSCAD/EMTDC仿真软件搭建了受端电网含光伏接入的高压直流输电系统模型，并通过仿真验证了上述结论的合理性及有效性。,"['高压直流输电系统', '换相失败', '新能源', '电压波动', '正负序分离']",T14,T25,1.0,0.7059003280032641,摘要:PSCAD,-0.0388587861668193,-0.1007119428338282,0.6155555555555555,T25,A32,A34,11.5,0.4304259957956536,关键词:高压直流；摘要:高压直流；标题:换相失败；关键词:换相失败；摘要:换相失败,0.6082454811975603,0.3912415848757868,0.98,A32,False,False,False,medium,medium,high
ZH_0042,考虑新能源随机波动和T接线的城市电网连锁故障风险评估,新能源的大量接入给城市电网的安全运行和重要用户可靠供电带来很大挑战，其功率的随机波动易引发电网出现连锁故障风险。提出了一种考虑新能源出力随机波动和城市电网110k V网架T接线开关投切的连锁故障风险评估方法。该方法在连锁故障发生概率和后果严重度的计算中都计及了系统状态的概率分布特性的影响，并采用基于半不变量法的概率潮流计算反映系统状态与新能源功率二者的概率分布特性之间的关系。另外，建立包含110 kV网架T接线开关投切的最小切负荷的混合整数非线性规划模型，并以最小切负荷量来表征系统在连锁故障的严重度。此优化模型通过决策故障下的各组T接线开关的投切状态，减少连锁故障下的切负荷量，进而有效降低连锁故障的风险。同时，通过机会约束描述重要用户负荷节点电压的安全运行范围，以确保重要用户负荷不停电的概率满足给定的置信水平，从而保证重要用户的安全可靠供电。最后，通过某个实际城市片区电网算例验证了所提出的连锁故障风险评估方法的正确有效性。,"['连锁故障', '风险评估', '新能源', '概率潮流', '半不变量', 'T接线', '混合整数非线性规划']",T39,T30,5.0,-0.2761840070774631,摘要:机会约束；关键词:概率潮流；摘要:概率潮流,0.1269242086715626,-0.2584571934104513,0.6977777777777778,T30,A34,A37,0.0,0.0015655387715498,,0.1237448927887532,0.0111824197967848,0.4817220926487048,A34,False,False,False,needs_review,medium,needs_review
ZH_0045,基于故障穿越演化特性的SVG电磁暂态模型测辨方法,"建立准确的静止无功发生器(static var generators, SVG)白盒电磁暂态仿真模型是分析电网电压稳定特性的前提。然而，由于SVG的控制器结构和参数保密，其建模大都基于典型控制结构和参数，模型的暂态输出特性与实际差异较大。针对上述问题，提出了基于SVG厂家封装黑盒模型故障穿越(fault ride-through, FRT)演化特性的电磁暂态模型测辨方法。首先，分析了厂家黑盒模型的拓扑特征，通过多工况故障穿越响应测试，厘清了其故障穿越演化特性。然后，通过分析不同控制环节暂态切换过程对SVG故障穿越响应特性的影响和作用途径，提出了基于SVG故障穿越响应演化形态的控制器结构辨识方法。通过分析SVG不同控制环节参数对其故障穿越响应特性的分阶段作用原理，提出了基于故障穿越响应幅值的控制器参数分步辨识方法，形成了SVG的白盒化电磁暂态模型测辨方法体系。最后，将建立的不同型号白盒仿真模型与对应厂家黑盒模型进行了故障穿越响应特性对比分析，发现其误差远小于现行标准的允许误差，证明了提出方法的有效性和通用性。","['厂家黑盒模型', '故障穿越响应特性', '电磁暂态模型', '控制器结构辨识', '控制器参数辨识']",T14,T07,2.0,0.7049406329868019,摘要:电磁暂态仿真；摘要:仿真模型,0.0089426688299468,-0.1075669072371291,0.6711111111111111,T07,A38,A15,4.5,0.7462012080486962,标题:SVG；摘要:SVG,0.2594607215968118,0.1871514860621154,0.8699999999999999,A38,False,False,False,medium,medium,high
ZH_0046,V2G直流充电桩检测方案与检测系统设计,针对现有V2G直流充电桩现场检测装置功能不全面、检测方案单一、控制及管理困难等问题，依据国家相关标准，设计了V2G直流充电桩检测方案和检测系统。首先，根据需要设计了3种检测方案：现场检测方案、实验室检测方案以及动力电池检测方案。不同的检测方案对应V2G充电桩不同检测环境和检测项目。然后，依据3种检测方案给出了检测系统的硬件设计和软件设计，能够实现对V2G直流充电桩充放电功能、直流输出性能、并网性能及保护功能等进行检测。同时还可以对电动汽车动力电池状态进行评估，从而判断电池潜在风险。最后，通过对V2G直流充电桩和车辆动力电池进行不同项目检测。测试结果表明所设计的检测方案和检测系统能够准确实现对V2G直流充电桩的功能和性能检测。,"['V2G直流充电桩', '检测系统', '现场检测', '实验室检测', '通信连接', '数据采集']",T17,T32,3.5,-0.0049196167799259,标题:检测系统设计,0.2640650711283656,-0.0351401198566135,0.6144444444444445,T32,A35,A14,16.0,0.7696357946838532,摘要:电动汽车；标题:充电桩；关键词:充电桩；摘要:充电桩；标题:V2G；关键词:V2G；摘要:V2G,0.5764994047330325,0.3545413905989523,0.98,A35,False,False,False,medium,medium,high
ZH_0048,长江经济带城市生态财富与产业结构变迁的空间关联及互动效应,文章以长江经济带110个地级及以上城市为研究样本，采用双变量空间自相关模型和面板向量自回归模型，实证分析了2012—2021年其生态财富与产业结构变迁的空间关联特征及互动效应。结果表明：(1)10年间长江经济带城市生态财富波动增长，年均增长率为2.12%，且呈现出“西高东低”的空间分布格局；城市产业结构高级化、合理化水平整体呈上升趋势，均表现出“下游地区>中游地区>上游地区”的分布特征。(2)长江经济带城市生态财富与产业结构变迁存在显著的空间依赖与关联特征，且上游地区空间集聚特征在减弱，中下游地区持续增强。(3)长江经济带城市生态财富与产业结构高级化互为Granger因果关系，产业结构合理化是城市生态财富的单向Granger原因；城市生态财富与产业结构高级化之间及生态财富对产业结构合理化的脉冲响应曲线均呈现倒“U”形特征，且长期而言表现为正向波动响应。方差分解结果显示，城市生态财富主要受自身影响，但产业结构变迁对其仍具有一定程度的影响能力。,"['城市生态财富', '产业结构变迁', '空间关联', '互动效应', '绿色低碳发展', '长江经济带']",T48,T42,1.0,0.7205280110119405,摘要:空间自相关,0.1518432481877241,0.0037715072281472,0.6755555555555555,T48,A43,A16,7.5,0.7368283092038097,标题:产业结构；关键词:产业结构；摘要:产业结构,0.2070041376301253,0.1202022085986412,0.98,A43,False,False,False,medium,medium,high
ZH_0050,符号视角下城市街巷地名的空间特征及旅游化利用——以沈阳市为例,地名作为特定空间实体的文化记忆和符号表达，承载着历史文化和城市记忆，对推动城市休闲文化发展、为经济发展注入新活力具有重要作用和意义。文章以沈阳市街巷地名为研究对象，利用核密度分析法，从符号学视角探讨了沈阳市街巷地名的空间分布特征及旅游化利用方式。结果表明：(1)沈阳市街巷地名总体上表现为生活化、商品化和规模化的分异性，地域空间上呈现差异化特征。(2)沈阳市街巷地名空间集聚性分布，呈现出“东南密集，西北稀疏”的空间特征，由核心区向外部边缘区逐渐降低的变化趋势。(3)街巷地名作为旅游化利用的重要文化资源，以点线面形式的元素融入生活空间、消费空间及产业空间等城市功能空间，形成情感符号、商业符号及文化符号。街巷地名旅游化利用借助旅游主体、旅游客体及旅游介体，共同推动旅游线路规划、主题场景定位以及旅游地品牌形象的动态建设和科学管理。,"['街巷地名', '空间特征', '符号表征', '旅游化利用', '地名文化', '历史文化遗产']",T13,T48,3.0,0.6973217237079142,关键词:表征,-0.0741191434227108,-0.161987687800613,0.7266666666666667,T48,A45,A28,10.5,0.7488818301617071,标题:旅游；关键词:旅游；摘要:旅游；关键词:文化遗产,0.2879379149795045,0.2062987868693365,0.98,A45,False,False,False,medium,medium,high
ZH_0051,长三角乡村旅游典型县新型城镇化与乡村共同富裕的共生演进的实证分析,文章基于共生理论，以长三角地区60个乡村旅游典型县为例，利用Lotka-Volterra物种竞争、共生协调度和时空地理加权回归等多元集成模型，解析2000—2021年县域新型城镇化与乡村共同富裕共生演进的时空特征与机制。研究发现：(1)长三角乡村旅游典型县新型城镇化与乡村共同富裕持续良性共生演进，“以城带乡”特征明显，乡村正逐步追赶城镇。(2)中心城市更能引领乡村旅游典型县城镇与乡村共生发展，长三角形成了以上海、杭州、宁波和南京为核心向周围辐射的县域城乡共生发展空间格局。(3)乡村旅游典型县新型城镇化与乡村共同富裕的共生演进受多要素影响，其中城乡收入差距缩小和旅游资源禀赋不是绝对的促进因素，经济发展水平、旅游市场规模、旅游人才建设和适度的政府调控水平能够起到显著促进作用。,"['新型城镇化', '乡村', '共同富裕', '城乡共生发展', '共生演进', '旅游', '政府调控']",T48,T07,1.0,0.7129975274189386,摘要:空间格局,0.0549362036707903,-0.0500176612932948,0.6155555555555555,T07,A41,A45,15.0,0.2003634253212938,标题:城镇化；关键词:城镇化；摘要:城镇化；标题:共同富裕；关键词:共同富裕；摘要:共同富裕,0.6766406639994113,0.402595895152098,0.98,A41,False,False,False,medium,medium,high
ZH_0052,分接开关可控移相变压器保护配置及故障特征分析,移相变压器是一种经济型的潮流调节设备，可提高电网运行的安全性和经济性。为了实现分接开关可控移相变压器工程化应用，首先，针对电流电压互感器配置情况，提出了移相变压器的主保护配置方案，并分析了各保护元件的保护范围。其次，提出了基于控保协同的差动计算自适应调整策略，可根据分接开关的实时档位实现移相变压器差动保护计算的自适应调整。接着，给出了基于移相变压器差动平衡的各侧电流校验方法，可用于校验电流互感器的接入极性和参数。最后，通过仿真和实际波形，分析了不同故障下和空充时的波形特征以及保护的适应性，并证明了所提方法和保护配置的有效性。,"['移相变压器', '继电保护', '差动保护', '保护配置', '故障特征']",T32,T36,1.0,0.7069666621368892,摘要:配置方案,0.0685158540111691,-0.0930952704507911,0.6155555555555555,T36,A37,A26,10.5,0.7538850507271719,关键词:继电保护；标题:变压器；关键词:变压器；摘要:变压器,0.2980691369562284,0.2420360766226562,0.98,A37,False,False,False,medium,medium,high
ZH_0058,含光储充的配网虚拟电厂二次调频随机模型预测控制策略,"含光储充的主动配电网作为一种灵活的新型调节资源，可通过聚合其内部的多类分布式电源组成配网虚拟电厂(distribution-level virtual power plant,DVPP)进而整体参与系统二次调频，具有广阔的发展前景。但实际配电网内部情况复杂，存在储能配置有限导致可调容量不足、光伏短时出力难以预测导致控制不精确、功率分配不合理导致内部电压越限的问题，传统虚拟电厂调频策略难以适用。针对上述问题，提出了一种基于随机模型预测控制(stochasticmodel predictive control,SMPC)的DVPP二次调频策略，通过聚合模型设计、光伏不确定功率的场景树模型搭建、SMPC策略设计的方式实现了分布式电源出力扰动情况下DVPP快速、准确响应自动发电控制(automatic generation control,AGC)指令的目标，并有效降低了功率调节对系统内部电压的影响，为DVPP参与系统二次调频提供了理论基础。","['配网虚拟电厂', '二次调频', '随机模型预测控制', '动态功率跟踪']",T49,T26,3.5,-0.4278618510185413,标题:控制策略,0.0540528967051356,-0.3132989358467236,0.6144444444444445,T26,A31,A33,2.0,-0.514986122403917,摘要:配电网；摘要:分布式电源,0.1928447234418208,0.0929562685434494,0.5911111111111111,A31,False,False,False,needs_review,medium,needs_review
ZH_0067,旅游专业大学生乡村旅游创业意向的影响因素,文章基于创业事件模型、社会认知理论和社会认知职业理论，以旅游管理专业大四学生为研究对象，构建大学生乡村旅游创业意向影响因素理论模型，探究了其作用机理并识别出乡村旅游创业结果期望、可感知的乡村旅游创业能力的双重中介作用。研究发现：(1)冒险倾向、个体创新性对大学生乡村旅游创业意向的影响不显著。(2)不确定性容忍、成就渴望、乡村旅游创业榜样对大学生乡村旅游创业意向存在显著正向影响。(3)乡村旅游创业结果期望、可感知的乡村旅游创业能力在乡村旅游创业榜样的存在、乡村旅游创业榜样的绩效、不确定性容忍、成就渴望与乡村旅游创业意向之间起中介作用。,"['乡村旅游', '创业意向', '创业榜样', '个体创业特质', '创业能力']",T16,T20,1.0,0.7158554551304314,摘要:理论模型,0.1495773719263717,-0.0296038919254905,0.6155555555555555,T20,A45,A04,15.0,0.7242812627227777,标题:旅游；关键词:旅游；摘要:旅游；标题:乡村旅游；关键词:乡村旅游；摘要:乡村旅游,0.4065632564097444,0.3734375908769832,0.98,A45,False,False,False,medium,medium,high
ZH_0072,新阶段美国清洁能源战略解构与比较研究,当前美国政府积极推行清洁能源革命战略，系统解析美国战略部署的内在逻辑和实现路径，对我国深入推进能源革命具有现实意义。在系统论和政策范式理论基础上，文章选取政策目标、治理机制、政策工具三要素，设计提出宏观—中观—微观的战略政策研究框架模型。结果显示，美国将清洁能源作为实施气候安全“国策”的核心，聚焦科技创新、供应链安全、基础设施战略目标，构建政府统筹下跨机构决策、组织管理创新、全社会参与的推进机制，采用技术清单、规划蓝图、全链攻关、创新主体等政策工具。根据美国相关经验，并结合我国实际，建议强化宏观战略目标、完善创新推进机制，通过凝练若干技术清单、更新发展路线图，强化、重组或设立专项研究计划稳定支持，有组织推进战略科技力量技术攻关，推动国际深度合作等举措，建构全方位一体化清洁能源创新路径。,"['清洁能源', '战略', '政策范式', '美国', '科技创新']",T46,T32,1.0,0.7493225613235496,摘要:治理机制,0.3649498374394753,0.2094468665967832,0.6755555555555555,T46,A40,A46,4.0,0.5496632759608657,关键词:科技创新；摘要:科技创新,0.229139312894254,0.0690233997204694,0.8422222222222222,A40,False,False,False,medium,medium,high
ZH_0076,“健全主体功能区制度体系”的经济地理学讨论,党的二十届三中全会明确指出“健全主体功能区制度体系”。文章首先从主体功能区突出资源环境承载力的基础作用、强调发挥区域比较优势、遵循可持续发展目标导向等3个科学内涵出发，评价了主体功能区的政策价值和实施成效，揭示了不同主体功能的区域之间存在突出的发展差距问题。其次，基于经济地理学基本理论和方法，讨论了健全主体功能区制度体系的改革指向，主要包括：建设与高质量发展和中国式现代化建设相适配的主体功能区制度，完善主体功能和叠加功能良性互动的协同发展制度，创建以主体功能区为基础蓝图加快构建国土空间新体系、形成综合功能区布局的制度。最后，还就主体功能高质量发展和健全主体功能区制度体系的改革创新重点，进行了深入讨论。研究认为，经济地理学在主体功能区形成与发展中发挥了重要的科技支撑作用，新时代健全主体功能区制度体系也必将成为经济地理学发展的新动力。,"['主体功能区', '空间格局', '制度体系', '经济地理学', '高质量发展', '中国式现代化']",T48,T21,3.0,0.7091082663801727,关键词:空间格局,0.0444667572524198,-0.077798097284481,0.7266666666666667,T21,A51,A26,1.0,0.7195963278353359,摘要:国土空间,0.1262409893290496,-0.0028833726047429,0.6155555555555555,A26,False,False,False,needs_review,medium,needs_review
ZH_0078,浙江县域共同富裕的测度、评价及区域分异,文章从富裕和共享两个维度阐释共同富裕内涵，构建县域共同富裕指标体系，测度和评价了浙江县域共同富裕指数，并对共同富裕指数的区域分异进行了剖析。结果表明：(1)从总体评价来看，浙江县域共同富裕指数具有明显的梯队差异。(2)从分项评价来看，浙江县域共同富裕可以划分为共同富裕型、率先富裕型、相对滞后型、优先共享型县域4种类型。(3)从多尺度空间评价来看，浙江县域共同富裕指数均存在明显的区域差异，浙东北共同富裕水平较高，浙西南共同富裕水平较低。(4)从空间分布格局来看，向心力与离心力的共同作用使浙江县域共同富裕指数展现出显著空间集聚特征，空间外溢服从距离衰减规律。,"['共同富裕', '富裕和共享', '区域特征', '经济发展水平', '城乡差异', '因县施策', '高质量发展']",T41,T44,1.0,0.718515890272463,摘要:指标体系,0.0710585526209675,-0.0106007837681212,0.6155555555555555,T44,A41,A39,7.5,0.6766793532067278,标题:共同富裕；关键词:共同富裕；摘要:共同富裕,0.5157774335236424,0.3762810943337706,0.98,A41,False,False,False,medium,medium,high
ZH_0082,人工智能应用促进了长江经济带三大城市群的绿色创新吗？——基于“数字红利”和“数字鸿沟”视角,文章以2011—2021年长江经济带三大城市群面板数据为样本，利用空间杜宾模型实证检验了人工智能应用对绿色创新的空间效应。结果表明：(1)长江经济带三大城市群人工智能应用水平与绿色创新水平均存在显著的空间正相关，同时绿色创新水平的Moran's I值呈现距离衰弱特征。(2)在长江经济带三大城市群范围内人工智能应用能够显著促进本地绿色创新水平产生“数字红利”，但对其邻地绿色创新水平的负向溢出加剧了“数字鸿沟”，并且这种关系会伴随地理区位差异显著变化。此外，进一步分析发现人工智能应用对绿色创新水平的本地效应和溢出效应均存在先促进后抑制的“倒U型”影响关系。(3)空间效应衰减分析发现，人工智能应用对绿色创新水平的负向溢出效应呈地理距离衰减态势，450 km处达到最大溢出衰减边界。数字普惠金融和数字产业集聚在人工智能应用水平与绿色创新水平的“倒U型”影响关系中具有显著的调节作用。聚焦人工智能与绿色创新双重视角，为推动中国实现绿色低碳循环发展提供理论支撑和经验证据。,"['人工智能应用', '绿色创新', '倒U型曲线', '空间溢出效应', '衰减边界', '城市群']",T42,T48,2.0,0.3811134075726676,摘要:面板数据；摘要:空间杜宾模型,0.1972766302974634,0.1508100540904833,0.731111111111111,T42,A39,A26,7.5,-0.0445430284127784,标题:城市群；关键词:城市群；摘要:城市群,0.1243856234956929,-0.3181644886627038,0.8,A26,False,False,False,medium,medium,high
ZH_0084,基于电-碳点对点交易的虚拟电厂联盟与配电网协同低碳运行策略研究,"虚拟电厂(virtualpowerplant,VPP)可以通过先进的控制技术对海量分散的分布式能源进行有效聚合，为实现低碳发展提供了有效途径。为促进VPP在碳减排方面的积极作用，提出了一种VPP联盟和配电网多主体协同优化框架。首先，基于碳排放流理论制定了电-碳综合定价方法，激励VPP低碳运行。其次，考虑多个VPP之间采用合作联盟的形式进行共享交易，构建一种基于纳什议价理论的多VPP电碳点对点(peer-to-peer,P2P)交易机制模型，实现资源共享的同时兼顾个体利益和联盟效益。在此基础上，建立一种基于电-碳综合价格引导VPP间电碳P2P交易的VPP联盟-配电网协同优化双层模型。上层模型是多VPP之间电碳P2P最优交易问题，采用自适应步长交替方向乘子法实现多VPP间的分布式求解。下层模型则是配电网的最优经济调度问题。最后，通过算例验证了所提模型和方法的有效性。","['虚拟电厂', '碳排放流', '电-碳综合价格', '点对点交易', '纳什议价理论', '双层优化']",T12,T13,1.0,0.715499502204304,摘要:聚合,0.0235184693263415,-0.0321464128263994,0.6155555555555555,T13,A31,A33,4.5,-0.2764803218718382,标题:配电网；摘要:配电网,0.2623708805378147,0.0822834152011549,0.73,A31,False,False,False,medium,medium,medium
ZH_0088,基于灾害场景预估的配电系统韧性两阶段故障恢复策略,针对极端灾害所导致的停电事故频发，提前预估可能灾害场景，统筹部署可用应急资源对于提升配电系统韧性指数至关重要。对此，提出一种基于灾害场景预估的配电系统韧性两阶段故障恢复策略，该策略通过构建考虑时间累积效应的配电线路和交通道路中断模型，并采用蒙特卡洛模拟法对线路故障状态进行模拟完成对灾害场景的预估。进一步，基于所预估的灾害场景，以最小化移动应急资源到故障负荷或中断线路调度时间最短为目标，构建了包含移动应急电源充电站和维修人员维修站的灾前预定位模型，以避免高权重故障负荷的中断。此外，以高权重因子故障负荷随时间推移的甩负荷量加权和最小为目标，构建了基于移动应急资源调度的灾后恢复模型，以保证对高权重负荷的快速恢复。最后，基于改进的IEEE 33节点配电系统及其相应的交通运输网，并以所预估的灾害场景为例验证了所提两阶段故障恢复策略的有效性。,"['极端灾害', '场景预估', '预定位', '韧性', '故障恢复']",T39,T14,1.0,0.6805902702243581,摘要:蒙特卡洛,-0.0409558465326241,-0.2814980698260134,0.6155555555555555,T14,A31,A37,4.5,-0.3281389951462028,标题:配电系统；摘要:配电系统,0.0865500400369278,-0.2867071081871629,0.6699999999999999,A37,False,False,False,medium,medium,medium
ZH_0099,对外开放对粤港澳大湾区旅游业生态效率影响的空间效应,高水平开放是实现高质量发展的内在要求，有助于推动构建“双循环”新发展格局。文章基于“污染光环”假说与相关理论，选取2005—2019年粤港澳大湾区面板数据，运用基准回归模型和空间杜宾模型，实证分析了对外开放对旅游业生态效率的影响及其空间溢出效应。结果表明：(1)研究期间粤港澳大湾区对外开放水平相对稳定，旅游业生态效率显著提高。在空间分布上，对外开放水平呈现出“东南高、西北低”特征，旅游业生态效率表现出“中间低、两侧高”的分布态势。(2)对外开放对粤港澳大湾区旅游业生态效率具有显著的正向影响，对外开放水平提升有助于提升旅游业生态效率。(3)对外开放水平提高对粤港澳大湾区旅游业生态效率存在正向空间溢出效应。,"['对外开放', '旅游业生态效率', '绿色转型', '空间效应', '国际合作', '粤港澳大湾区']",T42,T25,2.0,0.7446062888084869,摘要:面板数据；摘要:空间杜宾模型,0.2531902897634026,0.1757592057749061,0.731111111111111,T42,A45,A16,7.5,0.718602261217968,标题:旅游；关键词:旅游；摘要:旅游,0.0489387223848033,-0.0099838484430859,0.94,A16,False,False,False,medium,medium,high
ZH_0100,省域农村基础设施建设与乡村振兴的耦合协调发展研究,农村基础设施建设是实现乡村振兴的基石和先决条件。文章揭示了农村基础设施和乡村振兴协调发展机制，并借助2013—2022年中国30个省份的面板数据，运用耦合协调度模型、Dagum基尼系数和障碍因子模型等方法，研究了两者协调发展的时空演变特征，厘清了两者协调发展的重要障碍因素。结果表明：(1)农村基础设施建设与乡村振兴协调度随时间演进而逐渐提升，但也存在潜在的下降风险。(2)区域间整体协调度差异有所下降，但区域差异存在地区间交叉重叠现象。(3)各准则层的障碍度差别较大，生活和环境基础设施投入不足是农村基础设施建设的主要短板。(4)环境卫生是农村基础设施建设与乡村振兴协调发展的主要障碍因子，供水问题是障碍度上升最快的因素。现阶段农村基础设施建设与乡村振兴的协调发展虽然取得了一定进展，但挑战依然存在，要因地制宜地提升各地区农村基础设施建设的充分化、协调化发展，促进乡村振兴战略的高质量实施。,"['农村基础设施建设', '乡村振兴', '耦合协调', '时空演变', '障碍因子']",T44,T42,2.0,0.4375540079991314,摘要:耦合协调度；摘要:Dagum基尼,0.6385636398043473,0.5539571999937962,0.731111111111111,T44,A42,A46,15.0,0.4073442263024475,标题:农村；关键词:农村；摘要:农村；标题:乡村振兴；关键词:乡村振兴；摘要:乡村振兴,0.5696290155187781,0.3381730450174821,0.98,A42,False,False,False,medium,medium,high
ZH_0103,面向输变电设备数字孪生的多物理场正反演快速仿真关键技术综述,新型电力系统数字化转型要求其核心设备的状态可测、可观，风险可知、可控。以数字孪生为代表的新一代输变电设备数字化和信息化技术已被广泛提出，但面向设备透明内特性的可视化实时诊断和预警技术还亟待进一步研发升级。为此，该文提出了输变电设备感知网络与仿真系统实时交互响应的内涵特征，分析了当前数字孪生体中正反演仿真的难点和关键点，详细阐述了输变电设备模型与数据驱动的正演快速计算、反演仿真评估、感知网络布控、结果高精度低延时可视化等关键技术的研究现状，讨论了目前数字孪生系统运行中仿真实时性、反演准确性、感知与反演匹配、机理与数据融合等方面亟待解决问题，为输变电设备数字化研发与应用提供参考和支撑。,"['数字孪生', '输变电设备', '快速计算', '反演', '状态评估']",T06,T47,3.5,-0.4484463425947113,标题:综述,0.0940167289455946,-0.4603310185336524,0.6144444444444445,T47,A27,A40,3.5,0.7034775462272262,标题:物理,0.0256279029649694,-0.1180175269483835,0.7544444444444445,A40,False,False,False,medium,medium,medium
ZH_0109,电-碳-绿证交易耦合下新能源发电商参与投标竞争的多市场博弈分析,引入碳市场和绿证市场有助于通过市场机制提高新能源的市场竞争力，进而促进新能源发展和实现电力行业低碳运行。在电力、碳和绿证交易耦合的多市场环境下，如何研究新能源发电商的策略性竞争行为及其影响是一个重要的理论课题。为此，该文建立了一个计入新能源出力不确定性且考虑电-碳-绿证交易耦合的多市场博弈均衡模型，其中考虑了新能源发电商和传统发电商在电-碳-绿证3个市场中的博弈行为，并引入偏差惩罚机制对新能源发电商的投标偏差进行处理，采用非线性互补方法求得该均衡模型的解。最后，通过算例仿真验证了所提理论模型的合理性和有效性，结果表明：与单独引入碳市场或绿证市场相比，同时引入碳市场和绿证市场更能增强新能源的市场竞争力，降低碳排放量。,"['碳市场', '绿证市场', '新能源不确定性', '多市场耦合', '博弈分析']",T16,T38,1.0,0.7226047142754808,摘要:理论模型,0.1381767666424362,0.0186051019677198,0.6755555555555555,T16,A36,A34,11.5,0.4282692647836909,关键词:碳市场；摘要:碳市场；标题:绿证；关键词:绿证；摘要:绿证,0.2670102660529643,-0.0713686055823318,0.94,A34,False,False,False,medium,medium,high
ZH_0119,基于自适应高斯混合模型的含高渗透率分布式光伏电力系统风险评估,"高渗透率分布式光伏(distributedphotovoltaic, DPV)的接入增加了电力系统的运行风险。针对出力分布呈现形态复杂的特征，首先，提出一种基于改进近邻传播聚类的自适应高斯混合模型，优化了分布式光伏联合出力概率拟合迭代过程。然后，提出基于改进三阶多项式正态估计过程的Nataf变换方法，结合半不变量和Cornish-Fisher级数展开，实现分布式光伏出力相关性条件下的概率潮流计算。最后，采用电压越限和线路重过载指标计算电力系统运行风险。基于修改的IEEE 14节点电力系统，对不同分布式光伏渗透率的接入场景进行仿真。以蒙特卡洛模拟作为对比，结果表明所提方法在电网状态变量的概率分布计算上具有更高的精度，并验证了评估结果能够有效反映不同分布式光伏渗透率对电力系统风险水平的影响。","['分布式光伏', '高斯混合模型', '近邻传播聚类', 'Nataf变换', '概率潮流', '风险评估']",T39,T30,5.0,-0.1810555002785565,关键词:概率潮流；摘要:概率潮流；摘要:蒙特卡洛,0.1552948390702567,-0.1064403866050739,0.6977777777777778,T30,A34,A31,7.5,0.7156107056884787,标题:光伏；关键词:光伏；摘要:光伏,0.0450094517533252,-0.0313521022251514,0.94,A31,False,False,False,medium,medium,high
ZH_0128,基于充电站谐波特性的频率自适应有源电力滤波控制策略,随着分布式新能源在充电站的接入，源荷的随机特性使电网基频发生波动，进一步加剧站内谐波电流越限风险。对此，提出了一种频率自适应的有源电力滤波谐波检测与跟踪策略。首先，设计了一种改进式广义积分器与延时相消相结合的混合滤波器结构，提高原有广义积分器的滤波性能和动态响应能力，并可消除直流偏置及不平衡分量的影响。其次，通过引入前馈补偿的改进锁相环消除频率波动引起的误差，实现频率自适应谐波检测。最后，基于频率波动导致的谐波跟踪误差，采用结合无限脉冲响应滤波器的快速重复控制，可依据检测频率实现动态调整。仿真和实验结果表明，所提出的控制策略在充电负荷侧可稳定地检测电网频率。且在频率波动的工况下具有较优的谐波补偿能力，在32 ms实现对谐波电流的补偿，治理后电流谐波畸变率下降到5%以下，对不同工况下的充电站具有通用性。,"['充电站谐波', '频率自适应', '有源电力滤波', '广义积分器', '延时相消']",T49,T27,4.5,-0.2931766183651568,标题:控制策略；摘要:控制策略,0.042389596941475,-0.0369758454654059,0.6699999999999999,T28,A39,A28,0.0,0.0007493441596213,,0.0944835866437872,0.0053524582830095,0.4808242785755834,A39,False,False,False,needs_review,medium,needs_review
ZH_0129,考虑多馈入系统无功电压特性的同时换相失败评估方法,"针对目前基于多馈入相互作用因子(multi-infeedinteractionfactor, MIIF)同时换相失败评估准确度不足的问题，首先阐明了多馈入高压直流系统中交流系统故障后暂态无功功率的作用机理，揭示了无功功率和电压之间复杂的相互作用对MIIF的显著影响。其次，提出了一种考虑到无功功率和电压相互作用的改进MIIF因子，用于衡量多馈入直流系统之间的相互作用，分别计算了交直流系统间无功功率不平衡引起的电压降和直流换流站间无功功率传输引起的电压变化。然后，基于最小关断角定理，综合考虑了暂态无功功率和电压特性的影响，提出了临界同时换相失败因子(critical simultaneous commutation failure factor, CSCFF)及其计算表达式。通过比较MIIF和CSCFF，提出了一种同时换相失败评估方法，在评估同时换相失败时具有更高的准确性。最后，利用PSCAD/EMTDC平台构建了双馈入和三馈入高压直流仿真模型，验证了所提方法在不同故障类型、耦合阻抗和故障严重程度下的有效性和适用性。","['多馈入直流系统', '无功功率', '多馈入交互作用因子', '换相失败评估方法']",T14,T11,2.0,0.3414934268431622,摘要:PSCAD；摘要:仿真模型,-0.0494734247213842,-0.1321898082631276,0.6711111111111111,T13,A32,A09,9.5,0.6971977882162733,摘要:高压直流；标题:换相失败；关键词:换相失败；摘要:换相失败；摘要:换流站,0.4524465562127623,0.3784804421463133,0.98,A32,False,False,False,medium,medium,high
ZH_0130,基于近似熵变化量判据的混合直流输电系统纵联保护方案,高压直流输电线路行波保护对信号采样频率要求高，保护性能受过渡电阻及噪声干扰影响较大，需配合纵联保护识别故障位置。而现有纵联差动保护易受分布电容影响，传输数据量较大，动作速度有待提升。为了解决上述问题，提出一种基于近似熵变化量判据的混合直流线路纵联保护方案。近似熵需要的计算数据量较小，且兼具高灵敏性、高可靠性优势。故障发生后，近似熵变化量呈现明显的峰值特征，基于1模电压电流近似熵变化量构建的保护判据能快速准确地识别高阻接地故障，同时能减小噪声干扰和分布电容的影响。基于乌东德±800 kV混合直流输电系统仿真模型对所提保护方案进行验证。结果表明，所提保护方案仅需5 kHz采样频率，无需严格的时间同步，且在经800Ω过渡电阻接地及10 dB信噪比场景下能够正确、快速地动作。,"['纵联保护', '后备保护', '直流线路保护', '混合直流输电系统', '近似熵']",T14,T25,1.0,0.7052751310016765,摘要:仿真模型,0.008825618534712,-0.1051776357023101,0.6155555555555555,T25,A32,A37,1.0,-0.4460072397302987,摘要:高压直流,0.2481854821685595,0.2428054304978655,0.5355555555555556,A32,False,False,False,needs_review,medium,needs_review
ZH_0132,区域旅游开发强度与生态系统功能的耦合协调及驱动机制,厘清旅游开发强度与生态系统功能的动态交互关系及驱动机制，对于推动生态脆弱型旅游地人与自然和谐共生具有重要意义。文章以贵州省为研究对象，基于人地关系耦合理论建构旅游开发强度与生态系统功能耦合框架，采用集对分析法测度旅游开发强度与生态系统功能得分，运用面板向量自回归模型和耦合协调模型分别揭示旅游开发与生态系统功能长期存在的动态交互关系、耦合协调类型，并采用地理探测器模型揭示了二者耦合协调度时空分异的驱动机制。研究发现：(1)旅游开发强度与生态系统功能之间存在长期稳定的互动响应关系，旅游开发对生态系统功能的冲击作用程度要大于生态系统对旅游发展的馈赠效应。(2)研究期间，旅游开发与生态系统功能耦合协调是长期的，结构上具有相对稳定性；研究区耦合协调等级呈现持续提升态势，内部差异先收敛后扩散；耦合协调等级的热点集中在“贵阳—遵义—黔南”一带；邻域间耦合协调度存在“近朱者赤”的空间溢出效应，且不同耦合协调等级之间存在向上跳跃式转移现象。(3)研究区旅游开发与生态系统功能耦合协调类型整体趋势向好，耦合亚类总体由失调衰退类转向勉强协调类和协调发展类。(4)自然静态因子对耦合协调度解释力相对较小，社会、经济和政府动态因子对耦合协调度解释力较大。,"['旅游开发强度', '生态系统功能', '交互响应', '耦合协调', '喀斯特生态旅游地', '贵州']",T44,T48,2.0,0.4082584045113988,摘要:耦合协调度；摘要:耦合协调模型,0.4649047878179057,0.3447028893671339,0.731111111111111,T44,A45,A12,7.5,0.7184372927901685,标题:旅游；关键词:旅游；摘要:旅游,0.0989259560152911,-0.0111621943559388,0.94,A12,False,False,False,medium,medium,high
ZH_0133,空间品质与区域价格水平——基于新空间经济学的分析,厘清空间品质对价格水平的影响机理，完善空间品质引致人才区域迁移的作用机制，将在一定程度上丰富和发展现有新空间经济理论。文章构建了一个新空间经济学分析框架以阐释“品质”溢价的形成机理，即空间品质通过工业品溢价推动总价格指数上升，然后实证探讨了“品质”溢价是否成立以及是否存在基于门槛效应的非线性影响。研究发现：(1)空间品质显著提高了地区价格水平，即“品质”溢价现象成立。(2)“品质”溢价存在基于经济发展、人才规模和城镇化的门槛效应，且均表现为“品质”溢价逐渐增强的趋势。(3)生态环境、公共服务、文化娱乐和基础设施的“品质”溢价趋势存在差异。,"['空间品质“', '品质”溢价', '新空间经济学', '价格水平', '门槛效应', '人才规模', '城镇化']",T46,T15,1.0,0.727770708792065,摘要:作用机制,0.201908057629529,0.0555050628004641,0.6755555555555555,T46,A41,A47,4.0,0.538154969855575,关键词:城镇化；摘要:城镇化,0.1806455538714608,-0.0131787867458923,0.7822222222222223,A47,False,False,False,medium,medium,medium
ZH_0136,智能时代企业算法合谋指数的空间分布特征及其影响因素,文章利用百度指数度量省域企业算法合谋指数，运用双向固定效应模型和空间杜宾模型，分析了2018—2023年中国31个省域企业算法合谋指数的空间分布特征及影响因素。研究发现：(1)东部沿海及中部地区的企业算法合谋指数相对较高，合谋现象更为明显和集中，并呈现出从沿海向西部和东北地区梯度递减的态势。(2)中国企业算法合谋指数总体空间关联格局相对稳定，局部上表现出“高—高”和“低—低”型集聚的两极分化特征，且“高—高”集聚区主要分布在中东部地区，“低—低”集聚区则集中于西部地区。(3)互联网基础设施和人力资本对企业算法合谋指数产生了显著的正向影响，考虑空间因素后，本地区的互联网基础设施和人力资本对本地区企业算法合谋指数的影响仍显著为正，但邻近地区的溢出效应并不显著。未来，应加强东部沿海地区的监管与防控，促进区域协调发展，加强网络基础设施建设和提升人力资本指数，减少企业算法合谋行为的发生。,"['智能时代', '企业算法合谋指数', '大数据杀熟', '价格歧视', '互联网基础设施', '人力资本', '自然间断点分级法']",T42,T48,2.0,0.7352950233660965,摘要:固定效应；摘要:空间杜宾模型,0.1894865669777471,0.1092501669006895,0.731111111111111,T42,A46,A24,4.0,0.5766342252059735,关键词:基础设施；摘要:基础设施,0.2223901068859136,0.2616730371855257,0.7822222222222223,A18,False,False,False,medium,medium,medium
ZH_0138,城市居住区绿色空间可达性的社会与制度影响机制——以宁波为例,绿色空间可达性是推进社区生活圈建设和公共服务均等化的关键环节。文章借鉴欧美政治哲学解释绿色资源分配的社会与制度双重维度，构建了中国城市居住区绿色空间可达性的理论分析框架，采用基于高德地图API的可达性模型和随机森林模型，测度了宁波居住区的绿色空间可达性，并揭示其影响机制。结果表明：(1)宁波居住区与绿色空间具有较好的空间匹配度，拥有高可达性的居住区规模较大，但居住区可达性由市中心向绕城高速外递减，表现出明显的城郊二元差异现象。(2)影响居住区绿色空间可达性的关键因素依次为居民需求、财政基础、规划调控，且存在非线性影响作用。(3)宁波居住区绿色空间可达性的“城—郊”差异是多重社会与制度因素共同作用的结果。其中，人口集聚刺激绿色空间配套的需求，财政基础影响绿色资源的持续供应，规划调控引发绿色空间配套的城郊二元差异。,"['居住区', '绿色空间', '可达性', '影响机制', '人口集聚', '规划调控', '城郊差异']",T02,T46,1.0,0.7246699644661003,摘要:随机森林,0.1543192023090475,0.0333568890435739,0.6755555555555555,T02,A46,A41,7.5,0.3417105006971067,标题:可达性；关键词:可达性；摘要:可达性,0.1548197467068988,0.0407892906936205,0.94,A47,False,False,False,medium,medium,high
ZH_0139,西部河谷城市空间结构对碳排放量的影响,科学认知城市空间结构对碳排放的影响，对明晰城市碳减排路径具有重要意义。文章选择组团结构鲜明的34个西部河谷城市为研究对象，采用2010—2020年的多元经济社会数据，在解析其碳排放量与空间结构分布特征的基础上，借助固定效应多元回归分析模型探究城市空间结构对碳排放量的影响。研究发现：(1)城市碳排放总量和均量均呈现出南北高而中间低的分布格局，11年间总量与均量变化的差异性均较大。(2)基于空间集中与集聚指数可将城市空间结构划分为4种类型，11年内大部分城市的空间结构相对保持稳定，但其空间分布具有明显的地域差异性。(3)案例对比、基准回归和稳健检验分析均表明，紧凑（多中心）空间结构有利于降低西部河谷城市的碳排放总量、人均碳排放量和地均碳排放量。但异质性检验分析得出，紧凑型空间结构仅有利于西南河谷城市和用地规模中等城市的碳减排，紧凑多中心空间结构仅有利于人口规模小的城市降低碳排放量。,"['城市空间结构', '碳排放量', '集聚', '紧凑多中心空间结构', '人口规模']",T42,T24,1.0,0.7267962759407318,摘要:固定效应,0.1432792377159548,0.0485448281480849,0.6755555555555555,T42,A39,A44,0.0,-0.7290083003258929,,0.1130323398406832,-0.0643450023278062,0.26,A44,False,False,False,needs_review,medium,needs_review
ZH_0140,碳中和目标下的长江中游城市群产业生态可持续性演化特征与影响机制,产业生态可持续性是反映产业与生态协同发展的重要指标，市域碳平衡能力是衡量其能否实现碳中和的关键。文章以碳中和为目标，构建产业生态可持续性指数定量测度2005—2020年长江中游城市群产业生态可持续性，并揭示其碳中和目标下的空间匹配分区与影响机制。结果表明：(1)2005—2020年长江中游城市群产业生态可持续性指数呈波动上升趋势，空间分布逐渐演变成以武汉为中心的“高—低—高—低”的圈层空间格局。碳平衡呈三阶段下降趋势，市域碳平衡呈现“集中分布”和“点—线分布”2种空间分布模式。(2)2005—2020年长江中游城市群的市域碳平衡与产业生态可持续性分区匹配呈现6种类型，其空间匹配分区在碳平衡方向上呈收敛趋势，在产业生态可持续性方向上呈发散趋势。(3)产业结构升级、能源效率、政府治理和技术创新对本地区产业生态可持续性具有显著的促进作用，但在碳赤字和碳盈余的分区下具有异质性表现。以碳平衡为门槛变量时，跨越门槛后的能源效率、政府治理和技术创新对其促进作用更加强烈和显著。,"['产业生态可持续性', '碳平衡', '长江中游城市群', '匹配分区', '门槛效应', '能源效率', '技术创新']",T48,T15,1.0,0.7103616205392804,摘要:空间格局,0.0473232274281782,-0.068845567576568,0.6155555555555555,T15,A39,A44,7.5,0.2826900438170721,标题:城市群；关键词:城市群；摘要:城市群,0.0447645850916689,-0.0379282584494852,0.94,A43,False,False,False,medium,medium,high
ZH_0142,中国陆地边境县域旅游资源活力空间错位及其影响因素,随着国家持续推进扩大高水平对外开放，边境地区作为“对外开放前沿”，激发边境旅游资源活力是重振边境经济的必要举措。文章以中国陆地边境县域为研究区，在界定边境旅游资源活力内涵的基础上，借助多源数据，利用标准差椭圆、空间错位指数及多尺度地理加权回归模型，探讨了2023年中国陆地边境县域旅游资源活力与旅游资源的空间特征、空间错位格局及其影响因素。结果表明：(1)西部边境片区县域旅游资源活力较强，东北边境片区县域旅游资源水平较高；旅游资源活力与旅游资源正向错位的边境县域多分布于内蒙古、新疆、云南、广西等4个省区。(2)地缘环境、区域政策、经济水平、交通基建及网络关注对于边境县域旅游资源活力与旅游资源错位的影响效应空间分异明显。(3)区域政策、经济水平及交通基建对边境旅游资源活力与旅游资源空间错位的作用尺度较大。,"['旅游资源活力', '空间错位', '边境旅游', '多源数据', '陆地边境县域']",T48,T19,1.0,0.7154609028559715,摘要:空间分异,0.0992794683721973,-0.0324221224573453,0.6155555555555555,T19,A45,A46,7.5,0.637227571296854,标题:旅游；关键词:旅游；摘要:旅游,0.1175630970032785,0.0944826521203865,0.94,A51,False,False,False,medium,medium,high
ZH_0145,中蒙俄经济走廊经济脆弱性测度及其影响因素,文章以2020年中蒙俄经济走廊沿线48个省份的社会、经济及生态环境数据为基础，建立综合评估指标体系，运用无权重均值法对中蒙俄经济走廊的经济脆弱性进行评价，并利用空间分析法、地理加权模型对其空间特征与影响因素进行研究。结果显示：(1)蒙古国经济脆弱性高，呈现以乌兰巴托市、达尔汗乌勒省为双核心逐层递增的空间分布特征；俄罗斯经济脆弱性次之，呈现以莫斯科市以及贝加尔湖附近地区双核心逐层向外递减的空间分布特征；中国经济脆弱性低，呈现西南部向东北部递增的态势；(2)中蒙俄经济走廊的暴露敏感与经济脆弱性、适应能力与经济脆弱性均具有显著的聚集特征；(3)政府调控、产业结构与资源投入对经济脆弱性有显著的影响。最后，提出要适度加大对中蒙俄经济走廊建设的政策支持，促进其产业升级进程，提高其资源投入利用率等对策建议。,"['经济脆弱性', '中蒙俄经济走廊', '跨国合作', '适应能力', '政府调控', '投资区', '地理加权模型']",T41,T21,1.0,0.7279404522885367,摘要:指标体系,0.1623739725331091,0.0567175163466906,0.6755555555555555,T41,A43,A50,1.0,-0.4684802123039093,摘要:产业结构,0.0633659424700772,0.0822841978292188,0.4755555555555555,A21,False,False,False,needs_review,medium,needs_review
ZH_0156,长三角城市群高铁与民航服务网络空间特征及其影响因素,文章从联系广度、联系强度、服务能力等方面分析了长三角城市群各城市在全国高铁与民航服务网络中的空间组织特征，并采用地理探测器探讨了其影响因素。研究发现：(1)高铁联系广度与联系强度及其均衡性均明显高于民航，高铁联系广度及联系强度大的城市在空间上呈以沪宁、沪杭为轴线的集中分布特征，民航网络中高值城市则呈岛状分布，上海的航空枢纽地位较之高铁枢纽更为突出。(2)高铁网络中，联系强度呈现一定的距离衰减规律，强度高的城市对主要集中于城市群内部，其中沪宁沿线最为集中；民航网络中，强度高的联系则主要发生在远距离城市群之间，且集中于远距离城市群中心城市之间。(3)综合考虑联系广度和联系强度的服务能力，无论是在高铁网络还是在民航网络中，上海、南京和杭州优势均突出，空间分布与联系广度、联系强度特征基本一致。(4)经济、社会和城市性质三方面因素对民航运输的影响均明显大于对高铁的影响，其中产业结构在高铁和民航服务网络格局形成中发挥着关键作用，多因素交互作用对两者空间组织的影响作用更大。,"['高铁网络', '民航网络', '空间组织', '城市联系', '轴线', '产业结构', '城市群']",T48,T17,1.0,0.7247107936943294,摘要:地理探测器,0.1161090615509338,0.0336485263880676,0.6755555555555555,T48,A39,A46,12.0,0.3089422061043861,标题:城市群；关键词:城市群；摘要:城市群；标题:长三角；摘要:长三角,0.3180473754789337,0.2781586150313295,0.98,A39,False,False,False,medium,medium,high
ZH_0157,中国城市家庭的住房阶层时空演变及其影响因素,住房是家庭资产的重要组成部分，也是表征社会群体分化的重要因素。文章基于中国家庭追踪调查2010—2018年的数据，对中国城市家庭的住房阶层时空演变进行分析，并利用面板多元Logit回归探讨了家庭住房阶层的影响因素。结果表明：(1)中国城市家庭住房阶层整体呈现一房阶层占主体、无房和多房阶层占比较小的“橄榄形”结构，且多房阶层家庭的比例呈明显增长趋势。(2)地理上无房和一房阶层未见明显空间集聚，多房阶层呈现极化格局，并随时间变化从京津冀向长江流域转移。(3)家庭生命周期理论中的家庭规模、家庭年收入、婚姻和年龄是家庭住房阶层实现跃迁的正向因素；通过将制度变量、市场变量加入交互项模型，权力推续理论和市场转型论皆得到验证。另外，省商品房均价也是住房阶层的重要影响因素。,"['城市家庭', '住房阶层', '家庭规模', '年收入', '家庭生命周期', '面板回归']",T13,T42,1.0,0.7028845766691469,摘要:表征,0.1117639226684291,-0.1222530237918077,0.6155555555555555,T42,A39,A11,1.0,0.7240546654458666,摘要:京津冀,0.0810525022646209,0.0289618960419046,0.6755555555555555,A39,False,False,False,medium,medium,medium
ZH_0164,中国市域老年失能照护机构发展及其供需适配性,老年失能照护是人口负增长时代的巨大挑战。文章结合多学科研究方法，刻画了老年失能分级照护机构的空间格局及密度差异，并揭示了其供需适配性的形成机制。研究发现：(1)中国老年失能照护机构数量总体呈现以北京、上海、广州为高值中心的分布格局，且高值区随照护分级的提升而逐渐收缩。(2)老年失能照护机构密度在不同区位、等级和规模的城市类型中有所差异，东部城市、直辖市和超大城市在所有失能分级下的发展优势均十分突出。(3)中国老年失能照护机构供需适配水平的空间分化迹象明显，总体表现为“东部繁荣、西部发展、中部塌陷”，且随着照护分级的提高，适配区向东部地区与省会城市集中。(4)供需适配格局受多种因素的共同影响，社会经济、支付能力和人口结构为空间分异的主导因子，其中人口结构与社会服务、医疗资源与交通条件的因子交互解释力最强。(5)各因素的影响效力存在区域差异，未来中国老年失能照护建设应充分考虑地区失能人口规模及结构特点，提供差别化的资源增补以弥合发展差异、实现社会公平。,"['失能老年人', '失能照护机构', '机构分级', '空间适配', '医疗资源', '社会经济', '中国']",T48,T46,2.0,0.3617782811068338,摘要:空间格局；摘要:空间分异,0.1258341264496099,0.0127020079059563,0.6711111111111111,T28,A46,A39,1.0,-0.0095772290847854,摘要:交通,0.0419874605549139,-0.0684087791770387,0.4755555555555555,A51,False,False,False,needs_review,medium,needs_review
ZH_0168,城市更新作用下生态韧性时空分异及其影响效应——以环长株潭城市群为例,生态风险的持续累积使得城市越来越脆弱，城市更新所带来生态系统抵抗力、适应力和恢复力的变化，成为生态韧性的重要影响因素。在梳理城市更新对生态韧性影响机理的基础上，基于2006—2020年环长株潭城市群8个地级市的样本数据，运用基于博弈论的组合赋权、TOPSIS模型、因子分析等方法，探究政府主导型与社会参与型城市更新对生态韧性的影响效应。研究结果表明：(1)2006—2020年环长株潭城市群生态韧性区域差异整体减小，空间分布呈现聚集态势。(2)政府主导型城市更新对环长株潭城市群生态韧性有抑制作用，加强环境规制、增大科教投入、调整产业结构有助于生态韧性的提升。(3)城市更新社会关注、城市更新社会行动和城市更新社会认可是社会参与型城市更新的主要因子，高密度、高强度的城市更新社会关注将抑制环长株潭城市群生态韧性的提升，而城市更新社会行动则有助于提高生态韧性，城市更新对生态系统恢复力的影响作用尚不明确。,"['城市更新', '生态韧性', '环长株潭城市群', '因子分析']",T41,T38,1.0,0.7264568020857398,摘要:TOPSIS,0.1593100580329412,0.046120014898142,0.6755555555555555,T41,A39,A43,8.5,0.6490732821894125,标题:城市群；关键词:城市群；摘要:城市群；摘要:区域差异,0.1638908591896137,0.0984226038739546,0.98,A39,False,False,False,medium,medium,high
ZH_0171,工业用地出让结构倾向对碳排放效率的影响及其传导机制——基于绿色技术创新中介视角,如何优化区域制度环境和规范地方政府行为，从而实现绿色转型是环境经济地理学关注的核心议题之一。利用2010—2019年我国261个地级及以上城市的面板数据，借助超效率SBM-DEA模型测算得出城市尺度的工业碳排放效率，研究了工业用地出让结构倾向对碳排放效率的影响及其传导机制。结果表明：(1)偏向低端技术行业的工业用地出让结构对碳排放效率具有显著负向影响，且该影响在中西部地区及中小城市更为显著；(2)绿色技术创新在工业用地出让结构倾向对碳排放效率的影响中发挥部分中介作用；(3)绿色技术创新传导机制具有非线性特征，即在不同的绿色技术创新影响下，工业用地出让结构倾向对碳排放效率的影响存在明显差异。研究认为，为实现高质量发展，需要调整地方政府工业用地出让激励，不仅要合理控制地方政府工业用地出让规模，更重要的是优化工业用地出让结构，从而为实现“双碳”目标和区域可持续发展提供支持。,"['工业用地', '出让结构倾向', '碳排放效率', '绿色技术创新']",T42,T19,1.0,0.7242732289891689,摘要:面板数据,0.1276864414995515,0.0305230642083495,0.6755555555555555,T42,A44,A40,7.5,-0.0062853039510341,标题:碳排放；关键词:碳排放；摘要:碳排放,0.1892737441213139,-0.0448950282216719,0.8,A40,False,False,False,medium,medium,high
ZH_0173,中国境外经贸合作区本地嵌入程度及影响因素——以东南亚地区为例,东道国地缘环境复杂多变，使得中国境外经贸合作区的本地嵌入程度和影响因素迥异。文章采用层次分析法和熵值法，从“地域嵌入”和“网络嵌入”两个维度度量了境外经贸合作区本地嵌入程度，进而解析主要的影响因素。研究发现：(1)境外经贸合作区本地嵌入包括多尺度的“地域”嵌入和多主体的“网络”嵌入，需要深入分析合作区本地嵌入与东道国环境的内在相关性。(2)东南亚地区中国境外经贸合作区的本地嵌入程度存在显著的差异，总体嵌入水平相对较高的是西哈努克港经济特区。(3)资源依赖度、制度环境、地方社会机构联系以及政府关注度是影响境外经贸合作区本地嵌入的主要因素。,"['境外经贸合作区', '东道国', '地域嵌入', '网络嵌入', '资源依赖', '制度环境', '东南亚地区']",T41,T43,1.0,0.7265862810599101,摘要:层次分析法,0.1606100533727919,0.0470448647136434,0.6755555555555555,T41,A30,A31,0.0,0.0061624397459333,,0.1025372619762207,0.044017426756667,0.4867786837205267,A30,False,False,False,needs_review,medium,needs_review
ZH_0188,计及联盟合作成本的新能源场站共享储能优化配置策略,共享储能是缓解新能源发电侧储能配置成本压力的重要发展方向。为解决由于忽视场站间交互行为所产生的合作成本而造成联盟组合理想化的问题，该文设计了一种计及联盟合作成本的场站集群共建共享储能配置策略。首先，利用多场站储能需求的时空互补特性，构建多场站参与下共建共享储能系统框架，提高场站跟踪出力计划的能力；其次，考虑场站间“竞合”关系，建立场站间的合作成本模型，提出基于合并-分裂算法的场站联盟博弈模型与成本分摊方法，以兼顾投资主体在共建下的整体理性和共享下的个体理性。最后，通过数值仿真验证了所提模型和方法的有效性，相较于大联盟模型下可进一步降低年化成本，提升新能源场站集群储能配置效率和联盟合作稳定性。,"['共享储能', '新能源场站', '联盟博弈', '合作博弈', '优化配置']",T38,T37,4.0,-0.1982629244011839,关键词:合作博弈；摘要:博弈模型,0.5769612738754046,0.5618582322992344,0.7022222222222223,T38,A35,A34,7.5,0.5909066846535538,标题:储能；关键词:储能；摘要:储能,-0.0120780532242614,-0.2363808239031866,0.94,A34,False,False,False,medium,medium,high
ZH_0192,分布式智能电网的理论发展与技术体系,分布式智能电网是“双碳”目标下新型电力系统建设的重要组成部分，是支撑新型电力系统朝清洁低碳、安全充裕、经济高效、供需协同、灵活智能方向迈进的重要抓手。该文综合国内外发展现状，分析了新型电力系统中源网荷储的发展趋势与新特征，以及新发展趋势带来的技术瓶颈。阐述了分布式智能电网的内涵与技术特征，其核心在于对现有电网网络架构与运行控制方式的智能重构，并提出了分布式智能电网的组织方式、结构形态与控制框架。进而，分别从分布式单元建模与协同、分布式集群划分与交互、分布式电网优化与控制3个层面构建了分布式智能电网的理论框架，阐述了适用于分布式智能电网的新理论与方法。从物理层、信息层、价值层3个层面分析了分布式智能电网的技术发展方向，探索了分布式智能电网的技术体系。,"['分布式智能电网', '分布式资源', '柔性组网', '分布式协同优化', '技术体系']",T46,T06,1.0,0.7291248060216223,摘要:理论框架,0.1836753970238654,0.0651771858687311,0.6755555555555555,T46,A27,A31,1.0,0.682951830900822,摘要:物理,-0.0540064545761855,-0.2646297792798422,0.6155555555555555,A31,False,False,False,needs_review,medium,needs_review
ZH_0194,多区域电-冷-热互联分布式能源站量质协同规划研究,"为探讨分布式能源站(distributed energy station,DES)，这一能源系统中的重要能源转换环节，研究其站内规划与多站之间的多能互补特性，并兼顾考虑能量的“数量”与“品质”双重价值属性，将量质协同约束纳入DES规划范畴，为此，该文提出一种多区域电-冷-热互联DES量质协同规划方法。首先，建立DES互联冷管道传输模型；其次，采用能源集线器建立考虑电-冷-热互联协同、新能源接入的DES综合模型；在此之后，基于混合整数线性规划，以互联系统总成本最低为优化目标，引入(火用)效率约束，构建多区域电-冷-热互联DES量质协同规划模型；最后，通过算例验证了规划模型的合理性与可行性。","['分布式能源站', '能源站互联', '设备选型与定容规划', '运行优化', '量质协同']",T37,T26,1.0,0.7730096849582333,摘要:混合整数,0.5157701798618021,0.3786406068445242,0.6755555555555555,T37,A31,A33,0.0,0.0267599261827346,,0.3273748285394302,0.1911423298766759,0.509435918801008,A31,False,False,False,needs_review,medium,needs_review
ZH_0196,绝缘子伞裙缺陷诱发芯棒酥朽的起始与发展分析,"复合绝缘子的酥朽老化难以跟踪和预测，且会导致绝缘子断串，严重危害电力系统的安全运行。主流观点认为酥朽老化起源于护套—芯棒内界面失效，然而，在一起500kV线路绝缘子异常温升故障中，发现内界面基本完好。该文开展了现场故障绝缘子样品的泄漏电流、局部放电、水扩散、工业计算机断层扫描(computed tomography scan,CT)、扫描电子显微镜(scanning electron microscopy,SEM)、傅里叶变换红外光谱(Fouriertransforminfraredspectroscopy,FTIR)等测试，定位该绝缘子老化起始点位于伞裙—护套界面处的硅橡胶硫化缺陷，老化从伞裙根部向内侵蚀，扩散并穿透护套，造成护套—芯棒界面初步失效。若该绝缘子继续挂网运行，可能最终导致酥朽，该故障被判定为酥朽老化的早期表现。进一步研究发现，该批次绝缘子存在填料团聚、混料硫化不均、室温硫化硅橡胶(roomtemperaturevulcanization,RTV)涂覆欠佳等缺陷，据此提出了制造改进建议。该文为绝缘子异常温升研究提供了详细案例分析，揭示了酥朽早期发展过程，有助于制造厂家和运行单位严控产品质量，预防恶性事故，保障电网安全运行。","['复合绝缘子', '酥朽老化', '异常温升', '硅橡胶粉化', '工业CT无损检测']",T13,T11,3.0,-0.148619330053227,摘要:SEM；摘要:TEM；摘要:红外光谱,0.3255425948364023,0.2241476424769491,0.6466666666666667,T13,A09,A07,4.0,0.7179619446311547,关键词:CT；摘要:CT,0.1950627218434128,-0.014557538348895,0.7822222222222223,A07,False,False,False,medium,medium,medium
ZH_0198,新能源基地柔直送出系统单极闭锁场景下交流电压序贯波动机理与抑制策略,大规模新能源基地经柔直送出系统作为我国未来“沙戈荒”地区新能源开发的重要方案，其在单极闭锁故障时存在交流电压序贯波动的风险。针对新能源柔直送出系统单极闭锁故障期间稳控切机、新能源降功率以及泄能电阻退出等系列扰动引起的交流系统电压序贯波动问题，研究了机理与抑制策略。首先，介绍了大规模新能源基地经柔性直流送出系统的拓扑结构，建立了适用于系统交流电压序贯波动问题分析的数学模型。然后，阐述了单极闭锁故障、泄能电阻投退、新能源切机或降功率等扰动与交流电压的时序耦合机理。在此基础上，提出了新能源降功率与泄能电阻退出相协调的交流电压序贯波动抑制策略。最后，通过PSCAD/EMTDC仿真，验证所提理论与方法的有效性。,"['新能源基地', '柔性直流输电系统', '单极闭锁', '交流电压序贯波动', '抑制策略']",T14,T32,1.0,0.7117837364136269,摘要:PSCAD,0.0263187284388533,-0.0586875970455223,0.6155555555555555,T32,A32,A27,4.0,0.5777943775519793,关键词:柔性直流；摘要:柔性直流,0.2390716598785826,0.2699598396569943,0.7822222222222223,A34,False,False,False,medium,medium,medium
ZH_0207,基于高斯混合模型的紧急控制策略适应性风险评估方法及其应用,紧急控制是保证故障后电力系统稳定运行的重要环节，新型电力系统不确定性因素引起紧急控制策略失效的可能性大幅增加。为此，提出一种基于高斯混合模型的紧急控制策略适应性风险评估与优化方法。首先，分析不同紧急控制决策框架下策略适应性风险的来源，提出紧急控制策略适应性风险评价指标。然后，采用越限量与控制效果描述新型电力系统各类不确定性因素对紧急控制策略适应性的影响，构建越限量与控制效果的高斯混合模型，评估紧急控制策略的适应性风险，在此基础上构建计及策略适应性风险的紧急控制决策模型。最后，实际电网的应用案例表明，该文所提风险评估方法准确有效，计及策略适应性风险的决策方法可降低电网运行方式快速变化带来的紧急控制偏差过大的风险，提高安控系统的可靠性。,"['紧急控制', '策略适应性', '不确定性分析', '风险决策', '高斯混合模型']",T49,T30,4.5,-0.022018677091224,标题:控制策略；摘要:控制策略,0.1895749407647295,-0.1572762649373139,0.6699999999999999,T30,A38,A01,0.0,0.0046867699714991,,0.1032643915194853,0.0334769283678512,0.485155446968649,A38,False,False,False,needs_review,medium,needs_review
ZH_0208,多直流馈入系统最近鞍结分岔点迭代算法,随着越来越多的新能源发电经由直流输电进行跨区域传输，多直流馈入受端系统面临严峻的电压稳定风险。依托广义短路比表征的电网强度及其与多馈入系统电压稳定裕度之间的关系，该文提出一种多直流注入功率空间最近鞍结分岔点的迭代搜索算法，可用于快速计算当前运行点到稳定边界的欧式距离。首先，根据直流多馈入系统的临界广义短路比，利用拓展导纳矩阵的奇异性，构造表征系统鞍结分岔的功率空间代数方程组；其次，证明了利用广义短路比对应的右特征向量可构造出功率参数空间中稳定边界的法向量，依托广义短路比确立的功率空间是凸的；最后，利用上述结果，提出了多直流功率注入空间最近鞍结分岔点的迭代搜索算法。算例计算结果说明所提方法满足工程要求，为多馈入系统的稳定风险识别提供了便捷工具。,"['直流多馈入系统', '广义短路比', '鞍结分岔点', '迭代算法']",T13,T47,1.0,0.7180202893915963,摘要:表征,0.1568281961375211,-0.0141407900600258,0.6155555555555555,T47,A34,A32,1.0,0.7409787853790197,摘要:新能源发电,0.2759619102633535,0.1498484669929985,0.6755555555555555,A34,False,False,False,medium,medium,medium
ZH_0210,考虑富氧燃烧技术与绿证-碳配额等价交互的综合能源低碳经济调度,为加快我国能源结构低碳转型，实现双碳目标，该文提出一种考虑绿证-碳交易等价交互、富氧燃烧碳捕集及燃气机组掺氢的综合能源低碳经济调度模型。首先，建立燃煤机组富氧燃烧碳捕集模型，联合电转气实现碳氧耦合；其次，建立燃气机组动态掺氢模型，构建含富氧燃烧碳捕集和燃气机组动态掺氢的综合能源系统调度框架。同时，考虑绿证市场供需，提出绿证-碳配额等价交互的交易策略。最后，算例结果表明，富氧燃烧技术能够实现火电低碳供能；GCT-CET等价交互能消化过剩绿证，最大化可再生能源减碳效益。,"['富氧燃烧', '燃气掺氢', '绿证市场供需']",T11,T38,1.0,0.7094934866067396,摘要:CT,0.0318429496134178,-0.0750465242375747,0.6155555555555555,T38,A33,A36,1.0,-0.5971481880306246,摘要:综合能源系统,0.3492206842588609,0.1917986569241101,0.5355555555555556,A33,False,False,False,needs_review,medium,needs_review
ZH_0215,租赁市场中储能容量配置双层鲁棒优化模型,多元的应用场景和丰富的商业模式是共享储能的规模化布局的有效途径，有利于提升共享储能的经济效益，同时丰富电网的调节性资源。基于共享储能的自主性和趋利性，提出了市场环境下考虑风电场的集群租赁的共享储能配置的双层鲁棒优化方法。描述了共享储能提供租赁服务和参与现货市场交易的商业运营模式。考虑风电机组的出力和现货价格在多时间尺度的不确定性，构建了共享储能配置的主从博弈的鲁棒优化模型。模型上层以共享储能的年成本最小化为目标，确定风电场集群互动博弈的场景下共享储能各时段的租赁价格及容量规划方案；模型下层以风电场集群的考核成本最低为目标，利用各时段租赁价格和风电机组的输出功率的最恶劣场景下租赁需求，来更新各时段租赁容量。通过多场景对比分析验证了配置结果的有效性，为共享储能的多应用场景的容量优化配置提供了新思路。,"['市场环境', '共享储能', '容量配置', '鲁棒优化', '风电场集群', '租赁服务', '主从博弈']",T38,T39,4.0,-0.3170328860649142,关键词:主从博弈；摘要:主从博弈,0.4391282874446435,0.1354793852506132,0.7022222222222223,T38,A35,A34,7.5,0.3266113027898329,标题:储能；关键词:储能；摘要:储能,0.0457194449035777,-0.0670621229297644,0.94,A34,False,False,False,medium,medium,high
ZH_0216,基于电感复用的准谐振型变换器,"针对新能源发电系统对隔离DC-DC变换器宽电压范围的需求，提出一种基于电感复用的宽范围准谐振型变换器。通过引入谐振技术，变换器在合理的参数设计下可以实现一次侧开关管零电压开关(zero voltage switching, ZVS)导通以及二次侧二极管零电流开关(zerocurrentswitching,ZCS)关断，解决了传统倍流整流变换器ZVS实现和占空比丢失相矛盾的问题；采用电感复用的思想，无须将变压器的励磁电感设计得过小，即可实现宽范围调压，在较窄的开关频率范围内有效提升了电压增益范围；相较于全波整流，优化了变压器的绕组利用率。结合变换器的工作特性，分析推导了所提出变换器的软开关条件和电压增益，继而给出了谐振参数设计方法；最后通过一台800W样机的实验验证了变换器拓扑的可行性与理论分析的正确性。","['电感复用', '宽范围', '谐振', '零电压开关', '零电流开关']",T17,T06,1.0,0.713124232394207,摘要:样机,0.0956838301038978,-0.0491126257556645,0.6155555555555555,T06,A34,A37,1.0,0.0139486291520799,摘要:新能源发电,0.1812050358187558,0.0996330653719991,0.5508990476228435,A34,False,False,False,needs_review,medium,needs_review
ZH_0217,基于属性数学理论的电网停电事故网络舆情风险评估,电力是现代生活中不可或缺的一部分，停电事故的发生会影响人民的正常生活，不仅会对社会安全和经济安全造成巨大影响，也会引发相关的网络舆情。若网络舆情引导不当，将严重威胁社会稳定和国家安全。网络舆情风险评估是网络舆情引导的基础，通过分析停电事故与网络舆情的关系，从事件主体特性、公众关注度和政府调控力度3个维度建立了停电事故网络舆情风险评估体系，提出了一种基于熵权法和属性数学理论的停电事故网络舆情风险评估模型，并以2021年美国得州停电和2020年美国加州停电两次事故为例进行实证研究，得到两次停电事故造成的网络舆情风险等级，并将结果与层次分析法和网络舆情平台的结果进行了对比，验证了所提出评估方法的合理性和可行性。,"['大停电事故', '网络舆情', '属性数学理论', '熵权法', '风险评估']",T41,T30,5.0,-0.2920426350341003,摘要:层次分析法；关键词:熵权法；摘要:熵权法,0.1289344112242373,-0.3717331073864311,0.6977777777777778,T30,A27,A28,7.5,0.721869013286498,标题:数学；关键词:数学；摘要:数学,0.0707464583691345,0.0133500949035572,0.98,A27,False,False,False,medium,medium,high
ZH_0223,电力系统仿射潮流多场景不确定性分析方法,现有仿射潮流方法计算所得潮流解仅能反映某一源荷功率区间范围下的系统潮流分布，难以满足多场景不确定性分析的在线计算需求。针对上述问题，提出一种电力系统仿射潮流多场景不确定性分析方法。该方法采用多个具有不同物理意义的全纯嵌入变量，缩放仿射注入功率的中心值和噪声元系数，以此追踪和描述不确定性注入功率的区间变化，将仿射潮流的解析维度由一维拓展至高维。仿射潮流计算可划分为仿射型潮流解析表达式求解和在线计算2部分，以递归的方式求解仿射状态量的各阶多元幂级数系数，获取仿射型潮流解析表达式，进而通过代入嵌入变量目标值实现具体场景下的仿射潮流在线计算。仿真结果验证了所提方法在收敛性、保守性和多场景分析效率等方面的优势。,"['不确定性', '仿射潮流', '多场景分析', '多维全纯嵌入']",T40,T39,1.0,0.7310825313040694,摘要:潮流计算,0.3772708395842133,0.0791609378862096,0.6755555555555555,T40,A27,A05,1.0,0.7231850727469057,摘要:物理,0.0988279406740005,0.0227505196207551,0.6755555555555555,A27,False,False,False,medium,medium,medium
ZH_0224,基于知识引导Raindrop学习的变压器健康评估方法,变压器健康状态评估是提高供电可靠性的重要前提，也是实现设备精益化运维管控基础任务之一。现有方法实现变压器健康状态精准评估的前提是获得完备、有效的特征参量集。然而，由于实际中特征参量采样间隔不固定、部分参量采集错误或传输丢失等问题，实际数据的不规则性显著降低了现有方法健康评估的精准度。为此，首次在本领域探索应用高性能处理非完备、不规则数据集的Raindrop学习算法，并在模型训练过程中引入形式化表达的领域知识规则，从而增强样本空间有效信息、引导学习器趋优训练。最后，基于实际获取的110kV变压器数据开展多场景下的健康评估，结果表明所提方法在各场景下均优于基线学习方法，能够更好地适应实际电力设备的健康评估需求。,"['变压器', '健康评估', '知识引导', '不规则数据']",T25,T30,1.0,0.7276876294997388,摘要:数据集,0.2294075772078681,0.0549116392838477,0.6755555555555555,T25,A37,A04,7.5,0.7389291880680016,标题:变压器；关键词:变压器；摘要:变压器,0.3321197891432531,0.1352084862000111,0.98,A37,False,False,False,medium,medium,high
ZH_0230,基于光储协调电压自均衡的光伏直流汇集方案研究,"光伏直流汇集系统具备效率高、成本低以及稳定性好等优势。其中，多端口、模块化的直流汇集系统有可控性强和便于升压的特点。然而，各发电单元间的功率失配易导致模块输出电压失衡，制约了发电效率与系统稳定性。为此，提出一种基于光储协调电压自均衡技术的两级升压式直流汇集方案。首先，基于异构子模块混合，构建了输入独立输出串联(input-independent-output-series, IIOS)型光伏直流汇集系统结构。在保障各模块输出电压自均衡的前提下，实现了独立光伏单元的升压汇集。其次，IIOS经隔离型MMC直流变换器实现二级升压，降低了各级升压需求。最后，在Matlab/Simulink环境下搭建仿真模型。仿真结果表明，所提光伏直流汇集方案可靠性好、效率高，在发电单元功率严重失配的情况下也能保证优异的发电效率和系统稳定性。","['光伏直流汇集', '电压自平衡', '光储协调']",T14,T04,1.0,0.7140621237868092,摘要:仿真模型,0.0020028175650481,-0.0424134015227911,0.6155555555555555,T04,A34,A38,7.5,0.7195442783844339,标题:光伏；关键词:光伏；摘要:光伏,0.1601490772705004,-0.0032551543969003,0.94,A38,False,False,False,medium,medium,high
ZH_0246,基于Lyapunov能量函数的单电压环幅值控制构网型储能虚拟阻抗参数整定方法,集中式构网型储能电站是高比例新能源电力系统中的重要装备，能够主动为系统提供电压、惯量支撑以及阻尼。常用的构网型控制方案包括电压电流双环与单电压环幅值控制，后者具备更强的暂态电压支撑能力，但面临着更为严峻的暂态过电流风险。在单电压环幅值控制的基础上，叠加虚拟阻抗控制抑制暂态过流，同时将有功环节的相角与无功环节的电压动态过程综合考虑，构建了系统的Lyapunov能量函数，分析系统的暂态稳定性，进行虚拟阻抗参数整定。与传统的仅考虑有功环节相角动态过程的相平面法相比，采用Lyapunov能量函数得到的参数范围更加准确。仿真结果验证了添加虚拟阻抗控制后，构网型储能电站能够应对上级电网电压暂降及相位跳变，并将暂态电流限制在合理范围内。同时，验证了Lyapunov能量函数法进行虚拟阻抗参数整定的有效性。,"['构网型储能电站', '单电压环幅值控制', '虚拟阻抗']",T49,T34,1.0,0.75886049033232,摘要:暂态稳定,0.4464394321338596,0.2775749309451426,0.6755555555555555,T49,A35,A38,7.5,-0.0535411116670339,标题:储能；关键词:储能；摘要:储能,0.0195101590818005,-0.3824365119073851,0.8,A38,False,False,False,medium,medium,high
ZH_0249,适用于混合风电场频率电压支撑的分布式自适应解耦控制,跟网型风机与构网型风机共同构成的混合风电场具有宽短路比范围稳定运行的优势，但是在弱电网下存在频率电压控制交互影响难以协同支撑的问题。在分析了跟/构网型变流器的频率电压动态耦合特性机理的基础上，提出了一种适用于混合风电场频率电压支撑的分布式自适应解耦控制。该控制由风机间分布式协同控制和风机内部单元级频率电压解耦自适应控制的两个控制层级构成。分布式控制使得各风机保持一致性协同输出，最大化利用各风机的转子动能。自适应控制从风机内部层级考虑混合风电场各风机的运行状态，实现了风电场在保持稳定的基础上充分利用风电场的调节能力。最后，解耦补偿控制对跟/构网型风机进行有功无功前馈解耦，抑制了频率电压支撑过程中的交互影响。在Matlab/Simulink仿真平台搭建了混合风电场接入的四机两区域系统。仿真结果验证了混合风电场频率-电压支撑控制的可行性和先进性。,"['分布式自适应控制', '频率电压协同', '相量动态过程', '混合风电场', '构网型控制']",T47,T49,1.0,0.7150977573702675,摘要:仿真平台,0.0365245729468876,-0.0350160187838026,0.6155555555555555,T49,A38,A34,5.0,-0.2212663496339924,关键词:构网型；摘要:构网型；摘要:变流器,0.2043220868222449,0.1338117883286258,0.7577777777777779,A38,False,False,False,medium,medium,medium
ZH_0272,基于改进堆叠降噪自编码器的配电网高阻接地故障检测方法,针对配电网高阻故障判定阈值选取难、噪声影响大和识别精度低等问题，提出了一种基于改进堆叠降噪自编码器的高阻接地故障检测方法，从特征提取及网络模型两个层面增强检测方法的可靠性与抗噪性能。首先，结合时频数据处理手段刻画高阻接地故障与正常工况的物理特性差异，为构建故障样本特征库提供理论依据；其次，通过皮尔逊相关系数对时域、频域和时频域的故障特征进行分析与筛选，从而构造多域特征融合样本库，避免特征冗余现象；然后，利用极限学习机的强高维特征分类特性对堆叠降噪自编码器模型进行改进，以提高高阻接地故障分类器的鲁棒性和准确性；最后，在Matlab/Simulink中搭建10 kV配电网仿真模型进行算例分析。结果表明，该方法在-1 dB强噪声条件下仍有95.57%的高阻故障检测准确率，具有较高的工程实用价值。,"['配电网', '高阻接地故障', '多域特征融合', '堆叠降噪自编码器', '极限学习机']",T36,T27,4.5,-0.3457509322695408,标题:故障检测；摘要:故障检测,0.1412925096258201,-0.0494814489841153,0.6699999999999999,T27,A31,A27,7.5,0.6309869091916565,标题:配电网；关键词:配电网；摘要:配电网,0.077006217259245,0.0499064942261184,0.98,A31,False,False,False,medium,medium,high
ZH_0276,基于信息间隙决策理论的绿证实时定价问题研究,"随着绿证交易制度不断完善，如何更好地维持绿证交易市场供需平衡及削峰填谷是目前亟需解决的问题。针对该问题，借鉴实时电价思想，提出基于需求管理的绿证实时定价机制。构建系统社会福利最大化模型，利用拉格朗日对偶和梯度投影法计算拉格朗日乘子即影子价格，得到最优实时绿证价格。其次，考虑到可再生能源出力具有不确定性因素，通过引入信息间隙决策理论(information gap decision theory, IGDT)，构建风险规避模型和风险偏好模型以探究可再生能源聚合商不同态度下社会福利的变化，为系统经济稳定运行提供参考。最后，利用Yalmip和Gurobi进行仿真模拟。结果表明，所提模型可有效实现绿证供需平衡，提高可再生能源利用率，实现系统低碳经济稳定运行的目标。","['可再生能源', '绿色证书', '实时定价', '影子价格', '信息间隙决策理论']",T12,T20,1.0,0.6968679035685176,摘要:聚合,-0.034980044088991,-0.1652292602248747,0.6155555555555555,T20,A36,A34,4.5,0.0538849349700707,标题:绿证；摘要:绿证,0.1813105161195752,-0.1865361787852097,0.7292734284670778,A34,False,False,False,medium,medium,medium
ZH_0281,交流变速抽蓄机组单通道电力系统稳定器设计研究,"为了弥补交流变速抽蓄机组涉网环节的不足，依据我国对大型发电机组并网的技术要求，提出了一种适用于交流变速抽蓄机组的单通道电力系统稳定器(power system stabilizer, PSS)设计方法，同时还给出了变速机组与定速机组的协同响应策略。在励磁系统特性方面，对比分析了变速机组与定速机组的差异，改进了PSS的传递函数结构，提出了相关参数的估算方法，能够适应交流变速抽蓄机组的并网要求。在厂内协调方面，针对变速机组与定速机组的协同控制需求，研究了基于变模态分解技术的协同响应方案，并对比了抽蓄电厂的整体反应效果，能够用于指导首台变速机组投产的工程实际。为了进行仿真分析，搭建了IEEE 9节点系统，并利用真实风电场数据，构建了电网功率扰动场景，验证了所提方法的有效性。","['新型电力系统', '交流变速抽蓄机组', '单通道电力系统稳定器', '参数辨识', '动态调节', '厂内协同']",T13,T40,1.0,0.7248518285631691,摘要:TEM,0.3057643286598602,0.034655918308351,0.6755555555555555,T13,A34,A38,1.0,0.7023686873216999,摘要:风电,-0.0118786794275624,-0.1259379477021435,0.6155555555555555,A38,False,False,False,needs_review,medium,needs_review
ZH_0290,科技改革需要构建新范式：理论探析,党的十八大以来，国家全面推进科技体制机制改革，取得了重大进展，但面对巨大的科技转型，不仅需要继续推进科技运行机制和组织结构的深化改革，更需要在变化的情境下重新反思当前的改革模式，探索与我国科技强国建设相适应的科技改革新范式。文章从我国科技大转型挑战和问题导向的“修复型”改革范式的瓶颈入手分析，论证了我国科技改革亟须摆脱旧框架、建立新范式；并基于关于创造的结构动力学理论和我国1978年以来的经济改革实践，提出超越问题导向塑造新动力、面向科技转型探索新模式、突破改革瓶颈寻找新路径，以及融合构建“结构型”改革范式理论模型的设想；最后，提出以中国科学院作为国家科技体制改革的“进化岛”，在实践中探索我国科技改革新范式，为科技强国建设铺就“最小阻力之路”。,"['科技改革', '问题导向', '修复型', '结构型', '最小阻力之路']",T16,T15,1.0,0.7509084165907592,摘要:理论模型,0.3806157110116842,0.2207744042197098,0.6755555555555555,T16,A48,A23,0.0,0.0002621702264795,,0.1005504149450358,0.0018726444748542,0.4802883872491275,A48,False,False,False,needs_review,medium,needs_review
ZH_0307,基于混合型晶闸管可控移相器的抗冲击驱动策略,"晶闸管可控移相器(thyristor-controlledphaseshifting transformer,TCPST)因为潮流调节可靠、价格便宜等优点在日益复杂的电网潮流控制中具有较大发展前景。但是晶闸管的半控特性使得TCPST在模式切换过程中可能存在绕组短路引发的电流冲击问题，这个问题限制了TCPST的工程应用推广。对此，该文首先提出了一种基于新型矩阵式直接交交变换拓扑的混合型TCPST，然后，在混合型TCPST拓扑的基础上提出了一种运用于模式切换时的抗绕组短路电流冲击驱动策略：结合阀组电流方向和工作模式的闭锁式驱动策略以解决模式切换过程中绕组短路引发的电流冲击问题；在阀组中增设RC缓冲电路，并在驱动策略中引入功率参考阈值以解决伴生的阀组瞬时开路电压冲击问题。最后对220kV电网环境下的混合型TCPST进行仿真实验，仿真结果验证了所提抗冲击驱动策略的有效性。","['晶闸管可控移相器', '绕组短路', '阀组电流方向', '功率参考阈值', '驱动策略']",T01,T48,1.0,0.7793753633181929,摘要:Transformer,0.5081032984881494,0.4241097379870923,0.6755555555555555,T01,A25,A15,0.0,5.340306502454872e-05,,0.0812091445437096,0.0003814504644611,0.480058743371527,A25,False,False,False,needs_review,medium,needs_review
ZH_0318,一种基于电容主动钳位式混合式直流断路器,"混合式直流断路器兼具机械式直流断路器的静态特性与固态直流断路器的动态特性,具有较快的开断速度和较低的通态损耗,是应用于中高压直流输配电系统的优选技术方案。然而,基于模块级联的混合式直流断路器存在投资成本较高、避雷器吸能较高、不具备故障性质判别能力等问题,限制了断路器的工程化应用。该文在现有结构的基础上进行一定的改进,提出一种基于电容主动钳位式混合式直流断路器。主要利用电容电压钳位换流站侧电压,避免了换流站电压迅速跌落的同时降低了换流站侧的故障电流峰值。此外,电容电压还可作为线路故障和重合闸时的辅助判据。针对所提结构进行了详细的理论推导和分析,在PSCAD/EMTDC中建立四端直流环网对所提结构进行验证,并与原有方案进行对比。仿真结果证明所提结构可行且相对原有方案具备一定优势。","['混合式直流断路器', '故障性质判别', '电容钳位', '辅助判据']",T14,T15,1.0,0.7134803252883395,摘要:PSCAD,0.0647754047207963,-0.0465691050832899,0.6155555555555555,T15,A31,A32,1.0,-0.378247097711697,摘要:配电系统,0.0394482157302432,-0.1303364122264074,0.4755555555555555,A32,False,False,False,needs_review,medium,needs_review
ZH_0322,基于随机微分方程的光伏电源机电随机特性的代数建模方法及应用,以光伏电源为代表的逆变型新能源具有强随机性，且不具备转动惯量，无法套用传统发电机特性模型和电力系统机电暂态分析方法中的转子运动方程。该文研究了用于代数分析的光伏电源随机性建模方法，构造单位随机变量为Gauss白噪声，并根据光伏电源并网装置的结构建立随机微分方程，进而推导出随机微分方程的解析解，然后分析了同时考虑多随机因素时的建模方法，并通过Maple软件计算出方程的数值解，与MATLAB/Simulink平台上仿真电路的波形相对比，结果验证了所提建模方法的有效性。最后，研究了所建模型在新型电力系统机电暂态分析中的应用，通过算例得到了系统稳定性的充分条件临界值，突破了因转动惯性缺失而带来的新型电力系统机电暂态计算瓶颈。,"['光伏电源', '随机性代数建模方法', '随机微分方程', '新型电力系统', '机电暂态分析']",T16,T40,1.0,0.7126779708317421,摘要:解析解,0.1558789106683986,-0.0523002083446986,0.6155555555555555,T40,A34,A48,7.5,0.7180695249622473,标题:光伏；关键词:光伏；摘要:光伏,0.0628971671647186,-0.0137891074125188,0.94,A48,False,False,False,medium,medium,high
ZH_0323,适应我国高集中度电力现货市场的发电侧市场力辨识方法,我国电力现货市场发电侧拥有高市场集中度的特点，市场力的滥用辨识变得尤为重要。对美国事前市场力的辨识方法进行了详细综述，分析指出了行为-影响测试方法更适用于我国电力现货市场。在此基础上，进一步研究提出了高市场集中度下的事前-事后市场力辨识方法，包括用于辨识潜在市场力的剩余供给指标测试法和市场模拟仿真法、用于辨识事中市场力的行为-影响测试方法和从市场整体运行情况、用户侧、发电侧和电网侧4个维度进行全面评估的事后市场力辨识方法。最后，通过算例分析，论证了所提市场力辨识方法的合理性和可行性。,"['高市场集中度', '市场力', '辨识方法', '行为-影响测试', '事前-事后']",T06,T13,1.0,0.7176823363685573,摘要:综述,0.0999527951729813,-0.016554740224591,0.6155555555555555,T13,A36,A37,0.0,0.0018794406915114,,0.1112532225222335,0.0134245763679392,0.4820673847606626,A36,False,False,False,needs_review,medium,needs_review
ZH_0326,基于差动电流能量比的新能源场站送出线路纵联保护,电力电子装置在新能源电力系统中的广泛应用，改变了传统电力系统的故障特性，使得传统保护动作性能下降、甚至存在误动和拒动风险，从而给电网的安全稳定运行带来挑战。该文通过分析区内外故障后差流与分布电容电流的异同，明确了线路分布式电容电流与故障后差动电流的能量存在明显差异，然后利用区外故障时差动电流与分布式电容电流能量基本一致，而区内故障时差流能量与分布式电容电流能量差异很大的特点，提出了基于差动电流能量比的纵联保护新判据，仿真结果验证了保护算法的可行性。所提方法可解决新能源接入后差动保护动作性能下降问题，适应不同类型新能源场站，具有较好的耐受过渡电阻能力，与现有基于新能源暂态电流特征的保护相比，在新能源电源弱出力时动作性能更好。,"['新能源并网', '故障分析', '纵联保护', '能量比值']",T36,T11,1.0,0.7428960468594872,摘要:保护算法,0.2722834008298544,0.1635431918534804,0.6755555555555555,T36,A31,A34,0.0,0.0171652389192495,,0.2179207319613043,0.1226088494232114,0.4988817628111745,A31,False,False,False,needs_review,medium,needs_review
ZH_0330,高海拔高速运行高铁车顶绝缘子风压分布及海拔修正,"车顶绝缘子是高铁动车组列车重要的组成部件，高海拔地区运行中车顶绝缘子在高速气流作用下周围风压分布形成负压区导致其综合气压远低于实际海拔对应的气压进而影响车顶绝缘子电气性能。该文基于计算流体力学(computational fluid dynamics,CFD)，建立仿真模型，分析高速气流作用下车顶绝缘子周围风压分布特性及影响因素，并提出高海拔高速气流综合作用下车顶绝缘子电气强度修正方法。结果表明：车顶绝缘子的风压低值分布在侧风面伞裙根部(大伞在下表面根部，小伞在上表面根部)；迎风面风压、背风面和侧风面风压的绝对值都随风速的增大呈指数增长，且海拔越低，增长越快；攻角为80°左右时将形成更明显的低压区；海拔4000m、运行速度为360km/h综合作用下车顶绝缘子形成负压相当于4599米海拔对应的气压，车顶绝缘子外绝缘修正应予以考虑。","['车顶绝缘子', '海拔', '风速', '攻角', '风压', '海拔修正']",T14,T15,2.0,0.7241376667159705,摘要:计算流体力学；摘要:仿真模型,0.344156862436292,0.0295547622569329,0.731111111111111,T14,A46,A07,4.5,0.690094923689518,标题:高铁；摘要:高铁,0.0233614678910398,-0.2136076879320138,0.8099999999999999,A07,False,False,False,medium,medium,high
ZH_0332,基于电容换流的限流型混合式直流断路器,"直流断路器是直流电网线路故障切除的重要装置，为提高直流电网在直流故障下运行的可靠性，针对断路器开断能力的高要求及成本较高、限流能力不强、故障隔离速度慢等问题，提出一种基于电容换流的限流型混合式直流断路器(capacitor commutation,current-limited hybrid DC circuit breaker,CC-CL-DCCB)拓扑，所提方案有正常及故障两种工作模式，依靠电容反向充电及阻感限流支路综合限流，有效抑制故障电流增长，使断路器跳闸时故障电流降低至3.71k A。所提方案具备故障清除后的重合闸判定能力，设有使电感短路及电容自然再放电的二极管组，可缩减故障隔离时间1.6ms，并降低避雷器吸收能量18.44MJ。对所提断路器拓扑进行了原理解析及理论推导，并在PSCAD/EMTDC中将其应用于四端直流电网进行仿真分析，与现有的直流故障保护方案进行性能及经济性对比分析，结果表明所提断路器具备一定优越性及可行性。","['混合式直流断路器', '直流故障', '故障限流', '预充电电容']",T14,T15,1.0,0.7129681349650836,摘要:PSCAD,0.0562252468344792,-0.05022760739226,0.6155555555555555,T15,A32,A07,0.0,0.0014588061261817,,0.135145290500138,0.0104200437584412,0.4816046867387999,A32,False,False,False,needs_review,medium,needs_review
ZH_0333,基于小波图像卷积的局部放电非梯度定位方法研究,为实现更准确的电力设备及线路异常放电定位，提出了一种基于小波图像卷积的非梯度定位方法。研究首先采用小波图像卷积的时延估计方法解决了低信噪比下时延估计误差较大的问题，基于小波变换分析获得了信号间时域–频域相关性，进一步通过卷积平均值获取精确时延估计值，在真实值±2μs的估计结果区间内将时延估计的置信概率提升了44%。在较高信噪比下应用时，有效地将估计结果的平均绝对误差限制在0.1μs内；其次，将下山单纯形法和模式搜索法2种非梯度优化方法引入局部放电定位算法中，借助非梯度优化算法无需求导、搜索迅速等优点，实现了局部放电源的定位寻优。为验证上述算法效果，首先通过仿真对比验证了小波图像卷积时延估计方法在不同时延长度、不同信噪比下的准确性和稳定性，然后采用十字阵列超声传感矩阵，对模拟放电源进行了实测。实验结果表明，所提出的定位算法相较传统算法误差更小，且未增加对硬件算力的要求。,"['小波变换', '时延估计', '放电定位', '下山单纯形法', '模式搜索法']",T11,T35,1.0,0.6970006090917091,摘要:超声,0.0030496518445453,-0.1642813636306483,0.6155555555555555,T35,A37,A21,0.0,0.0092887963081688,,0.1693619295964724,0.0663485450583489,0.4902176759389857,A37,False,False,False,needs_review,medium,needs_review
ZH_0334,单相接地时LCC-HVDC换相失败时序机理研究,为准确掌握换流站交流母线发生单相接地故障时，高压直流输电系统中容易发生换相失败的换流阀，以便从原理上采取针对性更强的换相失败抑制措施，以A相故障为例推导出换流站母线电压以及换流变换相电压幅值和相角变化量故障前后随接地电阻、接地电抗之间的数学关系式，影响故障后首次换相时换相失败顺序的因素包括故障相别、系统等值阻抗、接地阻抗和换流变接线组别。进一步通过计算故障前后换流阀的换相面积比值，找出故障发生后更容易发生换相失败的换流阀。换流站母线通过电抗接地时，接地故障发生后首次换相的阀容易发生换相失败的顺序相同，A相故障时依次为Y3(Y6)、D5(D2)、D3(D6)，其余阀在故障发生后首次换相时不会发生换相失败。但通过电阻接地时，容易发生换相失败的换流阀顺序与接地电阻大小密切相关，详细推导出不同接地电阻范围内故障后首次换相时容易发生换相失败的换流阀顺序，并在PSCAD/EMTDC电磁暂态仿真软件中的CIGRE高压直流标准测试系统及实际工程模型中验证了文中理论研究结果的正确性。,"['高压直流输电系统', '单相接地', '电压变化', '相角偏移', '换相面积', '换相失败']",T14,T13,2.0,0.7054512459474637,摘要:电磁暂态仿真；摘要:PSCAD,-0.021006752594689,-0.1039196718038302,0.6711111111111111,T13,A32,A27,16.0,0.7732738561291896,关键词:高压直流；摘要:高压直流；标题:HVDC；标题:换相失败；关键词:换相失败；摘要:换相失败；摘要:换流站,0.6860547690940864,0.701956115208498,0.98,A32,False,False,False,medium,medium,high
ZH_0342,基于分布式通信架构的温控负荷参与电力系统频率调控模型,温控负荷是具有参与电力系统频率调控潜力的需求侧资源。考虑到温控负荷用户群体分布的分散性和参数的异质性，提出一种基于分布式通信架构的温控负荷参与电力系统频率调控模型。负荷聚合商与区域控制器进行直接通信传递频率调控指令，用户个体间基于无线网络完成信息交互，通过Gossip算法实现节点负荷的通信状态和传递延时特性建模，针对用户响应状态的随机性，进一步将用户意愿系数纳入考虑，制定相应有序恢复策略避免二次功率冲击。通过算例仿真在单区域和多区域的频率响应模型中对所提方法有效性进行了验证，结果表明，所提方法能够充分发挥分布式需求侧温控负荷调频潜力，有利于提升系统频率稳定性。,"['温控负荷', '频率', '一次调频', '分布式通信架构']",T12,T07,1.0,0.7018542911269101,摘要:聚合,0.0263034530280351,-0.1296122062363566,0.6155555555555555,T07,A37,A15,0.0,0.0058265889628894,,0.1554152990719871,0.0416184925920675,0.4864092478591784,A37,False,False,False,needs_review,medium,needs_review
ZH_0345,高海拔山区铁路牵引供电系统——问题、挑战与对策思考,我国西部高海拔山区铁路部分区段面临沿线缺乏有力电网支撑，外部电源系统极端薄弱，途径复杂大坡道高原山区，建设难度大。高海拔山区铁路对牵引供电系统的技术要求非常特殊，对外部电网接入方案、牵引变电所供电能力、电源备用方式、长大坡道电分相处理方案等诸多方面提出了极为特殊的要求。该文从输电网–牵引变电所协同规划、长大坡道对牵引供电系统电压抬升影响、客货混跑下牵引供电系统谐波稳定性问题3个方面，分别剖析高海拔山区铁路牵引供电系统安全运行所面临的难题。然后，通过梳理总结已有文献研究，依次从考虑列车负荷和风光新能源不确定性的输电网随机规划方法、长大坡道下牵引负荷准确模拟与电压抬升机理分析、电力机车–牵引网系统宽频带谐波稳定性分析与振荡抑制措施3个角度对上述问题进行初步分析，同时给出了可能的解决方案，为高海拔山区铁路安全运行研究提供了借鉴。,"['高海拔山区铁路', '牵引供电系统', '薄弱电网', '长大坡道', '客货混跑']",T49,T06,1.0,0.7251358476721976,摘要:稳定性分析,0.2028533197843377,0.0366846262299837,0.6755555555555555,T49,A34,A46,1.0,-0.6239852845120724,摘要:风光,0.0787880532029362,0.0001051106280543,0.4755555555555555,A31,False,False,False,needs_review,medium,needs_review
ZH_0363,大运河江浙段沿线城市文旅消费水平时空特征与影响路径研究,推进文旅融合发展和提升人民生活品质是大运河国家文化公园建设的内在要求和重要目标，大运河沿线城市文旅消费水平的研究为其提供理论依据与实践路径。文章以中国大运河江浙段13个城市为研究区域，从文旅消费环境、文旅消费能力、文旅消费支出和文旅消费满意度4个维度构建文旅消费水平评价指标体系，运用数理统计、模糊集定性比较分析等方法，系统探究了大运河江浙段沿线城市文旅消费水平的时空特征与影响路径。研究发现：(1)大运河江浙段沿线城市文旅消费水平呈现波动性增长态势，其中浙江段消费水平相对较高，苏州和杭州市是文旅消费水平的2个核心，江浙段沿线城市差异逐年减缓。(2)大运河江浙段沿线城市文旅消费水平的4个维度具有明显时空分异性，其中时序上文旅消费能力指数逐年增长，文旅消费满意度变动幅度较小；空间上文旅消费环境指数差异最大，而文旅消费支出和文旅消费满意度地区差异相对较小。(3)从构建“供给—需求—政策”的文旅消费组态影响因素模型分析看，文旅消费水平受资源产品基础、服务设施水平、经济收入水平、文化教育水平和政府支持引导5个变量的组态影响，高文旅消费水平组态路径可分为环境供给驱动型、内在需求驱动型和供需多元联动型。,"['文旅消费水平', '文旅资源', '文旅融合', '组态影响', '大运河江浙段']",T41,T20,1.0,0.7320310836209775,摘要:指标体系,0.1861267693761676,0.0859363115784112,0.6755555555555555,T41,A45,A25,4.0,0.5894023924422263,关键词:文旅融合；摘要:文旅融合,0.3890824031373481,0.3528742317301873,0.8422222222222222,A45,False,False,False,medium,medium,high
ZH_0365,土地出让价格对国土空间格局演变的作用机制与空间效应——以长三角地区为例,揭示土地出让价格对国土空间格局演变的作用机制是纾解国土空间冲突的逻辑基础。文章采用地学图谱、综合地价和标准差椭圆模型刻画了长三角地区2007—2022年国土空间格局和土地出让价格的演变过程，并应用空间杜宾模型检验了土地出让价格对国土空间格局的影响机制和溢出效应。结果表明：（1）研究期内，长三角地区城乡建设空间增加19026.82 km 2 ，农业生产空间和生态服务空间分别减少9231.95和9794.86 km 2 ，国土空间格局演变过程由农业生产空间转为城乡建设空间和生态服务空间转为农业生产空间主导；（2）长三角地区土地出让价格快速上涨，形成东西分化的地理格局，其中上海、南京、杭州、苏州等市下辖的县域土地出让价格增加值较高，安徽省西部的土地出让价格增加值较低；（3）长三角地区土地出让价格对城乡建设空间具有显著的正向空间溢出效应，对生态服务空间和农业生产空间具有显著的负向空间溢出效应。未来应建立健全地域化、差异化和差别化的土地出让价格机制优化国土空间格局。,"['土地出让价格', '国土空间格局', '建设用地', '农业生产空间', '生态服务空间', '长三角地区']",T46,T48,4.5,-0.2799717568466779,标题:作用机制；摘要:作用机制,0.0983345315808244,0.0573445939523004,0.6699999999999999,T42,A51,A39,7.5,0.0368843906441925,标题:国土空间；关键词:国土空间；摘要:国土空间,0.3258171952567731,0.263459933172804,0.900572829708612,A51,False,False,False,medium,medium,high
ZH_0366,碳交易政策对高耗能企业碳排放强度的影响,文章基于2009—2022年中国高耗能企业的面板数据，聚焦高耗能企业碳排放，深入剖析了其时空特征并探究影响因素。结果表明：(1)高耗能企业碳排放在时间上呈阶段性变化，空间分布存在聚集特征且各地区差异明显缩小。(2)碳交易政策对高耗能企业碳排放强度具有抑制作用，且对中部地区企业、非国有企业、正增长企业及盈利企业的影响更为显著。(3)技术创新是碳交易政策减排的核心路径，绿色信贷则通过资本配置强化政策效果。为进一步降低高能耗企业碳强度，政府应进一步完善碳交易政策，加快碳交易市场建设，扩大碳交易政策的覆盖范围，加强政策工具间的协同设计；企业应加大技术创新投入，非上市高耗能企业则应借鉴上市企业的碳减排成功经验，积极实施减排措施。,"['高耗能企业', '碳交易政策', '碳排放', '技术创新', '绿色信贷', '绿色发展']",T42,T21,1.0,0.7153779855817386,摘要:面板数据,0.0609180698498308,-0.0330143887018668,0.6155555555555555,T21,A44,A40,10.5,0.4455886415502592,关键词:绿色发展；标题:碳排放；关键词:碳排放；摘要:碳排放,0.228338570835229,-0.000897458314475,0.94,A40,False,False,False,medium,medium,high
ZH_0367,新疆物流企业时空分布特征及其影响因素,文章基于物流企业数据，运用核密度、空间分析和地理探测器模型等方法，探究了2011、2015、2019和2023年新疆物流企业的时空分布特征及其影响因素。结果表明：(1)新疆物流企业总体上呈现以乌鲁木齐市为主要核心区域，大部分市州为边缘区域的“核心—边缘”空间分布格局。(2)新疆物流企业在不同研究年份均表现出一定的聚集分布模式，高高聚集区主要分布在乌鲁木齐市，低低聚集区较多但数量在逐年减少，由连片分布逐步演变为局部聚集。(3)新疆物流企业的空间分布受交通条件、经济因素、市场因素和政策环境4个维度因素的共同作用，其中经济发展水平、市场规模和区域政策是影响新疆物流企业时空分布的主要因素，市场规模与区域政策的交互作用最为显著，居民消费水平与产业结构状况的交互作用呈增强趋势。研究结论可为优化新疆物流产业布局、促进经济交流与区域协同发展提供借鉴参考。,"['物流企业', '集聚特征', '交通可达性', '市场规模', '区域政策', '区域协同发展', '新疆']",T48,T17,1.0,0.7261679671901735,摘要:地理探测器,0.1234326326816742,0.0440569085012393,0.6755555555555555,T48,A43,A46,1.0,-0.6612023581367017,摘要:产业结构,0.1587259442382121,0.065303353210752,0.5355555555555556,A43,False,False,False,needs_review,medium,needs_review
ZH_0370,长江中游城市群数智融合对制造业绿色转型的影响及空间效应,文章以2011—2022年长江中游城市群19个城市为研究对象，运用超效率SBM模型和耦合协调度模型测算数智融合和制造业绿色转型水平，分析数智融合与制造业绿色转型的空间演变格局，并构建空间杜宾模型探究了数智融合对制造业绿色转型的影响及空间效应。研究发现：(1)长江中游城市群制造业绿色转型水平整体呈下降态势，其中环长株潭城市群下降幅度较大；空间演变上，长江中游城市群制造业绿色转型从分化转向趋同发展，各中心城市引领制造业绿色转型。(2)数智融合高—高集聚分布于武汉城市圈；低—低集聚分布于大南昌都市圈，且集聚范围随时间缩减。(3)数智融合不仅能促进本地制造业绿色转型，还能通过正向空间溢出效应促进邻地制造业绿色转型。,"['数智融合', '制造业绿色转型', '耦合协调度模型', '空间杜宾模型', '长江中游城市群']",T44,T42,4.0,0.0030045057990595,关键词:耦合协调度；摘要:耦合协调度,0.2147577599583471,0.0214607557075679,0.7055271786011876,T44,A39,A43,7.5,-0.0015684562104979,标题:城市群；关键词:城市群；摘要:城市群,0.1009740427308073,-0.0112032586464135,0.8,A43,False,False,False,medium,medium,high
ZH_0372,长三角地区国土开发强度与城市宜居性的适配及其影响因素,文章在构建国土开发强度与城市宜居性评价体系基础上，采用综合适配模型、最优参数地理探测器等方法，对2005—2022年长三角地区国土开发强度与城市宜居性适配时空特征及其影响因素进行了深入探讨。结果表明：(1)研究期内两系统呈波动增长趋势，国土开发强度由2005年的0.071上升至2022年的0.570，城市宜居性从0.087增至0.704。(2)适配类型由初期的较不适配转变为末期的相对适配，空间集聚特征显著，高值区存在一定空间锁定特征。(3)自然环境、经济发展对适配度的影响力较强，经济发展与其他因子的交互作用显著，在自然环境、经济发展、城市建设、政策支持等多方面因素的合力作用下适配度逐渐提升。,"['国土开发强度', '城市宜居性', '适配', '自然环境', '经济发展水平', '城市建设', '长三角地区']",T48,T17,1.0,0.7102473800644001,摘要:地理探测器,0.0527355004667878,-0.06966157096857,0.6155555555555555,T17,A39,A05,7.5,0.7163568535570062,标题:长三角；关键词:长三角；摘要:长三角,0.0640371314835457,-0.0260224745928122,0.94,A05,False,False,False,medium,medium,high
ZH_0378,业态分类视角下湖南省乡村旅游产业空间分布特征及影响机理,文章从业态视角界定乡村旅游产业内涵，以11537个乡村旅游业态POI数据为研究对象，运用平均最近邻指数、核密度估计、冷热点分析、地理探测器等方法分析湖南省乡村旅游产业的空间分布特征，并剖析其影响因素及作用机理。结果表明：(1)湖南省乡村旅游产业总体呈集聚分布态势，呈现“一极多核，多处点状聚集区”的分布格局，核心区以长沙市为中心，向湘潭、株洲辐射；主要表现为“环城、沿路、依景、趋平”的空间特征。(2)乡村旅游产业空间分布差异显著。休闲度假类集聚程度最高，NNI值为0.256，且其核心集聚区与总体乡村旅游产业核心集聚区相吻合；农事体验类、历史文化类和自然风景类均表现出多核心网络状分布特征，分布范围较广。热点区主要集中于长沙和张家界。(3)乡村旅游产业空间分布受资源禀赋、政策支持、自然环境、经济水平、客源市场和交通条件等因素的共同交互影响。资源禀赋是主导因素，海拔与3A级及以上旅游景区交互后q值解释力度最大，为0.246。因子探测结果表明，多因素共同驱动形成“资源禀赋主导—政策支持引导—自然环境与交通条件驱动—经济水平与客源市场拉动”的交互影响作用。基于研究结果，最后提出了促进湖南省乡村旅游产业高质量发展的对策建议。,"['业态分类', '乡村旅游产业', '高质量发展', '空间分布', '湖南省']",T48,T30,1.0,0.7270847448286641,摘要:地理探测器,0.174420812921862,0.0506053202047434,0.6755555555555555,T48,A45,A46,15.0,0.6992245779312288,标题:旅游；关键词:旅游；摘要:旅游；标题:乡村旅游；关键词:乡村旅游；摘要:乡村旅游,0.2232651672656177,0.1944612709373491,0.98,A45,False,False,False,medium,medium,high
ZH_0380,低碳城市试点对工业用地配置的影响及空间效应,文章基于2007—2021年全国277个地级及以上城市面板数据，运用多期双重差分模型和空间双重差分模型，实证检验了低碳城市试点对工业用地配置的影响。结果表明：(1)低碳城市试点对工业用地出让面积和“三高”特征企业用地出让面积占比均具有显著的负向影响，而该试点对工业用地出让价格的影响不显著。(2)异质性分析显示，由于城市资源禀赋和地方政府环境治理压力的不同，低碳城市试点对工业用地配置的影响具有明显的异质性特征。(3)空间效应分析表明，低碳城市试点对经济相邻和地理相邻城市的工业用地出让面积均具有负向影响，同时与地理相邻城市的工业用地出让价格以及经济相邻城市的“三高”特征企业用地出让面积占比均具有负相关关系。据此，提出要充分发挥低碳城市试点对优化工业用地资源配置的积极作用，因地制宜地完善低碳城市试点政策体系，统筹推进试点城市及相邻地区的绿色低碳与协同发展。,"['低碳城市试点', '工业用地配置', '多期双重差分模型', '政策影响', '空间溢出效应']",T42,T06,1.0,0.7416973644867755,摘要:面板数据,0.2379338023958627,0.1549811749055394,0.6755555555555555,T42,A44,A51,1.0,0.7243665885660338,摘要:环境治理,0.1726042251977642,0.031189918328812,0.6755555555555555,A44,False,False,False,medium,medium,medium
ZH_0383,新型同送同受路径的多回直流系统交互影响及协调恢复分析,青豫与天中特高压直流已形成近似同送同受路径的多回直流输电系统，其送受端的网架结构和子系统间的交互特性更加复杂，因此故障交互影响和协调恢复问题是目前系统稳定研究的焦点。量化分析了多回直流各子系统电压交互特性，重新修订了适用于评价多回直流系统的交互因子和有效短路比，推导出实用的多回直流协调恢复因子实用计算方法。在此基础上，提出了由多回直流协调恢复因子指导恢复秩序、通过各子系统非线性低压限流环节控制配合的多回直流协调恢复策略。最后经过多回直流系统等值模型仿真测试，表明所提协调恢复策略控制效果最优，所推导的多回直流协调恢复因子工程实用性强。,"['多回特高压直流输电系统', '电压交互特性', '协调恢复策略', '低压限流环节']",T40,T14,1.0,0.7191402052046979,摘要:等值模型,0.1295474311108062,-0.0061413913950149,0.6155555555555555,T14,A32,A24,8.0,0.7930271219710019,关键词:高压直流；摘要:高压直流；关键词:特高压；摘要:特高压,0.6178811773611624,0.5216222997928706,0.98,A32,False,False,False,medium,medium,high
ZH_0385,湖北省森林康养适宜性评价、区划及产品开发策略,森林康养对促进大众健康具有重要作用。文章以生态康养、景观康养、饮食康养、文化康养4个适宜性为一级准则，选取18项具体指标构建森林康养适宜性评价体系；在此基础上，对湖北省森林康养适宜性进行了评价和区划，并提出了产品开发思路和建议。结果表明：(1)湖北省平原区森林康养适宜性低，山地区森林康养适宜性高，总体呈“中部低，四周高”的圈层式空间分异格局；(2)湖北省森林康养产业发展可划为4个一级区（优先开发区、重点开发区、局部开发区、精准开发区）和8个二级亚区；(3)湖北省森林康养产品开发要因人、因地、因时制宜，实施多元化、特色化、协同化、赋能化的多层次开发策略。,"['森林康养', '适宜性评价', '区划', '生态康养', '景观', '饮食与文化', '产品开发']",T48,T21,1.0,0.71224602212134,摘要:空间分异,0.1085391357986941,-0.0553855562761422,0.6155555555555555,T21,A04,A23,0.0,0.0010727499997016,,0.1388028524793139,0.0076624999978687,0.4811800249996718,A04,False,False,False,needs_review,medium,needs_review
ZH_0390,电-气-碳-绿证多市场下综合能源供应商联合均衡模型,"在能源低碳转型的背景下，综合能源系统因其多能互补和有助于消纳新能源而得到了广泛的关注。为了体现综合能源系统的市场价值，其参与电-气等多能源市场以及碳-绿证市场的竞争将是一种趋势。作为综合能源系统参与市场投标的竞争主体，综合能源供应商的策略性行为将对这些市场产生重要的影响。为此，建立了含新能源的综合能源供应商(integrated energy suppliers, IES)参与投标竞争的电-气-碳-绿证多市场的联合均衡模型。该模型考虑综合能源供应商和单一能源供应商在4个相互耦合的市场中的博弈行为，同时考虑了新能源的不确定性，并引入偏差惩罚机制对新能源的投标偏差进行处理。采用非线性互补方法求得该均衡模型的解。最后，通过算例仿真验证了所提理论模型的合理性和有效性。结果表明，与不引入碳市场和绿证市场情况相比，综合能源供应商参与电-气-碳-绿证市场时利润增加了6.5%，碳排放减少了7.2%。","['综合能源供应商', '新能源', '电-气-碳-绿证交易市场', '多市场均衡分析']",T16,T18,1.0,0.7345332183222623,摘要:理论模型,0.1709242235966836,0.1038087023018728,0.6755555555555555,T16,A33,A36,1.0,-0.6070635609281916,摘要:综合能源系统,0.3671166775438094,0.2016468337061939,0.5355555555555556,A33,False,False,False,needs_review,medium,needs_review
ZH_0392,湖南省文化产业集团化发展实证研究,"推进文化产业集团化发展是""十三五""时期湖南文化产业发展的基本策略之一。以湖南省为例,通过实证分析发现,湖南文化产业集团化发展态势良好,呈现出产业集团化、产业园区或基地化、区域企业集团化等形式和特征。与此同时,湖南文化产业集团化发展也存在着一些问题,如产业集团大而未强、统而难筹、少而不匀。为推进湖南文化产业集团化发展,文章认为要坚持品牌发展、平衡发展、差异发展、尖端发展的战略,充分发挥产业集团化发展的规模经济效益,提升湖南文化产业综合竞争力。","['文化产业', '集团化发展', '文化体制改革', '品牌战略', '湖南']",T45,T10,1.0,0.726814455692574,摘要:发展态势,0.1532626967463088,0.0486746835183854,0.6755555555555555,T45,A43,A17,0.0,0.0229650745815404,,0.2386208868271486,0.1640362470110033,0.5052615820396945,A43,False,False,False,needs_review,medium,needs_review
ZH_0394,基于PSCAD的饱和铁心型超导限流器性能分析,"为了准确分析饱和铁心型超导故障限流器性能,根据参数设计要求建立了限流器三段式数学模型。研究了其在不同工作区间的静态特性以及在短路限流过程中的阻抗变化。在单机系统无穷大系统中,针对限流器阻抗变化将故障过程细分为不同阶段分析其对暂态稳定造成的影响。通过PSCAD仿真发现,串入固定感抗模型与限流器模型后极限切除时间分别为0.31 s和0.21 s。结果表明限流器具有较好的限流作用,提高了系统的暂态稳定性,且该模型能得到更准确的极限切除时间。","['超导', '饱和铁心', '阻抗变化', '暂态稳定', '极限切除时间']",T49,T14,4.0,-0.0335546287449011,关键词:暂态稳定；摘要:暂态稳定,0.3011291664379313,0.3317526518221351,0.7022222222222223,T49,A27,A38,1.0,0.7164411980117767,摘要:数学,0.0721339881742754,-0.0254200142015945,0.6155555555555555,A38,False,False,False,needs_review,medium,needs_review
ZH_0414,大规模新能源基地经特高压直流送出系统中长期运行方式优化方法,大规模新能源基地经特高压直流送出是我国未来新能源消纳的重要形式，合理优化特高压直流中长期运行方式，是提高新能源基地外送消纳能力的重要基础。提出了基于时序生产模拟的大规模新能源基地经特高压直流送出系统中长期运行方式优化方法。首先，考虑生产模拟计算准确性与复杂度的要求，建立了不同类型光热电站、火电机组和储能电站的聚合运行模型；然后，考虑特高压直流运行模式、灵活调节性能和受端电网负荷调峰需求，建立了不含整数变量的特高压直流运行模型。最后，建立了以新能源最大化外送消纳为目标，考虑各类电源与特高压直流运行约束的中长期运行方式优化模型，提出了基于逐周计算的全年8760h生产模拟计算方法。算例基于含风电/光伏/光热/火电/储能的大规模新能源基地开展测试，结果表明所提出方法能够优化特高压直流年/月运行曲线，实现新能源的最大化外送消纳，计算准确性与效率能够满足工程实用性需求。,"['新能源基地', '特高压直流', '时序生产模拟', '光热发电', '中长期运行方式']",T12,T15,1.0,0.6961816233251791,摘要:聚合,-0.0120426639641735,-0.1701312619630066,0.6155555555555555,T15,A32,A34,15.0,0.6415550267735757,标题:高压直流；关键词:高压直流；摘要:高压直流；标题:特高压；关键词:特高压；摘要:特高压,0.3274308983043696,0.1253930483826829,0.98,A32,False,False,False,medium,medium,high
ZH_0416,基于SD模型的中国西南水—能源—粮食纽带系统仿真模拟,"基于系统动力学构建以水资源、能源、粮食为主体,涵盖经济、社会、环境的复杂系统,以西南四省市2004—2017年数据为基础模拟2018—2030年该区域水—能源—粮食与水电生产状况,并设置四个情景进行仿真模拟,在单要素模拟基础上协同分析其水—能源—粮食三者的纽带关系。结果表明:(1)西南四省市的用水总量呈现先上升后下降趋势,2030年预计超过606亿m3,整体水资源压力低于30%;能源消费总量逐年递增,预计达到7.4亿t标准煤,平均单位能耗仍较高;粮食生产量稳步增长到7 900万t,但人均粮食产量仍低于全国平均水平;水力发电总量在保持现有的开发速度,预计超过1.5万亿k W·h,为2018年的2.2倍。(2)水—能源—粮食纽带关系呈协同优化趋势,三者资源利用效率明显提升,推动社会经济与生态环境呈良性发展态势。(3)通过对四种情景进行权衡协同分析,建议选择情景四即综合节约与水能发展,有助于当地经济与生态可持续发展。","['水—能源—粮食纽带', '情景仿真', '权衡协同', '水能资源', '粮食生产', '可持续发展', '生态安全']",T45,T29,1.0,0.7274862928185467,摘要:发展态势,0.1963745979868504,0.0534735201324764,0.6755555555555555,T45,A42,A51,7.5,0.6081179543182397,标题:粮食；关键词:粮食；摘要:粮食,0.0566255542479212,-0.1134431834411447,0.94,A51,False,False,False,medium,medium,high
ZH_0422,河南省城市入境旅游规模与位序差异化,"选取河南18个地市2000—2010年入境旅游人数,运用标准差、变异系数、基尼系数、首位度、赫芬达尔系数等方法,对入境旅游规模差异与位序规模分布进行分析。研究发现:①2000—2010年,河南城市入境旅游差异化明显,首位度呈现交替性变化,入境旅游差异化逐渐降低。②通过对数据进行双对数回归分析发现,入境旅游符合位序规模分布,首位城市主要在郑州与洛阳之间交替分布。③入境旅游发展态势呈现四种形态:平稳发展型、波动发展型、快速进步型、减速衰退型。并从资源禀赋、旅游经济发展水平、服务设施、交通区位、政治政策等方面分析了影响河南入境旅游发展态势的原因,提出发展建议,以期对河南入境旅游发展提供参考。","['入境旅游', '规模差异', '位序规模分布', '河南']",T45,T20,1.0,0.7298576655198836,摘要:发展态势,0.1961423990338647,0.070411896570597,0.6755555555555555,T45,A45,A46,8.5,0.6642217947256914,标题:旅游；关键词:旅游；摘要:旅游；摘要:旅游经济,0.1972187635297101,0.2066262648473766,0.98,A45,False,False,False,medium,medium,high
ZH_0427,基于多谐振电网电压前馈的并网逆变器相位补偿算法研究,"在传统比例前馈并网逆变器中,使用多谐振控制能够有效抑制电网背景谐波,提高适应性。但是在弱电网情况下,电网电感会使得系统的相位裕度大幅降低并出现多谐振环节的谐振峰与0 dB线相交的问题。因此提出了一种多谐振控制器与相位补偿器的组合控制策略。首先通过在电网电压前馈回路增加多谐振控制器以抑制电网背景谐波的干扰。其次,为了解决加入多谐振控制器后系统相位裕度不足的局限性,在逆变桥PWM传递函数处增加参数自适应的相位补偿器以提升系统相位裕度。仿真与实验结果证明了提出的控制策略能够有效地提升系统的相位裕度,增强对高次谐波的抑制能力。","['多谐振控制', '相位补偿', '弱电网', '并网逆变器', '自适应控制']",T49,T26,1.0,0.7196004977645216,摘要:控制策略,0.1016713578428643,-0.0028535873962736,0.6155555555555555,T26,A38,A50,7.5,0.7464537465335576,标题:逆变器；关键词:逆变器；摘要:逆变器,0.2431542325984402,0.1889553323825545,0.98,A38,False,False,False,medium,medium,high
ZH_0428,江西省制造业产业集聚、地区专业化与经济增长实证研究,"采用2006—2009年江西省11地级市20个制造业构成的时间—地区—行业的三维面板数据,实证分析产业集聚、地区专业化与经济增长的关系。结果表明,产业集聚、地区专业化与经济增长之间的关系并不是简单的线性关系,而是呈现倒U型的关系,并运用新地理经济学的相关理论分析拐点出现的原因。结果表明:追求经济增长最大化时,加工制造业较非加工制造业需要更高的专业化水平,非加工制造业较加工制造业需要更高的集聚水平;要素禀赋高的鄱阳湖地区较要素禀赋低的非鄱阳湖地区可以达到更高的产业集聚、地区专业化水平;江西省11个地区的产业集聚、专业化水平远没有达到经济增长最大时的水平。","['产业集聚', '地区专业化', '经济增长', '制造业', '江西']",T42,T12,1.0,0.7319041090401824,摘要:面板数据,0.1590543526037459,0.0850293502870173,0.6755555555555555,T42,A43,A19,7.5,0.7495721854104183,标题:制造业；关键词:制造业；摘要:制造业,0.3166332824301165,0.2112298957887014,0.98,A43,False,False,False,medium,medium,high
ZH_0432,东海浮标综合观测网络支撑海洋环境保护和防灾减灾预报,"中国科学院东海海洋观测研究站(以下简称""东海站"")围绕我国东海海域重要流系和复杂海洋现象研究、台风预警预报、海洋权益维护及保障等需求,组建了科学合理的东海浮标观测网络。东海站的主要成果体现在:积累了10余年的连续实时观测数据,有效揭示了区域海洋环境长期演化过程;建立了台风实时观测数据库,有效改善了台风路径预报的准确性;验证了国际风速模式和流场模式在我国近海区域的适用性;阐释了东海海洋环境季节变化特点,提高了灾害性事件对我国海洋环境危害的预报能力;研发了我国首套超大型三锚式浮标综合观测平台,开拓了智能观测在海洋剖面观测领域的应用示范。东海站始终坚持综合性海洋科学基础研究和技术研发并举,立足我国近海环境演变与生物资源可持续利用的理论创新与关键技术的综合交叉与系统集成的前期基础,面向我国近海海洋生态文明建设、透明海洋计划等国家重大需求及物理海洋学、海洋生态学、海洋化学、海洋生物学等学科前沿问题,东海站开展了系统的长序列定点连续实时观测、试验研究和科普示范,取得了一系列重要成果,为我国近海海洋环境保护和防灾减灾预报提供了重要的数据和技术支撑。","['东海站', '浮标观测', '观测网络']",T25,T19,1.0,0.7196285498992708,摘要:数据库,0.1232958766750061,-0.0026532150052075,0.6155555555555555,T19,A51,A28,4.5,-0.0021943296273684,标题:海洋；摘要:海洋,0.2097427713392253,-0.0156737830526313,0.6699999999999999,A28,False,False,False,medium,medium,medium
ZH_0436,基于占空比控制的Vienna整流器模型预测控制策略,"以Vienna整流器为研究对象,针对传统有限集模型预测控制(Finite Control Set Model Predictive Control,FCS-MPC)系统中存在的稳态功率脉动较大的问题,提出一种基于占空比控制的模型预测控制(duty-cycle-control-based model predictive control, DC-MPC)策略。首先,根据功率误差最小化原则构建价值函数,通过在线评估备选矢量对价值函数的影响选择最优矢量。然后,将控制周期划分为两个区间,引入第二矢量来提高系统的稳态性能,减小功率脉动。此外,利用冗余开关状态解决了Vienna整流器中点电位波动问题。与传统模型预测控制相比,消除了权重系数整定过程,控制结构更为简单。最后,通过Vienna整流模型的仿真分析与实验测试验证所提策略的有效性。","['Vienna整流器', '模型预测', '占空比控制', '价值函数', '中点电位']",T49,T26,3.5,-0.2263382092186774,标题:控制策略,0.0330805565775396,-0.4738443515619807,0.6144444444444445,T26,A09,A07,1.0,0.7118265627829883,摘要:CT,0.1164625629706243,-0.0583816944072263,0.6155555555555555,A07,False,False,False,needs_review,medium,needs_review
ZH_0438,考虑储能系统调度与风电消纳的峰谷分时电价优化模型研究,"针对风力发电不稳定导致的“弃风”以及风电大量接入导致的电力系统不稳定性问题，构建了考虑发电侧储能系统(energy storage system,ESS)调度和风电消纳的峰谷分时电价模型。在电网向发电企业收取过网费机制下，根据电力需求价格弹性矩阵计算实施峰谷分时电价后的电力负荷，构建了考虑用户满意度、ESS寿命以及火电机组收益的约束条件；以火电机组调峰成本、弃风成本和ESS运维成本最低为目标函数，通过输配电价连接上网电价和用电电价以及输电损耗电量连接发电量与用电量，达到发电侧与需求侧电价与电量的联动。算例分析表明，所建立的模型能更好地消纳风电并节省综合运行成本。","['峰谷分时电价', '需求价格弹性', '风电消纳', '价格联动', '储能系统']",T13,T08,1.0,0.7338284867091762,摘要:TEM,0.2125760583426062,0.0987749050655444,0.6755555555555555,T13,A35,A34,7.5,-0.0024249437148922,标题:储能；关键词:储能；摘要:储能,0.0925864156874914,-0.0173210265349443,0.8,A36,False,False,False,medium,medium,high
ZH_0440,知识经济背景下中国城镇化的第三次浪潮,"基于当前知识经济背景和国内外城镇化发展态势,将改革开放以来我国城镇化进程划分为三个时期,即制度城镇化、资本城镇化和知识城镇化。其中,第一次城镇化浪潮是制度城镇化,包括乡村城镇化和中心城市拓展两个阶段,其以制度创新为动力,城乡工业发展为目的,显著提升了我国城镇化发展水平。第二次城镇化浪潮是资本城镇化,包括都市区快速扩张和新型城镇化推进两个时期,其以土地(空间)商品化为手段,都市区建设为路径,快速推动了我国城镇化发展进程。第三次城镇化浪潮是知识城镇化,其以创新驱动、知识经济和人力资本为核心,构建认知—文化经济形态和科技创新中心,并实施特色小镇和乡村振兴战略,进而实现我国城乡区域融合发展。在知识城镇化时期,创业精神、产业资本、人力资本、创新氛围是重要生产要素,政府、企业、人才、大学成为主要动力主体,共同推动了新时代城乡区域空间结构重塑。未来要注重对知识城镇化的政策引导,强化塑造城乡场景空间品质,创新城乡要素流动机制。","['知识经济', '城镇化', '人力资本', '创新驱动', '制度创新', '城乡空间结构重塑', '要素流动']",T45,T20,1.0,0.7218424639470333,摘要:发展态势,0.1580429838075931,0.0131604567645245,0.6755555555555555,T45,A42,A41,1.0,-0.6647131273322702,摘要:乡村振兴,0.1718273826202594,-0.2908080523733589,0.4755555555555555,A41,False,False,False,needs_review,medium,needs_review
ZH_0444,中国省域创新基础设施与创新产出水平的耦合协调发展及其影响因素全文替换,创新已成为区域经济社会转型与高质量发展的关键，作为国家和区域创新体系的重要组成部分，创新基础设施在集聚创新资源、营造创新环境等方面的重要支撑作用日益凸显。为考察我国省域创新基础设施与创新产出水平耦合协调发展的空间格局及影响因素，利用2013—2020年的省级面板数据，测度了创新基础设施建设水平与创新产出水平，进而测算两者的耦合协调度并刻画其时空演化格局，在此基础上，利用空间计量模型探讨影响我国省域创新基础设施与创新产出水平耦合协调发展的因素。结果发现：(1)我国省域创新基础设施建设水平、创新产出水平及两者的耦合协调度均呈逐年增长趋势；(2)我国省域创新基础设施与创新产出水平的耦合协调度存在明显的空间异质性，其中东部地区最高，其次是中部、东北和西部；(3)城市化进程、政府管理程度、金融发展水平等因素会影响创新基础设施与创新产出水平的耦合协调发展。文章对我国省域创新基础设施与创新产出水平耦合协调的演化特征及影响因素进行研判，期望为我国创新基础设施与创新产出水平交互发展提供决策参考。,"['新基建', '创新基础设施', '创新产出', '协调发展', '城市化进程', '金融发展水平']",T44,T42,2.0,0.047922550486556,摘要:耦合协调度；摘要:时空演化,0.4827472939812812,0.3423039320468288,0.6438259166463227,T44,A39,A46,1.0,-0.6447638810551924,摘要:区域经济,0.1062700264096231,-0.1483134361085178,0.4755555555555555,A18,False,False,False,needs_review,medium,needs_review
ZH_0452,江浙沪城市商业银行竞争力及其影响因素分析,"城市商业银行在促进地方经济发展和中小企业融资方面起着无可替代的重要作用。运用相关指标体系对江浙沪地区8家具有代表性的城市商业银行竞争力进行了比较分析,结果表明浙江城市商业银行竞争力领先,上海银行相对落后。但是2008年金融危机后,浙江多家城市商业银行出现了不良贷款率上升、拨备覆盖率下降的情况。影响江浙沪城市商业银行竞争力的主要因素是经济金融环境、政府干预行为、银行定位和发展战略。地方政府应逐步减少对城市商业银行的持股比例和行政干预,以扩大城市商业银行经营自主性和灵活性,提高经营效率。江浙沪城市商业银行应实施协同发展和错位发展战略,以提高整体竞争力并各自走出特色化发展之道路。","['城市商业银行', '银行竞争力', '区域金融', '江浙沪']",T41,T29,1.0,0.7019966808060487,摘要:指标体系,0.0349177136594527,-0.128595137099651,0.6155555555555555,T29,A50,A09,12.5,0.7194455350077965,关键词:金融；摘要:金融；摘要:融资；标题:银行；关键词:银行；摘要:银行,0.1310162582073329,-0.0039604642300244,0.94,A09,False,False,False,medium,medium,high
ZH_0455,青藏地区农牧企业区位特征变化及影响因素,农牧企业作为农牧业空间的载体和市场主体，其区位特征与影响因素识别对优化高原农牧业布局、保护生态安全具有重要意义。基于2011、2021年的农牧企业数据，采用核密度估计与空间自相关分析青海、西藏的农牧企业空间格局演变，引入逐步回归模型从市域和县域尺度探究其影响因素。研究发现：(1)青藏农牧企业2011—2021年迅速增长，始终呈集聚分布态势，集中于西藏“一江两河”和青海“湟水谷地”“黄河谷地”地区。(2)2011、2021年青藏农牧企业均有显著的空间集聚性和依赖性。时序演变上，青藏农牧企业的空间集聚程度和依赖性减弱，呈现空间扩散趋势。(3)青藏农牧企业分布影响因子的作用强度因尺度而异，市域尺度上人口密度对其分布有显著正向影响；县域尺度上第一产业增加值、在校中学生数、人口密度、路网密度、高程、区域GDP等6个因素均呈现正向作用。(4)采用地理加权回归分析农牧企业分布影响因素在县域尺度空间作用差异，发现路网密度和在校中学生数对全部县域农牧企业分布均呈正向影响，而高程均呈负向影响；人口密度的影响在青海中东部县不明显甚至呈现负向，在西藏及青海中西部县呈正向，尤以西藏东南及西北部正向作用显著。,"['农业与畜牧业', '企业区位', '人口密度', '高程', '路网密度', '空间集聚', '青藏地区']",T48,T44,2.0,0.7261162778106562,摘要:空间自相关；摘要:空间格局,0.1659538534920654,0.0436876986475447,0.731111111111111,T48,A42,A43,3.0,0.7081335457995444,关键词:农业,0.0052697331046146,-0.0847603871461108,0.7266666666666667,A43,False,False,False,medium,medium,medium
ZH_0462,泛在电力物联网背景下基于联盟区块链的电力交易方法,"泛在电力物联网的建设,推进电能的生产消费进一步向分布式发展,出现了更多电力自由双边交易。中心化电力交易模式中,市场主体互信度不够,数据安全性不高。提出基于联盟链技术的电力交易方法以解决这些问题,确保交易高透明度、可追溯性与不可篡改性。联盟链分布式存储与数据共识机制确保电力交易系统安全性。保留交易中心的监管权限、将调度中心安全校核与电网输送电能环节纳入电力交易,提升联盟链技术应用于电力交易业务的可行性。最后设计交易平台中发、用电多方合作博弈交易情景,多发电方共同完成电力需求。该方法有利于灵活调整交易电量,增加合作收益,避免单个发电方无法满足规定时间内过大电力需求的隐患,为未来的弱中心化电力交易模式提供新思路。","['泛在电力物联网', '电力交易', '联盟区块链', '弱中心化', '分布式存储']",T38,T11,1.0,0.7769904426712286,摘要:合作博弈,0.4925070157344314,0.4070745905087762,0.6755555555555555,T38,A24,A36,1.0,0.6759150111281705,摘要:监管,-0.0109517787719526,-0.3148927776559242,0.6155555555555555,A36,False,False,False,needs_review,medium,needs_review
ZH_0466,甘肃省粮食产量变化的驱动分析及趋势预测,"基于甘肃省1949—2011年的农业生产相关数据,采用小波分析和5年趋势滑动等方法对甘肃粮食产量变化进行多时间尺度分析;利用主成分分析方法探讨了改革开放后粮食生产的主要影响因子;结合甘肃63年粮食总产量的历史数据,建立GM(1,1)模型,对甘肃省未来10年(2012—2021年)的粮食产量进行模拟预测。结果表明:①1949—2011年,甘肃省粮食生产在波动中增长;粮食总产量、人均粮食产量及单产的曲线的动态变化基本吻合;在建国以来63年的时间尺度上,粮食产量变化主要存在38年、23年、15年左右的年代际振荡周期,其中38年左右和23年左右的振荡周期较强烈。②影响粮食生产的4个主要成分分别是社会经济发展水平、自然灾害因子、生态保护及恢复和粮食生产成本。③粮食生产在2012—2021年将保持平稳增长的良性发展态势。","['粮食', '小波分析', '主成分分析', 'GM(1,1)模型', '甘肃省']",T45,T02,1.0,0.711294905053032,摘要:发展态势,0.212986795750871,-0.062179249621201,0.6155555555555555,T02,A42,A28,8.5,0.6186837558106288,摘要:农业；标题:粮食；关键词:粮食；摘要:粮食,0.0631864517296224,-0.1186454416887851,0.94,A28,False,False,False,medium,medium,high
ZH_0474,集群社会资本对企业自主创新能力影响的实证研究,"产业集群获取竞争优势的关键是集群企业通过关系网络快速有效的获取知识和创新资源,提升自主创新能力。研究构建了产业集群社会资本与自主创新能力的测评体系,运用统计分析与结构方程模型方法探析了社会资本五个维度对集群企业自主创新能力的影响机制,实证分析认为:提升集群企业自主创新能力应从增强产业集群开放性、发挥中介机构在产业集群中纽带作用、加强产业园区建设和城市圈建设等方面入手。","['社会资本', '集群企业', '自主创新能力']",T20,T41,1.0,0.7129667960052725,摘要:结构方程模型,0.0414594809622512,-0.0502371713909103,0.6155555555555555,T41,A43,A34,1.0,0.7681418278377375,摘要:产业集群,0.4384908623819601,0.3438701988409824,0.6755555555555555,A43,False,False,False,medium,medium,medium
ZH_0475,衡阳市城镇化进程的障碍与对策研究,"农村城镇化是地域空间结构优化升级的必然反映。通过对衡阳市5县2市的问卷调查发现,在农村城镇化过程中农村地区还存在诸如思想观念落后、对城镇化信息缺乏了解、社会保障体系不完善、资金短缺等一系列问题,这些问题已然成为了制约衡阳市农村城镇化发展的瓶颈。针对上述问题,提出了加强宣传力度、提高农民素质、完善社会保障体系和拓宽融资渠道等对策以达到推进衡阳市城镇化进程的目的。","['城镇化', '障碍', '对策', '衡阳市']",T20,T29,1.0,0.7493527586130899,摘要:问卷调查,0.3283373621493791,0.2096625615220708,0.6755555555555555,T20,A41,A47,7.5,0.6320033780851968,标题:城镇化；关键词:城镇化；摘要:城镇化,0.2833589320285474,0.0571669863228343,0.98,A41,False,False,False,medium,medium,high
ZH_0477,不同发展阶段的城市群综合承载能力评价研究,"在定义城市群综合承载能力内涵的基础上,强调承载体对承载能力的影响并构建相应的指标体系,以处于成熟阶段的长三角城市群和初始发育阶段的吉林中部城市群为例,运用状态空间法来定量描述2005—2009年两个城市群的现实承载情况,进而从各承载体的角度分析其对综合承载能力的影响。结果显示,土地紧缺是两个城市群共同存在的问题,且超载情况不断恶化;环境治理资金投入不足是制约城市群综合承载能力提升的关键因素;约束型承载体的优化是长三角城市群综合承载能力提升的主要原因;可变型承载体建设是吉林中部城市群综合承载能力提升的重点方向。研究认为,要增强城市群的综合承载能力,成熟型城市群应以修复和改善约束型承载体为主,辅之以可变型承载体的提升;发育型城市群应重点完善可变型承载体的建设,同时加强对约束型承载体的保护。","['城市群综合承载能力', '约束型承载体', '可变型承载体', '长三角城市群', '吉林中部城市群']",T41,T21,1.0,0.7281816326742376,摘要:指标体系,0.1868492152970473,0.0584402333874119,0.6755555555555555,T41,A39,A44,11.5,0.6810088054287802,标题:城市群；关键词:城市群；摘要:城市群；关键词:长三角；摘要:长三角,0.2391195374175348,0.1686964362925301,0.98,A39,False,False,False,medium,medium,high
ZH_0479,中国金融中心的等级制网络分析——以改革开放以来资本市场中介的成长为例,"在金融地理学的概念和理论框架下,文章探讨中国资本市场中介机构的演变及其对金融中心发展的影响。研究表明,该行业的地理特征遵循中国政治经济演化的主要阶段:1980年代空间上分散的增长,1990年代呈现出集中化和集聚化趋势,2000年代之后逐步走向开放和自由化,并在2010年代开始进行向外扩张。通过利用总部所在地、分支机构网络、就业和交易的数据,文章指出:北京、上海和深圳作为金融中心等级制网络中的主导地位,并表明资本市场中介对中国金融业在""一带一路""倡议下的对外扩张至关重要。","['资本市场中介', '金融中心', '等级制网络', '证券公司', '期货公司', '总部所在地', '“一带一路”']",T46,T43,1.0,0.7232129185660681,摘要:理论框架,0.230945257924671,0.0229494183290576,0.6755555555555555,T46,A50,A36,19.0,0.7978386503392271,标题:金融；关键词:金融；摘要:金融；关键词:一带一路；摘要:一带一路；标题:资本市场；关键词:资本市场；摘要:资本市场,0.688836780315326,0.5559903595659077,0.98,A50,False,False,False,medium,medium,high
ZH_0481,图深度学习技术在智能暂态稳定评估中的应用及展望,"数据驱动的暂态稳定评估模型是近年来的热点研究方向。深度学习技术具有高维输入空间的特征聚合能力，其引入能显著降低智能稳定评估模型设计中输入特征选择的主观性，并改善基于动态信息的评估模型预测精度。图深度学习(graph deep learning,GDL)框架进一步拓展了深度学习模型的拓扑学习能力，使其可以将状态特征与拓扑关系相结合，提升稳定评估模型的特征提取能力。论文分析了GDL应用于智能暂态稳定评估模型的设计框架，从图表示、图嵌入、全局聚合、训练方式4个方面探讨了暂态稳定评估应用中GDL的特征聚合性能提升方法。该文结合IEEE测试系统验证了GDL与传统深度学习模型的稳定评估性能差异以及多种性能提升方法的有效性。论文可为GDL在智能稳定评估领域的应用研究提供指导思路。","['图深度学习', '智能暂态稳定评估', '特征聚合', '性能增强']",T12,T49,4.0,-0.3709436393934122,关键词:聚合；摘要:聚合,-0.020289257342066,-0.2495974242386591,0.6422222222222222,T49,A25,A26,0.0,0.0009487055194552,,0.130706065942498,0.0067764679961088,0.4810435760714007,A25,False,False,False,needs_review,medium,needs_review
ZH_0483,基于DS-LCC拓扑抗偏移性的建模与优化,针对无线电能传输(WPT)系统中线圈偏移导致功率及效率波动问题，提出基于双边LCC(DS-LCC)拓扑WPT系统的改进模型。首先，对该模型进行传输特性分析，推导出不同横向偏移条件下线圈互感与传输特性间对应的函数式。其次，引入归一化方法并确定偏移后线圈匝数与耦合强度及线圈内阻的线性关系。在上述基础上通过对系统进行参数优化设计，实现特定横向偏移范围内系统输出功率和传输效率抗偏移性的提升。最后，搭建一台100 W的实验样机对理论分析进行验证。结果显示在0～20 cm的横向偏移范围内系统的输出功率始终高于80 W，传输效率始终高于70%。,"['抗偏移性', '横向偏移', '归一化方法', '无线电能传输']",T17,T22,1.0,0.7034134959836347,摘要:样机,0.0613934098880907,-0.1184750286883241,0.6155555555555555,T22,A01,A32,0.0,0.0056277412572262,,0.1222533374723178,0.0401981518373304,0.4861905153829489,A01,False,False,False,needs_review,medium,needs_review
ZH_0491,实施精准扶贫与区域协调发展,"农村贫困人口脱贫是2020年全面建成小康社会最艰巨的任务。精准扶贫和集中连片特困地区的区域扶贫攻坚计划是当前我国扶贫攻坚的两大主要模式。2011年国家大幅提高贫困标准,贫困人口规模、分布特征、贫困内涵等都发生了较大的变化。文章在分析新贫困标准下我国农村贫困基本特征的基础上,全面解析了当前扶贫开发中面临的挑战,在此基础上提出了区域精准扶贫的理念,包括:建立多维贫困区域识别指标体系,开展精准化贫困区域识别;采取多元化扶贫方式;以及实施基于不同地理空间尺度和贫困地区类型的差异化的分类扶贫政策。文章最后针对当前两大扶贫模式中存在的缺陷,提出了拓展精准扶贫内涵、促进区域协调发展的途径和建议。","['精准扶贫', '挑战', '集中连片特困地区', '区域精准扶贫', '区域协调发展']",T41,T13,1.0,0.7188592951587034,摘要:指标体系,0.04467598247364,-0.0081478917235473,0.6155555555555555,T13,A42,A07,1.0,0.715876392846755,摘要:农村,0.0440902595403523,-0.0294543368088932,0.6155555555555555,A07,False,False,False,needs_review,medium,needs_review
ZH_0496,2000—2019年全球核电设备贸易网络结构及其影响因素,文章采用复杂网络分析法，从网络结构、社团演化等方面探讨了2000—2019年全球核电设备贸易网络结构演化特征；并采用QAP回归方法探讨了相关影响因素。结果表明：(1)从贸易网络结构来看，全球核电设备贸易网络的网络密度、贸易规模、集聚程度呈现先上升后下降的趋势；美国和俄罗斯在网络中居于重要地位，控制能力较强；中国的中介中心度呈现上升趋势。(2)从贸易集团演化角度分析，全球核电设备贸易网络逐渐形成以美国为中心的单核贸易圈，以俄罗斯、中国为中心的双核贸易圈，以法国、瑞典、德国等为中心的多核贸易圈。(3)国家间经济发展水平差异、能源供应结构差异、地缘政治关系是影响全球核电设备贸易网络结构体系的主要因素。国家间核电设备贸易网络格局的变化，反映了全球绿色低碳转型背景下各国的贸易“竞合”关系和国际地位变化，对未来中国的核电设备贸易具有一定的启示。,"['核电设备', '清洁能源', '全球贸易网络', '地缘经济与政治', '网络分析法“', '竞合”关系']",T43,T27,1.0,0.7843952998611343,摘要:复杂网络,0.5286972928356156,0.4599664275795314,0.6755555555555555,T43,A44,A50,1.0,-0.627687033756672,摘要:低碳转型,0.0666685877400027,-0.0263359554048009,0.4755555555555555,A50,False,False,False,needs_review,medium,needs_review
ZH_0499,考虑风-储-直参与调频的电力系统频率特征定量分析,以风电、储能、柔性直流输电为代表的高比例可再生能源和大量电力电子设备的并网，使得电网中传统火电的比例下降，这将在一定程度上影响电力系统的频率稳定性。为定量分析风电、储能、柔性直流输电系统参与调频下电力系统的频率特征，首先提出多种调频资源参与调频下的电网频率特征定量分析总体思路，建立风-储-直调频频率响应模型。然后基于频率特性传递函数对电力系统稳态频率偏差、初始频率变化率、最大频率偏差和频率安全裕度进行理论推导；且定量分析了稳态频率偏差变化规律以及惯性时间常数、辅助调频单元控制比例系数对频率稳定性的影响，并计算稳态频率偏差与功率扰动的关系。最后，基于仿真软件验证了所提分析方法的可行性和有效性。仿真表明所提方法可有效定量分析电力系统频率特征，可为双高电力系统下电网频率安全稳定运行与控制提供指导依据。,"['双高电力系统', '频率响应模型', '风-储-直调频', '频率特征定量分析']",T25,T40,1.0,0.7077178398206234,摘要:软件验证,0.0820131257507108,-0.0877297155669748,0.6155555555555555,T40,A35,A34,1.0,-0.3823445127524647,摘要:储能,0.0190109863045317,-0.1596036625176049,0.4755555555555555,A32,False,False,False,needs_review,medium,needs_review
ZH_0500,产业转移的经济地理学研究:进展与展望,"从经济地理学的学科视角出发,对产业转移概念、国际产业转移动因与区位选择研究、国家内部产业转移动因与区位选择研究、产业转移的区域效应研究进行全面梳理,对产业转移研究进行展望。研究认为:针对新一轮产业转移的空间格局与过程研究;以国际""新经济地理学""相关理论解释产业转移的动因与区位选择;从经济地理学学科特点出发建立综合性分析框架研究产业转移的区域效应;加强产业转移的空间计量以及模拟分析应成为未来研究的方向。","['产业转移', '区位选择', '区域效应', '经济地理学']",T48,T06,1.0,0.7102216698796255,摘要:空间格局,0.0392333919568977,-0.0698452151455317,0.6155555555555555,T06,A43,A03,7.5,0.7435966650592052,标题:产业转移；关键词:产业转移；摘要:产业转移,0.2907779740687578,0.1685476075657508,0.98,A43,False,False,False,medium,medium,high
ZH_0501,换流阀相变乳液换热性能及其工程应用研究,"通过实验和数值模拟方法获得了相变乳状流体的传热性能,讨论了在相变乳状流体冷却条件下热通量、流量和质量分数对换流阀散热器传热特性的影响,并由实验验证了所采用的模型和算法可靠性。研究结果表明,相变乳状流体平均对流换热系数几乎是水的3倍,相变乳状流体散热器热阻要低于水冷却散热器50%以上,同时相变乳状流体的压降略有提高,约为12%以内;采用相变乳状流体替代去离子水能够进一步提高直流输电工程的输电容量20%左右,换流阀短时过负荷能力提升1.51倍。","['换流阀', '过负荷能力', '冷却介质', '相变乳状液', '对流换热系数']",T14,T15,1.0,0.7501154534668458,摘要:数值模拟,0.4930713742616171,0.2151103819060424,0.6755555555555555,T14,A32,A19,0.0,0.006362320847049,,0.2177850541806191,0.0454451489074931,0.486998552931754,A32,False,False,False,needs_review,medium,needs_review
ZH_0507,长三角城市群上市民营企业发展水平变化及其影响因素,以长三角城市群上市民营企业微观数据为基础进行实证，通过最近邻指数、核密度估计等方法探究其集聚和发展水平的时空格局特征，借助相关性系数、后向逐步回归与随机森林模型探究影响上市民营企业的关键因素。结果表明：上市民营企业空间集聚强化，以都市圈成员间等级扩散形成“核心—边缘”结构；上市民营企业发展格局呈多核心嵌套环绕，其发展水平沿海高于内陆，与其集聚空间具有相似性特征；影响上市民营企业发展的因素重要性排序依次为知识密集度、市场规模、研发投入、劳动密集度、宏观税负及资本密集度，除知识密集度和宏观赋税外均有利于推动上市民营企业发展，同时各因素影响效应存在一定的边际效应，在适度规模时均能促进上市民营企业发展。,"['民营经济', '上市民营企业', '空间集聚', '宏观税负', '创新发展', '长三角城市群']",T02,T24,1.0,0.7191894044846945,摘要:随机森林,0.0949847500788084,-0.005789967966467,0.6155555555555555,T24,A39,A43,15.0,0.5049549783243834,标题:城市群；关键词:城市群；摘要:城市群；标题:长三角；关键词:长三角；摘要:长三角,0.210709065526995,0.0068212737455961,0.98,A39,False,False,False,medium,medium,high
ZH_0508,京津冀城市群就业密度空间分布特征及溢出效应,"城市群的发展是国家经济发展的主要载体,对就业密度的考察是理解城市群规模与效率的一个重要视角。文章基于2000—2015年京津冀城市群180个区县(市)的面板数据,考察了其就业密度的空间分布特征与溢出效应。文章研究发现:城市群整体的就业密度向一线城市集中,廊道扩散特征明显;城市群内部就业密度的空间分布差异显著,是以北京强中心为主导的多中心结构;就业密度的空间溢出效应与就业集聚程度有关,就业密度越高的地区,其空间溢出效应明显,就业密度低的地区不具有空间溢出效应。文章的政策建议是:进一步降低中心城市就业门槛,支持经济的跨地区合作;在不同就业密度地区,实行差异化的产业发展功能定位。","['就业密度', '空间溢出效应', '京津冀城市群', '区域协同发展', '扩散廊道', '就业中心', '多中心结构']",T42,T30,1.0,0.7352543281164889,摘要:面板数据,0.2035127689174029,0.1089594865463501,0.6755555555555555,T42,A39,A15,15.0,0.7555398964808966,标题:城市群；关键词:城市群；摘要:城市群；标题:京津冀；关键词:京津冀；摘要:京津冀,0.315764590370338,0.2538564034349755,0.98,A39,False,False,False,medium,medium,high
ZH_0512,基于上海世博会背景下的永康市会展旅游发展思路,"在上海世博会召开的背景下,利用问卷调查与实地典型调研相结合的方法,对永康会展旅游进行SWOT分析后认为永康发展会展旅游存在很大潜力。利用EXCEL2003和SPSS软件,从职业和文化水平两个角度分析不同群体对会展旅游品牌的认知与感受,提出永康会展旅游的发展思路:借鉴上海世博会强化会展品牌意识;加强浙苏沪区域合作;针对群体的职业和文化差异进行合理宣传;完善会展硬件设施和品质服务建设;加大会展旅游延伸产品的开发。","['会展旅游', '品牌认知', '上海世博会', '永康市']",T20,T29,1.0,0.7614038558008674,摘要:问卷调查,0.5381555935911008,0.2957418271490528,0.6755555555555555,T20,A45,A04,7.5,0.3569109030760834,标题:旅游；关键词:旅游；摘要:旅游,0.24370897541942,0.1493635934005956,0.98,A45,False,False,False,medium,medium,high
ZH_0516,基于派送效能与顾客满意度视角的物流快递自提柜选址及空间优化——以长沙市侯家塘北为例,结合自提柜选址理论和方法，基于派送效能与顾客满意度视角构建物流快递自提柜选址和空间优化方法，以湖南省长沙市侯家塘北的自提柜典型需求点为样本进行自提柜选址及空间优化案例研究。通过分析研究区域快递需求和自提柜现状，在实地调研收集研究区域快递需求人数总量、需求点数、需求点快递需求量和需求点坐标等数据基础上构建集合覆盖模型，利用LINGO软件进行求解运算，再运用AHP法和Matlab软件进行计算求解其自提柜最优选址方案，进而针对物流企业提出相关建议，旨在提高物流派送效能与顾客满意度。,"['物流业', '快递', '派送效能', '顾客满意度', '自提柜', '选址优化']",T20,T22,1.0,0.7104481478101183,摘要:实地调研,0.0047623943663259,-0.0682275156420111,0.6155555555555555,T22,A46,A36,7.5,0.7156564405441947,标题:物流；关键词:物流；摘要:物流,0.0914120137523881,-0.0310254246843232,0.94,A36,False,False,False,medium,medium,high
ZH_0525,青藏高原河流输沙量变化与影响,"青藏高原是亚洲多条大江大河的发源地,为下游20多亿人民提供宝贵的水资源。河流输沙量与径流量相比被认为是对气候及地表过程变化反应更敏感的河流变量,是量化区域土地退化及土壤资源变化的重要指标。研究选取发源于青藏高原的8条主要河流,包括叶尔羌河、疏勒河、黑河、雅鲁藏布江、怒江、黄河、长江、澜沧江,开展其河源区或上游输沙量变化研究。首先探明了青藏高原主要河流径流量和输沙量的总体水平及空间差异;进而分析了近几十年来(1960—2017年)河流输沙量的变化特征,结合气候(气温、降水)和地表过程(冰川、冻土、植被覆盖)要素解析了影响输沙量时空变化的主要因素,探讨了影响青藏高原河流输沙量变化不确定性的多因素作用机制;最后通过典型案例阐明了河流输沙量变化对高原生态环境及水利工程安全的重大影响,从而为进一步开展青藏高原河流输沙量变化机理研究提供了基础。目前,水文气象资料稀缺是认识青藏高原河流输沙过程的重大挑战,亟待开展、加强观测与模拟研究,为青藏高原水土资源可持续利用以及下游的水安全管理提供科学依据,服务于国家生态安全屏障建设。","['青藏高原', '河流输沙量', '变化趋势', '环境影响']",T46,T06,1.0,0.7196935693459553,摘要:作用机制,0.1293228902053876,-0.0021887903860337,0.6155555555555555,T06,A51,A28,1.0,-0.0028547647579751,摘要:水资源,0.0788299334739434,-0.0203911768426805,0.4755555555555555,A13,False,False,False,needs_review,medium,needs_review
ZH_0533,沿海城市人地关系地域系统脆弱性研究——以大连市为例,"脆弱性是全球环境变化研究的热点和前沿领域,是多个科学计划的重要研究内容。人地关系地域系统是海洋经济地理研究中一个重点内容,将区域可持续发展研究推向纵深。利用大连市1996—2007年综合发展水平数据,根据区域经济发展、资源环境消耗、社会发展的相互关系,采用三角图分析方法,通过敏感性、适应性、恢复性等进行指标筛选,构建沿海城市脆弱性指标体系,建立脆弱性评价模型,对大连市人地关系地域系统的脆弱性进行了初步探索,结果表明:①大连市人地关系地域系统脆弱性逐年降低,连续12年脆弱性类型均为ERS型;②从趋势上看,经济子系统的脆弱值逐渐降低;③社会子系统的脆弱值逐渐下降,并且降低速度较快;④资源环境子系统的脆弱值逐年增加,在2003—2007年间,占大连市人地关系地域系统的1/3以上,该子系统为目前影响大连市人地关系地域系统的主要系统。","['脆弱性', '人地关系地域系统', '三角图法', '大连市']",T41,T33,1.0,0.7146521147821076,摘要:指标体系,0.0443752051963005,-0.0381991801278024,0.6155555555555555,T33,A39,A51,1.0,0.0024448179471573,摘要:区域经济,0.0972292586764847,0.0174629853368384,0.5382448552974286,A39,False,False,False,needs_review,medium,needs_review
ZH_0552,多回击地闪特征参数及其对直流线路故障的影响研究,基于浙江和西藏两地区的地闪活动观测资料，分析、对比了两地地闪参数的特征，并建立了多回击地闪雷击线路仿真模型，计算分析了地闪特征参数对线路动作特性的影响。结果表明，浙江地区的多回击地闪百分比、地闪回击次数、地闪持续时间、回击时间间隔和地闪回击强度等参数均要大于西藏地区，两地多回击地闪的地闪持续时间大于500ms的比例和后续回击大于首次回击的比例均不可忽视；多回击地闪作用下的线路耐雷水平与单次回击作用下的线路耐雷水平相等，线路的重启失败率随着多回击地闪的地闪回击次数增大和地闪持续时间的延长而呈现先增大后减小的趋势；适当延长线路重启过程的去游离时间以及增加线路重启次数，有助于提高多回击地闪作用下线路的重启成功率。,"['多回击地闪', '特征参数', '输电线路', '线路动作特性']",T14,T21,1.0,0.7145007763832607,摘要:仿真模型,0.0919821796925552,-0.0392801686909944,0.6155555555555555,T21,A09,A32,0.0,0.0058872081833412,,0.1267564499595203,0.0420514870238658,0.4864759290016753,A09,False,False,False,needs_review,medium,needs_review
ZH_0557,中国—东盟自贸区内各经济体经济发展差异研究,"采用数理统计方法测度了各年自贸区内各经济体之间不同指标的变异系数,然后运用主成分分析法计算了各年各经济体经济发展综合评价值及变异系数。研究发现,自贸区内各经济体之间经济规模、产业构成、外资吸引力及内资积累能力、经济外向程度都存在显著差异,经济发展综合水平差异显著。此外,运用χ2检验法对区内各经济体之间经济发展综合水平差异的趋势进行了检验,发现近10多年来区内各经济体之间经济发展综合水平的差异没有呈现收敛的现象,也就意味着,区内经济发展差异将长期存在。因此,作为自贸区成员国之一的中国,有必要从自贸区制度安排的制定和执行上发挥作用,消除由于经济差异存在带来的成员国对推进自贸区的疑虑和抵触。","['中国—东盟自贸区', '变异系数', '主成分分析', '经济差异']",T41,T02,1.0,0.6874454005964494,摘要:综合评价,0.176779062973342,-0.2325328528825042,0.6155555555555555,T02,A50,A43,7.5,0.7449374404855875,标题:自贸区；关键词:自贸区；摘要:自贸区,0.2813154489249284,0.1781245748970537,0.98,A50,False,False,False,medium,medium,high
ZH_0562,长三角城市群产业生态效率及其时空跃迁特征,"伴随区域一体化进程的加快,区域内产业生态效率问题日益受到关注。文章采用数据包络分析和探索性时空数据分析法,以长三角城市群26个城市为研究对象,测度了城市群内产业生态效率及其时空跃迁特征。结果表明:(1)2000—2014年长三角城市群大部分城市产业生态效率呈现逐步上升趋势,其中苏州、上海表现最好也最为稳定。(2)长三角城市群产业生态效率具有明显的空间集聚特征,核心区域城市扩散效应不断增强,""东部独大""特征显著,局部城市空间差异明显,核心区域差异逐渐减弱,整体空间自组织效应增强。(3)各城市产业生态效率空间结构的跃迁正向整合程度明显,部分城市之间存在着转移惰性,滁州的空间依赖方向表现最为稳定,镇江的波动性最大。","['区域一体化', '产业生态效率', '时空跃迁', '长三角城市群']",T41,T25,1.0,0.7397781669221304,摘要:数据包络分析,0.20163222904322,0.1412726208723596,0.6755555555555555,T41,A39,A41,16.0,0.7077889917112717,标题:城市群；关键词:城市群；摘要:城市群；标题:长三角；关键词:长三角；摘要:长三角；摘要:区域差异,0.303136053983557,0.2342070836519411,0.98,A39,False,False,False,medium,medium,high
ZH_0564,南方(以广东起步)电力现货市场“月结算”试运行关键监测指标及市场力分析,"在我国电力现货市场建设加快发展的形势下，对已实施的双轨制现货市场进行市场监测是保证电力市场持续推进的关键环节。产业组织理论中的结构–行为–绩效(structure-conduct-performance,SCP)模型能够提供一个既深入结合具体实例，又有系统逻辑体系的产业分析框架。因此基于SCP框架，从市场结构、市场行为、市场绩效3个角度提出了适应中国特色双轨制现货市场的评价体系，并结合南方(以广东起步)电力现货市场2021年5月试运行数据，充分挖掘了市场主体行为及市场出清结果的规律特点及深层次原因，有效防范市场运营风险。最后，提出了推动南方区域电力市场建设、加快东西部间网架建设、加强市场力监测等建议，以期为中国电力现货市场发展提供借鉴。","['电力现货市场', '结算试运行', '评价体系', '产业组织理论', '市场力监测']",T11,T10,1.0,0.7135789247866722,摘要:CT,0.0846725901600674,-0.0458648229523415,0.6155555555555555,T10,A36,A09,1.0,0.013944496184625,摘要:电力市场,0.2050730921588467,0.0996035441758931,0.550894501358643,A36,False,False,False,needs_review,medium,needs_review
ZH_0566,基于限流控制与保护协同的柔性直流配电线路整体保护方案,"柔性直流配电线路故障后的过电流极高，需要通过限流的方式降低对高开断电流断路器的需求，而限流后现有的保护原理可能会失效，因此，限流技术与保护原理的结合已成为目前直流配电系统发展的迫切需求。为此，利用控保协同思想，提出了一种全周期限流控制策略与相关性保护原理协同的柔性直流配电线路整体保护方案，能够在限流的同时实现故障识别。所提出的全周期限流控制策略在故障发展的前、中、后期利用不同的限流环节有针对性地抑制故障电流，极大地减轻了直流配电网对于高开断电流断路器的需求；与此同时，利用Pearson相关系数综合描述线路两侧正负极电流极性及波形突变特征，可以同时识别区内外故障并且区分故障类型，减少保护冗余，在限流控制策略作用下仍能够可靠动作。在实时数字仿真器(real time digital simulator,RTDS)中的仿真结果表明：限流控制策略有效降低了故障电流，并且增强了线路两侧电流之间的相关性；保护能够可靠识别故障，不需要严格的通信同步，且不受过渡电阻、数据窗长和噪声的影响，有较好的应用前景。","['柔性直流配电网', '控保协同', '限流控制', '相关性原理', '故障线路识别']",T49,T42,1.0,0.7201915983400342,摘要:控制策略,0.1068070878055692,0.0013685595716727,0.6755555555555555,T49,A31,A32,5.0,-0.2504714868158151,关键词:配电网；摘要:配电网；摘要:配电系统,0.0817782368450678,-0.0747963343986796,0.6977777777777778,A32,False,False,False,medium,medium,medium
ZH_0569,中国林业上市公司林产品流通效率比较研究,"作为林产品流通重要主体的全国林业上市公司在林业产业发展中地位重要。选择全国20家林业上市公司,运用数据包络分析法(DEA),利用2008—2011年的年报数据,对林产品流通效率进行实证研究。结果表明,林业上市公司的林产品流通效率有高低差距,大部分公司处于DEA弱效或严重无效状态且呈现出降低趋势,仅有少数公司的林产品流通效率处于良好。研究认为,国家要加大对林业上市公司的政策扶持力度,加快林产品流通基础设施建设,推进林业产业结构不断升级,提高林业上市公司的内部管理水平,以大力提升林产品流通效率。","['林业上市公司', '林产品', '流通效率', '中国']",T41,T28,1.0,0.7437043688781926,摘要:数据包络分析,0.3033689430208631,0.1693169205585186,0.6755555555555555,T41,A43,A46,1.0,-0.0125930912298716,摘要:产业结构,0.172013371634409,-0.0899506516419406,0.4755555555555555,A18,False,False,False,needs_review,medium,needs_review
ZH_0570,欠发达农区村域经济对产业集聚区的响应机制研究——以河南省王胖庄为例,"以河南省开封县黄龙产业集聚区相邻的王胖庄为研究区域,利用实地调研数据,采用统计方法和SPSS17.0软件计量分析,探讨了村域经济对产业集聚区的响应机制。①产业升级。农户从事第二、三产业的人数增多。同时,粮食作物逐渐转向经济作物。②职业转化。通过务工、自主创业以及外出务工回流的方式实现了村域人口在就业空间上的转移。③思想冲击。耕地的重要程度降低,从事非农产业的积极性提升,生活方式高级化,向往城市生活的愿望强烈。④分化加剧。面对外界刺激,农户逐渐分化为发展型,稳定型和衰退型。⑤农户对产业集聚区的响应程度与核心劳动力年龄、人均耕地面积呈负相关,与劳动力教育年限、劳动力数量呈正相关。","['村域经济', '产业集聚区', '欠发达农区', '响应机制']",T20,T46,1.0,0.7079652087906385,摘要:实地调研,0.0332449591107026,-0.0859627943525819,0.6155555555555555,T46,A42,A25,3.0,0.4825894502848676,摘要:耕地；摘要:农户；摘要:粮食,0.0855610079641166,0.0184960734633406,0.7266666666666667,A43,False,False,False,medium,medium,medium
ZH_0574,京津冀跨域治理和协同发展的重大政策实践,随着我国城市发展的区域化进程快速推进，城市群已经成为承载人口和经济活动的主要空间形式。城市群由于涉及众多行政主体，区域性公共问题与日俱增，面临跨域治理的重大需求。京津冀协同发展战略作为国家重大区域战略，致力于建设以首都为核心的世界级城市群，其实施近9年以来，以解决“大城市病”为重点，探索发达的大都市地区和不发达的周边地区共同实现高质量协同发展的实践路径，形成了高效有序的治理体系、多中心网络形态的治理结构和灵活动态的治理机制，积累了丰富的跨域治理实践经验。文章在跨域治理理论支撑下梳理京津冀协同发展过程中的跨域治理重大政策实践，探讨面临新形势和新要求推进京津冀协同发展成为跨域治理典范的新举措，并揭示其对中国跨域治理的启示和应用前景。,"['跨域治理', '协同发展', '政策实践', '创新驱动', '公共服务', '京津冀']",T46,T21,1.0,0.7433689490325934,摘要:治理机制,0.2583016486895417,0.1669210645185251,0.6755555555555555,T46,A39,A47,8.5,0.4923356950665465,摘要:城市群；标题:京津冀；关键词:京津冀；摘要:京津冀,0.3299567708883044,0.1889524437526437,0.98,A39,False,False,False,medium,medium,high
ZH_0584,人才跨国流动的动力与影响研究评述,"全球化进入到知识经济时代,国家间的人才竞争逐渐升级,高端人才的跨国流动愈加频繁。结合人才跨国流动的历史进程和发展形势,采用文献综述的方法,对人才跨国流动的模式及其动力和影响进行了系统梳理。研究认为:①人才跨国流动是随着全球化进程不断发展的过程,存在不同的阶段和类型,人才流失、人才流入、人才回流和人才环流四种形式可以很好地理解人才跨国流动的过程和阶段特征;②每一种人才跨国流动形式都存在推力和/或拉力,不能将人才流出和流入归结为国家和个人单方面的原因,国家力量和个人动机相互影响共同作用于人才跨国流动;③需要从正反两个方面理解人才跨国流动带来的影响,既有促进创新联系的有利影响,也有带来社会冲突的不利影响,应强化有利影响,回避不利影响;④人才跨国流动应成为新时期我国人才地理学研究的重点方向,以服务于国家海外人才引进战略的制定和实施,服务于创新型国家的建设。","['国际人才', '跨国流动', '人才流失', '人才流入', '人才回流', '人才环流', '高技术移民', '海外高层次人才']",T06,T13,1.0,0.7417478997589457,摘要:综述,0.31392421328287,0.1553421411353268,0.6755555555555555,T06,A09,A49,0.0,0.0071749007714752,,0.1747544381013082,0.0512492912248231,0.4878923908486227,A09,False,False,False,needs_review,medium,needs_review
ZH_0586,长江干线集装箱港口体系集中度演进分析,"通过梳理长江干线港口集装箱发展历程,以长江干线21个主要港口为研究对象,选取1984—2016年各港口集装箱吞吐量,运用集中度法则,研究了长江干线集装箱港口体系的演进过程与发展特征,判别了竞合关系。结果表明:(1)长江干线集装箱港口体系的集中度总体呈下降趋势,港口间的竞争加剧;(2)集中度的变化轨迹呈现快速扩散、缓慢分散、稳步集中、再次分散、再次集中等5个阶段性特征,揭示了长江干线集装箱运输经历了由枢纽港占支配地位,到地区性港口迅速成长、集装箱港口体系均衡稳定的变化过程;(3)长江干线集装箱运输市场处于低度寡占型,但逐渐朝着充分竞争态势发展;(4)长江干线集装箱港口体系空间分布趋于均衡,空间格局具有较好的稳定性,形成了较为稳定的上中下游多中心并存的集装箱运输网络,重庆、武汉、南京、苏州等区域性枢纽港,在长江干线集装箱港口体系的演进中起主导作用。","['水路运输', '集装箱港口体系', '赫芬达尔—赫希曼指数', '集中度', '演进阶段', '长江航运']",T48,T07,1.0,0.7105906468286669,摘要:空间格局,0.0686982175982715,-0.067209665509522,0.6155555555555555,T07,A46,A03,7.5,0.7102171431636372,标题:港口；关键词:港口；摘要:港口,0.0640432255648874,-0.0698775488311631,0.94,A03,False,False,False,medium,medium,high
ZH_0594,科技工作者创造了中国科技发展70年的辉煌,"世界上任何创举,人永远是主导性的第一要素。中国科技发展70年的辉煌也不例外,它正是一代又一代中国科技工作者前赴后继、不懈奋斗的结果。早期回国的许多爱国科学家中,如:李四光,为新中国脱掉了贫油国的帽子;赵忠尧、王淦昌奠定和开拓了中国的核科学;华罗庚开辟了中国近代数学;王应睐领导组织了新中国科学家领先合成蛋白质和核酸。新中国成立前后,以钱学森、郭永怀、邓稼先、",[],T12,T18,1.0,0.7255367057854029,摘要:合成,0.1997309892737481,0.0395478984671632,0.6755555555555555,T12,A27,A22,1.0,0.0172626117795949,摘要:数学,0.1515683001551376,0.1233043698542496,0.49454442851311,A48,False,False,True,needs_review,medium,needs_review
ZH_0600,改进EGM模型对特高压输电线路的适用性与验证,"为了更准确地分析我国特高压输电线路雷电绕击屏蔽性能，基于我国长空气间隙放电试验数据和雷电回击观测数据，建立考虑地形条件的适应于大尺寸输电线路雷电屏蔽性能评估的改进电气几何模型(electricgeometry model, EGM)并进行验证，将击距公式修正为r=0.13(I+40I)0.814。改进EGM模型对超、特高压输电线路三相导线的雷电绕击率计算结果与日本实际线路雷击观测数据及我国平原、山区特高压输电线路雷击模拟试验数据具有一致性，验证了改进EGM模型的适用性。采用改进EGM模型评估了杆塔型式、山坡陡度对我国特高压线路绕击跳闸率的影响。计算结果表明，采用SZ322型杆塔的绕击跳闸率高于采用SZT1型杆塔，且特高压线路绕击跳闸率随山坡陡度的增大而增大。EGM模型的修正以及计算方法的优化，对我国特高压输电线路雷电屏蔽性能的设计具有一定的指导意义。","['特高压输电线路', '雷电屏蔽模拟试验', '电气几何模型(EGM)', '击距公式']",T11,T21,1.0,0.6912712782515897,摘要:CT,-0.0675983205935389,-0.2052051553457873,0.6155555555555555,T21,A09,A32,1.0,-0.6350015855821638,摘要:CT,0.065888156406386,-0.0785827541583124,0.4755555555555555,A32,False,False,False,needs_review,medium,needs_review
ZH_0609,中国农村公共服务供给质量时空格局及影响因素,加快补齐农村公共服务短板、推进城乡基本公共服务均等化是实施乡村振兴战略的重要举措。文章基于2010—2019年中国省级面板数据，从教育文化、医疗卫生、社会保障、基础设施及环保减灾五个维度构建农村公共服务供给质量评价指标体系，运用全局熵值法、Moran指数和空间杜宾模型，分析中国农村公共服务供给质量的时空特征和影响因素。研究发现：(1)中国农村公共服务供给质量总体水平呈稳步上升趋势，但维度发展不平衡。基础设施服务和环保减灾服务是我国农村公共服务供给质量提升的核心驱动力，而教育文化服务、医疗卫生服务和社会保障服务则成为我国农村公共服务供给质量提升的短板。(2)中国农村公共服务供给质量区域差异显著，整体呈现“东部>中部>西部>东北”的分布格局，且存在显著的全局空间正相关关系。(3)农村经济发展水平和产业结构升级对本地区和邻近农村公共服务供给质量提升具有促进效用；农村人口密度则对本地区和邻近农村公共服务供给质量提升具有负面影响；城镇化对本地区和邻近地区农村公共服务质量提升具有相反影响。,"['农村公共服务供给质量', '公共服务', '教育文化', '医疗卫生', '社会保障', '环保减灾', '全局熵值法']",T42,T41,2.0,0.3592656326904152,摘要:面板数据；摘要:空间杜宾模型,0.1143594737267075,-0.0052454807827478,0.6711111111111111,T31,A42,A47,8.5,-0.2268083066964236,标题:农村；关键词:农村；摘要:农村；摘要:乡村振兴,0.1890358620106873,-0.2784444267135838,0.8,A47,False,False,False,medium,medium,high
ZH_0615,基于整日尺度的城市女性休闲满意度及其影响因素——以西宁市为例,"休闲满意度作为对休闲经历或情境感觉到满足的程度,对衡量居民的休闲活动评价和认同以及反映对于生活质量的满意程度有重要的作用。文章基于西宁市2013年居民活动日志问卷调查数据,应用时间地理学方法从个体整日活动、即时活动出发,基于ordered logit模型试图从整日视角分析女性休闲满意度的影响因素。结果表明:西宁女性整日休闲满意度相对于休闲时长、休闲频率、休闲地离家距离而言,更多地受到休闲同伴、休闲类型和固定性较强的非休闲活动影响,家人或朋友的陪伴、个人事务活动的时长与休闲满意度存在正相关关系,工作活动频率与家庭照料活动时长与休闲满意度存在负相关关系。","['休闲满意度', '女性', '时间地理学', '整日活动', '休闲设施', '公共休闲空间', '西宁市']",T20,T29,1.0,0.743353657340358,摘要:问卷调查,0.3154595816344476,0.1668118381454147,0.6755555555555555,T20,A10,A30,1.0,0.7140383264707147,摘要:生活质量,0.1369837501772398,-0.042583382352038,0.6155555555555555,A30,False,False,False,needs_review,medium,needs_review
ZH_0616,人工基因线路的研究进展和未来挑战,"基因线路是生命体对自身生命过程控制的动态调控系统。在工程化的设计原理的指导下,人工基因线路是对天然基因调控线路进行简单化处理和重新编程,以及引入自然界不存在的人造法则。人工基因线路由遗传开关、生物振荡器、逻辑门等组成,以执行诸多调控功能。多种多样的人工基因线路设计与构建,不仅极大地促进了人们对生命调控基本规律的认识,也进一步丰富了人们对天然的生物系统进行改造、再创的手段,并为医药健康、农业环境和工业发酵等领域的实际需求提供了全新解决方案。虽然在过去20年里,人们在人工基因线路领域取得了丰硕的研究成果,但是细胞体内蕴含着的众多复杂生化反应和信号传导途径,为设计和组装具有更加高级功能的基因线路带来了挑战。相应地,如何实现微小细胞内复杂基因线路的可预测设计组装,如何保障基因线路在复杂的体内外环境下发挥稳健的功能,将成为未来几年人工基因线路研究的关键核心问题和势必克服的重大挑战。","['合成生物学', '人工基因线路', '重编程', '环境适应', '模块化']",T06,T12,3.5,0.0746195162552877,标题:研究进展,0.021165728523025,-0.2016973328703944,0.696525912325261,T23,A22,A42,7.5,0.7171325729649206,标题:基因；关键词:基因；摘要:基因,0.6558515606666988,0.6652326640351474,0.98,A22,False,False,False,medium,medium,high
ZH_0627,全国统一电力市场体系下电力零售侧市场框架设计,我国全国统一电力市场体系和交易平台已经初步形成，需要构建在市场主体、交易商品、交易规则、结算体系、运营监控、风险防控、平台建设等方面与之衔接的电力零售侧市场体系。基于我国碳达峰、碳中和目标和绿色低碳转型工作要求，调研分析了国内外电力零售市场的运营现况，结合全国统一电力市场体系建设，根据我国电力零售市场发展规律，设计了符合我国国情的电力零售侧市场整体框架。重点分析了零售侧市场新兴市场主体特点，总结了零售套餐的类型，提出了适应分布式资源交易的零售侧市场交易机制，梳理了相关技术，并且对未来电力零售侧市场发展进行了展望。,"['全国统一电力市场', '电力零售市场', '聚合商', '分布式电源', '零售侧交易机制']",T12,T38,3.0,0.6722206784298925,关键词:聚合,-0.0142407944903049,-0.3412808683579105,0.7266666666666667,T38,A36,A31,7.5,0.493192228401193,标题:电力市场；关键词:电力市场；摘要:电力市场,0.5344179763571336,0.4370873457228069,0.98,A36,False,False,False,medium,medium,high
ZH_0630,会展企业微观集聚研究——以广州市流花地区为例,"以广州市会展企业名录为数据基础,运用缓冲区分析和Ripley K函数分析方法,探讨广交会的举办地流花地区会展企业时空分布及其形成机制。结果表明:①1957—2011年,流花地区会展企业的空间分布密度在逐渐加强,主要沿城市交通干道分布;企业空间分布的范围在逐步扩大,主要向东部天河一带扩散;②流花地区会展企业的空间分布呈明显的集聚状态,考察1991、2002和2011年3个时间节点,显示会展企业分别在0.5km、0.66km和0.87km的尺度空间呈显著集聚。同时,空间集聚的范围逐渐扩大,集聚的强度在1991年后明显降低;③影响会展企业空间集聚的因素是多方面的,主要包括大型展馆、交通和商务环境,城市规划及政府的产业发展政策也影响企业集聚,正是在这些因素的共同作用下,会展企业在特定地段呈显著的集聚状态。","['会展企业', '微观集聚', '缓冲区分析', 'Ripley K函数', '流花地区', '广州']",T46,T11,1.0,0.7160893486822284,摘要:形成机制,0.1297958865309222,-0.0279332236983681,0.6155555555555555,T11,A46,A43,1.0,0.704149413427241,摘要:交通,0.0324719088215119,-0.1132184755197064,0.6155555555555555,A43,False,False,False,needs_review,medium,needs_review
ZH_0636,甘肃石羊河流域农户生计风险感知影响因素分析,"以典型生态脆弱区石羊河流域为例,开展农户生计风险感知调查与分析,辨识影响农户生计风险感知的关键因素及其作用,揭示农户生计风险感知的形成机制。研究表明:从整体上来看,受访农户的生计风险感知水平并不高,生计风险感知能力与水平仍较低;所确定的影响农户风险感知水平的因素来看,受调查户生计资本禀赋、性格特征、代际因素、生计方式等因素,与生计风险感知密切相关;物质资本的提高对于提升农户生计风险感知有着显著的正效应,金融资本的提高对于非农户的生计风险感知有着显著的负效应。而无论是农户或是非农户,金融资本的提高对于生计风险感知的提高均是显著或是不显著的负向影响作用。","['生计风险感知', '生计资本', '生计方式', '石羊河流域', '环境灾害', '生态脆弱区']",T46,T20,1.0,0.6760746913481147,摘要:形成机制,0.1301292528183411,-0.3137522046563228,0.6155555555555555,T20,A42,A50,4.5,0.394403651411429,标题:农户；摘要:农户,0.1206627479296747,-0.0399739184897926,0.8099999999999999,A50,False,False,False,medium,medium,high
ZH_0638,区域旅游扶贫类型与模式研究——以大别山集中连片特困区36个县(市)为例,"贫困山区与旅游资源空间分布往往具有高度地理重叠性,成为当前旅游扶贫攻坚战重点区域。在当前各种旅游扶贫鼓励政策下,旅游资源优势度与旅游产业集聚程度是旅游扶贫的重要前提和现实基础。利用旅游优势度评价模型和区位熵指数法对大别山集中连片特困区36个县(市)旅游资源优势度和旅游产业竞争力进行空间等级划分与评价。运用多变量空间自相关分析法对36县(市)旅游资源与产业进行集聚类型分类,得出由各县(市)旅游资源、旅游产业与空间滞后量决定的四种不同旅游扶贫区域类型。依据各区域类型特征提出政企合作模式、战略联合模式、休闲农业与乡村旅游模式及区域联动模式4种旅游扶贫模式,以期为各县(市)探索新型旅游扶贫模式实现精准扶贫提供指导,对其他同类型贫困片区旅游扶贫发展提供借鉴作用。","['旅游扶贫', '旅游资源优势度', '旅游产业集聚程度', '大别山集中连片特困区']",T48,T34,1.0,0.7183664285520723,摘要:空间自相关,0.1123199846480972,-0.0116683674851978,0.6155555555555555,T34,A45,A42,8.5,0.6579276097791789,标题:旅游；关键词:旅游；摘要:旅游；摘要:乡村旅游,0.1936774564799941,0.1616678009437146,0.98,A45,False,False,False,medium,medium,high
ZH_0639,洞庭湖区两型社会发展水平时空分异,"从经济增长、社会进步、资源利用和环境质量4个方面构建洞庭湖区两型社会发展水平评价指标体系,利用评价模型和人工神经网络模型对两型社会发展水平进行时空变化分析和预测。结果表明:1洞庭湖区2005—2012年经济发展度和社会协调度均呈上升态势,年均增幅分别达2.46%、4.46%;环境可持续度则呈波动性下降态势,年均降幅达0.74%。两型社会发展水平整体上升的同时,内部经济、社会和环境的协调性较差。2从空间上来看,17个县域经济发展度和社会协调度的变化幅度均呈正向变化,环境可持续度处于负向变化,岳阳市区、常德市区和益阳市区3个县域的经济发展度和社会协调度要比其它14个县域的高,环境可持续度则下降幅度最为明显。2个时段的对比,可以看出17个县域两型社会发展水平均处于上升态势,县域差异性变化明显。3预测显示2015年洞庭湖区17个县域两型社会发展水平指数大体上处于中等状态,并且呈现差异性上升,既表明湖区两型社会建设走上了良性发展道路,建设效果日趋明显,又说明湖区人口、资源、环境与发展之间的矛盾仍然没有得以稳妥解决,并且将成为制约湖区两型社会可持续发展的障碍因素。研究证明利用BP神经网络模型进行两型社会发展水平时空预测切实可行可靠,模型运行结果可以为区域可持续发展提供科学依据。","['两型社会', '可持续发展', '人工神经网络', '时空分异', '洞庭湖区']",T41,T01,1.0,0.704614567714425,摘要:指标体系,0.1639114227780939,-0.1098959448969643,0.6155555555555555,T01,A24,A26,0.0,0.0064215546955942,,0.1617632590685586,0.0458682478256729,0.4870637101651536,A24,False,False,False,needs_review,medium,needs_review
ZH_0645,基于改进乌燕鸥算法的分布式电源优化配置,"对分布式电源(DG)接入配电网进行合理规划配置,能够在兼顾运营商和用户利益的同时,提高系统电压稳定性。在考虑经济指标的情况下,提出了一种新的系统电压增强指标,改善了系统整体电压分布。建立了多目标优化模型,利用层次分析法确定各目标函数的权重,进而转化成单目标函数规划问题。针对乌燕鸥算法全局搜索能力较强和局部搜索能力较弱的缺点,提出了一种新颖的改进乌燕鸥算法。将遗传算法的变异思想融入其中,进行DG的优化配置,提高了收敛速度和收敛精度。通过算例验证了改进的乌燕鸥算法对改善系统电压分布效果明显,所建立的模型有很好的实际意义。","['分布式电源', '配电网', '多目标优化', '层次分析法', '改进乌燕鸥算法']",T41,T37,4.0,-0.4059166142338954,关键词:层次分析法；摘要:层次分析法,0.1635148085676985,-0.1767153117547152,0.6422222222222222,T37,A31,A33,11.5,0.7723214295876988,关键词:配电网；摘要:配电网；标题:分布式电源；关键词:分布式电源；摘要:分布式电源,0.4340096179203428,0.3737244970549911,0.98,A31,False,False,False,medium,medium,high
ZH_0651,中国对欧盟直接投资(OFDI)的时空特征及影响因素,"欧洲是""丝绸之路经济带""和""海上丝绸之路""的交汇地,在我国对外直接投资(OFDI)格局中具有重要的地位。近年来,我国对欧盟OFDI增长迅速并呈现明显的空间集聚特征。利用2007—2016年中国对欧盟OFDI的数据,检验发现我国对欧盟OFDI存在显著的空间相关性。进一步构建空间计量模型进行检验,发现我国对欧盟OFDI具有明显的空间溢出效应,东道国的经济规模(GDP)、技术水平、贸易关系和投资自由度等因素对中国OFDI的区位选择均有明显的影响。其中东道国GDP和投资自由度对我国在欧盟各国OFDI具有显著的正向作用;以专利为指标的东道国技术水平也对中国在欧盟OFDI具有显著正向作用,但是与前两者相比作用较小;双边贸易额则与我国对欧盟各国OFDI存量显著负相关,说明我国对欧盟的投资和贸易总体呈现替代效应,而非互补关系。","['对外直接投资(OFDI)', '欧盟', '空间分布“', '一带一路”倡议', '空间溢出效应', '贸易关系', '投资自由度']",T42,T30,1.0,0.7363467951204878,摘要:计量模型,0.2012086349198455,0.1167628222891989,0.6755555555555555,T42,A50,A03,14.5,0.7497476092902033,标题:投资；关键词:投资；摘要:投资；关键词:贸易；摘要:贸易；关键词:一带一路,0.2973495025848426,0.2124829235014526,0.98,A50,False,False,False,medium,medium,high
ZH_0664,一种双向谐振型高频直流变压器通用参数设计方法,"交流微电网和直流微电网之间多通过电力电子变压器(PET)构成交直流混合微电网以减少额外的电能转换环节。但是PET中高频变压器的谐振参数常常限值了效率的提升,且谐振拓扑的细微变化也会进一步加剧参数设计的难度。针对该问题,提出一种面向交直流混合微电网(HADM)的双向谐振型高频直流变压器(HFT)通用型参数设计方法,明确只有在谐振电流与输入方波电压基频部分同频同相时传输的平均功率最高。并指出当变压器励磁电感与漏感之比大于一定值时,CLLC、LLC和CLL谐振型高频变压器均可工作在双向功率传输状态,且获得的标幺化增益和效率均满足HADM系统要求,CLLC更有利于功率的有效传输。最后,搭建了一台采用SiC器件的6 kW实验样机,实验结果进一步验证了所提设计方法的可行性和有效性。该样机在双向工作模式下的最高效率大于97%。","['微电网', '高频变压器']",T17,T25,1.0,0.7305761096720214,摘要:样机,0.2070580163909069,0.0755436405144379,0.6755555555555555,T17,A33,A37,4.0,-0.3322884099136369,关键词:微电网；摘要:微电网,0.0945551101703228,0.0265113577597359,0.6422222222222222,A16,False,False,False,needs_review,medium,needs_review
ZH_0668,基于改进离差最大化方法的电网关键线路综合辨识,关键线路的辨识对保证电力系统安全性具有重要意义。针对现有关键线路辨识方法较少考虑线路两端节点信息以及对线路偶然故障考虑不足的问题，以电网拓扑信息为基础，结合当前运行状态，提出一种多指标评价的关键线路辨识方法。通过考虑局部系统的电压稳定性、线路传输容量、线路故障率以及节点的拓扑重要性，建立了识别线路重要程度的电压稳定性、容量裕度、实时故障率、拓扑联系度等4个指标；改进离差最大化方法，建立了考虑不同因素的主客观赋权的线路综合重要性指标；采用系统失负荷量最小的控制策略，衡量线路故障下系统的供电能力；最后对IEEE 39节点系统进行仿真，验证了所提辨识方法的可行性和正确性。,"['关键线路辨识', '电压稳定性', '故障率', '离差最大化', '失负荷量']",T49,T34,1.0,0.7109575346537834,摘要:控制策略,0.1739661468955225,-0.0645890381872615,0.6155555555555555,T34,A30,A37,0.0,0.0032583961168761,,0.1452775152837372,0.0232742579776869,0.4835842357285638,A30,False,False,False,needs_review,medium,needs_review
ZH_0670,柔性直流换流器阻抗自适应重塑抑制高频谐振方法,针对渝鄂柔直南通道渝侧双换流器分列运行产生的系统高频谐振问题，进行了深入分析。用阻抗频率扫描得到换流器和交流电网的阻抗频率特性，再用数学拟合方法，根据渝鄂柔直南通道工程换流器和交流线路参数，建立了换流器和交流线路阻抗的数学模型。应用建立的数学模型，通过MATLAB仿真计算分析，找到了双换流器分列运行产生的系统高频谐振的原因。在此基础上，提出了换流器阻抗自适应重塑抑制高频振荡方案。首先应用MATLAB软件对换流器自适应重塑抑制高频振荡策略进行深入分析和仿真计算，然后通过PSCAD仿真计算验证了高频谐振抑制策略的正确性，并对换流器阻抗自适应重塑后的柔直系统动态特性进行了仿真计算，结果表明完全满足技术要求，保证了渝鄂柔直南通道系统稳定运行。,"['渝鄂柔直工程', '换流器分列运行', '高频谐振抑制', '阻抗自适应重塑', '仿真研究']",T14,T08,2.0,0.7138250832159685,摘要:PSCAD；摘要:MATLAB仿真,0.0560971352907615,-0.0441065484573669,0.6711111111111111,T08,A32,A27,11.0,0.6741865579948015,标题:换流器；关键词:换流器；摘要:换流器；标题:柔性直流,0.1996747994676043,0.140293596066764,0.98,A32,False,False,False,medium,medium,high
ZH_0671,建筑业全要素生产率增长与区域经济增长的耦合效应分析,"采用随机边界分析方法测算了1997—2009年省际建筑业全要素生产率(TFP)增长水平,并进行了区域差异化比较;然后借鉴物理学的耦合度理论,构建建筑业TFP增长与区域经济增长的耦合效应模型,并进行了实证检验;采用灰色关联分析方法遴选出二者耦合效应的主要影响因素,最后对建筑业经济增长方式和阶段进行了研判。研究表明:区域建筑业TFP增长存在较大差异,依据其增长率大小将31个地区划分为负增长、低增长、中增长和高增长四种类型;二者的耦合程度较高而耦合协调度较低;约束建筑业TFP增长的主要因素是地区的GDP水平,判断中国区域建筑业的经济增长仍属于粗放型增长方式和资本经济阶段。","['区域经济增长', '建筑业', 'TFP增长', '耦合度', '增长方式']",T44,T15,1.0,0.750578180302449,摘要:耦合协调度,0.2579928707333538,0.2184155735889224,0.6755555555555555,T44,A39,A27,8.5,0.667681175217934,标题:区域经济；关键词:区域经济；摘要:区域经济；摘要:区域差异,0.2557974085587205,0.2313361255062513,0.98,A39,False,False,False,medium,medium,high
ZH_0686,基于标签传播算法的电网主动解列断面快速定位方法,传统的失步解列控制无法适应多变的运行方式和复杂的失稳模式，实现数据驱动的电网主动解列断面快速定位具有重要意义。为此，结合复杂网络社团检测理论和电气距离，提出一种基于标签传播算法的主动解列断面快速定位方法。基于等值两机系统联络断面电气距离对振荡中心位置有主要影响的机理，依据支路导纳建立图数据的相似性权重矩阵。根据同调机群在线辨识的分群结果标注同步发电机节点的类别标签。使用基于调和函数的标签传播算法对未标注节点进行半监督节点分类，不同类节点之间的边即所定位的解列断面。通过IEEE118节点系统算例和东北电网实际系统的仿真分析，验证了所提方法的可行性和有效性。该方法的计算速度非常快，具有较好的工程实用价值。,"['电力系统', '主动解列', '标签传播算法', '电气距离', '振荡中心', '解列断面']",T43,T07,1.0,0.7228326838857617,摘要:复杂网络,0.1522246910298511,0.0202334563268697,0.6755555555555555,T43,A22,A37,0.0,0.0008937327192722,,0.0770545149820481,0.0063838051376586,0.4809831059911994,A22,False,False,False,needs_review,medium,needs_review
ZH_0688,考虑可信度的新能源及需求响应参与英美容量市场分析及思考,"高比例新能源接入情况下,系统高峰时刻可靠容量不足会影响系统运行的安全,因此在能源转型的过程中应充分挖掘新能源及需求响应等灵活性资源在高峰时刻提供可靠容量的能力。基于美国和英国容量市场的机制设计,分别综述了新能源及需求响应资源参与容量市场及可信容量的计算方法。并结合中国的市场发展,从稳步推进容量市场化机制建设、设计适应于高比例新能源接入的容量市场化机制、构建全国各地协同的容量支持机制对我国未来建设容量市场进行了探讨。","['容量市场', '可信容量', '容量可信度', '拍卖结果分析']",T06,T12,1.0,0.7228415176659395,摘要:综述,0.1360528202746311,0.0202965547567117,0.6755555555555555,T06,A36,A34,4.5,0.7740398883133667,标题:需求响应；摘要:需求响应,0.4858269340702728,0.3859992022383334,0.8699999999999999,A36,False,False,False,medium,medium,high
ZH_0691,中压馈线分段策略的实用优化模型和方法,"对馈线进行合理分段是提高馈线供电可靠性的简单有效的重要措施,涉及分段策略(含分段数及其开关或终端类型选择)的优化。基于用户均匀分布假设,推导了断路器与负荷开关混合配置下的馈线系统平均停电时间(system averageinterruptiondurationindex,SAIDI)估算公式,完善了架空馈线SAIDI与分段数的通用简化公式;基于涉及可靠性和经济性的目标和约束给出了2种馈线分段策略的实用优化模型,并针对架空馈线和电缆馈线的不同特点提出了相应的简化求解方法;最后通过典型算例计算得到了不同供电区域、不同线路长度的分段优化策略,表明了所提模型方法的有效和实用。","['馈线分段', '通用简化公式', '实用模型方法']",T13,T08,1.0,0.7236533784986123,摘要:TEM,0.2305290045670717,0.0260955607043734,0.6755555555555555,T13,A31,A19,7.5,0.7137235122265823,标题:馈线；关键词:馈线；摘要:馈线,0.0823355165023909,-0.0448320555244121,0.94,A19,False,False,False,medium,medium,high
ZH_0694,基于馈线负荷骤降度的配电网故障研判方法,"针对自动化水平低的配电线路故障停电后难以准确快速定位故障区段和停电范围的问题,提出了一种基于馈线负荷骤降度的配电网故障研判方法。该方法在馈线首端有功功率的骤降度大于一定阈值时启动,然后利用计量自动化系统中配变的历史负荷数据预测故障前馈线上各配变的有功功率,并计算馈线上各开关的负荷占比。通过比较馈线负荷骤降度与各开关负荷占比值,判断故障跳闸开关及停电范围。工程实例的分析结果表明,该方法能够准确定位故障跳闸开关,实时性好,为配电网提供了一种不依赖配电网自动化系统的新的故障研判手段。","['配电网', '故障定位', '故障研判', '负荷预测', '相似日', '相关分析']",T36,T35,3.0,0.0172699715427383,关键词:故障定位,0.2993645669096368,0.1233569395909879,0.6656636353636789,T36,A31,A37,12.0,0.7147504470957678,标题:配电网；关键词:配电网；摘要:配电网；标题:馈线；摘要:馈线,0.1672493236515111,-0.0374968064588013,0.94,A37,False,False,False,medium,medium,high
ZH_0699,基于电压聚类和关联卷积的配电网户变关系识别方法,准确的低压配电网户变关系是电力营销管理和台区线损治理的重要基础，传统的户变关系识别方法排查成本高、识别效果欠佳，无法适用于规模日趋庞大的低压配电网。在此背景下，提出了一种基于智能电表量测数据和用户档案信息的低压配电网户变关系识别方法。首先利用用户地理位置信息实现邻近用户的初步合并，再基于GMM聚类算法对电压时序数据进行聚类划分，用户划分结果作为下一步的迭代初值。然后基于能量供需平衡建立配变与用户的关联卷积识别模型实现低压配电台区户变关系的辨识。最后，在实际的低压配电系统中验证了该方法在提升户变关系识别效率和准确率等方面具有显著优势，具备一定的实践应用价值和工程指导作用。,"['低压配电台区', '户变关系', '电压相关性', '能量供需平衡', '聚类']",T34,T42,1.0,0.7855818447877294,摘要:聚类算法,0.5901855202243438,0.4684417484837818,0.6755555555555555,T34,A31,A33,17.0,0.7600284022674423,标题:配电网；摘要:配电网；摘要:配电系统；关键词:台区；摘要:台区；标题:户变关系；关键词:户变关系；摘要:户变关系,0.3787505063019442,0.2859171590531594,0.98,A31,False,False,False,medium,medium,high
ZH_0701,海上风电接入柔直系统交流侧故障特征及对保护的影响分析,"柔性直流输电是解决大规模海上风电远距离外送问题的首选方案。然而,柔直送端交流系统发生故障时,线路两侧短路电流均由电力电子换流器提供,系统的故障特征发生了根本性变化,直接导致传统保护性能的下降、甚至不正确动作,影响系统的安全运行。因此,针对永磁风电场经柔直外送的拓扑,分析了柔直送端交流侧故障的特征,并结合交流侧故障穿越控制目标提出了换流器短路电流解析表达方法。理论分析表明,当风电场弱出力时,仅由柔直换流器提供短路电流,且短路电流呈现出幅值受限特性、甚至低于额定电流;当风电场正常出力时,柔直换流器与风电场均提供短路电流,且二者控制目标不同,两侧同相别短路电流必然存在相角差。基于故障特征的研究,对现场常用的保护原理进行了性能分析,获知了线路距离保护、差动保护均会存在性能下降的问题。在PSCAD/EMTDC中建立了风电柔直送出系统的精细化模型,验证了理论分析的正确性,为现场保护配置以及保护新原理的研究提供了理论基础。","['风电场', '柔性直流', '交流故障', '故障特征分析']",T14,T06,1.0,0.710842959863187,摘要:PSCAD,0.0138495778367686,-0.0654074295486641,0.6155555555555555,T06,A34,A32,7.5,0.2282969316655814,标题:风电；关键词:风电；摘要:风电,0.1320398802889162,-0.083593345245847,0.94,A32,False,False,False,medium,medium,high
ZH_0702,流动人口家庭化迁移与住房选择分异研究——基于全国25个城市的实证分析,"解决城市中流动人口的住房问题对于促进社会融合和实现新型城镇化战略具有重要意义。基于全国25个城市流动人口与家庭调查数据,采用结构方程模型分析流动人口在流入地的居住迁移行为、家庭化迁移等特征对其住房选择的作用机理。研究发现:(1)仅有小部分流动人口在流入城市已购房。其中,社会经济水平越高,越有可能通过迁居改善住房,并获得城市住房。(2)家庭化迁移已成为流动人口在城市中购房的直接驱动力,起到决定性作用。(3)流动人口在流入地城市获得住房的机制存在显著的城市差异,非一线城市社会经济水平较高的流动人口在住房选择上呈现出""向上的流动性"",即实现从租房到购房,而一线城市的流动人口即使具有高收入仍很难获得城市住房。建议进一步完善城镇住房保障体系,将流动人口家庭化迁移需求纳入考虑,进而促进流动人口落户,推进新型城镇化战略。","['流动人口', '居住迁移', '家庭化迁移', '住房选择', '新型城镇化']",T20,T29,1.0,0.7143831286071689,摘要:结构方程模型,0.0713262189958328,-0.0401205099487929,0.6155555555555555,T29,A41,A43,4.0,0.7684742211293223,关键词:城镇化；摘要:城镇化,0.450789712637839,0.3462444366380161,0.8422222222222222,A41,False,False,False,medium,medium,high
ZH_0706,中国高端制造业的全球贸易网络格局及其影响因素分析,"随着新一轮科技革命与全球产业格局重塑,解构发达国家与中国高端制造业的空间网络格局变化,判断不同时期中国在全球的高端制造业贸易网络地位,分析中国高端制造业网络的影响因素具有十分重要的现实意义。运用网络分析法可视化全球高端制造业空间贸易关联网络拓扑形态和关键特征,通过QAP分析贸易网络影响因素。结果表明:①全球高端制造业贸易网络呈现典型整体贸易网络结构特征,网络密度和互惠性高,联系紧密并保持良好的互通性,贸易活动较频繁;②整体网加权点强度测度表明中国在贸易网络呈现较频繁的贸易活动,并逐渐迈入网络贸易规模前列的空间格局;③个体网结构洞分析表明中国在网络中仍表现出较强的依赖性,贸易行为受其它节点的限制,中国还未成为全球高端制造业贸易网络的""织网者"";④工业增加值和地理相邻等因素对全球高端制造业贸易具有统计上的显著性影响。","['高端制造业', '全球贸易网络格局', 'QAP分析', '经济全球化', '技术创新', '产业升级']",T48,T43,1.0,0.6839513644263133,摘要:空间格局,0.0304111704902195,-0.2574902540977614,0.6155555555555555,T43,A43,A50,7.5,0.009976886720922,标题:制造业；关键词:制造业；摘要:制造业,0.1840338840347278,0.071263476578014,0.8709745753930143,A43,False,False,False,medium,medium,high
ZH_0713,“丝绸之路经济带”中亚石油资源开发对中国的保障程度与风险防控建议,"中亚地区石油资源预测储量巨大,在世界能源地缘格局中具有重要战略地位,对中国推进石油进口多元化战略和扩大陆上管道石油进口具有重要作用。文章分析了中亚地区石油资源对中国的保障程度,发现虽然中国对中亚地区石油的投资力度在不断加大,但中亚地区石油对中国石油进口的保障率却极低。通过构建跨国石油投资的风险评价指标体系,运用模糊综合评价模型,对中亚地区石油投资的风险进行了定量评价,发现政策法规风险属于高风险,经济风险、社会文化风险和政治风险属于一般风险,基础设施风险属于低风险,其中矿业权设置、东道国对经营的干预程度、民族文化宗教差异等7个指标具有相当高的高风险发生概率。未来对中亚地区的石油投资合作,既要依据风险评估结果科学合理规避风险,又要寻求破解之道,选择互利共赢的合作模式,确保在中亚地区石油资源开发领域中的优势地位。","['石油资源', '中亚', '保障程度', '投资风险', '防控措施']",T41,T30,2.0,0.3506291251023542,摘要:指标体系；摘要:综合评价,0.2572184034020008,-0.06693482069747,0.6711111111111111,T30,A50,A46,4.0,0.5464995848460035,关键词:投资；摘要:投资,0.1702244806979491,0.0464256060428821,0.8422222222222222,A50,False,False,False,medium,medium,high
ZH_0722,基于地域差异分析的高等院校与科研院所科教协同发展研究,"基于教育部、中科院相关统计资料和ArcGIS空间分析技术,从区域、省域、市域3个空间尺度对全国""211工程""、""985工程""高等院校和中科院科研院所的地域分布差异进行分析,并对地域差异对比下高等院校与科研院所科教协同发展的创新模式和潜力空间进行探索和定位。结果得出211、985高等院校与中科院科研院所在不同空间尺度下具有较为明显的地区分布差异和关联指向,高等院校与科研院所的区域内强强联合发展、中科院所助力高等院校的区域内科教协同发展、高等院校与地方高校的区域内外联合发展是当前地域差异现实下实现高等院校与科研院所协同创新、共同发展的重要模式和内容。","['高等学校', '科研院所', '协同创新', '地域差异', '2011计划', '中国']",T48,T30,2.0,0.7420820246730163,摘要:ArcGIS；摘要:GIS,0.2801962122875283,0.157728747664402,0.731111111111111,T48,A25,A39,1.0,0.7295312801605373,摘要:教育,0.2557483952191416,0.068080572575266,0.6755555555555555,A25,False,False,False,medium,medium,medium
ZH_0728,云计算的价值创造及其机理,"云计算在各行业的创新应用,衍生出诸多新型业态和新型商业模式,产生了巨大的经济价值和社会价值,主要体现在:云计算集中了信息技术资源和服务,大幅提高了IT资源的应用效率;降低了应用技术门槛,最大限度扩展用户规模;集中整合了数据资源,挖掘出大数据价值潜力;引起体制机制的变革,以技术方式突破体制屏障;加强了信息系统综合集成,实现智慧管理与服务。云计算应用创新具有独特的价值生成机理。首先,云计算通过将市场交易双方的博弈改变为无限重复动态博弈,形成诚信自律机制,提高了市场交易效率从而形成增值;其次,云计算的创新应用向资本市场展示了收益前景,以内部学习效应形成了以未来收益弥补当前亏损的资本补偿机制,挖掘了知识价值;第三,云计算形成了新型互联网商业平台,以交叉补贴机制确保长期可持续经营,创造了低成本、高收益的价值增值模式。鉴于云计算平台已经成为涉及公共利益、承载公共服务的信息基础设施,建议将云设施视为信息基础设施,纳入监管保护体系;制定针对云计算的知识产权和个人信息保护措施,鼓励云计算创新应用;开展多层次试点示范,帮助中小企业和社会大众利用云计算创新创业。","['云计算', '价值创造', '生成机理']",T47,T19,1.0,0.7120757836494799,摘要:信息系统,0.1495679529222463,-0.0566015453608578,0.6155555555555555,T19,A47,A24,1.0,-0.348684405609266,摘要:公共服务,0.2304428076595898,0.0808256742195281,0.4755555555555555,A50,False,False,False,needs_review,medium,needs_review
ZH_0736,皖南与皖北旅游产业合作主观博弈分析,"运用主观博弈理论和方法建立了旅游产业合作的主观博弈模型,分析了安徽省旅游产业发展和皖南与皖北旅游产业合作的状况。结果表明,长期以来,安徽省旅游产业重点在皖南,皖南与皖北旅游产业基本处于不合作状态,没有形成合作的共识;但是近年来,随着外部环境的改善、皖北旅游产业的成长和皖南旅游业发展的需要,皖南与皖北的旅游业开展了一定程度的合作和形成了一定的合作共识;可以预计,将来的合作程度和合作共识将进一步提高,能更好促进安徽省旅游业的协调发展。最后,提出了促进皖南与皖北旅游产业合作对策。","['旅游产业合作', '皖南与皖北', '主观博弈']",T38,T31,1.0,0.7590445471019654,摘要:博弈模型,0.403290786158185,0.2788896221568963,0.6755555555555555,T38,A45,A39,7.5,0.7232428282513765,标题:旅游；关键词:旅游；摘要:旅游,0.1437661883439748,0.0231630589384034,0.98,A45,False,False,False,medium,medium,high
ZH_0740,中国大豆生产格局变化及其影响因素,大豆是中国重要的植物蛋白和饲料来源，研究大豆生产格局对保障粮食安全、促进农业可持续发展具有重大意义。文章运用2000—2018年我国29个省域的面板数据，运用基尼系数、产业集中度、ESDA法、空间计量模型分析了大豆生产的时空格局演变特征及影响因素。研究发现：(1)近20年以来，中国大豆生产总量波动上升，呈现出“东北集中、西南扩散”的空间变动趋势，大豆生产的地理聚集水平有所上升。(2)中国大豆生产存在较强的正向空间关联关系，关联性呈“U”型变动趋势。(3)要素投入、农业比较收益、城镇化对大豆生产存在正向促进作用，受灾面积对大豆生产存在负向抑制作用，邻近地区的农业机械总动力、大豆产业从业人员、农业比较收益、交通通达性、城镇化会影响到本地区大豆生产，具有较强的空间溢出效应。最后，基于上述发现提出针对性意见，以期为提高中国大豆自给能力提供理论参考。,"['大豆产区', '粮食安全', '产业集中度', '农业机械化', '农业保险', '农业比较收益']",T42,T44,2.0,0.7319451330060782,摘要:面板数据；摘要:计量模型,0.1499063215586413,0.0853223786148451,0.731111111111111,T42,A41,A42,1.0,-0.6339101545382162,摘要:城镇化,0.0638602976454351,-0.0279296752729733,0.4755555555555555,A23,False,False,False,needs_review,medium,needs_review
ZH_0743,欧盟一体化与经济增长趋同性研究,"欧盟是当今一体化程度最高的区域组织,但伴随着成员国数量的不断增加、区域范围的不断扩张,减小区域内经济差距成为欧盟一体化的重要任务。选取欧盟为研究对象,基于欧盟统计局(Eurostat)的面板数据,运用σ检验与β检验方法测度1993年以来欧盟成员国经济增长的趋同效应。结果表明,1994—2007年σ趋同和1998—2007年的β趋同效应明显,其中β检验表明EU-27国的人均产出以每年1.27%的速度趋同,但欧洲非欧盟国家与欧盟国家不存在趋同,此外成员国之间制度、科技、贸易与投资等全方位的一体化是促进经济增长趋同的主要原因。","['欧盟', '成员国', '区域', '增长趋同']",T42,T20,1.0,0.7316349505746881,摘要:面板数据,0.1915557434584651,0.0831067898192007,0.6755555555555555,T42,A50,A48,2.0,0.7103690706697656,摘要:投资；摘要:贸易,0.0273548260995487,-0.068792352358816,0.6711111111111111,A48,False,False,False,medium,medium,medium
ZH_0753,城市用地扩张与生态环境保护的交互作用研究——以长株潭城市群为例,"城市用地扩张与生态环境保护的交互作用是城市群城市开发和生态环境保护要素流动的映射表现,系统地构建其交互作用机制,对于丰富城市群扩张理论和优化城市群空间结构具有重要意义。文章基于构建城市群城市用地扩张与生态环境保护的交互作用框架,运用灰色关联度模型揭示二元之间的交互作用,并将共生理论引入城市群扩张研究中,从城市开发和生态保护二元共生视角提出研究城市用地扩张的新思路。研究表明:(1)城市群城市用地扩张与生态环境保护之间存在较强的交互作用,整体上表现出阶段性特征。(2)由自然、经济社会和空间三个维度构成的""驱动—协调—约束""共生机制是实现城市用地扩张与生态环境保护共生发展的动力机制。生态环境保护通过分区管控、治理修复与城市用地扩张方面的监测预警、城市更新形成多维交互作用,最终实现二者的共生发展。(3)基于共生机制框架提出城市群城市用地扩张与生态环境保护二元共生发展的对策建议,从而形成高效集约、生态安全、宜居宜业的城市群国土空间结构。","['城市群', '城市用地扩张', '生态环境保护', '共生机制', '交互作用', '高质量发展']",T46,T29,1.0,0.7146954485232706,摘要:作用机制,0.0708254182132784,-0.0378896534052103,0.6155555555555555,T29,A39,A44,7.5,0.6288479976007719,标题:城市群；关键词:城市群；摘要:城市群,0.2054100531118278,0.0346285542912283,0.98,A39,False,False,False,medium,medium,high
ZH_0756,长三角区域战略与竞合新趋势,随着长三角区域一体化发展上升到国家战略，区域竞争与合作已经成为我国发展战略和政策制定中的重要问题。文章通过梳理1990年代以来长三角区域战略的演变历程、战略意图和政策效应，来探究长三角区域竞合特征及其趋势。研究表明，区域战略是系统研究长三角区域竞合的有效依据。长三角区域战略经历了从竞争为主到加强合作的历程，按竞合性质可将其归纳为竞争、合作和竞合三类战略。以区域战略透视长三角竞合新趋势，长三角多中心、网络化空间格局进一步发展成熟，都市圈成为竞合的重要载体，区域创新成为竞合的着力点，跨界合作带来新发展机遇。建议通过国家介入或中心城市主导的方式进一步加强区域合作。,"['区域战略', '竞合关系', '都市圈', '竞争性区域主义', '长三角区域一体化', '国家科学中心', '区域协同创新']",T48,T06,1.0,0.7128021431894931,摘要:空间格局,0.0446016910252621,-0.051413262932192,0.6155555555555555,T06,A39,A12,7.5,0.7396622989817444,标题:长三角；关键词:长三角；摘要:长三角,0.194072148207819,0.1404449927267463,0.98,A39,False,False,False,medium,medium,high
ZH_0770,科研数据开放的国际实践及对我国的启示,"科研数据的开放共享被认为是下一个十年科研活动最显著的特征。在既有的生态观测和依托大型科研仪器设备所产生的""大科学""数据开放共享的基础之上,欧盟、美国等也在积极布局推进个体科研人员在科研过程中产生的""小科学""数据开放共享。小科学数据的开放共享有望将割裂的科研个体联接为科研创新网络,从而引发科研组织模式、创新范式的新变革。文章从资助机构推动、数据期刊建设、科研数据开放平台实践3个方面梳理了欧美国家在小科学数据开放共享中的实践,并提出对我国科研数据开放共享的启示。","['科研数据', '开放', '国际实践', '启示']",T43,T29,1.0,0.7322421002992776,摘要:创新网络,0.1987515587394101,0.087443573566268,0.6755555555555555,T43,A40,A25,1.0,0.6926680904917377,摘要:创新网络,0.1259416887662042,-0.1952279250590166,0.6155555555555555,A25,False,False,False,needs_review,medium,needs_review
ZH_0775,流视角下中国铁路交通联系空间模拟与格局解析,"基于""流空间""视角,借助GIS空间分析法,建立交互式的空间联系网络,对近域联系下城市间交通联系进行空间趋近模拟,深度解析全国铁路交通联系的空间分布与集聚格局。通过对列车运营线路上各城市间的近域联系路径进行空间选取和逐次连接,采取类似""裁弯取直""式的空间趋近模拟方法,完整模拟出各车次列车的运营路线,实现对铁路交通实际运营路径的空间刻画。基于7 000余车次的巨量客运数据,构建了全国地级城市间交互式的铁路客运空间联系网络,进而清晰展现了全国铁路客运联系空间分布与区域集聚图景。研究显示,全国铁路交通联系以纵横向铁路主通道为基本骨架,以国家及区域中心城市为联系核心,以各级城市群为主要联系方向。长三角、京津冀、珠三角城市群形成高铁时代""三群鼎立""这一基本空间架构,但高铁发展依然呈现以京广线为界""西冷东热""的空间分布态势。细分车次类型来看,全国铁路交通联系基本格局是以普速列车为本底,K字头列车为框架,G字头高铁为骨架,高速铁路为主通道,高铁与动车互相补充,高速与普速协同发展。","['铁路交通', '客运', '流空间', '空间模拟', '空间联系', '大数据']",T48,T15,1.0,0.728597353576578,摘要:GIS,0.2295640555899337,0.0614096684041279,0.6755555555555555,T48,A39,A46,4.0,-0.5115597454824298,摘要:城市群；摘要:长三角；摘要:京津冀；摘要:珠三角,0.3387068334402313,0.2031446751255018,0.7022222222222223,A39,False,False,False,medium,medium,medium
ZH_0776,市域应急物资储备库选址模型与实证——以石家庄市为例,"合理布局应急物资储备库,有效配置应急资源是提高城市应急物资保障能力的重要战略决策问题。基于设施选址理论,以创造应急物资需求点民众总体满意程度最大为目标,构建了考虑交通方式、需求点风险程度的市域应急物资储备库选址模型,解决了市域应急物资储备库的空间布局优化问题。以石家庄市为实证区域,得出其应急物资储备库的最优服务区、县(市)与服务半径,绘出优化配置布局图,并提出相关建设性建议。","['设施选址', '最大覆盖', '城市应急物资储备库', '新建', '石家庄市']",T37,T22,1.0,0.7110649437476325,摘要:优化配置,0.0706083697922969,-0.0638218303740527,0.6155555555555555,T22,A46,A13,1.0,0.7166526980649703,摘要:交通,0.1049644544902826,-0.0239092995359257,0.6155555555555555,A13,False,False,False,needs_review,medium,needs_review
ZH_0778,少数民族传统节事商品化:行动主体及微观权力运作,"文章以云南省元阳县哈播长龙宴为案例,通过参与式观察和半结构化访谈,借助行动者网络这一分析工具,在福柯微观权力观的指导下剖析传统节事在旅游开发背景下商品化的发展过程,以及目的地社区的日常生活政治。研究发现:①少数民族节事旅游商品化是一个动态的发展过程,行动者网络中的利益主体角色发生变化,网络结构处于持续调整的状态。②政府借助行政征召的手段主导传统节事商品化发展,其核心地位在商品化发展过程中发生动摇。社区居民在旅游发展中的行动逻辑受多重因素影响,坚守传统文化以及追求经济利益是传统文化领袖和社区居民参与少数民族节事旅游发展共同的驱动力。社区的权利抗争一定程度上维护族群精神信仰。③传统节事商品化发展应重视少数民族社区的主体性,平衡社区和其他行动者之间的关系,选择适合少数民族地区的旅游发展道路。","['旅游', '民族节事商品化', '微观权力', '行动者网络', '权利抗争', '哈播长龙宴', '少数民族']",T20,T34,1.0,0.7060247229570242,摘要:访谈,0.029988998170478,-0.0998234074498262,0.6155555555555555,T34,A45,A04,4.0,0.5508210979363319,关键词:旅游；摘要:旅游,0.1554271532411118,0.0772935566880849,0.8422222222222222,A45,False,False,False,medium,medium,high
ZH_0783,中国竞技体育发展的区域差异研究,"运用数理统计和GIS空间分析法,探究1984—2016年不同空间尺度下夏季奥运会奖牌的时空分布特征及演变规律,结果表明:中国夏季奥运会奖牌总量及不同类型奖牌数量的变化差异较大,奖牌总量在整体上展现出由低缓增长、快速增长到迅速下降的演变过程,不同阶段各类型奖牌数量变化存在非均质性,其内部增长比重的变化差异也较为显著。不同时期奥运会奖牌分布的绝对差异呈现继续扩大的趋势,而区域间分布的相对差异整体表现出缩小的态势。奖牌分布的地理集中指数表现出明显的三个变化阶段,整体呈反""S""型演变趋势。奖牌主要分布在东中部地区,东、中、西三大地区的地带差异性明显,呈现出由沿海向内陆逐步递减的趋势,""东南密、西北疏""的非均衡发展格局日益显著。奖牌总量的分布重心主要在皖、苏、豫、鲁4省空间范围内移动,奥运会奖牌分布差异主要受人力资源水平和体育管理水平的影响,不同地区主要影响因素及作用强度各异。","['竞技体育', '体育发展水平', '奥运会奖牌', '区域差异', '中国']",T48,T19,1.0,0.7194078159876133,摘要:GIS,0.1270701506181165,-0.0042298858027617,0.6155555555555555,T19,A39,A50,6.5,0.7296974112151299,标题:区域差异；关键词:区域差异,0.1448536410403974,0.0692672229652135,0.98,A39,False,False,False,medium,medium,high
ZH_0788,直面挑战 追梦核裂变能可持续发展——“未来先进核裂变能——ADS嬗变系统”战略性先导科技专项及进展,"加速器驱动次临界系统(ADS,Accelerator Driven Sub-critical System)可提供高通量的硬中子,嬗变长寿命核素能力强,可大幅降低核废料的放射性危害,实现核废料的最少化,被国际公认为是核废料处理最有前景的技术途径。文章分析了ADS研究的国家需求,概述了国内外发展现状,同时介绍了中科院战略性先导科技专项(A类)""未来先进核裂变能——ADS嬗变系统""实施进展情况,并对未来发展进行了展望。","['核能', '乏燃料', '加速器驱动临界系统(ADS)', '中科院战略性先导科技专项']",T13,T24,1.0,0.7269485519751981,摘要:TEM,0.2008978352857107,0.0496325141085581,0.6755555555555555,T13,A28,A20,0.0,0.007853435524496,,0.1201298988341207,0.0560959680321142,0.4886387790769456,A28,False,False,False,needs_review,medium,needs_review
ZH_0796,生态位理论视角下湖南省城市旅游脆弱性评价,"文章运用生态位理论,构建旅游资源、旅游市场、社会经济、生态环境4个维度共计32个指标组成的城市旅基于脆弱性理论,通过脆弱度模型计算14市(州)的生态位脆弱性指数。为较全面地探究城市旅游发展水平与潜力,文章将生态位与脆弱性相结合,形成生态位—脆弱性的对比研究视角,探究二者结合下的湖南省城市生态位—脆弱性数值的空间格局分布状况,并依据核心—边缘理论,将14市(州)划分为四个等级:突出型核心城市、均衡型次级城市、发展型次级城市和潜力型边缘城市。对不同等级的城市提出具备针对性的旅游可持续发展提升策略,以推动湖南省从旅游大省到旅游强省的跨越式发展。","['城市旅游', '可持续发展', '生态位理论', '脆弱度模型', '核心—边缘理论', '文旅融合', '乡村振兴战略']",T48,T06,1.0,0.7018396621588898,摘要:空间格局,0.0101180508064131,-0.1297166988650731,0.6155555555555555,T06,A42,A45,3.0,-0.5261833455269286,关键词:乡村振兴,0.2455282671979504,-0.0849830802943872,0.5866666666666667,A45,False,False,False,needs_review,medium,needs_review
ZH_0801,拓展新时期拉美科技合作——以中国科学院对拉美地区科技合作为例,"拉美地区因其独特的地缘位置、自然资源优势及相对开放灵活的政策环境,正逐渐成为国际上重要的科技创新区域。近年来,中拉合作关系热度持续升高。文章以文献计量为基础,对拉美科技发展现状、世界各国对拉美科技合作情况以及中国科学院与该地区国家合作情况进行分析,基于固有合作基础,探讨未来对拉合作的建议思路及举措。","['科技合作', '拉美地区', '中国科学院']",T45,T31,1.0,0.7331079748455012,摘要:文献计量,0.1756321909398995,0.0936283917535793,0.6755555555555555,T45,A40,A48,1.0,0.7202417504203408,摘要:科技创新,0.1138102620040113,0.0017267887167198,0.6755555555555555,A40,False,False,False,medium,medium,medium
ZH_0819,全球流动空间中的当代世界城市网络理论研究,"当代世界城市网络的发展是建立在对世界城市、世界城市等级体系和全球城市等相关理论的批判基础上的,其理论发展以城市间关系的研究为重点,突破了传统世界城市研究中实证数据的局限,打破了等级观念在城市间关系研究中的垄断地位,凸显了城市间建立联系并互动合作的重要性。当代世界城市网络理论适应全球化经济时代城市间关系演变的需求,以关系视角替代结构视角推动理论研究范式的转型,以""流动空间""替代""地方空间""作为相关研究的理论基础,以""中心流动理论""替代""中心地方理论""来解释世界城市网络的形成机制,推动了本研究领域的理论创新。基于上述对当代世界城市网络理论的梳理,认为我国的相关领域研究可以从城市间关系的转变、城市研究视角的转变、城市策略的转变和城市职能的转变等方面取得借鉴和启示。","['全球流动空间', '世界城市网络', '理论研究']",T46,T43,1.0,0.7246040463935415,摘要:形成机制,0.221790138591552,0.0328860456681539,0.6755555555555555,T46,A39,A40,0.0,0.0175964903307384,,0.292316000607942,0.1256892166481315,0.4993561393638122,A39,False,False,False,needs_review,medium,needs_review
ZH_0830,辽宁城市化进程中土地利用结构效率测评分析,"利用数据包络分析方法(DEA),以城市化水平相对较高的辽宁省为样本,选取2000和2009年辽宁省14个地市的土地利用结构数据和相关指标,对辽宁省土地利用结构效率进行了系统测评。结果表明,在辽宁快速城市化过程中,土地利用结构效率现状不理想,尤其是工业用地结构效率低于农业用地结构效率。在分析影响辽宁省土地利用结构效率相关因素的基础上,对如何优化辽宁省土地利用结构、提高土地利用结构效率设计了一条可行的路径。","['土地利用结构', '城市化', '效率', '辽宁']",T41,T25,1.0,0.73629570325098,摘要:数据包络分析,0.2522527002588579,0.1163978803641432,0.6755555555555555,T41,A42,A19,1.0,0.7197173194186224,摘要:农业,0.1014627724613224,-0.0020191470098399,0.6155555555555555,A19,False,False,False,needs_review,medium,needs_review
ZH_0833,景区智慧旅游设施的优化布局——以泉州古城为例,"智慧旅游设施布局是景区智慧旅游设施建设中的重要决策问题,科学合理的布局有助于减少建设和管理成本、提高服务和运作效率以及提升游客旅游便利和满意度感知。文章在便利性理论的基础上重新定义旅游便利性的结构维度,提出景区(点)便利、服务便利、功能便利和交通便利的旅游便利性理论框架,并在对""步行性指数""进行修正的基础上提出旅游便利性指数模型。以此为基础,提出智慧旅游设施布局的操作步骤包括:确定布局候选区域→面向旅游者开展便利性认知调查→计算候选布局区域的便利性指数→确定智慧旅游设施的布局结构。基于泉州古城的案例分析表明,旅游便利性的理论框架和指数模型可为智慧旅游设施布局提供可行的理论依据和操作方法,也可为旅游部门和景区合理配置资源及节省开支提供理论支撑和实践指导。","['旅游便利性', '智慧旅游', '布局', '移动终端', '候选兴趣点', '旅游服务', '科技创新']",T46,T16,1.0,0.7393421161464072,摘要:理论框架,0.2482260055336251,0.1381579724743374,0.6755555555555555,T46,A40,A45,3.0,-0.438675348261925,关键词:科技创新,0.1410123111800276,-0.0476810590137506,0.5866666666666667,A45,False,False,False,needs_review,medium,needs_review
ZH_0841,天津市经济发展的重心空间演变及未来展望,"采用经济重心模型,借助Arc GIS技术手段,以天津市各区县GDP数据为基础,计算得出2005—2015年天津市经济重心空间演变轨迹。研究结果显示天津的经济重心演变以2009—2010年为界,分为两个阶段,先后经历了向东、西北、南及向北的转移。在结合天津的实际经济发展情况,将天津经济重心演变的原因概括为四点:一是天津市行政区划的调整;二是天津市自由贸易试验区等经济功能区的建立与发展;三是京津冀一体化发展的影响;四是2008年全球金融危机的冲击。最后,指出天津经济发展空间结构上存在的不均衡问题,并对天津市城市空间经济的未来发展提出建议与对策。","['经济重心', '城市经济格局', '空间分析', '演变轨迹', '天津']",T48,T42,1.0,0.7297602653359125,摘要:GIS,0.2499395904905437,0.0697161809708046,0.6755555555555555,T48,A50,A39,2.0,0.3551598268116452,摘要:金融；摘要:贸易,0.0539137097622313,-0.0345726656311051,0.6711111111111111,A05,False,False,False,medium,medium,medium
ZH_0848,基于数据驱动的双馈风电场经VSC-HVDC并网次同步振荡影响因素分析,"双馈风电场经柔性直流(VSC-HVDC)并网的振荡数据中蕴含大量信息,这些信息能够反映不确定因素对系统次同步振荡的影响。提出了基于数据驱动的方法分析风速和风电场出口电流波动的不确定因素组合对次同步振荡的影响。首先,对系统振荡数据按风速进行分段,运用基于Nuttall窗插值的FFT识别功率数据中与小信号分析结果相对应的次同步振荡分量并提取幅值。然后,利用高斯混合模型(GMM)聚类算法对因素组合进行聚类,通过三种内部有效性指标评价聚类效果。最后,从次同步振荡分量幅值变化的角度分析了风速/电流波动聚簇对次同步振荡的影响。结果表明:在振荡影响因素组合聚类方面,所提GMM方法相比于K-Means具有更好的聚类效果。当风速/电流波动因素组合属于部分聚簇时,会恶化系统次同步振荡。","['双馈风电场', '柔性直流输电', '次同步振荡', '高斯混合模型', 'Nuttall窗']",T34,T06,1.0,0.7220673066073544,摘要:聚类算法,0.0794253189053954,0.014766475766817,0.6755555555555555,T34,A32,A34,8.5,0.1084785203603777,标题:HVDC；摘要:HVDC；关键词:柔性直流；摘要:柔性直流,0.2527390546505753,0.1698045571959752,0.9793263723964156,A32,False,False,False,medium,medium,high
ZH_0853,长江中游城市群综合承载力评价与预测全文替换,"长江中游城市群地处我国中部要位,涵盖31个地级市。对长江中游城市群综合承载力进行研究,可以促进城市群可持续发展和构建各城市产业消费""双循环"",为有关部门提供决策参考。选取经济、资源、环境、基础设施、公共服务、人口和外贸承载力指标构建长江中游城市群综合承载力指标体系,运用全排列多边形图示指标法对其进行综合评价,并基于灰色GM模型对城市群各指标未来五年综合承载状况进行科学预测,最后有针对性地提出提升长江中游城市群综合承载力的政策建议。结果表明:2009—2018年长江中游城市群城市综合承载力呈现""W""型变化;空间上差异明显,呈现出""中心城市高周边低""的格局;预测2019—2023年长江中游城市群城市综合承载力基本保持平稳增长,各城市群子系统承载力发展不尽相同。最后结合预测的结果,认为长江中游城市群的发展要从积极解决不同城市群综合承载力短板、加强不同城市群之间的协同作用从而提高整体城市群的综合承载能力,发挥其带动中部地区扩大内需以及外贸高质量发展的作用。","['城市综合承载力', '全排列多边形图示指标法', '灰色预测', '长江中游城市群', '基础设施', '高质量发展']",T41,T21,2.0,0.7253532473636577,摘要:指标体系；摘要:综合评价,0.1699996069661004,0.0382374811689832,0.731111111111111,T41,A39,A46,7.5,0.3346718144549161,标题:城市群；关键词:城市群；摘要:城市群,0.1183862206910171,-0.0094870396077427,0.94,A18,False,False,False,medium,medium,high
ZH_0856,构建立足区域资源禀赋的西部特色青年科技人才发展机制——以中国科学院院属西部研究所青年科技人才发展现状为例,"发展是第一要务,人才是第一资源。党的十九大提出实施区域协调发展战略,强化举措推进西部大开发形成新格局。囿于历史、环境、人文等因素的影响,东西部经济社会发展水平存在较大差异,西部地区在吸引人才和留住人才方面面临重大挑战,高水平科技人才短板问题成为制约西部地区经济社会可持续发展的瓶颈,严重束缚西部地区的发展步伐。文章以中国科学院院属西部研究所青年科技人才群体为样本,通过问卷调查等方式,调研了西部研究所青年科技人才的发展现状与问题,并分析了各学科/单位青年科技人才的发展差异,在此基础上就立足西部区域资源禀赋、构建西部特色青年科技人才发展机制,提出具体的对策与建议。","['中国科学院院属西部研究所', '青年科技人才发展', '对策与建议']",T20,T29,1.0,0.7328216129154964,摘要:问卷调查,0.2233162416031181,0.0915829493964031,0.6755555555555555,T20,A48,A39,7.5,0.7487748732962316,标题:人才发展；关键词:人才发展；摘要:人才发展,0.2631720439279136,0.2055348092587977,0.98,A48,False,False,False,medium,medium,high
ZH_0857,国家级新区设立的效用分析,"设立国家级新区是我国全面推进深化体制改革的重要途径,其设立效果及对周边区域的带动效用受到广泛关注。利用中国283个地级市2006—2015年的面板数据,从""五化""协同发展水平的视角对国家级新区设立效用进行分析。实证发现,国家级新区设立能促进其主体城市并带动同省其它城市""五化""协同发展水平的提升。控制地理禀赋的结果显示,国家级新区设立对同省其它城市的带动效应会随着地理距离的增加而递减。考虑地区异质性的结果显示,在东北地区设立的国家级新区,其效应尚未全面显现。","['国家级新区', '深化体制改革', '制度创新', '“五化”协同发展', '双重差分法', '事件分析法']",T42,T17,1.0,0.7326669127700473,摘要:面板数据,0.1720390138746781,0.0904779483574803,0.6755555555555555,T42,A34,A29,0.0,0.0009574475814484,,0.0888732414910361,0.0068389112960602,0.4810531923395932,A34,False,False,False,needs_review,medium,needs_review
ZH_0866,电动汽车直流充电桩自动化测试平台的设计与应用,"为了保障充电桩的安全、可靠运行,依据国家相关技术标准,研发并建立了一个多通道的自动化充电设施测试平台。该测试平台改善原来测试平台单线程、人工测试效率低,质量不能保障的问题,以保障快速发展的充电设施能够安全、可靠地投放市场。从需求分析、系统架构、硬件选型、软件设计等方面对充电桩自动化测试平台做了介绍。通过实验验证,测试平台实现了对充电设施基本功能、电气性能、通信规约、互操作性等指标的四通道并行自动化测试。","['电动汽车', '充电设施', '电气性能', '闭环测试', '互操作性', '自动检测']",T47,T32,1.0,0.7167380721856438,摘要:系统架构,0.3484507012277682,-0.023299484388258,0.6155555555555555,T32,A35,A09,11.0,0.7890194609157116,标题:电动汽车；关键词:电动汽车；标题:充电桩；摘要:充电桩,0.6269623099908117,0.4929961493979405,0.98,A35,False,False,False,medium,medium,high
ZH_0876,旅游目的地记忆图谱市场细分法构建,"旅游目的地市场细分方法改进是意义巨大的基础性工作。旅游体验记忆具有多元性的特点,与旅游市场多元化演进趋势密切关联,基于旅游目的地体验记忆细分市场,十分贴近旅游市场的真切状态。提炼旅游体验记忆要素,构建旅游体验记忆模型,计算旅游体验记忆要素的权重,使用基于复杂网络的图谱分析得到旅游市场细分结果,这套方法可称为""记忆图谱市场细分法""。以凤凰古城为案例地应用研究,结果表明:旅游体验记忆作为市场细分的描述变量合适,旅游体验记忆模型的构建科学可行,图谱构建实现旅游目的地市场细分效果理想。记忆图谱市场细分法克服了传统方法的描述变量概念化、结果属性模糊化和结果类型模式化的问题。","['旅游', '记忆图谱', '旅游体验记忆', '旅游市场细分', '凤凰古城']",T43,T02,1.0,0.7318986777520554,摘要:复杂网络,0.1717100213433221,0.0849905553718237,0.6755555555555555,T43,A45,A36,7.5,0.7862855092971519,标题:旅游；关键词:旅游；摘要:旅游,0.5602521365152175,0.473467923551086,0.98,A45,False,False,False,medium,medium,high
ZH_0879,高时空分辨的神经递质电化学传感检测技术发展与展望,"目前,实现对细胞神经递质释放过程的高时空分辨实时监测,仍存在诸多挑战。近些年来,通过发展不同的电化学检测技术实现了对细胞胞吐(exocytosis)释放以及细胞内部囊泡的定量化分析;一些研究使用这些技术,进行了细胞释放模式的探究。通过在电极表面修饰小分子或者调控电极尺寸,可实现高分辨率和高灵敏度的监测。文章重点介绍了神经递质电化学检测的机理、微米电极以及纳米电极检测技术的发展,对电化学传感与成像技术的联用进行了评述,并对电化学传感检测技术未来发展方向进行了展望。在此基础上,文章综合各种不同监测技术的优点,提出构建纳米电极与成像以及其他检测手段的联用技术,以大幅提高纳米电极在神经递质检测方面的能力。","['神经递质', '高时空分辨率', '囊泡释放', '纳米电极', '电化学']",T11,T36,1.0,0.7378617793409956,摘要:成像,0.296734491312332,0.127584138149969,0.6755555555555555,T11,A22,A16,0.0,0.0118156102858925,,0.2772870530473508,0.0843972163278041,0.4929971713144818,A22,False,False,False,needs_review,medium,needs_review
ZH_0887,基于主体功能区划方法的长株潭城市群核心区交通优势度评价,"基于主体功能区划分的原理,以乡镇为评价单元,运用Arc GIS空间分析方法,在对公路网密度、交通干线影响度和区位优势度各单因素评价的基础上,对长株潭城市群核心区各评价单元的交通优势度做出评价。结果表明:长株潭核心区交通优势度呈现长沙市区""一主核"",株洲和湘潭""两次核"",并向外圈层依次递减的格局,且交通优势度与区域经济呈正相关。","['交通优势度', '评价', '主体功能区划', '长株潭']",T48,T21,1.0,0.7173591422200045,摘要:GIS,0.0548362728800049,-0.0188632698571097,0.6155555555555555,T21,A39,A46,5.5,-0.242072253890976,摘要:区域经济；标题:城市群；摘要:城市群,0.1410424786259134,0.0860385226274821,0.7855555555555556,A39,False,False,False,medium,medium,medium
ZH_0894,西藏高原农牧系统耦合发展及其生态效应,"生态安全屏障建设和促进农牧民持续增收是西藏高原可持续发展过程中面临的两方面重大需求。文章根据西藏地域分异的特点,对藏北地区草地面临的主要生态问题以及高原地区农牧民面临的增收困境进行了分析,提出了农区和牧区互动耦合的区域发展对策。即利用西藏""一江两河""河谷农区丰富的水热和土地条件,建设草产品和饲料基地,实施""南草北上""工程,对藏北地区的牲畜进行季节性补饲,缓解草畜矛盾,遏止草地退化,不仅可以改善藏北草地的生态环境,同时还可以增加农牧民的收入,从而实现西藏高原生态环境保护和农牧民收入增加的双赢。","['西藏', '农牧民增收', '生态屏障功能', '农牧耦合', '区域发展']",T12,T19,1.0,0.7205576951377808,摘要:水热,0.0946852795573777,0.0039835366984344,0.6755555555555555,T12,A39,A30,0.0,-0.0054271914553272,,0.0396193503897722,-0.0387656532523373,0.26,A30,False,False,False,needs_review,medium,needs_review
ZH_0899,基于学科视角的专业市场集群形成机制研究述评,"无论从理论上还是实践上,专业市场集群形成机制是一个值得深入研究的课题。依据不同的研究视角——新制度经济学、经济社会学和经济学集群论对专业市场集群的产生条件和形成机制相关研究进行回顾,以期对国内专业市场研究和理论的发展动态有一个全面的了解。在研究综述的基础上,针对现有研究的问题和不足,提出了未来研究建议。","['专业市场', '市场集群', '形成机制']",T06,T46,4.5,-0.3201061417468324,摘要:综述；标题:研究述评,0.1515571434823818,-0.2293295839059451,0.6699999999999999,T46,A36,A43,0.0,0.0023250577635781,,0.0963723952891931,0.01660755545413,0.4825575635399359,A36,False,False,False,needs_review,medium,needs_review
ZH_0906,基于负荷均衡加载的电力系统分布式经济调度策略,在构建以新能源为主题的新型电力系统背景下，电网面临以电动汽车为代表的电气化交通负荷剧增的巨大挑战。针对上述问题提出一种负荷均衡优化模型，将负荷均衡后的集群电动汽车依次并入电网。然后应用多智能体一致性算法，以发电机组的增量成本和集群电动汽车的增量效益作为一致性变量，设计一种集群电动汽车参与电力系统经济调度的算法，通过分布式优化方式解决经济调度问题。建立4种典型的仿真情景，分别验证集群电动汽车分步参与电力系统分布式优化调度的有效性、对不同通信拓扑和功率受约束情况的适用性以及分布式优化算法在集群电动汽车参与经济调度时“即插即用”的能力。在IEEE 39节点系统上进行算例仿真，验证了策略的有效性。,"['负荷均衡', '集群电动汽车', '分布式优化', '经济调度']",T37,T40,1.0,0.7269714683137534,摘要:优化调度,0.1789247912652314,0.0497962022410957,0.6755555555555555,T37,A35,A46,4.0,0.5908579755549068,关键词:电动汽车；摘要:电动汽车,0.4038698418296795,0.3632712539636207,0.8422222222222222,A35,False,False,False,medium,medium,high
ZH_0908,京津冀地区粮食产量变化及其作物结构分析,"基于京津冀地区及所辖的162个县域的粮食产量数据和主要粮食作物的产量数据,综合运用重心迁移模型和对数平均迪氏分解模型揭示1990—2010年间粮食产量的变化特征及其主导因素。结果表明:1京津冀地区粮食产量增加了521.09万t,玉米和小麦的增产效应明显。2粮食产量重心与粮食播种面积重心呈现""南进西移""的态势,粮食单产对粮食产量的正向促进作用显著。小麦单产的正向效应最显著,玉米次之,大豆和其他作物的单产效应较低;玉米播种面积的正向效应最显著,其他作物播种面积的负向效应明显。玉米播种面积的显著扩大与小麦单产、玉米单产的快速提升是研究期内京津冀地区粮食总产量增加的主要因素。3稻谷、小麦、玉米和大豆的播种面积与单产效应存在明显的空间差异:小麦播种面积和小麦单产的协同增长使冀中南平原区的小麦生产优势凸显;玉米播种面积和玉米单产的显著增长使海河冲积平原区和太行山山前平原区的粮食产量明显增加。","['粮食生产', '播种面积', '粮食单产', 'LMDI模型', '京津冀地区']",T44,T07,1.0,0.718871729175993,摘要:重心迁移,0.0554149206278589,-0.0080590773143352,0.6155555555555555,T07,A42,A39,7.5,-0.0029659212524054,标题:粮食；关键词:粮食；摘要:粮食,0.0965126535099417,-0.021185151802896,0.8,A39,False,False,False,medium,medium,high
ZH_0913,美国智能制造的发展及启示,"随着新一轮科技革命和产业变革的兴起,我国经济正处于经济结构转型的重要战略机遇期。作为工业大国,制造业转型升级成为驱动经济高质量发展,实现以国内大循环为主体、国内国际双循环相互促进的新发展格局的重要抓手。与长期以来对美国重视虚拟经济、轻视实体经济的认知相反,自2010年至今,美国奥巴马、特朗普和拜登3届政府都将振兴美国制造业、激发美国制造业创新活力作为保障美国经济领先地位的核心战略,并通过《2014年振兴美国制造业和创新法案》《国家制造业创新网络》《2021年美国创新和竞争法案》等一系列政策完善了美国智能制造的顶层设计,为美国智能制造提供了政策支持与指导意见。文章以智能制造为切入点,系统梳理了自奥巴马政府以来美国智能制造政策的演化过程,重点分析了美国制造业创新研究所与制造业拓展伙伴计划两大典型实践,总结了美国制造业转型升级的经验,为我国的制造业转型升级提供借鉴。为推进我国智能制造发展,基于美国的政策及相应实践,结合我国国情与产业基础,文章梳理总结了美国智能制造政策对推进我国政策改进的6点启示:(1)加强政府的引领作用,完善智能制造顶层设计;(2)培育智能制造生态系统,扶植中小企业发展;(3)增强自主创新能力,推动关键性技术的发现与商业化进程;(4)深化开放合作,促进知识的共享与融合;(5)改革考核评估体系,优化创新资源配置;(6)完善教育与培训体系,强化智能制造人才培养机制。","['美国', '智能制造', '制造业', '创新研究所', '制造业拓展伙伴', '政策']",T43,T26,1.0,0.7181927104263965,摘要:创新网络,0.126797779329505,-0.0129092112400245,0.6155555555555555,T26,A40,A43,1.0,-0.6051064333831697,摘要:创新网络,0.1153782239408061,-0.2079030955940692,0.4755555555555555,A43,False,False,False,needs_review,medium,needs_review
ZH_0917,一种新型超导直流故障限流器,"与用于交流系统或双极直流系统的限流器不同,用于多端柔性直流系统的故障限流装置应能够在短路故障发生初期有效抑制故障电流的快速上升,避免在线路断路器动作之前换流器桥臂闭锁。针对这一性能要求提出了一种专门用于多端柔性直流电网中的新型超导故障限流器的基本结构和工作原理,并制作了原理验证样机。通过对原理验证样机开展的一系列实验,证明了设计结构与原理的可行性。实验结果也充分展示了这类限流器的功能特性,如其能充分利用铁芯的最大磁导率在短路故障发生的几个毫秒内实现最大限流感抗,从而有效抑制故障早期的短路电流上升率。此外,可以通过对超导隔离环组数量的调整,设定限流器的限流阈值,灵活适应不同直流系统的限流需求。","['超导', '限流器', '直流电网', '限流阈值', '短路故障']",T17,T15,1.0,0.7219683204041782,摘要:样机,0.1520163189598133,0.0140594314584165,0.6755555555555555,T17,A32,A37,2.0,0.748968868099722,摘要:换流器；摘要:柔性直流,0.27310685300364,0.2069204864265856,0.731111111111111,A32,False,False,False,medium,medium,medium
ZH_0925,中国粮食生产区域差异的多尺度分析,"文章运用标准差指数、变差系数、空间自相关等分析方法对中国粮食生产的区域差异及其空间格局进行了多尺度分析。研究表明:12001—2011年间中国粮食生产的区域差异在不同尺度上均呈现出总体扩大的趋势,但是各尺度差异扩大的程度不同,依次为地带、地级、省级。中国粮食生产在省级与地级尺度上均呈现出空间集聚特征,并且尺度越小,空间集聚特征表现得越强。2省级与地级尺度空间关联类型均以正相关为主,各空间关联类型在数量分布上差异明显,分布格局上也略有不同。省级与地级尺度热、冷点地区在空间格局上同样存在着局部差异。3大尺度的分析无法详尽地反映小尺度的空间格局,与大尺度相比,小尺度在空间分析上能更详尽地揭示我国粮食生产区域差异的空间格局。","['粮食生产', '区域差异', '多尺度', '中国']",T48,T30,2.0,0.7434945114831413,摘要:空间自相关；摘要:空间格局,0.2284264578458064,0.1678179391652955,0.731111111111111,T48,A42,A39,7.5,-0.011730719471397,标题:粮食；关键词:粮食；摘要:粮食,0.0613051829073326,-0.0837908533671212,0.8,A39,False,False,False,medium,medium,high
ZH_0927,不平衡电网下隔离型固态变压器非线性一体化控制,"由多个功率变换级构成隔离型固态变压器(solidstate transformer,SST)是一种非线性、强耦合系统。由于前后2级功率传递的响应不同，系统整体的动态性能难以保证。不平衡的三相电网环境又会进一步加剧此类变流器控制难度，SST2级间电容承受的电压应力与交流侧的并网电流质量更加难以保障，影响着SST的运行安全与适用性。为此，根据SST前后级的非线性特性，建立三相电网不平衡条件下SST一体化仿射非线性模型。在此基础上，采用输入-输出精确反馈线性化的方法，实现前级电流环、前后级级间电压与SST直流侧电压的解耦，加强了前后2级功率传递的一致性，保障了SST交流侧并网电流的质量。为进一步提高系统整体的动态性能，将解耦的线性系统与积分滑模控制器结合，改善了系统对参数摄动的鲁棒性。仿真和实验结果验证了以上方法的正确性与有效性。","['固态变压器', '不平衡电网', '前后级', '精确反馈线性化', '滑模控制']",T01,T07,1.0,0.7818270795558507,摘要:Transformer,0.5437378530051512,0.4416219968275054,0.6755555555555555,T01,A31,A37,4.0,-0.3409094848441152,关键词:馈线；摘要:馈线,0.0454797713386341,-0.0350677488865371,0.6422222222222222,A38,False,False,False,needs_review,medium,needs_review
ZH_0932,省级区域规划实施评估方法和机制探究,"省级区域规划是国家和地方发展和空间规划体系中的重要组成部分。在我国建立更加有效的区域协调发展新机制的实践中,探究我国省级区域规划实施评估中存在的问题,研究和建立更加有效的省级区域规划实施评估的内容、方法和机制,对于进一步落实好省级政府的责任和义务,更好全面、有效实施好省级区域规划具有重要推动作用。文章提出了我国省级区域规划实施评估存在的问题、评估的方法、评估的内容和指标体系,并提出了具体建立更加有效的省级区域规划实施评估机制的建议和设想。","['区域规划', '实施评估', '发展规划', '政策建议']",T41,T21,1.0,0.7250210718318603,摘要:指标体系,0.2225956422949243,0.0358647987990023,0.6755555555555555,T41,A28,A39,0.0,9.973573506349977e-05,,0.0804006476741398,0.0007123981075965,0.4801097093085698,A28,False,False,False,needs_review,medium,needs_review
ZH_0934,京津冀区域经济发展与资源环境的脱钩状态及驱动因素,"经济发展与资源环境脱钩是判断区域可持续发展的重要表征,也是评价资源环境问题是否有效缓解的标准。文章结合MFA方法和Tapio脱钩模型全面分析2007—2016年京津冀资源环境问题的动态发展,进而引用结构分解分析(SDA)深入研究其脱钩发生变化的驱动因素和关键路径,为京津冀有的放矢地制定环境治理政策提供建议。结果表明:京津冀区域在实施京津冀协同发展战略后,节能减排领域均逐步达到强脱钩状态,且产业转移升级对河北省脱钩有明显促进作用。为促进京津冀进一步实现强脱钩,北京需关注化石能源的减量化,津冀需关注建筑矿物的减量化,工业固体废弃物的减排是京津冀共同面临的困境;此外,技术效应对实现脱钩的影响度日益加大,京津冀需要加大技术共享。","['经济增长', '资源环境', '脱钩状态', '结构分解分析(SDA)', '节能减排', '绿色发展', '京津冀']",T13,T19,1.0,0.6834831456449691,摘要:表征,0.0224049743487032,-0.2608346739645057,0.6155555555555555,T19,A39,A44,11.0,0.4612707597434296,标题:区域经济；标题:京津冀；关键词:京津冀；摘要:京津冀,0.287212484797366,0.022063868297225,0.98,A39,False,False,False,medium,medium,high
ZH_0935,现代性拓殖与地方响应：少数民族盐业旅游社区的发展实践,"全球化背景下,现代性以不可阻挡之势向边缘民族地区拓殖的同时,地方也不断作出响应,二者的互动塑造和影响着地方社会的深刻变迁。文章以西藏芒康县盐井地区为案例,运用深度访谈、观察等方法收集资料,分析现代性向边缘民族地区拓殖的路径、地方响应及其对地方社会的影响。研究发现:①现代性通过以机械化生产技术为代表的""硬现代性""和以旅游发展为代表的""软现代性""两条路径向边缘少数民族社区拓殖。②民族社区在这一过程中并非只是被动卷入,而是根据其现实需求、价值观念及地方知识的内在合理性等采取接受、调适、创造与抵制等多种应对策略。③现代性与地方的多元互动引发了传统与现代的边界重塑,地方社会中人地关系的疏离、回归与转变,以及社会关系与交往逻辑的打破与重构。文章关注现代性对少数民族旅游社区发展实践的具体影响,是对现代性理论的综合性微观实证探索,有助于加深对现代性与地方的互动关系以及旅游社会影响的再认识。","['硬现代性', '软现代性', '地方响应', '盐业旅游社区', '芒康盐井', '藏族', '人地关系', '社区参与']",T20,T03,1.0,0.7045571278251199,摘要:访谈,0.0422886934150506,-0.110306229820572,0.6155555555555555,T03,A45,A07,7.5,0.7167867845216989,标题:旅游；关键词:旅游；摘要:旅游,0.1022595638880033,-0.0229515391307226,0.94,A07,False,False,False,medium,medium,high
ZH_0944,农村集体建设用地基准地价初步研究——以安徽省良玉村为例,"以安徽省良玉村为例,对农村集体建设用地的地价内涵、估价方法、地价影响因素进行了研究,并从6个方面选取了影响土地价格最为密切的17个因子,采用层次分析法定级,其定级综合分值位于0.35—0.65之间,土地等级被划分为四个,主要评价单元属于二级水平。考虑集体建设用地的特点,采用收益还原法、成本逼近法、市场比较法计算样点地价,并采用平均值法分别确定商业用地、住宅用地、工业用地的基准地价。结果表明:对于商业用地和住宅用地,一级土地和二级土地之间的价格差异最大,其余各级土地之间的地价差异依次递减,表明土地质量越好,价格反映越敏感。同级土地价格变化范围的差异:商业用地价格级差大于住宅用地,住宅用地大于工业用地,表明与城镇建设用地相同,集体建设用地地价对土地质量敏感性的反应也是商业用地>住宅用地>工业用地。","['集体建设用地', '估价方法', '土地级别', '基准地价', '良玉村']",T41,T14,1.0,0.7312268198610369,摘要:层次分析法,0.1617322931284544,0.080191570435978,0.6755555555555555,T41,A42,A28,4.5,0.5812231657178956,标题:农村；摘要:农村,0.139173284804402,0.1515940408421114,0.8699999999999999,A42,False,False,False,medium,medium,high
ZH_0947,基于AHP-NRCA模型的环渤海地区海洋功能评价,"根据系统结构决定系统功能的原理,从结构视角出发,利用环渤海地区17个沿海城市2007—2009年相关数据,对环渤海地区沿海城市海洋功能进行测度与评价,采用NRCA模型计算各城市海洋功能的比较优势指数。结果表明,评价结果同现有海洋功能区划结果基本吻合,但海洋生态环境功能更加突出,体现了可持续发展原则。为了获得海洋开发的最大收益,在环渤海区域海洋经济一体化进程中,各沿海城市要有计划地根据海洋功能的比较优势来进行优化资源配置与产业布局调整。","['NRCA模型', '环渤海地区', '海洋功能评价', '层次分析法']",T41,T19,3.0,0.7193721134884226,关键词:层次分析法,0.1024652680190523,-0.004484903654124,0.7266666666666667,T19,A51,A28,7.5,0.015298596795393,标题:海洋；关键词:海洋；摘要:海洋,0.2676459452438911,0.1092756913956648,0.8768284564749325,A51,False,False,False,medium,medium,high
ZH_0948,基于GWR和sDNA模型的广州市路网形态对住宅价格影响的时空分析,"基于地理加权回归(GWR)和扩展空间句法(s DNA)对传统的特征价格模型进行改进,进而提出基于路网的局部特征价格模型(NLHM),并对2014—2015年广州市路网形态对住宅价格的影响进行时空分析。研究发现:(1)不考虑路网变量影响时,地铁、物业管理费、是否精装修等变量对住宅价格的正向作用显著。(2)广州市中心城区主要位于接近度和穿行度的前景网络核心,城市郊区主要位于接近度和穿行度背景网络。(3)接近度与住宅价格呈正相关关系,穿行度与住宅价格呈负相关关系,接近度对住宅价格的影响大于穿行度对住宅价格的影响,二者对住宅价格的影响都随着计算半径的增加而减弱。(4)接近度系数空间格局具有跨尺度相似的特征,呈现出""郊区高,中心区低""的空间格局。穿行度系数空间格局具有出跨尺度变异的特征,中心城区在局部尺度上体现为穿行度系数绝对值的高值区,而在混合尺度和全局尺度上体现为低值区。(5)地铁变量系数随路网形态变量计算尺度的增加而减小,物业管理费、车位配比、是否精装修等变量系数变异程度较小。","['住宅价格', '路网形态', '地理加权回归', '扩展空间句法', '广州']",T48,T37,1.0,0.7295180232226326,摘要:空间格局,0.1568027429339355,0.067985880161662,0.6755555555555555,T48,A22,A38,4.5,0.7241147650167531,标题:DNA；摘要:DNA,0.1161221664993675,0.0293911786910932,0.8699999999999999,A22,False,False,False,medium,medium,high
ZH_0951,北京市住宅租金空间结构及其影响因素,"以北京市六环内住宅租金空间和非空间数据为基础,运用空间自相关分析和Kriging插值等方法,研究北京市住宅租金空间分布规律,探究其形成的影响因素。研究表明:北京市住宅租金空间自相关性显著,住宅租金整体上呈现由市中心向外圈层衰减的规律,高—高(HH)集聚类型主要分布于北城,低—低(LL)集聚类型则主要分布在南城。人口密度、城市房地产开发、就业中心、城市功能分区、交通条件及公共服务设施水平等因素影响北京市租金空间结构形成。其中,交通条件及公共服务设施对区域住宅租金高低有决定性作用。这些因素通过影响租赁住宅的需求与供给、住宅居住效用这两方面决定城市住宅租金水平。","['住宅租金', '空间结构', '影响因素', '北京']",T48,T30,1.0,0.7404854072439306,摘要:空间自相关,0.2680757171669563,0.1463243374566477,0.6755555555555555,T48,A46,A47,1.0,-0.0138496144654842,摘要:交通,0.0521500357424945,-0.0989258176106019,0.4755555555555555,A47,False,False,False,needs_review,medium,needs_review
ZH_0955,国际一流智库的研究方法创新,"国际一流智库普遍重视研究方法的创新和发展。智库从兴起之初就伴随着研究方法创新。研究方法创新不仅是智库生存发展的需要,更是智库顺利开展高质量规范性战略与政策研究的有力方法和工具,同时也是高水平智库的重要研究成果产出。国际一流智库的研究方法创新与应用主要有4种类型:原创性新理论与新方法、指标体系与指数类方法、模型模拟方法和特色方法的创新与应用等。文章以美国兰德公司、欧盟联合研究中心、日本科技与学术政策研究所等国际一流智库作为案例,剖析了国际一流智库研究方法创新和应用的发展情况。最后,对我国建设有国际影响力的中国特色新型智库提出了研究方法创新的建议。","['智库', '研究方法', '方法创新和应用']",T41,T28,1.0,0.7115902717134578,摘要:指标体系,0.2730650230895103,-0.0600694877610157,0.6155555555555555,T28,A48,A40,7.5,0.7170305590172347,标题:智库；关键词:智库；摘要:智库,0.060792732796273,-0.0212102927340374,0.94,A40,False,False,False,medium,medium,high
ZH_0975,中国北方草地生态系统服务评估和功能区划助力生态安全屏障建设,"北方草地是我国重要的绿色生态屏障,也是黄河、长江、澜沧江、滦河等江河的发源地和水源涵养区,其对保障我国生态安全,提升生态系统服务和生态系统稳定性具有极其重要的作用。长期以来,我国在畜牧业生产中重视草地的生产功能,而忽视其生态功能,导致生产功能过度利用,以及生态系统服务和生态功能降低,继而严重威胁着我国的生态安全。开展北方草地生态系统服务评估,制定北方草地主体功能区划,是构建和优化生态安全屏障体系,科学配置草地的生态-生产功能,推进生态文明,统筹山水林田湖草一体化保护和修复,建设""美丽中国"",实现人与自然和谐共生的国家重大科技需求。文章基于北方草地生态系统服务和资源环境条件的空间分异规律,将北方草地划分为7个功能区、25个亚区。该生态功能区划将为制定区域国土空间规划,科学布局重要生态系统保护和修复重大工程,统筹推进生态保护和修复工作提供重要的科技支撑。","['中国北方草地', '生态系统服务', '生态系统服务价值评估', '生态功能分区', '生态-生产功能合理配置', '生态安全屏障']",T21,T48,3.0,0.4762930630603443,关键词:价值评估,0.0991666636832962,-0.02647812099754,0.7266666666666667,T29,A44,A51,1.0,-0.0048435519109585,摘要:生态保护,0.1237575217163948,-0.0345967993639899,0.4755555555555555,A12,False,False,False,needs_review,medium,needs_review
ZH_0976,低碳视角下长江经济带土地利用碳排放的空间分异,"以长江经济带为研究对象,基于2000—2015年间四期Landsat TM影像解译数据,通过构建碳排放模型,从经济贡献力、生态承载力及二者的耦合关系探讨了土地利用碳排放的空间异质性。结果表明:①2000—2015年长江经济带土地利用碳排放量区域差异显著,各地级市碳排放量均有不同程度的增加,且从上游地区到下游地区增长量逐渐增大。②长江经济带土地利用碳排放总体呈现正相关性,全局空间自相关Moran′s I值先增大后减小,碳排放强度空间正相关性增强,集聚状态显著,异质性空间单元增加。局部空间自相关显示高值集聚中心位于下游沿海地区,低值集聚中心主要分布在上游及中游地区,低值孤立点和高值孤立点分别分布在中游及中下游地区。③长江经济带碳排放经济贡献系数呈现东高西低的特征,生态承载系数东高西低、中间最低,两者均有不同程度上升,且耦合协调度上游差异较小,中游及下游地区差异相对较大。④为更好地实现土地利用可持续发展,推动土地利用方式向低碳集约方向转变,可以分区域进行低碳土地利用的调控。","['碳排放', '低碳', '土地利用', '生态承载力', '耦合协调度', '长江经济带', '全球气候变化']",T44,T48,4.0,-0.2044478899125139,关键词:耦合协调度；摘要:耦合协调度,0.2021929292617233,-0.0577446682062688,0.6422222222222222,T48,A44,A28,7.5,0.4459505748558552,标题:碳排放；关键词:碳排放；摘要:碳排放,0.1498712364399842,0.0996469632561087,0.98,A44,False,False,False,medium,medium,high
ZH_0977,关于长江三角洲地区推进稻田退水零直排工程建设的建议,"长江三角洲(以下简称""长三角"")是我国重要商品粮基地,但近年来农业面源污染问题日益突出。文章结合实地调查、政策解析、工程设计、效益评估等方式,提出了关于推进我国长三角地区稻田退水零直排工程建设的建议,明确了稻田退水零直排工程建设的政策适应性,以及长三角地区实施稻田退水零直排的重要性,对稻田退水零直排工程建设的基本原则、设计要求、模式选择与投资成本、可预期的生态经济效益进行了全面分析,以期为我国面源污染防治与农业绿色优质发展提供决策支持。","['农业废水', '生态工程', '面源污染', '稻田', '零直排']",T32,T17,1.0,0.7188482475938449,摘要:工程设计,0.1960274202293785,-0.0082268029011079,0.6155555555555555,T17,A42,A13,4.0,0.1790408800576637,关键词:农业；摘要:农业,0.1184878956195465,-0.0068508567309731,0.7822222222222223,A19,False,False,False,medium,medium,medium
ZH_0989,弱电网下逆变器并网系统失稳的两种诱因,为增加功率密度并降低制造成本，并网逆变器采用的滤波器电感越来越小且多台逆变器并联会导致线路等效阻抗被放大，致使弱电网等效线路阻抗与逆变器滤波器电感比值较大。弱电网下较高阻抗比会导致并网逆变器失稳且失稳诱因与其在传统低短路比弱电网下失稳诱因并不相同。将弱电网的工况分为低短路比–低阻抗比工况和低短路比–高阻抗比工况，该文对2种工况下系统失稳诱因进行了对比研究。发现了低短路比–低阻抗比下系统失稳主要和锁相环引入的负阻抗相关，而低短路比–高阻抗比下系统失稳同时和锁相环引入的负阻抗以及电网电压前馈引入的负阻抗和容性阻抗相关。低短路比–高阻抗比弱电网中，并网逆变器采用较小或者较大的电网电压前馈系数均不利于系统稳定性。为保证低短路比–高阻抗比下系统稳定性，需解决电网电压前馈系数优化设计问题。对此，该文基于系统奇异值提出了电网电压前馈系数的优化方法。最后，通过仿真和实验结果验证了研究结果正确性和所提方法有效性。,"['弱电网', '失稳', '高阻抗比', '锁相环', '电压前馈']",T27,T13,1.0,0.7064674234605799,摘要:滤波,0.0294553813221171,-0.0966612609958575,0.6155555555555555,T13,A38,A07,4.5,0.7439944847409402,标题:逆变器；摘要:逆变器,0.2217769860112367,0.1713891767210017,0.8699999999999999,A38,False,False,False,medium,medium,high
ZH_0994,基于可编程电源的数模动模混合仿真系统研究,为满足现代电力系统实时仿真的发展需求，提出一种基于可编程电源的数模动模混合仿真系统。利用动模实验室搭建动模仿真系统，并在RTDS中搭建39节点系统作为数字仿真系统模型，结合以理想变压器模型算法作为功率接口算法的接口系统，形成一个800 V/345 kV的动模数模混合实时仿真系统实验平台。在研究混合仿真接口两端系统延时对系统稳定性和准确性影响基础上，提出用二阶相位超前环节对下发通道和上传通道的接口延时进行相位补偿，以提高系统稳定性和准确性。通过对所搭建的数模动模混合仿真系统的实验，并与纯数字仿真进行对比分析，进一步验证了混合仿真系统的有效性。,"['数模混合实时仿真', 'ITM接口算法', '相位补偿', '纯数字仿真']",T17,T28,1.0,0.678703935084282,摘要:实验平台,-0.0502539644641281,-0.2949718922551285,0.6155555555555555,T28,A37,A03,1.0,0.7050859368068991,摘要:变压器,0.0051555425981964,-0.1065290228078639,0.6155555555555555,A03,False,False,False,needs_review,medium,needs_review
ZH_1000,广东省城镇化经济发展空间分析,"利用空间分析方法,在ArcGIS以及GeoDa的支持下,从时空变化的角度,对广东省2002—2012年城镇化发展以及城镇化过程中的经济结构和空间布局发展变化进行了分析。结果表明:到2012年,广东省各个城市的城镇化已经全部进入城镇化加速发展阶段。广东省的经济发展与城镇化发展并不完全一致,城镇化发展水平以及经济发展水平在空间布局上有较大的异质性,经济发展程度较高的城市都集中在东莞以及周边地区,而城镇化发展程度较高的城市集中在珠三角偏东北部的沿海城市。同时,第一产业对城镇经济发展影响较小,第二、第三产业作用较大,不同的产业构成也有各自的空间布局特点以及空间布局变化特征。第一产业空间分布在近10年均衡性变弱,东部比重减少较快;第二产业趋于沿海分布,差异性减弱,空间分布均衡性提高;第三产业差异缓慢增大,空间分布较为均衡。通过分析,从而掌握广东省城镇化发展过程中经济发展状况的空间布局以及时空变化特点,对政府决策提供参考。","['城镇化', '城镇经济', '空间分析', '广东省']",T48,T30,2.0,0.7488188693632498,摘要:ArcGIS；摘要:GIS,0.3199822133874731,0.205849066880356,0.731111111111111,T48,A41,A39,7.5,0.6524617486832547,标题:城镇化；关键词:城镇化；摘要:城镇化,0.2745686840351919,0.2032982048803915,0.98,A41,False,False,False,medium,medium,high
