topic_id,axis,parent_category_id,parent_label_zh,parent_label_en,topic_name_zh,topic_name_en,definition_zh,definition_en,language,aliases,positive_evidence,negative_evidence,support_count,prototype_document_ids,prototype_titles,granularity_level,status,cluster_stability_nmi,parent_silhouette,direct_match_threshold,review_match_threshold,version,discovery_source
AS-A04-ZH-001,application,A04,神经精神与心理健康,"Neurological, Psychiatric and Mental Health",神经精神与心理健康,"Neurological, Psychiatric and Mental Health — Chinese evidence topic 1",属于“神经精神与心理健康”父类，重点聚焦于神经精神与心理健康。,"A Chinese-language fine-grained topic under Neurological, Psychiatric and Mental Health; its main evidence is recorded in the aliases and positive-evidence fields.",zh,[],[],[],1,['ZH_0598'],['当代中国人的文化认同'],2,candidate,1.0,0.0,0.96,0.82,8.0,v7_zh_high_medium_gold
AS-A08-ZH-001,application,A08,妇产儿科与生殖健康,"Obstetrics, Pediatrics and Reproductive Health",妇产儿科与生殖健康,"Obstetrics, Pediatrics and Reproductive Health — Chinese evidence topic 1",属于“妇产儿科与生殖健康”父类，重点聚焦于妇产儿科与生殖健康。,"A Chinese-language fine-grained topic under Obstetrics, Pediatrics and Reproductive Health; its main evidence is recorded in the aliases and positive-evidence fields.",zh,[],[],[],1,['ZH_0556'],['2010—2016年中国多维贫困动态分析——基于中国家庭跟踪调查(CFPS)数据的实证研究'],2,candidate,1.0,0.0,0.96,0.82,8.0,v7_zh_high_medium_gold
AS-A09-ZH-001,application,A09,医学影像、诊断与医疗器械,"Medical Imaging, Diagnostics and Medical Devices",医学影像、诊断与医疗器械,"Medical Imaging, Diagnostics and Medical Devices — Chinese evidence topic 1",属于“医学影像、诊断与医疗器械”父类，重点聚焦于医学影像、诊断与医疗器械。,"A Chinese-language fine-grained topic under Medical Imaging, Diagnostics and Medical Devices; its main evidence is recorded in the aliases and positive-evidence fields.",zh,[],[],[],7,"['ZH_0189', 'ZH_0575', 'ZH_0578', 'ZH_0222', 'ZH_0089']","['基于Transformer与单分类支持向量机的窃电时间识别方法', '考虑CT饱和干扰的电力变压器励磁涌流识别方法', '基于敏感气温空间分布的度夏度冬日最大负荷预测与应用研究', '计量用低压电流互感器直流偏磁下的误差计算方法和特性研究', '基于子空间分解的电缆缺陷定位方法']",2,stable,1.0,0.0,0.42,0.28,8.0,v7_zh_high_medium_gold
AS-A10-ZH-001,application,A10,公共卫生、护理与卫生服务,"Public Health, Nursing and Health Services",公共卫生、护理与卫生服务,"Public Health, Nursing and Health Services — Chinese evidence topic 1",属于“公共卫生、护理与卫生服务”父类，重点聚焦于公共卫生、护理与卫生服务。,"A Chinese-language fine-grained topic under Public Health, Nursing and Health Services; its main evidence is recorded in the aliases and positive-evidence fields.",zh,[],[],[],2,"['ZH_0741', 'ZH_0780']","['关于科技在应对重大突发公共卫生事件中发挥统筹协同作用的思考', '加强我国公共卫生管理的若干建议']",2,candidate,1.0,0.0,0.6891,0.5491,8.0,v7_zh_high_medium_gold
AS-A12-ZH-001,application,A12,生态保护与农业生物,Ecological Conservation and Agricultural Biology,生态保护与农业生物,Ecological Conservation and Agricultural Biology — Chinese evidence topic 1,属于“生态保护与农业生物”父类，重点聚焦于生态保护与农业生物。,A Chinese-language fine-grained topic under Ecological Conservation and Agricultural Biology; its main evidence is recorded in the aliases and positive-evidence fields.,zh,[],[],[],2,"['ZH_0914', 'ZH_0631']","['北亚热带山地生物多样性的长期监测研究及生态建设', '中国生物多样性科学研究进展评述']",2,candidate,1.0,0.0,0.6941,0.5541,8.0,v7_zh_high_medium_gold
AS-A15-ZH-001,application,A15,结构材料、聚合物与复合材料,"Structural Materials, Polymers and Composites",结构材料、聚合物与复合材料,"Structural Materials, Polymers and Composites — Chinese evidence topic 1",属于“结构材料、聚合物与复合材料”父类，重点聚焦于结构材料、聚合物与复合材料。,"A Chinese-language fine-grained topic under Structural Materials, Polymers and Composites; its main evidence is recorded in the aliases and positive-evidence fields.",zh,[],[],[],1,['ZH_0554'],['非晶合金材料发展趋势及启示'],2,candidate,1.0,0.0,0.96,0.82,8.0,v7_zh_high_medium_gold
AS-A20-ZH-001,application,A20,机器人、自动控制与自主系统,"Robotics, Automatic Control and Autonomous Systems",机器人、自动控制与自主系统,"Robotics, Automatic Control and Autonomous Systems — Chinese evidence topic 1",属于“机器人、自动控制与自主系统”父类，重点聚焦于机器人、自动控制与自主系统。,"A Chinese-language fine-grained topic under Robotics, Automatic Control and Autonomous Systems; its main evidence is recorded in the aliases and positive-evidence fields.",zh,[],[],[],1,['ZH_0541'],['中国机器人产业发展现状与展望'],2,candidate,1.0,0.0,0.96,0.82,8.0,v7_zh_high_medium_gold
AS-A22-ZH-001,application,A22,分子生物学、遗传与细胞机制,"Molecular Biology, Genetics and Cellular Mechanisms",分子生物学、遗传与细胞机制,"Molecular Biology, Genetics and Cellular Mechanisms — Chinese evidence topic 1",属于“分子生物学、遗传与细胞机制”父类，重点聚焦于分子生物学、遗传与细胞机制。,"A Chinese-language fine-grained topic under Molecular Biology, Genetics and Cellular Mechanisms; its main evidence is recorded in the aliases and positive-evidence fields.",zh,[],[],[],5,"['ZH_0616', 'ZH_0582', 'ZH_0744', 'ZH_0262', 'ZH_0948']","['人工基因线路的研究进展和未来挑战', '基因编辑技术:进展与挑战', '面向生物合成的代谢工程策略设计', '世界主要国家生物医药创新系统的案例研究', '基于GWR和sDNA模型的广州市路网形态对住宅价格影响的时空分析']",2,stable,1.0,0.0,0.42,0.28,8.0,v7_zh_high_medium_gold
AS-A24-ZH-001,application,A24,经济政策、社会治理与法律,"Economic Policy, Social Governance and Law",经济政策、社会治理与法律,"Economic Policy, Social Governance and Law — Chinese evidence topic 1",属于“经济政策、社会治理与法律”父类，重点聚焦于经济政策、社会治理与法律。,"A Chinese-language fine-grained topic under Economic Policy, Social Governance and Law; its main evidence is recorded in the aliases and positive-evidence fields.",zh,[],[],[],5,"['ZH_0467', 'ZH_0806', 'ZH_0298', 'ZH_0585', 'ZH_0300']","['我国网络信息安全发展的探讨', '大数据技术赋能法律监督', '构建数智安全新格局 保障新发展格局', '从“行政治理”到“社会治理”:长株潭试验区治理模式的转型', '人胚胎来源细胞在生物医药领域的应用历史及研究和监管进展']",2,stable,1.0,0.0,0.42,0.28,8.0,v7_zh_high_medium_gold
AS-A25-ZH-001,application,A25,教育培训与科研能力建设,"Education, Training and Research Capacity Building",教育培训与科研能力建设,"Education, Training and Research Capacity Building — Chinese evidence topic 1",属于“教育培训与科研能力建设”父类，重点聚焦于教育培训与科研能力建设。,"A Chinese-language fine-grained topic under Education, Training and Research Capacity Building; its main evidence is recorded in the aliases and positive-evidence fields.",zh,[],[],[],7,"['ZH_0517', 'ZH_0849', 'ZH_0722', 'ZH_0503', 'ZH_0707']","['中国科学技术发展应重视的几个问题', '中国人才培养急需“双重转型”', '基于地域差异分析的高等院校与科研院所科教协同发展研究', '国际科学教育发展的对比研究――理念、主题与实践的革新', '美国科赫研究所开展融合科学的实践与启示']",2,stable,1.0,0.0,0.42,0.28,8.0,v7_zh_high_medium_gold
AS-A26-ZH-001,application,A26,计算机科学、人工智能与数据分析,"Computer Science, Artificial Intelligence and Data Analytics",计算机科学、人工智能与数据分析,"Computer Science, Artificial Intelligence and Data Analytics — Chinese evidence topic 1",属于“计算机科学、人工智能与数据分析”父类，重点聚焦于计算机科学、人工智能与数据分析。,"A Chinese-language fine-grained topic under Computer Science, Artificial Intelligence and Data Analytics; its main evidence is recorded in the aliases and positive-evidence fields.",zh,[],[],[],7,"['ZH_0313', 'ZH_0285', 'ZH_0804', 'ZH_0297', 'ZH_0259']","['针对电力系统人工智能算法的数据投毒后门攻击方法与检测方案', '智能算法安全：内涵、科学问题与展望', '平行哲学：智能产业与智慧经济的本源及其目标', '中美两国人工智能头部企业研发和创新的比较分析与启示', '人工智能时代的开源与闭源技术模式探讨']",2,stable,1.0,0.0,0.42,0.28,8.0,v7_zh_high_medium_gold
AS-A27-ZH-001,application,A27,物理数学与基础科学,"Physics, Mathematics and Fundamental Science",物理数学与基础科学,"Physics, Mathematics and Fundamental Science — Chinese evidence topic 1",属于“物理数学与基础科学”父类，重点聚焦于物理数学与基础科学。,"A Chinese-language fine-grained topic under Physics, Mathematics and Fundamental Science; its main evidence is recorded in the aliases and positive-evidence fields.",zh,[],[],[],9,"['ZH_0306', 'ZH_0223', 'ZH_0217', 'ZH_0225', 'ZH_0103']","['基于物理机理引导的数据驱动潮流计算方法', '电力系统仿射潮流多场景不确定性分析方法', '基于属性数学理论的电网停电事故网络舆情风险评估', '电力信息物理系统故障通信恢复策略', '面向输变电设备数字孪生的多物理场正反演快速仿真关键技术综述']",2,stable,1.0,0.0,0.42,0.28,8.0,v7_zh_high_medium_gold
AS-A28-ZH-001,application,A28,气候地球科学与自然灾害,"Climate, Earth Science and Natural Hazards",气候地球科学与自然灾害,"Climate, Earth Science and Natural Hazards — Chinese evidence topic 1",属于“气候地球科学与自然灾害”父类，重点聚焦于气候地球科学与自然灾害。,"A Chinese-language fine-grained topic under Climate, Earth Science and Natural Hazards; its main evidence is recorded in the aliases and positive-evidence fields.",zh,[],[],[],6,"['ZH_0102', 'ZH_0228', 'ZH_0710', 'ZH_0779', 'ZH_0629']","['基于直升机优化调度的电力系统灾后快速恢复模型', '台风灾害下考虑源-网-荷协同优化的SCUC复合决策方法', '变化环境下城市暴雨致灾防御对策与建议', '冰芯气候环境记录研究：从科学到政策', '2018年夏季全国气候趋势展望']",2,stable,1.0,0.0,0.42,0.28,8.0,v7_zh_high_medium_gold
AS-A48-ZH-001,application,A48,科技政策、科研机构与人才发展,"Science Policy, Research Institutions and Talent Development",国立科研机构·国家·科技,"Science Policy, Research Institutions and Talent Development — Chinese evidence topic 1",属于“科技政策、科研机构与人才发展”父类，重点聚焦于国立科研机构、国家、科技、科研机构、立科研机。,"A Chinese-language fine-grained topic under Science Policy, Research Institutions and Talent Development; its main evidence is recorded in the aliases and positive-evidence fields.",zh,"['国立科研机构', '国家', '科技', '科研机构', '立科研机', '国立', '科学', '体系']","['国立科研机构', '国家', '科技', '科研机构', '立科研机', '国立', '科学', '体系']","['智库', '质量管理机制', '科技政策', '地缘技术竞争']",6,"['ZH_0624', 'ZH_0449', 'ZH_0402', 'ZH_0856', 'ZH_0299']","['科技发达国家国立科研机构过去二十年改革发展观察', '强化国家战略科技力量建设的思考', '国立科研机构形象资产管理体系的规划与思考', '构建立足区域资源禀赋的西部特色青年科技人才发展机制——以中国科学院院属西部研究所青年科技人才发展现状为例', '国家科技竞争力测度、演进与国际比较']",3,reviewed,0.6217,0.0146,0.42,0.28,8.0,v7_zh_high_medium_gold
AS-A48-ZH-002,application,A48,科技政策、科研机构与人才发展,"Science Policy, Research Institutions and Talent Development",智库·质量管理机制·科技政策,"Science Policy, Research Institutions and Talent Development — Chinese evidence topic 2",属于“科技政策、科研机构与人才发展”父类，重点聚焦于智库、质量管理机制、科技政策、地缘技术竞争、高质量研究与分析标准。,"A Chinese-language fine-grained topic under Science Policy, Research Institutions and Talent Development; its main evidence is recorded in the aliases and positive-evidence fields.",zh,"['智库', '质量管理机制', '科技政策', '地缘技术竞争', '高质量研究与分析标准', '评审指南', '美国', '科技交流与合作']","['智库', '质量管理机制', '科技政策', '地缘技术竞争', '高质量研究与分析标准', '评审指南', '美国', '科技交流与合作']","['国立科研机构', '国家', '科技', '科研机构']",4,"['ZH_0955', 'ZH_0988', 'ZH_0261', 'ZH_0868']","['国际一流智库的研究方法创新', '一流智库战略研究成果的质量管理机制', '中美地缘技术竞争视角下的中美智库观点及对我国的启示', '寻求共同基础 推进交流合作――对美国智库和科学界主要科技政策报告的解读与启示建议']",3,reviewed,0.6217,0.0146,0.466,0.326,8.0,v7_zh_high_medium_gold
AS-A49-ZH-001,application,A49,航空航天、国防与高端装备,"Aerospace, Defense and Advanced Equipment",航空航天、国防与高端装备,"Aerospace, Defense and Advanced Equipment — Chinese evidence topic 1",属于“航空航天、国防与高端装备”父类，重点聚焦于航空航天、国防与高端装备。,"A Chinese-language fine-grained topic under Aerospace, Defense and Advanced Equipment; its main evidence is recorded in the aliases and positive-evidence fields.",zh,[],[],[],1,['ZH_0023'],['全球高超声速技术发展态势分析'],2,candidate,1.0,0.0,0.96,0.82,8.0,v7_zh_high_medium_gold
AS-A01-EN-001,application,A01,心血管与循环系统疾病,Cardiovascular and Circulatory Diseases,心血管与循环系统疾病—英文证据主题1,Ischemic Stroke / Mortality / RATS,属于“心血管与循环系统疾病”父类的英文细粒度主题，核心证据见别名和正向证据字段。,"A fine-grained topic under Cardiovascular and Circulatory Diseases, focusing on ischemic stroke, mortality, rats, stroke, pathway.",en,"['ischemic stroke', 'mortality', 'rats', 'stroke', 'pathway', 'ischemic', 'vascular', 'inflammation']","['ischemic stroke', 'mortality', 'rats', 'stroke', 'pathway', 'ischemic', 'vascular', 'inflammation']","['bleeding', 'aortic', 'patients', 'direct']",13,"['DOC_0942', 'DOC_0312', 'DOC_0607', 'DOC_0830', 'DOC_0178']","['Long Non-coding RNA RMST Worsens Ischemic Stroke via MicroRNA-221-3p/PIK3R1/TGF-β Signaling Pathway', 'Role of lncRNAs in the Development of Ischemic Stroke and Their Therapeutic Potential', 'Metabolomics Analysis of the Effect of Hydrogen-Rich Water on Myocardial Ischemia-Reperfusion Injury in Rats', 'The Protective Effect of Crataegus aronia Against High-Fat Diet-Induced Vascular Inflammation in Rats Entails Inhibition of the NLRP-3 Inflammasome Pathway', 'Pharmacologic Inhibition of Pain Response to Incomplete Vascular Occlusion Blunts Cardiovascular Preconditioning Response']",3,reviewed,0.5109,0.0098,0.42,0.28,8.0,v7_en_high_medium_gold
AS-A01-EN-002,application,A01,心血管与循环系统疾病,Cardiovascular and Circulatory Diseases,心血管与循环系统疾病—英文证据主题2,Atrial Fibrillation / Pulmonary Vein Isolation / Surgical Ablation,属于“心血管与循环系统疾病”父类的英文细粒度主题，核心证据见别名和正向证据字段。,"A fine-grained topic under Cardiovascular and Circulatory Diseases, focusing on atrial fibrillation, pulmonary vein isolation, surgical ablation.",en,"['atrial fibrillation', 'pulmonary vein isolation', 'surgical ablation']","['atrial fibrillation', 'pulmonary vein isolation', 'surgical ablation']","['bleeding', 'aortic', 'patients', 'direct']",12,"['DOC_0670', 'DOC_0070', 'DOC_0143', 'DOC_0991', 'DOC_0948']","['Clinical course of sinus node dysfunction after thoracoscopic surgery for atrial fibrillation—analysis of the Atrial Fibrillation Ablation and Autonomic Modulation via Thoracoscopic Surgery (AFACT) study', 'Sleep apnea and atrial fibrillation: challenges in clinical and translational research', 'The impact of height on recurrence after index catheter ablation of paroxysmal atrial fibrillation', 'Higher serum sST2 is associated with increased left atrial low-voltage areas and atrial fibrillation recurrence in patients undergoing radiofrequency ablation', 'Immunopathogenesis and biomarkers of recurrent atrial fibrillation following ablation therapy in patients with preexisting atrial fibrillation']",3,reviewed,0.5109,0.0098,0.42,0.28,8.0,v7_en_high_medium_gold
AS-A01-EN-003,application,A01,心血管与循环系统疾病,Cardiovascular and Circulatory Diseases,心血管与循环系统疾病—英文证据主题3,Bleeding / Aortic / Patients,属于“心血管与循环系统疾病”父类的英文细粒度主题，核心证据见别名和正向证据字段。,"A fine-grained topic under Cardiovascular and Circulatory Diseases, focusing on bleeding, aortic, patients, direct, cases.",en,"['bleeding', 'aortic', 'patients', 'direct', 'cases', 'meta', 'pneumonia', 'review']","['bleeding', 'aortic', 'patients', 'direct', 'cases', 'meta', 'pneumonia', 'review']","['atrial fibrillation', 'pulmonary vein isolation', 'surgical ablation']",11,"['DOC_0120', 'DOC_0692', 'DOC_0410', 'DOC_0570', 'DOC_0028']","['Aortic aneurysms in systemic lupus erythematosus: a meta-analysis of 35 cases in the literature and two different pathogeneses', 'Upper extremity deep vein thrombosis treated with direct oral anticoagulants: a multi-center real world experience', 'Switching between direct oral anticoagulants: a systematic review and meta-analysis', 'Aortic thrombus in patients with severe COVID-19: review of three cases', 'Ciprofloxacin Accelerates Angiotensin-II-Induced Vascular Smooth Muscle Cells Senescence Through Modulating AMPK/ROS pathway in Aortic Aneurysm and Dissection']",3,reviewed,0.5109,0.0098,0.42,0.28,8.0,v7_en_high_medium_gold
AS-A01-EN-004,application,A01,心血管与循环系统疾病,Cardiovascular and Circulatory Diseases,心血管与循环系统疾病—英文证据主题4,Pulmonary Hypertension / Hypertension / Blood,属于“心血管与循环系统疾病”父类的英文细粒度主题，核心证据见别名和正向证据字段。,"A fine-grained topic under Cardiovascular and Circulatory Diseases, focusing on pulmonary hypertension, hypertension, blood, expression, diseases.",en,"['pulmonary hypertension', 'hypertension', 'blood', 'expression', 'diseases', 'pulmonary', 'pressure', 'heart']","['pulmonary hypertension', 'hypertension', 'blood', 'expression', 'diseases', 'pulmonary', 'pressure', 'heart']","['atrial fibrillation', 'pulmonary vein isolation', 'surgical ablation']",8,"['DOC_0040', 'DOC_0904', 'DOC_0161', 'DOC_0087', 'DOC_0621']","['Circulating miRNA29 family expression levels in patients with essential hypertension as potential markers for left ventricular hypertrophy', 'Total methylated arginine load as a risk parameter in subjects with masked hypertension', 'Age-related changes among 25 patients with congenital cardiac left-to-right shunts and irreversible plexogenic pulmonary arteriopathy', 'Efficacy of aminaftone in a rat model of monocrotaline-induced pulmonary hypertension', 'CBF regulation in hypertension and Alzheimer’s disease']",3,reviewed,0.5109,0.0098,0.42,0.28,8.0,v7_en_high_medium_gold
AS-A02-EN-001,application,A02,内分泌代谢与糖尿病,"Endocrine, Metabolic and Diabetes Disorders",内分泌代谢与糖尿病—英文证据主题1,Obesity / Children / MC4R,属于“内分泌代谢与糖尿病”父类的英文细粒度主题，核心证据见别名和正向证据字段。,"A fine-grained topic under Endocrine, Metabolic and Diabetes Disorders, focusing on obesity, children, mc4r.",en,"['obesity', 'children', 'mc4r']","['obesity', 'children', 'mc4r']","['congenital hypothyroidism', 'congenital adrenal hyperplasia', 'cah']",14,"['DOC_0301', 'DOC_0746', 'DOC_0721', 'DOC_0834', 'DOC_0951']","['Familial early-onset obesity in Turkish children: variants and polymorphisms in the melanocortin-4 receptor (MC4R) gene', 'Associations between thyroid-stimulating hormone, blood pressure and adiponectin are attenuated in children and adolescents with overweight or obesity', 'Association between neck circumference and non-alcoholic fatty liver disease in Mexican children and adolescents with obesity', 'Genomic study via chromosomal microarray analysis in a group of Romanian patients with obesity and developmental disability/intellectual disability', 'No clinical utility of common polymorphisms in IGF1, IRS1, GCKR, PPARG, GCK1 and KCTD1 genes previously associated with insulin resistance in overweight children from Romania and Moldova']",3,reviewed,0.4172,0.0112,0.42,0.28,8.0,v7_en_high_medium_gold
AS-A02-EN-002,application,A02,内分泌代谢与糖尿病,"Endocrine, Metabolic and Diabetes Disorders",内分泌代谢与糖尿病—英文证据主题2,Congenital Hypothyroidism / Congenital Adrenal Hyperplasia / CAH,属于“内分泌代谢与糖尿病”父类的英文细粒度主题，核心证据见别名和正向证据字段。,"A fine-grained topic under Endocrine, Metabolic and Diabetes Disorders, focusing on congenital hypothyroidism, congenital adrenal hyperplasia, cah.",en,"['congenital hypothyroidism', 'congenital adrenal hyperplasia', 'cah']","['congenital hypothyroidism', 'congenital adrenal hyperplasia', 'cah']","['obesity', 'children', 'mc4r']",8,"['DOC_0574', 'DOC_0865', 'DOC_0844', 'DOC_0898', 'DOC_0498']","['Assessment of the most common CYP21A2 point mutations in a cohort of congenital adrenal hyperplasia patients from Egypt', 'Therapeutic challenges in a patient with the simple virilizing (SV) form of congenital adrenal hyperplasia (CAH) due to the P30L/I172N genotype', 'Etiology of primary adrenal insufficiency in children: a 29-year single-center experience', 'Clinical characteristics and genetics analysis for the ITD of congenital hypothyroidism', 'A retrospective analysis of congenital anomalies in congenital hypothyroidism']",3,reviewed,0.4172,0.0112,0.42,0.28,8.0,v7_en_high_medium_gold
AS-A02-EN-003,application,A02,内分泌代谢与糖尿病,"Endocrine, Metabolic and Diabetes Disorders",内分泌代谢与糖尿病—英文证据主题3,Unilateral Aldosterone-Producing Adenoma / Total Adrenalectomy / Systematic Review,属于“内分泌代谢与糖尿病”父类的英文细粒度主题，核心证据见别名和正向证据字段。,"A fine-grained topic under Endocrine, Metabolic and Diabetes Disorders, focusing on unilateral aldosterone-producing adenoma, total adrenalectomy, systematic review, pediatric cushing's disease, patient preference.",en,"['unilateral aldosterone-producing adenoma', 'total adrenalectomy', 'systematic review', ""pediatric cushing's disease"", 'patient preference', 'meta-analysis', 'discrete choice experiment', 'diabetes']","['unilateral aldosterone-producing adenoma', 'total adrenalectomy', 'systematic review', ""pediatric cushing's disease"", 'patient preference', 'meta-analysis', 'discrete choice experiment', 'diabetes']","['congenital hypothyroidism', 'congenital adrenal hyperplasia', 'cah']",4,"['DOC_0222', 'DOC_0007', 'DOC_0093', 'DOC_0589']","['Partial versus total adrenalectomy for the treatment of unilateral aldosterone-producing adenoma: a systematic review and meta-analysis', ""Treatment modalities and outcomes in pediatric Cushing's disease – report of three cases and literature review"", 'A combination of laparoscopic approach and ERAS pathway optimizes outcomes and cost for adrenalectomy', 'Patient Preferences for Medications in Managing Type 2 Diabetes Mellitus: A Discrete Choice Experiment']",3,reviewed,0.4172,0.0112,0.4696,0.3296,8.0,v7_en_high_medium_gold
AS-A03-EN-001,application,A03,肿瘤与癌症诊疗,Oncology and Cancer Diagnosis/Treatment,肿瘤与癌症诊疗—英文证据主题1,Cancer / HPV / Prognosis,属于“肿瘤与癌症诊疗”父类的英文细粒度主题，核心证据见别名和正向证据字段。,"A fine-grained topic under Oncology and Cancer Diagnosis/Treatment, focusing on cancer, hpv, prognosis, survival, sentinel lymph node biopsy.",en,"['cancer', 'hpv', 'prognosis', 'survival', 'sentinel lymph node biopsy', 'osteosarcoma', 'head and neck', 'screening']","['cancer', 'hpv', 'prognosis', 'survival', 'sentinel lymph node biopsy', 'osteosarcoma', 'head and neck', 'screening']","['review', 'anticancer', 'culture', 'synthesis']",42,"['DOC_0094', 'DOC_0117', 'DOC_0903', 'DOC_0008', 'DOC_0523']","['Effect of age and comorbidity on the treatment and survival of older patients with vulvar cancer', 'Sentinel lymph node biopsy in high-risk cutaneous squamous cell carcinoma of the head and neck', 'The role of socioeconomic disparity in colorectal cancer stage at presentation', 'Construction and validation of nomogram prognostic model for predicting survival in hepatoblastoma patients: a population-based study', 'Evaluation of outcomes in patients of cervical Cancer with lower one third vaginal involvement: A single institutional experience']",3,reviewed,0.0464,0.0074,0.42,0.28,8.0,v7_en_high_medium_gold
AS-A03-EN-002,application,A03,肿瘤与癌症诊疗,Oncology and Cancer Diagnosis/Treatment,肿瘤与癌症诊疗—英文证据主题2,Cancer / Review / Anticancer,属于“肿瘤与癌症诊疗”父类的英文细粒度主题，核心证据见别名和正向证据字段。,"A fine-grained topic under Oncology and Cancer Diagnosis/Treatment, focusing on cancer, review, anticancer, culture, synthesis.",en,"['cancer', 'review', 'anticancer', 'culture', 'synthesis', 'compounds', 'water', 'systematic']","['cancer', 'review', 'anticancer', 'culture', 'synthesis', 'compounds', 'water', 'systematic']","['hpv', 'prognosis', 'survival', 'sentinel lymph node biopsy']",10,"['DOC_0296', 'DOC_0636', 'DOC_0551', 'DOC_0687', 'DOC_0253']","['Organoids in cancer research: a review for pathologist‐scientists', 'Chemical approaches for the enhancement of porphyrin skeleton-based photodynamic therapy', 'Lipidic nanomaterials to deliver natural compounds against cancer: a review', 'DOAC compared to LMWH in the treatment of cancer related-venous thromboembolism: a systematic review and meta-analysis', 'Systematic review of prospective studies focused on regionalization of care in surgical oncology']",3,reviewed,0.0464,0.0074,0.42,0.28,8.0,v7_en_high_medium_gold
AS-A04-EN-001,application,A04,神经精神与心理健康,"Neurological, Psychiatric and Mental Health",神经精神与心理健康—英文证据主题1,Depression / Disease / Brain,属于“神经精神与心理健康”父类的英文细粒度主题，核心证据见别名和正向证据字段。,"A fine-grained topic under Neurological, Psychiatric and Mental Health, focusing on depression, disease, brain, alzheimer, treatment.",en,"['depression', 'disease', 'brain', 'alzheimer', 'treatment', 'mice', 'like', 'stress']","['depression', 'disease', 'brain', 'alzheimer', 'treatment', 'mice', 'like', 'stress']","['schizophrenia', 'txnip', 'covid-19', 'bdnf']",14,"['DOC_0756', 'DOC_0787', 'DOC_0917', 'DOC_0857', 'DOC_0601']","['Gold Nanoparticles Treatment Reverses Brain Damage in Alzheimer’s Disease Model', 'Mesenchymal Stem Cells Therapy Improved the Streptozotocin-Induced Behavioral and Hippocampal Impairment in Rats', 'Pathological Alterations of Tau in Alzheimer’s Disease and 3xTg-AD Mouse Brains', 'Neurocognitive Impairment in mdx Mice', 'Compromised Hippocampal Neuroplasticity in the Interferon-α and Toll-like Receptor-3 Activation-Induced Mouse Depression Model']",3,reviewed,0.568,0.0167,0.42,0.28,8.0,v7_en_high_medium_gold
AS-A04-EN-002,application,A04,神经精神与心理健康,"Neurological, Psychiatric and Mental Health",神经精神与心理健康—英文证据主题2,Schizophrenia / Txnip / Covid-19,属于“神经精神与心理健康”父类的英文细粒度主题，核心证据见别名和正向证据字段。,"A fine-grained topic under Neurological, Psychiatric and Mental Health, focusing on schizophrenia, txnip, covid-19, bdnf, risk genes.",en,"['schizophrenia', 'txnip', 'covid-19', 'bdnf', 'risk genes', 'interaction', 'integrative analysis', 'chemotherapy']","['schizophrenia', 'txnip', 'covid-19', 'bdnf', 'risk genes', 'interaction', 'integrative analysis', 'chemotherapy']","['depression', 'disease', 'brain', 'alzheimer']",4,"['DOC_0065', 'DOC_0091', 'DOC_0401', 'DOC_0975']","['The Interaction of TXNIP and AFq1 Genes Increases the Susceptibility of Schizophrenia', 'Joint-Tissue Integrative Analysis Identified Hundreds of Schizophrenia Risk Genes', 'Brain Disease Network Analysis to Elucidate the Neurological Manifestations of COVID-19', 'Replication and Meta-analysis of the Association between BDNF Val66Met Polymorphism and Cognitive Impairment in Patients Receiving Chemotherapy']",3,reviewed,0.568,0.0167,0.4764,0.3364,8.0,v7_en_high_medium_gold
AS-A04-EN-003,application,A04,神经精神与心理健康,"Neurological, Psychiatric and Mental Health",神经精神与心理健康—英文证据主题3,Quality Of Life / Preferences / Parents,属于“神经精神与心理健康”父类的英文细粒度主题，核心证据见别名和正向证据字段。,"A fine-grained topic under Neurological, Psychiatric and Mental Health, focusing on quality of life, preferences, parents, obese and overweight children, mental health.",en,"['quality of life', 'preferences', 'parents', 'obese and overweight children', 'mental health', 'wisc iii', 'social representations', 'psychometric properties']","['quality of life', 'preferences', 'parents', 'obese and overweight children', 'mental health', 'wisc iii', 'social representations', 'psychometric properties']","['depression', 'disease', 'brain', 'alzheimer']",3,"['DOC_0742', 'DOC_0388', 'DOC_0781']","['Mental health of both child and parents plays a larger role in the health-related quality of life of obese and overweight children', 'Preferences for e-Mental Health Interventions in Germany: A Discrete Choice Experiment', 'Phenylketonuric patients represent their disease']",3,reviewed,0.568,0.0167,0.5608,0.4208,8.0,v7_en_high_medium_gold
AS-A05-EN-001,application,A05,骨科肌肉与康复医学,"Orthopedics, Musculoskeletal and Rehabilitation Medicine",骨科肌肉与康复医学—英文证据主题1,Osteoarthritis / Femoral Neck / Fractures,属于“骨科肌肉与康复医学”父类的英文细粒度主题，核心证据见别名和正向证据字段。,"A fine-grained topic under Orthopedics, Musculoskeletal and Rehabilitation Medicine, focusing on osteoarthritis, femoral neck, fractures, retrospective, total.",en,"['osteoarthritis', 'femoral neck', 'fractures', 'retrospective', 'total', 'surgery', 'comparison', 'proximal']","['osteoarthritis', 'femoral neck', 'fractures', 'retrospective', 'total', 'surgery', 'comparison', 'proximal']","['systematic review', 'meta-analysis']",7,"['DOC_0758', 'DOC_0113', 'DOC_0922', 'DOC_0544', 'DOC_0852']","['Is the position of dual-mobility cup in THA for femoral neck fractures optimal? A retrospective study', 'Retrospective analysis of 35 pediatric femoral neck fractures', 'Femoral neck preservation with a short hip stem produced with powder manufacturing: mid-term results of a consecutive case series', 'Claims in orthopedic foot/ankle surgery, how can they help to improve quality of care? A retrospective claim analysis', 'Principles and current concepts in the surgical treatment of fragility fractures in the elderly']",3,reviewed,0.619,0.0148,0.42,0.28,8.0,v7_en_high_medium_gold
AS-A05-EN-002,application,A05,骨科肌肉与康复医学,"Orthopedics, Musculoskeletal and Rehabilitation Medicine",骨科肌肉与康复医学—英文证据主题2,Fixation / Fractures / Intramedullary,属于“骨科肌肉与康复医学”父类的英文细粒度主题，核心证据见别名和正向证据字段。,"A fine-grained topic under Orthopedics, Musculoskeletal and Rehabilitation Medicine, focusing on fixation, fractures, intramedullary, retrospective cohort, cohort study.",en,"['fixation', 'fractures', 'intramedullary', 'retrospective cohort', 'cohort study', 'subtrochanteric', 'screw', 'treated']","['fixation', 'fractures', 'intramedullary', 'retrospective cohort', 'cohort study', 'subtrochanteric', 'screw', 'treated']","['osteoarthritis', 'femoral neck', 'retrospective', 'total']",6,"['DOC_0529', 'DOC_0357', 'DOC_0150', 'DOC_0784', 'DOC_0261']","['Immediate weight bearing as tolerated (WBAT) correlates with a decreased length of stay post intramedullary fixation for subtrochanteric fractures: a multicenter retrospective cohort study', 'Dynamic hip screw fixation of subtrochanteric femoral fractures', 'Fibula nail fixation in ankle fractures with significant soft tissue compromise: a retrospective cohort study', 'Osteosynthesis of sternal fractures with double locking compression plate fixation: a retrospective cohort study', 'Intramedullary percutaneous fixation of metacarpal fractures: screw versus connected K-wires']",3,reviewed,0.619,0.0148,0.42,0.28,8.0,v7_en_high_medium_gold
AS-A05-EN-003,application,A05,骨科肌肉与康复医学,"Orthopedics, Musculoskeletal and Rehabilitation Medicine",骨科肌肉与康复医学—英文证据主题3,Systematic Review / Meta-Analysis / Osteoarthritis,属于“骨科肌肉与康复医学”父类的英文细粒度主题，核心证据见别名和正向证据字段。,"A fine-grained topic under Orthopedics, Musculoskeletal and Rehabilitation Medicine, focusing on systematic review, meta-analysis, osteoarthritis.",en,"['systematic review', 'meta-analysis', 'osteoarthritis']","['systematic review', 'meta-analysis', 'osteoarthritis']","['femoral neck', 'fractures', 'retrospective', 'total']",6,"['DOC_0202', 'DOC_0797', 'DOC_0240', 'DOC_0633', 'DOC_0034']","['Trapeziectomy versus joint replacement for first carpometacarpal (CMC 1) joint osteoarthritis: a systematic review and meta-analysis', 'Comparative outcomes between collared versus collarless and short versus long stem of direct anterior approach total hip arthroplasty: a systematic review and indirect meta-analysis', 'Treatment modalities and outcomes following acetabular fractures in the elderly: a systematic review', 'Quadriceps tendon autograft for primary ACL reconstruction: a Bayesian network meta-analysis', 'A myofascial component of pain in knee osteoarthritis']",3,reviewed,0.619,0.0148,0.42,0.28,8.0,v7_en_high_medium_gold
AS-A06-EN-001,application,A06,消化肝胆与胃肠疾病,"Digestive, Hepatobiliary and Gastrointestinal Diseases",消化肝胆与胃肠疾病—英文证据主题1,Liver / MICE / Disease,属于“消化肝胆与胃肠疾病”父类的英文细粒度主题，核心证据见别名和正向证据字段。,"A fine-grained topic under Digestive, Hepatobiliary and Gastrointestinal Diseases, focusing on liver, mice, disease, title, injury.",en,"['liver', 'mice', 'disease', 'title', 'injury', 'cells', 'fatty', 'background']","['liver', 'mice', 'disease', 'title', 'injury', 'cells', 'fatty', 'background']","['treatment', 'delivery', 'acute', 'management']",14,"['DOC_0520', 'DOC_0554', 'DOC_0969', 'DOC_0444', 'DOC_0189']","['The Genetic Architecture of Carbon Tetrachloride-Induced Liver Fibrosis in Mice', 'Impaired Hepatic Vitamin A Metabolism in NAFLD Mice Leading to Vitamin A Accumulation in Hepatocytes', 'Liver Endothelial Heg Regulates Vascular/Biliary Network Patterning and Metabolic Zonation Via Wnt Signaling', 'Intestinal Dysbiosis Amplifies Acetaminophen-Induced Acute Liver Injury', 'White Adipose Tissue Autophagy and Adipose-Liver Crosstalk Exacerbate Nonalcoholic Fatty Liver Disease in Mice']",3,reviewed,0.3094,0.0145,0.42,0.28,8.0,v7_en_high_medium_gold
AS-A06-EN-002,application,A06,消化肝胆与胃肠疾病,"Digestive, Hepatobiliary and Gastrointestinal Diseases",消化肝胆与胃肠疾病—英文证据主题2,Treatment / Delivery / Acute,属于“消化肝胆与胃肠疾病”父类的英文细粒度主题，核心证据见别名和正向证据字段。,"A fine-grained topic under Digestive, Hepatobiliary and Gastrointestinal Diseases, focusing on treatment, delivery, acute, management, patients.",en,"['treatment', 'delivery', 'acute', 'management', 'patients', 'pancreatic', 'title', 'neoplasms']","['treatment', 'delivery', 'acute', 'management', 'patients', 'pancreatic', 'title', 'neoplasms']","['liver', 'mice', 'disease', 'injury']",10,"['DOC_0933', 'DOC_0396', 'DOC_0791', 'DOC_0220', 'DOC_0025']","['Cost-effectiveness analysis of including contrast-enhanced ultrasound in management of pancreatic cystic neoplasms', 'Complement-5 Inhibition Deters Progression of Fulminant Hepatitis to Acute Liver Failure in Murine Models', 'Nasal Administration of Cationic Nanoemulsions as CD73-siRNA Delivery System for Glioblastoma Treatment: a New Therapeutical Approach', 'Effect of hyaluronate-based bioresorbable membrane (Seprafilm) on outcomes of abdominal surgery: a meta-analysis and trial sequential analysis of randomised controlled trials', 'Effect of adding telerehabilitation home program to pharmaceutical treatment on the symptoms and the quality of life in children with functional constipation: a randomized controlled trial']",3,reviewed,0.3094,0.0145,0.42,0.28,8.0,v7_en_high_medium_gold
AS-A06-EN-003,application,A06,消化肝胆与胃肠疾病,"Digestive, Hepatobiliary and Gastrointestinal Diseases",消化肝胆与胃肠疾病—英文证据主题3,Xylanase / Immunology / Hepatic Lipase,属于“消化肝胆与胃肠疾病”父类的英文细粒度主题，核心证据见别名和正向证据字段。,"A fine-grained topic under Digestive, Hepatobiliary and Gastrointestinal Diseases, focusing on xylanase, immunology, hepatic lipase, growth performance, genetically improved farmed tilapia.",en,"['xylanase', 'immunology', 'hepatic lipase', 'growth performance', 'genetically improved farmed tilapia', 'cloning', 'carbohydrate metabolism', 'α-diversity']","['xylanase', 'immunology', 'hepatic lipase', 'growth performance', 'genetically improved farmed tilapia', 'cloning', 'carbohydrate metabolism', 'α-diversity']","['liver', 'mice', 'disease', 'title']",3,"['DOC_0002', 'DOC_0680', 'DOC_0695']","['Effects of a multi-strain Bacillus probiotic on the intestinal microbiome, haemato-immunology, and growth performance of Nile tilapia', 'Effects of dietary exogenous xylanase supplementation on growth performance, intestinal health, and carbohydrate metabolism of juvenile large yellow croaker, Larimichthys crocea', 'Cloning of hepatic lipase and the effects of dietary nutrition on hepatic lipase expression in genetically improved farmed tilapia (Oreochromis niloticus)']",3,reviewed,0.3094,0.0145,0.57,0.43,8.0,v7_en_high_medium_gold
AS-A07-EN-001,application,A07,感染微生物与抗菌耐药,"Infectious Diseases, Microbiology and Antimicrobial Resistance",感染微生物与抗菌耐药—英文证据主题1,Covid-19 / Mortality / Sars-Cov-2,属于“感染微生物与抗菌耐药”父类的英文细粒度主题，核心证据见别名和正向证据字段。,"A fine-grained topic under Infectious Diseases, Microbiology and Antimicrobial Resistance, focusing on covid-19, mortality, sars-cov-2, pulmonary embolism, peritonitis.",en,"['covid-19', 'mortality', 'sars-cov-2', 'pulmonary embolism', 'peritonitis', 'ards']","['covid-19', 'mortality', 'sars-cov-2', 'pulmonary embolism', 'peritonitis', 'ards']","['sepsis', 'antibiotics', 'antimicrobial', 'bacterial']",19,"['DOC_0495', 'DOC_0118', 'DOC_0606', 'DOC_0352', 'DOC_0332']","['Baseline chest X-ray in coronavirus disease 19 (COVID-19) patients: association with clinical and laboratory data', 'Role of CT angiography in detecting acute pulmonary embolism associated with COVID-19 pneumonia', 'The association between treatment with heparin and survival in patients with Covid-19', 'ST-segment elevation in patients with COVID-19: a systematic review', 'Combined intravenous immunoglobulin and baricitinib treatment for severe COVID-19 with rhabdomyolysis: A case report']",3,reviewed,0.3471,0.0193,0.42,0.28,8.0,v7_en_high_medium_gold
AS-A07-EN-002,application,A07,感染微生物与抗菌耐药,"Infectious Diseases, Microbiology and Antimicrobial Resistance",感染微生物与抗菌耐药—英文证据主题2,Sepsis / Antibiotics / Antimicrobial,属于“感染微生物与抗菌耐药”父类的英文细粒度主题，核心证据见别名和正向证据字段。,"A fine-grained topic under Infectious Diseases, Microbiology and Antimicrobial Resistance, focusing on sepsis, antibiotics, antimicrobial, bacterial, copper.",en,"['sepsis', 'antibiotics', 'antimicrobial', 'bacterial', 'copper', 'resistance', 'bangladesh', 'resistant']","['sepsis', 'antibiotics', 'antimicrobial', 'bacterial', 'copper', 'resistance', 'bangladesh', 'resistant']","['covid-19', 'mortality', 'sars-cov-2', 'pulmonary embolism']",9,"['DOC_0365', 'DOC_0211', 'DOC_0896', 'DOC_0310', 'DOC_0802']","['Antibiotic Cross-linked Micelles with Reduced Toxicity for Multidrug-Resistant Bacterial Sepsis Treatment', 'Isolation and antimicrobial resistance of motile Salmonella enterica from the poultry hatchery environment', 'Seasonal variation in antimicrobial resistance rates of community-acquired Escherichia coli bloodstream isolates', 'Nanoliquid Dressing with Enhancing Anti-Infection Performance under the Moderate Photothermal Effect for Wound Treatment', 'Hawthorn berries extract for the green synthesis of copper and silver nanoparticles']",3,reviewed,0.3471,0.0193,0.42,0.28,8.0,v7_en_high_medium_gold
AS-A08-EN-001,application,A08,妇产儿科与生殖健康,"Obstetrics, Pediatrics and Reproductive Health",妇产儿科与生殖健康—英文证据主题1,Children / Title / Patients,属于“妇产儿科与生殖健康”父类的英文细粒度主题，核心证据见别名和正向证据字段。,"A fine-grained topic under Obstetrics, Pediatrics and Reproductive Health, focusing on children, title, patients, reproductive, pediatric.",en,"['children', 'title', 'patients', 'reproductive', 'pediatric', 'treatment', 'cancer', 'disease']","['children', 'title', 'patients', 'reproductive', 'pediatric', 'treatment', 'cancer', 'disease']","['discrete choice experiment', 'health-related quality of life']",14,"['DOC_0894', 'DOC_0504', 'DOC_0205', 'DOC_0707', 'DOC_0891']","['Evaluation of long-term follow-up and methimazole therapy outcomes of pediatric Graves’ disease: a single-center experience', 'Reproductive outcomes after floxuridine-based regimens for gestational trophoblastic neoplasia: A retrospective cohort study in a national referral center in China', 'The pediatric early warning system score: A severity of illness score to predict urgent medical need in hospitalized children', 'Ghrelin, obestatin and the ghrelin/obestatin ratio as potential mediators for food intake among obese children: a case control study', 'PON1 arylesterase activity, HDL functionality and their correlation in malnourished children']",3,reviewed,0.6411,0.0138,0.42,0.28,8.0,v7_en_high_medium_gold
AS-A08-EN-002,application,A08,妇产儿科与生殖健康,"Obstetrics, Pediatrics and Reproductive Health",妇产儿科与生殖健康—英文证据主题2,Discrete Choice Experiment / Children / Health-Related Quality Of Life,属于“妇产儿科与生殖健康”父类的英文细粒度主题，核心证据见别名和正向证据字段。,"A fine-grained topic under Obstetrics, Pediatrics and Reproductive Health, focusing on discrete choice experiment, children, health-related quality of life.",en,"['discrete choice experiment', 'children', 'health-related quality of life']","['discrete choice experiment', 'children', 'health-related quality of life']","['title', 'patients', 'reproductive', 'pediatric']",7,"['DOC_0297', 'DOC_0217', 'DOC_0623', 'DOC_0421', 'DOC_0326']","['Does Changing the Age of a Child to be Considered in 3-Level Version of EQ-5D-Y Discrete Choice Experiment–Based Valuation Studies Affect Health Preferences?', 'Comparison of Adult and Adolescent Preferences Toward EQ-5D-Y-3L Health States', 'A Review of the Methods Used to Generate Utility Values in NICE Technology Assessments for Children and Adolescents', 'Cost-Effectiveness of Pediatric Influenza Vaccination in The Netherlands', 'Multiple exposure pathways and health risk assessment of potentially harmful elements for children and adults living in a coal region in Brazil']",3,reviewed,0.6411,0.0138,0.42,0.28,8.0,v7_en_high_medium_gold
AS-A09-EN-001,application,A09,医学影像、诊断与医疗器械,"Medical Imaging, Diagnostics and Medical Devices",医学影像、诊断与医疗器械—英文证据主题1,"Medical Imaging, Diagnostics and Medical Devices",属于“医学影像、诊断与医疗器械”父类的英文细粒度主题，核心证据见别名和正向证据字段。,"A fine-grained topic under Medical Imaging, Diagnostics and Medical Devices, focusing on Medical Imaging, Diagnostics and Medical Devices.",en,[],[],[],7,"['DOC_0146', 'DOC_0709', 'DOC_0329', 'DOC_0848', 'DOC_0142']","['Preoperative measurement of the hiatal surface with MDCT: impact on surgical planning', 'MRI texture analysis in acromegaly and its role in predicting response to somatostatin receptor ligands', 'A deep cascaded segmentation of obstructive sleep apnea-relevant organs from sagittal spine MRI', 'Analysis of age-related changes in midfacial fat compartments in Asian women using computed tomography', 'The Optimal Sample Size for Usability Testing, From the Manufacturer’s Perspective: A Value-of-Information Approach']",2,stable,1.0,0.0,0.42,0.28,8.0,v7_en_high_medium_gold
AS-A10-EN-001,application,A10,公共卫生、护理与卫生服务,"Public Health, Nursing and Health Services",公共卫生、护理与卫生服务—英文证据主题1,"Public Health, Nursing and Health Services",属于“公共卫生、护理与卫生服务”父类的英文细粒度主题，核心证据见别名和正向证据字段。,"A fine-grained topic under Public Health, Nursing and Health Services, focusing on Public Health, Nursing and Health Services.",en,[],[],[],5,"['DOC_0456', 'DOC_0763', 'DOC_0270', 'DOC_0545', 'DOC_0174']","['A Systematic Review and Meta-Analysis of Change in Health-Related Quality of Life for Interactive Telehealth Interventions for Patients With Asthma', 'Psychometric performance of the Quality of Life in Short Stature Youth (QoLISSY) questionnaire in a randomized open-label comparator trial in idiopathic short stature', 'The Functional Assessment of Cancer Therapy Eight Dimension (FACT-8D), a Multi-Attribute Utility Instrument Derived From the Cancer-Specific FACT-General (FACT-G) Quality of Life Questionnaire: Development and Australian Value Set', 'Investigating the effects of myofascial induction therapy techniques on pain, function and quality of life in patients with chronic low back pain', 'Heparin-induced thrombocytopenia in extra-corporeal membrane oxygenation: epidemiology, outcomes, and diagnostic challenges']",2,stable,1.0,0.0,0.42,0.28,8.0,v7_en_high_medium_gold
AS-A11-EN-001,application,A11,兽医、水产与动物健康,"Veterinary, Aquaculture and Animal Health",兽医、水产与动物健康—英文证据主题1,"Veterinary, Aquaculture and Animal Health",属于“兽医、水产与动物健康”父类的英文细粒度主题，核心证据见别名和正向证据字段。,"A fine-grained topic under Veterinary, Aquaculture and Animal Health, focusing on Veterinary, Aquaculture and Animal Health.",en,[],[],[],8,"['DOC_0674', 'DOC_0801', 'DOC_0264', 'DOC_0665', 'DOC_0578']","['Impaired peroxisomal fat oxidation induces hepatic lipid accumulation and oxidative damage in Nile tilapia', 'Effect of dietary purslane (Portulaca oleracea L.) leaves powder on growth, immunostimulation, and protection of Nile tilapia, Oreochromis niloticus against Aeromonas hydrophila infection', 'Effect of 1 mg/kg oral prednisolone on biochemical analytes in ten dogs: a cross-over study', 'The onset of piscivory in a freshwater fish species: analysis of behavioural and physiological traits', 'Identification of the Nrf2 in the fathead minnow muscle cell line: role for a regulation in response to H2O2 induced the oxidative stress in fish cell']",2,stable,1.0,0.0,0.42,0.28,8.0,v7_en_high_medium_gold
AS-A12-EN-001,application,A12,生态保护与农业生物,Ecological Conservation and Agricultural Biology,生态保护与农业生物—英文证据主题1,Species Richness / Conservation / Species,属于“生态保护与农业生物”父类的英文细粒度主题，核心证据见别名和正向证据字段。,"A fine-grained topic under Ecological Conservation and Agricultural Biology, focusing on species richness, conservation, species, plant, seed.",en,"['species richness', 'conservation', 'species', 'plant', 'seed', 'soil', 'richness', 'title']","['species richness', 'conservation', 'species', 'plant', 'seed', 'soil', 'richness', 'title']","['implantation', 'high performance', 'pacemaker', 'mass spectrometry']",16,"['DOC_0846', 'DOC_0483', 'DOC_0669', 'DOC_0858', 'DOC_0868']","['Biological soil crust and vascular plant interactions in Western Myall ( Acacia papyrocarpa ) open woodland in South Australia', 'Grazing livestock increases both vegetation and seed bank diversity in remnant and restored grasslands', 'Soil water availability shapes species richness in mid‐latitude shrub steppe plant communities', 'Soil seed banks in the floodplain of a large river: A test of hypotheses on seed bank composition in relation to flooding and established vegetation', 'Requirements of plant species are linked to area and determine species pool and richness on small islands']",3,reviewed,0.5412,0.0152,0.42,0.28,8.0,v7_en_high_medium_gold
AS-A12-EN-002,application,A12,生态保护与农业生物,Ecological Conservation and Agricultural Biology,生态保护与农业生物—英文证据主题2,Implantation / High Performance / Pacemaker,属于“生态保护与农业生物”父类的英文细粒度主题，核心证据见别名和正向证据字段。,"A fine-grained topic under Ecological Conservation and Agricultural Biology, focusing on implantation, high performance, pacemaker, mass spectrometry, ms ms.",en,"['implantation', 'high performance', 'pacemaker', 'mass spectrometry', 'ms ms', 'liquid', 'tandem', 'chromatography']","['implantation', 'high performance', 'pacemaker', 'mass spectrometry', 'ms ms', 'liquid', 'tandem', 'chromatography']","['species richness', 'conservation', 'species', 'plant']",5,"['DOC_0593', 'DOC_0749', 'DOC_0049', 'DOC_0912', 'DOC_0416']","['Determination of Bioactive Polyphenols in Mangrove Species and Their in-Vitro anti- Candida Activities by Ultra-High-Performance Liquid Chromatography – Electrospray Ionization – Tandem Mass Spectrometry (UPLC-ESI-MS/MS)', 'Comparative Proteomics in Rice Seedlings to Characterize the Resistance to Cadmium Stress by High-Performance Liquid Chromatography – Tandem Mass Spectrometry (HPLC-MS/MS) with Isobaric Tag for Relative and Absolute Quantitation (iTRAQ)', 'The value of electrophysiologic study in decision-making regarding the need for pacemaker implantation after TAVI', 'Midrange ejection fraction as a risk factor for deterioration of cardiofunction after permanent pacemaker implantation', 'Colossal Magnetization and Giant Coercivity in Ion-Implanted (Nb and Co) MoS 2 Crystals']",3,reviewed,0.5412,0.0152,0.42,0.28,8.0,v7_en_high_medium_gold
AS-A13-EN-001,application,A13,水环境、污染治理与废物资源化,"Water Environment, Pollution Control and Waste Valorization",水环境、污染治理与废物资源化—英文证据主题1,Water Treatment / Adsorption / Water,属于“水环境、污染治理与废物资源化”父类的英文细粒度主题，核心证据见别名和正向证据字段。,"A fine-grained topic under Water Environment, Pollution Control and Waste Valorization, focusing on water treatment, adsorption, water, removal, review.",en,"['water treatment', 'adsorption', 'water', 'removal', 'review', 'treatment', 'applications', 'remediation']","['water treatment', 'adsorption', 'water', 'removal', 'review', 'treatment', 'applications', 'remediation']","['risk', 'health', 'distribution', 'soil']",9,"['DOC_0966', 'DOC_0179', 'DOC_0192', 'DOC_0356', 'DOC_0449']","['Cellulose-based beads for the adsorptive removal of wastewater effluents: a review', 'Magnetic nanoadsorbents for micropollutant removal in real water treatment: a review', 'Transitional metal chalcogenide nanostructures for remediation and energy: a review', 'Biochar production, activation and adsorptive applications: a review', 'Capture and Release Recyclable Dimethylaminomethyl-Calixarene Functional Cloths for Point-of-Use Removal of Highly Toxic Chromium Water Pollutants']",3,stable,1.0,0.0316,0.42,0.28,8.0,v7_en_high_medium_gold
AS-A13-EN-002,application,A13,水环境、污染治理与废物资源化,"Water Environment, Pollution Control and Waste Valorization",水环境、污染治理与废物资源化—英文证据主题2,RISK / Health / Distribution,属于“水环境、污染治理与废物资源化”父类的英文细粒度主题，核心证据见别名和正向证据字段。,"A fine-grained topic under Water Environment, Pollution Control and Waste Valorization, focusing on risk, health, distribution, soil, china.",en,"['risk', 'health', 'distribution', 'soil', 'china', 'potentially toxic', 'level', 'source']","['risk', 'health', 'distribution', 'soil', 'china', 'potentially toxic', 'level', 'source']","['water treatment', 'adsorption', 'water', 'removal']",5,"['DOC_0155', 'DOC_0134', 'DOC_0090', 'DOC_0233', 'DOC_0762']","['Contamination level, source identification and health risk evaluation of potentially toxic elements (PTEs) in groundwater of an industrial city in eastern India', 'Ecological risk and enrichment of potentially toxic elements in the soil and eroded sediment in an organic vineyard (Tokaj Nagy Hill, Hungary)', ""Spatial distribution, pollution level, and health risk of Pb in the finer dust of residential areas: a case study of Xi'an, northwest China"", 'Accumulation risk and source apportionment of heavy metals in different types of farmland in a typical farming area of northern China', 'Distribution, characterization and health risk assessment of size fractionated bioaerosols at an open landfill site in Dehradun, India']",3,stable,1.0,0.0316,0.4412,0.3012,8.0,v7_en_high_medium_gold
AS-A14-EN-001,application,A14,能源、电池与太阳能系统,"Energy, Batteries and Solar-Energy Systems",能源、电池与太阳能系统—英文证据主题1,XPS / Batteries / Lithium,属于“能源、电池与太阳能系统”父类的英文细粒度主题，核心证据见别名和正向证据字段。,"A fine-grained topic under Energy, Batteries and Solar-Energy Systems, focusing on xps, batteries, lithium, solid, electrolyte.",en,"['xps', 'batteries', 'lithium', 'solid', 'electrolyte', 'sub', 'spectroscopy', 'ion']","['xps', 'batteries', 'lithium', 'solid', 'electrolyte', 'sub', 'spectroscopy', 'ion']","['tungsten carbide', 'recombination loss', 'leakage current', 'cigs thin film']",11,"['DOC_0290', 'DOC_0843', 'DOC_0132', 'DOC_0667', 'DOC_0622']","['Monitoring electrode/electrolyte interfaces of Li‐ion batteries under working conditions: A surface‐enhanced Raman spectroscopic study on LiCoO 2 composite cathodes', 'Electrochemical Impedance Spectroscopy and X-ray Photoelectron Spectroscopy Study of Lithium Metal Surface Aging in Imidazolium-Based Ionic Liquid Electrolytes Performed at Open-Circuit Voltage', 'Reactivity and Potential Profile across the Electrochemical LiCoO 2 –Li 3 PS 4 Interface Probed by Operando X-ray Photoelectron Spectroscopy', 'Quantifying Diffusion through Interfaces of Lithium-Ion Battery Active Materials', 'Sacrificial Poly(propylene carbonate) Membrane for Dispersing Nanoparticles and Preparing Artificial Solid Electrolyte Interphase on Li Metal Anode']",3,stable,0.7861,0.023,0.42,0.28,8.0,v7_en_high_medium_gold
AS-A14-EN-002,application,A14,能源、电池与太阳能系统,"Energy, Batteries and Solar-Energy Systems",能源、电池与太阳能系统—英文证据主题2,Tungsten Carbide / Recombination Loss / Leakage Current,属于“能源、电池与太阳能系统”父类的英文细粒度主题，核心证据见别名和正向证据字段。,"A fine-grained topic under Energy, Batteries and Solar-Energy Systems, focusing on tungsten carbide, recombination loss, leakage current, cigs thin film, trap density.",en,"['tungsten carbide', 'recombination loss', 'leakage current', 'cigs thin film', 'trap density', 'surface treatment', 'perovskite solar cells', 'performance enhancement']","['tungsten carbide', 'recombination loss', 'leakage current', 'cigs thin film', 'trap density', 'surface treatment', 'perovskite solar cells', 'performance enhancement']","['xps', 'batteries', 'lithium', 'solid']",4,"['DOC_0765', 'DOC_0066', 'DOC_0131', 'DOC_0367']","['Tuning Methylammonium Iodide Amount in Organolead Halide Perovskite Materials by Post-Treatment for High-Efficiency Solar Cells', 'Effect of sputtering power on properties and photovoltaic performance of CIGS thin film solar cells', 'Different Morphology Dependence for Efficient Indoor Organic Photovoltaics: The Role of the Leakage Current and Recombination Losses', 'Durable Tungsten Carbide Support for Pt-Based Fuel Cells Cathodes']",3,reviewed,0.7861,0.023,0.468,0.328,8.0,v7_en_high_medium_gold
AS-A15-EN-001,application,A15,结构材料、聚合物与复合材料,"Structural Materials, Polymers and Composites",结构材料、聚合物与复合材料—英文证据主题1,Conjugated Polymer / Nanocomposite / Self-Assembly,属于“结构材料、聚合物与复合材料”父类的英文细粒度主题，核心证据见别名和正向证据字段。,"A fine-grained topic under Structural Materials, Polymers and Composites, focusing on conjugated polymer, nanocomposite, self-assembly.",en,"['conjugated polymer', 'nanocomposite', 'self-assembly']","['conjugated polymer', 'nanocomposite', 'self-assembly']","['drug delivery', 'drug', 'delivery', 'food']",17,"['DOC_0566', 'DOC_0399', 'DOC_0980', 'DOC_0550', 'DOC_0345']","['Systematic Study on the Morphological Development of Blade-Coated Conjugated Polymer Thin Films via In Situ Measurements', 'Organoclay/conjugated polymer nanocomposites: structural, thermal, and electrical properties', 'Using the Surface Features of Plant Matter to Create All-Polymer Pseudocapacitors with High Areal Capacitance', 'Light-Emitting Electrochemical Cells Based on Conjugated Ion Gels', 'Tuning Interparticle Contacts and Transport Properties of Maghemite–Thermoset Nanocomposites by Applying Oscillating Magnetic Fields']",3,reviewed,0.1857,0.0055,0.42,0.28,8.0,v7_en_high_medium_gold
AS-A15-EN-002,application,A15,结构材料、聚合物与复合材料,"Structural Materials, Polymers and Composites",结构材料、聚合物与复合材料—英文证据主题2,Drug Delivery / DRUG / Delivery,属于“结构材料、聚合物与复合材料”父类的英文细粒度主题，核心证据见别名和正向证据字段。,"A fine-grained topic under Structural Materials, Polymers and Composites, focusing on drug delivery, drug, delivery, food, water.",en,"['drug delivery', 'drug', 'delivery', 'food', 'water', 'nanoparticles', 'enhanced', 'packaging']","['drug delivery', 'drug', 'delivery', 'food', 'water', 'nanoparticles', 'enhanced', 'packaging']","['conjugated polymer', 'nanocomposite', 'self-assembly']",9,"['DOC_0489', 'DOC_0140', 'DOC_0733', 'DOC_0080', 'DOC_0327']","['Functionalization of polymers and nanomaterials for water treatment, food packaging, textile and biomedical applications: a review', 'Bottlebrush Polymer-Conjugated Melittin Exhibits Enhanced Antitumor Activity and Better Safety Profile', 'Smart Fortified PHBV-CS Biopolymer with ZnO–Ag Nanocomposites for Enhanced Shelf Life of Food Packaging', 'Injectable Magnetic-Responsive Short-Peptide Supramolecular Hydrogels: Ex Vivo and In Vivo Evaluation', 'Monodisperse Selectively Permeable Hydrogel Capsules Made from Single Emulsion Drops']",3,reviewed,0.1857,0.0055,0.42,0.28,8.0,v7_en_high_medium_gold
AS-A15-EN-003,application,A15,结构材料、聚合物与复合材料,"Structural Materials, Polymers and Composites",结构材料、聚合物与复合材料—英文证据主题3,Surface Energy / Scaling / Surfaces,属于“结构材料、聚合物与复合材料”父类的英文细粒度主题，核心证据见别名和正向证据字段。,"A fine-grained topic under Structural Materials, Polymers and Composites, focusing on surface energy, scaling, surfaces, scale, dual.",en,"['surface energy', 'scaling', 'surfaces', 'scale', 'dual', 'energy', 'component', 'composites']","['surface energy', 'scaling', 'surfaces', 'scale', 'dual', 'energy', 'component', 'composites']","['conjugated polymer', 'nanocomposite', 'self-assembly']",7,"['DOC_0522', 'DOC_0925', 'DOC_0627', 'DOC_0592', 'DOC_0392']","['Scale-Phobic Surfaces Made of Rare Earth Oxide Ceramics', 'Micro-/Nanoscale Approach for Studying Scale Formation and Developing Scale-Resistant Surfaces', 'Nonionic Surfactants for the Cleaning of Works of Art: Insights on Acrylic Polymer Films Dewetting and Artificial Soil Removal', 'Oxygen Exchange in Dual-Phase La 0.65 Sr 0.35 MnO 3 –CeO 2 Composites for Solar Thermochemical Fuel Production', 'Reversible Dual-Stimuli-Responsive Chromic Transparent Wood Biocomposites for Smart Window Applications']",3,reviewed,0.1857,0.0055,0.42,0.28,8.0,v7_en_high_medium_gold
AS-A16-EN-001,application,A16,电子半导体与传感器件,"Electronics, Semiconductors and Sensor Devices",电子半导体与传感器件—英文证据主题1,Sensor / Fluorescence / Fluorescent,属于“电子半导体与传感器件”父类的英文细粒度主题，核心证据见别名和正向证据字段。,"A fine-grained topic under Electronics, Semiconductors and Sensor Devices, focusing on sensor, fluorescence, fluorescent, cu2, acid.",en,"['sensor', 'fluorescence', 'fluorescent', 'cu2', 'acid', 'dots', 'drug', 'detection']","['sensor', 'fluorescence', 'fluorescent', 'cu2', 'acid', 'dots', 'drug', 'detection']","['electrochemistry', 'high', 'applications', 'electrochemical']",9,"['DOC_0424', 'DOC_0337', 'DOC_0110', 'DOC_0346', 'DOC_0580']","['Construction of Hybrid Fluorescent Sensor for Cu2+ Detection Using Fluorescein-functionalized CdS Quantum Dots Via FRET', 'A Bis(Salamo)-Based Fluorogenic Sensor for Highly Selective and Sequential Recognition of Cu2+ and B4O72− Ions in Semi-Aqueous Medium', 'Fluorescent Sensors for Hg2+ and Cu2+ Based on Condensation Products of 4H-1,2,4 Triazole-4-Amine and Carboxylated Benzoic Acids', 'Simple One-step Solid-state Synthesis of Highly Crystalline N Doped Carbon Dots As Selective Turn Off-sensor for Picric Acid and Metanil Yellow', 'Re-usage of the Waste Drug as Molecular Chemosensor for Fe3+ Ion: Application towards Fluorescent Ink']",3,reviewed,0.5944,0.0125,0.42,0.28,8.0,v7_en_high_medium_gold
AS-A16-EN-002,application,A16,电子半导体与传感器件,"Electronics, Semiconductors and Sensor Devices",电子半导体与传感器件—英文证据主题2,Electrochemistry / HIGH / Applications,属于“电子半导体与传感器件”父类的英文细粒度主题，核心证据见别名和正向证据字段。,"A fine-grained topic under Electronics, Semiconductors and Sensor Devices, focusing on electrochemistry, high, applications, electrochemical, film.",en,"['electrochemistry', 'high', 'applications', 'electrochemical', 'film', 'optoelectronic', 'devices', 'sensing']","['electrochemistry', 'high', 'applications', 'electrochemical', 'film', 'optoelectronic', 'devices', 'sensing']","['sensor', 'fluorescence', 'fluorescent', 'cu2']",7,"['DOC_0204', 'DOC_0577', 'DOC_0272', 'DOC_0823', 'DOC_0659']","['Defect Engineering in Ultrathin SnSe Nanosheets for High-Performance Optoelectronic Applications', 'Synthesis of Wafer-Scale Monolayer Pyrenyl Graphdiyne on Ultrathin Hexagonal Boron Nitride for Multibit Optoelectronic Memory', 'Glycerol-Based Dendrimer Nanocomposite Film as a Tunable pH-Sensor for Food Packaging', 'ALD HfO 2 Films for Defining Microelectrodes for Electrochemical Sensing and Other Applications', 'Strain Sensor with Both a Wide Sensing Range and High Sensitivity Based on Braided Graphene Belts']",3,reviewed,0.5944,0.0125,0.42,0.28,8.0,v7_en_high_medium_gold
AS-A16-EN-003,application,A16,电子半导体与传感器件,"Electronics, Semiconductors and Sensor Devices",电子半导体与传感器件—英文证据主题3,Magnetron Sputtering / Surface Acoustic Wave / Sio 2 Film,属于“电子半导体与传感器件”父类的英文细粒度主题，核心证据见别名和正向证据字段。,"A fine-grained topic under Electronics, Semiconductors and Sensor Devices, focusing on magnetron sputtering, surface acoustic wave, sio 2 film, humidity sensor, tem.",en,"['magnetron sputtering', 'surface acoustic wave', 'sio 2 film', 'humidity sensor', 'tem', 'singlet fission', 'separated functions', 'reactive sputtering']","['magnetron sputtering', 'surface acoustic wave', 'sio 2 film', 'humidity sensor', 'tem', 'singlet fission', 'separated functions', 'reactive sputtering']","['electrochemistry', 'high', 'applications', 'electrochemical']",3,"['DOC_0813', 'DOC_0196', 'DOC_0842']","['Controlling Carrier Type and Concentration in NiO Films To Enable in Situ PN Homojunctions', 'Surface acoustic wave relative humidity sensor based on sputtering SiO 2 film', 'Separation in the Roles of Carrier Transport and Light Emission in Light-Emitting Organic Transistors with a Bilayer Configuration']",3,reviewed,0.5944,0.0125,0.5415,0.4015,8.0,v7_en_high_medium_gold
AS-A17-EN-001,application,A17,光学光子、天线与射频,"Optics, Photonics, Antennas and Radio Frequency",光学光子、天线与射频—英文证据主题1,Microfluidics / Laser / Light,属于“光学光子、天线与射频”父类的英文细粒度主题，核心证据见别名和正向证据字段。,"A fine-grained topic under Optics, Photonics, Antennas and Radio Frequency, focusing on microfluidics, laser, light, materials, tailored.",en,"['microfluidics', 'laser', 'light', 'materials', 'tailored', 'nonlinear', 'large', 'optical']","['microfluidics', 'laser', 'light', 'materials', 'tailored', 'nonlinear', 'large', 'optical']","['waveguide', 'integrated', 'linear', 'compact']",11,"['DOC_0149', 'DOC_0285', 'DOC_0450', 'DOC_0152', 'DOC_0428']","['Second harmonic generation in glass-based metasurfaces using tailored surface lattice resonances', 'Monitoring light source for CMS lead tungstate crystal calorimeter at LHC', 'Large-scale monolayer molybdenum disulfide (MoS 2 ) for mid-infrared photonics', 'Laser–particle interaction-based analysis of powder particle effects on temperatures and distortions in directed energy deposition additive manufacturing', 'The road to atomically thin metasurface optics']",3,reviewed,0.4392,0.0127,0.42,0.28,8.0,v7_en_high_medium_gold
AS-A17-EN-002,application,A17,光学光子、天线与射频,"Optics, Photonics, Antennas and Radio Frequency",光学光子、天线与射频—英文证据主题2,Waveguide / Integrated / Linear,属于“光学光子、天线与射频”父类的英文细粒度主题，核心证据见别名和正向证据字段。,"A fine-grained topic under Optics, Photonics, Antennas and Radio Frequency, focusing on waveguide, integrated, linear, compact, surface plasmon.",en,"['waveguide', 'integrated', 'linear', 'compact', 'surface plasmon', 'terahertz', 'waves', 'loss']","['waveguide', 'integrated', 'linear', 'compact', 'surface plasmon', 'terahertz', 'waves', 'loss']","['microfluidics', 'laser', 'light', 'materials']",10,"['DOC_0782', 'DOC_0888', 'DOC_0745', 'DOC_0092', 'DOC_0897']","['High-performance and compact broadband terahertz plasmonic waveguide intersection', 'Monolithic waveguide laser mode-locked by embedded Ag nanoparticles operating at 1 μm', 'Focused vortex-beam generation using gap-surface plasmon metasurfaces', 'Linear-polarized terahertz isolator by breaking the gyro-mirror symmetry in cascaded magneto-optical metagrating', 'A compact structure for realizing Lorentzian, Fano, and electromagnetically induced transparency resonance lineshapes in a microring resonator']",3,reviewed,0.4392,0.0127,0.42,0.28,8.0,v7_en_high_medium_gold
AS-A17-EN-003,application,A17,光学光子、天线与射频,"Optics, Photonics, Antennas and Radio Frequency",光学光子、天线与射频—英文证据主题3,Microstrip Antenna / Soft Surface Ground / Shared-Aperture,属于“光学光子、天线与射频”父类的英文细粒度主题，核心证据见别名和正向证据字段。,"A fine-grained topic under Optics, Photonics, Antennas and Radio Frequency, focusing on microstrip antenna, soft surface ground, shared-aperture, metamaterial, loading.",en,"['microstrip antenna', 'soft surface ground', 'shared-aperture', 'metamaterial', 'loading', 'fabry-perot cavity antenna', 'uwb', 'wlan/wimax']","['microstrip antenna', 'soft surface ground', 'shared-aperture', 'metamaterial', 'loading', 'fabry-perot cavity antenna', 'uwb', 'wlan/wimax']","['waveguide', 'integrated', 'linear', 'compact']",4,"['DOC_0887', 'DOC_0713', 'DOC_0014', 'DOC_0686']","['Compact multi-band stacked circular patch antenna for wideband applications with enhanced gain', 'A unique metamaterial inspired star-slot UWB antenna with soft surface ground', 'A tri-band low-profile shared-aperture mesh patch/Fabry-Perot cavity antenna', 'Design of circularly polarized patch antennas using anisotropic high refractive index metamaterial loading']",3,reviewed,0.4392,0.0127,0.4859,0.3459,8.0,v7_en_high_medium_gold
AS-A18-EN-001,application,A18,土木岩土与交通基础设施,"Civil, Geotechnical and Transport Infrastructure",土木岩土与交通基础设施—英文证据主题1,"Civil, Geotechnical and Transport Infrastructure",属于“土木岩土与交通基础设施”父类的英文细粒度主题，核心证据见别名和正向证据字段。,"A fine-grained topic under Civil, Geotechnical and Transport Infrastructure, focusing on Civil, Geotechnical and Transport Infrastructure.",en,[],[],[],4,"['DOC_0033', 'DOC_0030', 'DOC_0656', 'DOC_0021']","['Investigation on interface stripping damage at high-temperature using microstructural analysis', 'Large-scale direct shear testing of geogrid-reinforced aggregate base over weak subgrade', 'Absorption characteristics and shrinkage mitigation of superabsorbent polymers in pavement concrete', 'Component, design, and prospects of self-consistent energy systems for transport infrastructures']",2,reviewed,1.0,0.0,0.4649,0.3249,8.0,v7_en_high_medium_gold
AS-A19-EN-001,application,A19,机械制造与工程装备,Mechanical Manufacturing and Engineering Equipment,机械制造与工程装备—英文证据主题1,Mechanical Manufacturing and Engineering Equipment,属于“机械制造与工程装备”父类的英文细粒度主题，核心证据见别名和正向证据字段。,"A fine-grained topic under Mechanical Manufacturing and Engineering Equipment, focusing on Mechanical Manufacturing and Engineering Equipment.",en,[],[],[],6,"['DOC_0071', 'DOC_0822', 'DOC_0988', 'DOC_0836', 'DOC_0122']","['Calix[4]arene phosphonato derivative as a novel and capable processing aid agent for improving dynamic, mechanical, and thermal behavior of tire tread rubber compounds', 'Evaluation of thermoelastic damping in micromechanical resonators with axial pretension: An analytical model accounting for two-dimensional thermal conduction', 'Mechanical Stretch of High Magnitude Provokes Axonal Injury, Elongation of Paranodal Junctions, and Signaling Alterations in Oligodendrocytes', 'Molecular Engineering of Structurally Diverse Dendrimers with Large Electro-Optic Activities', 'Practice of sedation and the perception of discomfort during mechanical ventilation in Chinese intensive care units']",2,stable,1.0,0.0,0.42,0.28,8.0,v7_en_high_medium_gold
AS-A20-EN-001,application,A20,机器人、自动控制与自主系统,"Robotics, Automatic Control and Autonomous Systems",机器人、自动控制与自主系统—英文证据主题1,"Robotics, Automatic Control and Autonomous Systems",属于“机器人、自动控制与自主系统”父类的英文细粒度主题，核心证据见别名和正向证据字段。,"A fine-grained topic under Robotics, Automatic Control and Autonomous Systems, focusing on Robotics, Automatic Control and Autonomous Systems.",en,[],[],[],4,"['DOC_0508', 'DOC_0474', 'DOC_0441', 'DOC_0928']","['Synchronous robotic right hemicolectomy and subtotal gastrectomy', 'Ivor‐Lewis oesophagectomy: A standardized operative technique in 11 steps', 'Real-time vessel segmentation and reconstruction for virtual fixtures for an active handheld microneurosurgical instrument', 'Total hip arthroplasty using stem-first technique with navigation: the potential of achievement of the optimal combined anteversion being a risk factor for anterior cup protrusion']",2,reviewed,1.0,0.0,0.4672,0.3272,8.0,v7_en_high_medium_gold
AS-A21-EN-001,application,A21,化学催化与碳资源转化,Chemical Catalysis and Carbon-Resource Conversion,化学催化与碳资源转化—英文证据主题1,Catalyst / Photocatalytic / Visible,属于“化学催化与碳资源转化”父类的英文细粒度主题，核心证据见别名和正向证据字段。,"A fine-grained topic under Chemical Catalysis and Carbon-Resource Conversion, focusing on catalyst, photocatalytic, visible, light, characterization.",en,"['catalyst', 'photocatalytic', 'visible', 'light', 'characterization', 'acetone', 'deactivation', 'thiophene']","['catalyst', 'photocatalytic', 'visible', 'light', 'characterization', 'acetone', 'deactivation', 'thiophene']","['electrocatalyst', 'vitamin b 12', 'vinyl crosslinking', 'silicon-containing arylacetylene resin']",6,"['DOC_0381', 'DOC_0084', 'DOC_0349', 'DOC_0415', 'DOC_0341']","['Perylenetetracarboxylic acid–incorporated silver nanocluster for cost-effective visible-light-driven photocatalysis and catalytic reduction', 'Hydrogen Production at a NiO Photocathode Based on a Ruthenium Dye–Cobalt Diimine Dioxime Catalyst Assembly: Insights from Advanced Spectroscopy and Post-operando Characterization', 'Fundamentals, synthesis, characterization and environmental applications of layered double hydroxides: a review', 'Study on the influence of the introduction of the thiophene group on the photocatalytic performance of polymer', 'Porous Graphitic Carbons Containing Nitrogen by Structuration of Chitosan with Pluronic P123']",3,reviewed,0.2184,0.0103,0.42,0.28,8.0,v7_en_high_medium_gold
AS-A21-EN-002,application,A21,化学催化与碳资源转化,Chemical Catalysis and Carbon-Resource Conversion,化学催化与碳资源转化—英文证据主题2,Electrocatalyst / Vitamin B 12 / Vinyl Crosslinking,属于“化学催化与碳资源转化”父类的英文细粒度主题，核心证据见别名和正向证据字段。,"A fine-grained topic under Chemical Catalysis and Carbon-Resource Conversion, focusing on electrocatalyst, vitamin b 12, vinyl crosslinking, silicon-containing arylacetylene resin, nanocrystal.",en,"['electrocatalyst', 'vitamin b 12', 'vinyl crosslinking', 'silicon-containing arylacetylene resin', 'nanocrystal', 'graphene', 'doping', 'digestive-ripening']","['electrocatalyst', 'vitamin b 12', 'vinyl crosslinking', 'silicon-containing arylacetylene resin', 'nanocrystal', 'graphene', 'doping', 'digestive-ripening']","['catalyst', 'photocatalytic', 'visible', 'light']",4,"['DOC_0699', 'DOC_0759', 'DOC_0533', 'DOC_0360']","['Synthesis of V-doped In 2 O 3 Nanocrystals via Digestive-Ripening Process and Their Electrocatalytic Properties in CO 2 Reduction Reaction', 'Tuning the Electrocatalytic Activity of Co 3 O 4 through Discrete Elemental Doping', 'Vitamin B 12 on Graphene for Highly Efficient CO 2 Electroreduction', 'Study on vinyl crosslinking and related properties of silicon-containing arylacetylene resin synthesised by zinc powder catalysis']",3,reviewed,0.2184,0.0103,0.4689,0.3289,8.0,v7_en_high_medium_gold
AS-A22-EN-001,application,A22,分子生物学、遗传与细胞机制,"Molecular Biology, Genetics and Cellular Mechanisms",分子生物学、遗传与细胞机制—英文证据主题1,Amyloid / Autophagy / Protein,属于“分子生物学、遗传与细胞机制”父类的英文细粒度主题，核心证据见别名和正向证据字段。,"A fine-grained topic under Molecular Biology, Genetics and Cellular Mechanisms, focusing on amyloid, autophagy, protein, treatment, disease.",en,"['amyloid', 'autophagy', 'protein', 'treatment', 'disease', 'patients', 'title', 'inhibition']","['amyloid', 'autophagy', 'protein', 'treatment', 'disease', 'patients', 'title', 'inhibition']","['transcription', 'neurons', 'cell', 'differentiation']",20,"['DOC_0505', 'DOC_0191', 'DOC_0909', 'DOC_0984', 'DOC_0817']","['Chronic Memantine Treatment Ameliorates Behavioral Deficits, Neuron Loss, and Impaired Neurogenesis in a Model of Alzheimer’s Disease', 'Therapeutic Assay with the Non-toxic C-Terminal Fragment of Tetanus Toxin (TTC) in Transgenic Murine Models of Prion Disease', 'Serum concentration of surfactant protein D in patients with systemic sclerosis: The potential marker of the interstitial lung disease severity', 'Calpain Inhibition Increases SMN Protein in Spinal Cord Motoneurons and Ameliorates the Spinal Muscular Atrophy Phenotype in Mice', 'A Systematic Review of MicroRNA Expression as Biomarker of Late-Onset Alzheimer’s Disease']",3,reviewed,0.3269,0.0048,0.42,0.28,8.0,v7_en_high_medium_gold
AS-A22-EN-002,application,A22,分子生物学、遗传与细胞机制,"Molecular Biology, Genetics and Cellular Mechanisms",分子生物学、遗传与细胞机制—英文证据主题2,Transcription / Neurons / CELL,属于“分子生物学、遗传与细胞机制”父类的英文细粒度主题，核心证据见别名和正向证据字段。,"A fine-grained topic under Molecular Biology, Genetics and Cellular Mechanisms, focusing on transcription, neurons, cell, differentiation, rna.",en,"['transcription', 'neurons', 'cell', 'differentiation', 'rna', 'stem', 'intestine', 'signaling']","['transcription', 'neurons', 'cell', 'differentiation', 'rna', 'stem', 'intestine', 'signaling']","['amyloid', 'autophagy', 'protein', 'treatment']",15,"['DOC_0053', 'DOC_0193', 'DOC_0394', 'DOC_0591', 'DOC_0157']","['Transcriptional Regulation by ATOH1 and its Target SPDEF in the Intestine', 'Myenteric neurons do not replicate in small intestine under normal, physiological conditions in adult mouse', 'scRNA-Seq Reveals New Enteric Nervous System Roles for GDNF, NRTN, and TBX3', 'Molecular Mechanisms for Krüppel-Like Factor 13 Actions in Hippocampal Neurons', 'CREB-mediated transcriptional activation of NRMT1 drives muscle differentiation']",3,reviewed,0.3269,0.0048,0.42,0.28,8.0,v7_en_high_medium_gold
AS-A22-EN-003,application,A22,分子生物学、遗传与细胞机制,"Molecular Biology, Genetics and Cellular Mechanisms",分子生物学、遗传与细胞机制—英文证据主题3,Hydrogen Evolution Reaction / Generation / Network,属于“分子生物学、遗传与细胞机制”父类的英文细粒度主题，核心证据见别名和正向证据字段。,"A fine-grained topic under Molecular Biology, Genetics and Cellular Mechanisms, focusing on hydrogen evolution reaction, generation, network, hydrogen, learning.",en,"['hydrogen evolution reaction', 'generation', 'network', 'hydrogen', 'learning', 'title', 'field', 'evolution']","['hydrogen evolution reaction', 'generation', 'network', 'hydrogen', 'learning', 'title', 'field', 'evolution']","['amyloid', 'autophagy', 'protein', 'treatment']",11,"['DOC_0199', 'DOC_0455', 'DOC_0820', 'DOC_0502', 'DOC_0499']","['Supramolecular Anchoring Strategy for Facile Production of Ruthenium Nanoparticles Embedded in N-Doped Mesoporous Carbon Nanospheres for Efficient Hydrogen Generation', 'NIST-certified secure key generation via deep learning of physical unclonable functions in silica aerogels', '[MoS 4 ] 2– -Intercalated NiCo-Layered Double Hydroxide Nanospikes: An Efficiently Synergized Material for Urine To Direct H 2 Generation', 'A modified Ising model of Barabási–Albert network with gene-type spins', 'Generative multi-adversarial network for striking the right balance in abdominal image segmentation']",3,reviewed,0.3269,0.0048,0.42,0.28,8.0,v7_en_high_medium_gold
AS-A23-EN-001,application,A23,食品营养、天然产物与植物活性,"Food, Nutrition, Natural Products and Plant Bioactivity",食品营养、天然产物与植物活性—英文证据主题1,Antioxidant Activity / Antioxidant / Activity,属于“食品营养、天然产物与植物活性”父类的英文细粒度主题，核心证据见别名和正向证据字段。,"A fine-grained topic under Food, Nutrition, Natural Products and Plant Bioactivity, focusing on antioxidant activity, antioxidant, activity, properties, content.",en,"['antioxidant activity', 'antioxidant', 'activity', 'properties', 'content', 'phytochemical', 'potato', 'sweet']","['antioxidant activity', 'antioxidant', 'activity', 'properties', 'content', 'phytochemical', 'potato', 'sweet']","['food', 'natural', 'products', 'fruit']",8,"['DOC_0698', 'DOC_0845', 'DOC_0590', 'DOC_0947', 'DOC_0867']","['Antioxidant activity, nutritional, and phenolic composition of sweet potato leaves as affected by harvesting period', 'Physical properties, resistant starch content and antioxidant profile of purple sweet potato powder after 12 months of storage', 'Anticholinergic and antioxidant activities of avocado ( Folium perseae ) leaves – phytochemical content by LC-MS/MS analysis', 'Phytochemical screening and antioxidant properties of methanolic extract of root of Asparagus racemosus Linn', 'Antioxidant and physicochemical properties of soluble dietary fiber from garlic straw as treated by energy-gathered ultrasound']",3,reviewed,0.3326,0.0155,0.42,0.28,8.0,v7_en_high_medium_gold
AS-A23-EN-002,application,A23,食品营养、天然产物与植物活性,"Food, Nutrition, Natural Products and Plant Bioactivity",食品营养、天然产物与植物活性—英文证据主题2,FOOD / Natural / Products,属于“食品营养、天然产物与植物活性”父类的英文细粒度主题，核心证据见别名和正向证据字段。,"A fine-grained topic under Food, Nutrition, Natural Products and Plant Bioactivity, focusing on food, natural, products, fruit, human.",en,"['food', 'natural', 'products', 'fruit', 'human', 'title', 'health', 'factors']","['food', 'natural', 'products', 'fruit', 'human', 'title', 'health', 'factors']","['antioxidant activity', 'antioxidant', 'activity', 'properties']",7,"['DOC_0398', 'DOC_0333', 'DOC_0216', 'DOC_0317', 'DOC_0599']","['Antioxidant-rich natural fruit and vegetable products and human health', 'Biogeochemical Control on the Mobilization of Cd in Soil', 'Application of triazoles in the structural modification of natural products', 'E-nose coupled with an artificial neural network to detection of fraud in pure and industrial fruit juices', 'Deciphering Food Hawkerpreneurship: Challenges and success factors in franchising street food businesses in Malaysia']",3,reviewed,0.3326,0.0155,0.42,0.28,8.0,v7_en_high_medium_gold
AS-A24-EN-001,application,A24,经济政策、社会治理与法律,"Economic Policy, Social Governance and Law",经济政策、社会治理与法律—英文证据主题1,"Economic Policy, Social Governance and Law",属于“经济政策、社会治理与法律”父类的英文细粒度主题，核心证据见别名和正向证据字段。,"A fine-grained topic under Economic Policy, Social Governance and Law, focusing on Economic Policy, Social Governance and Law.",en,[],[],[],8,"['DOC_0490', 'DOC_0042', 'DOC_0184', 'DOC_0393', 'DOC_0259']","['The History and Future of the “ISPOR Value Flower”: Addressing Limitations of Conventional Cost-Effectiveness Analysis', 'Cost-Effectiveness and Dynamic Efficiency: Does the Solution Lie Within?', 'Estimation of the Width of Uncertainty in Care Consumption and Costs When Using Common Data Collection Tools in Economic Evaluations: A Benchmark for Sensitivity Analyses', 'Cost-Effectiveness of an Opioid Abuse–Prevention Program Using the Narcotics Information Management System in South Korea', 'Costs and Cost-Effectiveness of Malaria Control Interventions: A Systematic Literature Review']",2,stable,1.0,0.0,0.42,0.28,8.0,v7_en_high_medium_gold
AS-A25-EN-001,application,A25,教育培训与科研能力建设,"Education, Training and Research Capacity Building",教育培训与科研能力建设—英文证据主题1,"Education, Training and Research Capacity Building",属于“教育培训与科研能力建设”父类的英文细粒度主题，核心证据见别名和正向证据字段。,"A fine-grained topic under Education, Training and Research Capacity Building, focusing on Education, Training and Research Capacity Building.",en,[],[],[],6,"['DOC_0304', 'DOC_0473', 'DOC_0792', 'DOC_0832', 'DOC_0600']","['Drivers of Users’ Embracement of 3D Digital Educational Spaces in Higher Education: A Qualitative Approach', 'Postgraduate Students’ Experiences on the Use of Moodle and Canvas Learning Management System', 'Pulmonary embolism response team implementation improves awareness and education among the house staff and faculty', 'Making a connection to field geoscience for Native American youth through culture, nature, and community', 'Homogenizing the Teaching of Engaged Medical Examinations to Large Numbers of Students: the Experience of the Digital Rectal Examination']",2,stable,1.0,0.0,0.42,0.28,8.0,v7_en_high_medium_gold
AS-A26-EN-001,application,A26,计算机科学、人工智能与数据分析,"Computer Science, Artificial Intelligence and Data Analytics",计算机科学、人工智能与数据分析—英文证据主题1,"Computer Science, Artificial Intelligence and Data Analytics",属于“计算机科学、人工智能与数据分析”父类的英文细粒度主题，核心证据见别名和正向证据字段。,"A fine-grained topic under Computer Science, Artificial Intelligence and Data Analytics, focusing on Computer Science, Artificial Intelligence and Data Analytics.",en,[],[],[],2,"['DOC_0720', 'DOC_0727']","['Evaluating Thermal Quenching Temperature in Eu 3+ -Substituted Oxide Phosphors via Machine Learning', 'Machine learning-based prediction of response to growth hormone treatment in Turner syndrome: the LG Growth Study']",2,candidate,1.0,0.0,0.6819,0.5419,8.0,v7_en_high_medium_gold
AS-A27-EN-001,application,A27,物理数学与基础科学,"Physics, Mathematics and Fundamental Science",物理数学与基础科学—英文证据主题1,"Physics, Mathematics and Fundamental Science",属于“物理数学与基础科学”父类的英文细粒度主题，核心证据见别名和正向证据字段。,"A fine-grained topic under Physics, Mathematics and Fundamental Science, focusing on Physics, Mathematics and Fundamental Science.",en,[],[],[],6,"['DOC_0445', 'DOC_0694', 'DOC_0748', 'DOC_0771', 'DOC_0768']","['Wide-gap photoluminescence control of quantum dots through atomic interdiffusion and bandgap renormalization', 'One-Step Green Preparation of N-Doped Silicon Quantum Dots for the on-off Fluorescent Determination of Hydrogen Peroxide', 'Confinement-Induced Giant Spin–Orbit-Coupled Magnetic Moment of Co Nanoclusters in TiO 2 Films', 'Spin coherent quantum transport of electrons between defects in diamond', 'Quantum chemical simulation and laboratory testing of the curing mechanism and performance of resin bio-oil']",2,stable,1.0,0.0,0.42,0.28,8.0,v7_en_high_medium_gold
AS-A28-EN-001,application,A28,气候地球科学与自然灾害,"Climate, Earth Science and Natural Hazards",气候地球科学与自然灾害—英文证据主题1,"Climate, Earth Science and Natural Hazards",属于“气候地球科学与自然灾害”父类的英文细粒度主题，核心证据见别名和正向证据字段。,"A fine-grained topic under Climate, Earth Science and Natural Hazards, focusing on Climate, Earth Science and Natural Hazards.",en,[],[],[],3,"['DOC_0305', 'DOC_0723', 'DOC_0257']","['Overheating assessment in flats with glazed balconies in warm-summer humid continental climate', 'Semi‐arid savanna herbaceous production and diversity responses to interactive effects of drought, nitrogen deposition, and fire', 'LamaH | Large-Sample Data for Hydrology: Big data für die Hydrologie und Umweltwissenschaften']",2,reviewed,1.0,0.0,0.5382,0.3982,8.0,v7_en_high_medium_gold
AS-A29-EN-001,application,A29,药物开发、递送与治疗材料,"Drug Development, Delivery and Therapeutic Materials",药物开发、递送与治疗材料—英文证据主题1,"Drug Development, Delivery and Therapeutic Materials",属于“药物开发、递送与治疗材料”父类的英文细粒度主题，核心证据见别名和正向证据字段。,"A fine-grained topic under Drug Development, Delivery and Therapeutic Materials, focusing on Drug Development, Delivery and Therapeutic Materials.",en,[],[],[],3,"['DOC_0212', 'DOC_0572', 'DOC_0915']","['Nanostructured Valsartan Microparticles with Enhanced Bioavailability Produced by High-Throughput Electrohydrodynamic Room-Temperature Atomization', 'Determination of Dehydroepiandrosterone in Dietary Supplements and Pharmaceutical Products by a Competitive Chemiluminescent Enzyme Immunoassay', 'Microglial Depletion with Clodronate Liposomes Increases Proinflammatory Cytokine Levels, Induces Astrocyte Activation, and Damages Blood Vessel Integrity']",2,reviewed,1.0,0.0,0.541,0.401,8.0,v7_en_high_medium_gold
AS-A31-ZH-001,application,A31,配电网与分布式能源系统,Distribution Grids and Distributed Energy Systems,配电网拓扑与户变关系识别,Distribution-Network Topology and Transformer-Customer Identification,属于“配电网与分布式能源系统”父类，核心边界由拓扑识别、户变关系、电压相关性等证据确定。,A seeded fine-grained topic under Distribution Grids and Distributed Energy Systems.,zh,"['拓扑识别', '户变关系', '电压相关性']","['拓扑识别', '户变关系', '电压相关性']","['故障定位', '故障恢复', '韧性', '移动储能']",3,"['ZH_0699', 'ZH_0018', 'ZH_0851']","['基于电压聚类和关联卷积的配电网户变关系识别方法', '基于改进FCM和最小互信息算法的户变关系辨识方法', '基于智能终端特征信号的配电网台区拓扑识别方法']",3,reviewed,1.0,,0.5799,0.4499,8.0,v8_seeded_boundary_topic
AS-A31-ZH-002,application,A31,配电网与分布式能源系统,Distribution Grids and Distributed Energy Systems,配电网故障定位、恢复与韧性,"Distribution Fault Location, Restoration and Resilience",属于“配电网与分布式能源系统”父类，核心边界由故障定位、故障恢复、韧性、移动储能等证据确定。,A seeded fine-grained topic under Distribution Grids and Distributed Energy Systems.,zh,"['故障定位', '故障恢复', '韧性', '移动储能']","['故障定位', '故障恢复', '韧性', '移动储能']","['拓扑识别', '户变关系', '电压相关性']",7,"['ZH_0031', 'ZH_0406', 'ZH_0019', 'ZH_0088', 'ZH_0694']","['极端气象灾害下考虑MESS主动调控的配电网故障恢复策略', '基于分层定位模型的含DG配电网故障定位方法研究', '基于参数自修正的配电网故障定位数字孪生技术研究', '基于灾害场景预估的配电系统韧性两阶段故障恢复策略', '基于馈线负荷骤降度的配电网故障研判方法']",3,stable,1.0,,0.4,0.27,8.0,v8_seeded_boundary_topic
AS-A31-ZH-003,application,A31,配电网与分布式能源系统,Distribution Grids and Distributed Energy Systems,配电网无功优化与协调调度,Distribution Reactive-Power Optimization and Coordinated Dispatch,属于“配电网与分布式能源系统”父类，核心边界由无功优化、多层协调、优化调度等证据确定。,A seeded fine-grained topic under Distribution Grids and Distributed Energy Systems.,zh,"['无功优化', '多层协调', '优化调度']","['无功优化', '多层协调', '优化调度']","['拓扑识别', '户变关系', '电压相关性']",5,"['ZH_0065', 'ZH_0484', 'ZH_0070', 'ZH_0027', 'ZH_0017']","['计及电能量-备用耦合的配电网与光储充电站协调优化调度方法', '基于多智能体深度强化学习的分布式电源优化调度策略', '考虑配电网灵活性不足风险的分布鲁棒低碳优化调度', '考虑大规模风光分层接入的配电网多层协调无功优化方法', '计及拓扑相似性的含分散式风电配网双层优化重构方法']",3,stable,1.0,,0.4229,0.2929,8.0,v8_seeded_boundary_topic
AS-A31-ZH-004,application,A31,配电网与分布式能源系统,Distribution Grids and Distributed Energy Systems,配电网短路、潮流与等值计算,"Distribution Short-Circuit, Power-Flow and Equivalent Calculation",属于“配电网与分布式能源系统”父类，核心边界由短路电流、潮流计算、等值等证据确定。,A seeded fine-grained topic under Distribution Grids and Distributed Energy Systems.,zh,"['短路电流', '潮流计算', '等值']","['短路电流', '潮流计算', '等值']","['拓扑识别', '户变关系', '电压相关性']",6,"['ZH_0096', 'ZH_0034', 'ZH_0008', 'ZH_0244', 'ZH_0267']","['计及随机性的多分布式电源接入中压配电网承载能力评估', '含逆变型分布式电源外电网的短路计算等值及其影响因素分析', '含换流器型分布式电源配电网的不对称短路电流计算方法', '基于聚合电流的高比例分布式电源接入配电网短路故障计算与分析', '考虑相关性的配电网分布式光伏承载能力提升方法']",3,stable,1.0,,0.4,0.27,8.0,v8_seeded_boundary_topic
AS-A31-ZH-900,application,A31,配电网与分布式能源系统,Distribution Grids and Distributed Energy Systems,配电网与分布式能源系统（未细分）,Distribution Grids and Distributed Energy Systems (Unresolved Subtopic),证据不足以稳定映射到当前细主题，保留在父主题并进入后续增量发现。,Insufficient evidence for a stable fine-grained assignment; retained at the parent level.,zh,[],[],"['拓扑识别', '户变关系', '电压相关性']",40,"['ZH_0272', 'ZH_0761', 'ZH_0095', 'ZH_0679', 'ZH_0645']","['基于改进堆叠降噪自编码器的配电网高阻接地故障检测方法', '计及灵活性资源的交直流混合配电网双层优化', '前景导向的主动配电网智能储能软开关规划方法', '含深度学习代理模型的有源配电网电压无功控制进化算法', '基于改进乌燕鸥算法的分布式电源优化配置']",2,reviewed,1.0,,0.52,0.36,8.0,v8_parent_fallback
AS-A32-ZH-001,application,A32,输电、高压直流与换流系统,"Transmission, HVDC and Converter Systems",高压直流换相失败与恢复,HVDC Commutation Failure and Recovery,属于“输电、高压直流与换流系统”父类，核心边界由换相失败、后续换相失败等证据确定。,"A seeded fine-grained topic under Transmission, HVDC and Converter Systems.",zh,"['换相失败', '后续换相失败']","['换相失败', '后续换相失败']","['柔性直流', '直流保护', '行波']",4,"['ZH_0033', 'ZH_0129', 'ZH_0035', 'ZH_0032']","['交流故障下高压直流系统无功特性分析及无功控制策略研究', '考虑多馈入系统无功电压特性的同时换相失败评估方法', '光伏接入直流受端电网下直流换相失败影响机理初探', '混合级联型HVDC系统的后续换相失败预判方法']",3,reviewed,1.0,,0.5019,0.3719,8.0,v8_seeded_boundary_topic
AS-A32-ZH-002,application,A32,输电、高压直流与换流系统,"Transmission, HVDC and Converter Systems",柔性直流故障保护与行波检测,Flexible-DC Fault Protection and Traveling-Wave Detection,属于“输电、高压直流与换流系统”父类，核心边界由柔性直流、直流保护、行波等证据确定。,"A seeded fine-grained topic under Transmission, HVDC and Converter Systems.",zh,"['柔性直流', '直流保护', '行波']","['柔性直流', '直流保护', '行波']","['换相失败', '后续换相失败']",9,"['ZH_0658', 'ZH_0917', 'ZH_0807', 'ZH_0198', 'ZH_0933']","['计及行波折反射的柔性直流电网故障限流器参数优化', '一种新型超导直流故障限流器', '利用行波波形改进编辑距离的柔性直流输电线路后备保护方案', '新能源基地柔直送出系统单极闭锁场景下交流电压序贯波动机理与抑制策略', '适配柔直系统快速性及可靠性需求的雷击干扰识别方法']",3,stable,1.0,,0.4,0.27,8.0,v8_seeded_boundary_topic
AS-A32-ZH-003,application,A32,输电、高压直流与换流系统,"Transmission, HVDC and Converter Systems",MMC、换流站与电磁暂态建模,"MMC, Converter-Station and EMT Modeling",属于“输电、高压直流与换流系统”父类，核心边界由模块化多电平换流器、MMC、换流站、电磁暂态等证据确定。,"A seeded fine-grained topic under Transmission, HVDC and Converter Systems.",zh,"['模块化多电平换流器', 'MMC', '换流站', '电磁暂态']","['模块化多电平换流器', 'MMC', '换流站', '电磁暂态']","['换相失败', '后续换相失败']",8,"['ZH_0862', 'ZH_0235', 'ZH_0321', 'ZH_0826', 'ZH_0805']","['新能源经柔直送出系统新型孤岛鲁棒控制', '新能源经柔直外送系统的暂态同步稳定性分析', '采用双二阶广义积分器锁相环的MMC多谐波线性化阻抗建模与分析', 'MMC-HVDC输电系统中高频阻抗建模及谐振机理分析', '集成排序网络的模块化多电平换流器实时仿真模型']",3,stable,1.0,,0.4,0.27,8.0,v8_seeded_boundary_topic
AS-A32-ZH-004,application,A32,输电、高压直流与换流系统,"Transmission, HVDC and Converter Systems",特高压直流与新能源基地输电,UHVDC and Renewable-Base Transmission,属于“输电、高压直流与换流系统”父类，核心边界由特高压直流、新能源基地等证据确定。,"A seeded fine-grained topic under Transmission, HVDC and Converter Systems.",zh,"['特高压直流', '新能源基地']","['特高压直流', '新能源基地']","['换相失败', '后续换相失败']",8,"['ZH_0331', 'ZH_0414', 'ZH_0997', 'ZH_0383', 'ZH_0814']","['提升特高压直流系统送端频率稳定性的协调控制策略', '大规模新能源基地经特高压直流送出系统中长期运行方式优化方法', '考虑LCC-HVDC设备额外动作要求的协调二级电压控制方法', '新型同送同受路径的多回直流系统交互影响及协调恢复分析', '特高压换流站系统的地震易损性分析']",3,stable,1.0,,0.4,0.27,8.0,v8_seeded_boundary_topic
AS-A32-ZH-900,application,A32,输电、高压直流与换流系统,"Transmission, HVDC and Converter Systems",输电、高压直流与换流系统（未细分）,"Transmission, HVDC and Converter Systems (Unresolved Subtopic)",证据不足以稳定映射到当前细主题，保留在父主题并进入后续增量发现。,Insufficient evidence for a stable fine-grained assignment; retained at the parent level.,zh,[],[],"['换相失败', '后续换相失败']",8,"['ZH_0337', 'ZH_0231', 'ZH_0310', 'ZH_0808', 'ZH_0909']","['主动换相型电流源换流器直流故障特性及恢复策略', '基于LCC注入信号归一化面积差的混合多端直流输电系统永久性故障识别方案', '多分区异步互联电力系统频率稳定分析与控制研究综述', '一种基于饱和铁心型超导限流器的混合直流限流电路的研究', '基于谐波电流比值的直流滤波器接地故障保护方案研究']",2,reviewed,1.0,,0.52,0.36,8.0,v8_parent_fallback
AS-A33-ZH-001,application,A33,微电网与综合能源系统,Microgrids and Integrated Energy Systems,综合能源系统低碳经济调度,Low-Carbon Economic Dispatch of Integrated Energy Systems,属于“微电网与综合能源系统”父类，核心边界由综合能源系统、低碳调度、电-气-热等证据确定。,A seeded fine-grained topic under Microgrids and Integrated Energy Systems.,zh,"['综合能源系统', '低碳调度', '电-气-热']","['综合能源系统', '低碳调度', '电-气-热']","['微电网', '多微网', '直流微电网']",15,"['ZH_0232', 'ZH_0338', 'ZH_0711', 'ZH_0388', 'ZH_0233']","['考虑P2G-CCS-HFC协调运行的园区综合能源系统分布鲁棒优化调度', '考虑风光不确定与碳交易的区域综合能源系统双层博弈优化运行', '计及源荷多重不确定性的综合能源系统鲁棒经济调度方法', '基于MIGDT的工业园区综合能源系统鲁棒运行优化', '基于数字孪生模型的主从博弈掺氢综合能源系统最优决策方法']",3,stable,1.0,,0.4,0.27,8.0,v8_seeded_boundary_topic
AS-A33-ZH-002,application,A33,微电网与综合能源系统,Microgrids and Integrated Energy Systems,微电网能量管理与协调控制,Microgrid Energy Management and Coordinated Control,属于“微电网与综合能源系统”父类，核心边界由微电网、多微网、直流微电网等证据确定。,A seeded fine-grained topic under Microgrids and Integrated Energy Systems.,zh,"['微电网', '多微网', '直流微电网']","['微电网', '多微网', '直流微电网']","['综合能源系统', '低碳调度', '电-气-热']",5,"['ZH_0960', 'ZH_0964', 'ZH_0226', 'ZH_0122', 'ZH_0374']","['直流微电网多源并联自主均流控制策略', '一种直流微电网多光伏变换器新型功率分配策略', '直流微网系统小干扰稳定性分析及有源阻尼控制', '基于多阶反馈重构的微电网端口变换器自抗扰策略', '基于小波变换与TKEO的故障识别与定位方法研究']",3,stable,1.0,,0.4425,0.3125,8.0,v8_seeded_boundary_topic
AS-A33-ZH-900,application,A33,微电网与综合能源系统,Microgrids and Integrated Energy Systems,微电网与综合能源系统（未细分）,Microgrids and Integrated Energy Systems (Unresolved Subtopic),证据不足以稳定映射到当前细主题，保留在父主题并进入后续增量发现。,Insufficient evidence for a stable fine-grained assignment; retained at the parent level.,zh,[],[],"['综合能源系统', '低碳调度', '电-气-热']",7,"['ZH_0344', 'ZH_0785', 'ZH_0811', 'ZH_0611', 'ZH_0625']","['考虑电动汽车灵活储能的交直流混合微电网功率协调控制策略', '适用于含多并联逆变器微电网联络线功率控制策略', '基于智能自学习控制的船舶微电网预同步控制策略', '考虑广义储能的微电网主动能量管理优化算法研究', '背靠背型电力弹簧分段控制方法研究']",2,reviewed,1.0,,0.52,0.36,8.0,v8_parent_fallback
AS-A34-ZH-001,application,A34,新能源发电、光伏与风电,"Renewable Generation, Photovoltaics and Wind Power",风电功率预测与风电场建模,Wind-Power Forecasting and Wind-Farm Modeling,属于“新能源发电、光伏与风电”父类，核心边界由风电功率预测、风电预测、风电场等证据确定。,"A seeded fine-grained topic under Renewable Generation, Photovoltaics and Wind Power.",zh,"['风电功率预测', '风电预测', '风电场']","['风电功率预测', '风电预测', '风电场']","['新能源消纳', '风光', '新能源并网', '可再生能源']",3,"['ZH_0305', 'ZH_0199', 'ZH_0581']","['低温寒潮天气下的风电短期功率预测技术研究', '针对非平稳信号和高频噪声的自适应噪声完整集成经验模态分解-双向长短期记忆风功率预测模型', '基于混沌CSO优化时序注意力GRU模型的超短期风电功率预测']",3,reviewed,1.0,,0.5667,0.4367,8.0,v8_seeded_boundary_topic
AS-A34-ZH-002,application,A34,新能源发电、光伏与风电,"Renewable Generation, Photovoltaics and Wind Power",风光新能源并网与消纳,Wind-Solar Grid Integration and Accommodation,属于“新能源发电、光伏与风电”父类，核心边界由新能源消纳、风光、新能源并网、可再生能源等证据确定。,"A seeded fine-grained topic under Renewable Generation, Photovoltaics and Wind Power.",zh,"['新能源消纳', '风光', '新能源并网', '可再生能源']","['新能源消纳', '风光', '新能源并网', '可再生能源']","['风电功率预测', '风电预测', '风电场']",3,"['ZH_0214', 'ZH_0561', 'ZH_0324']","['计及能耗特性的风光制氢碱性质子交换膜混合电解槽多列优化策略', '大力发展分布式可再生能源应用和智能微网', '沿海区域综合能源生产单元随机优化调度']",3,reviewed,1.0,,0.5531,0.4231,8.0,v8_seeded_boundary_topic
AS-A34-ZH-003,application,A34,新能源发电、光伏与风电,"Renewable Generation, Photovoltaics and Wind Power",新能源不确定性与场景生成,Renewable Uncertainty and Scenario Generation,属于“新能源发电、光伏与风电”父类，核心边界由场景生成、随机波动、不确定性等证据确定。,"A seeded fine-grained topic under Renewable Generation, Photovoltaics and Wind Power.",zh,"['场景生成', '随机波动', '不确定性']","['场景生成', '随机波动', '不确定性']","['风电功率预测', '风电预测', '风电场']",5,"['ZH_0604', 'ZH_0111', 'ZH_0591', 'ZH_0441', 'ZH_0883']","['基于条件生成对抗网络的多区域风电短期出力场景生成方法', '基于改进MMD-GAN的可再生能源随机场景生成', '含高比例风电系统随机备用调度研究', '基于风险分摊的多风电场机会约束机组组合求解方法', '含大规模风电并网电力系统的关键线路综合辨识']",3,stable,1.0,,0.4124,0.2824,8.0,v8_seeded_boundary_topic
AS-A34-ZH-900,application,A34,新能源发电、光伏与风电,"Renewable Generation, Photovoltaics and Wind Power",新能源发电、光伏与风电（未细分）,"Renewable Generation, Photovoltaics and Wind Power (Unresolved Subtopic)",证据不足以稳定映射到当前细主题，保留在父主题并进入后续增量发现。,Insufficient evidence for a stable fine-grained assignment; retained at the parent level.,zh,[],[],"['风电功率预测', '风电预测', '风电场']",26,"['ZH_0489', 'ZH_0304', 'ZH_0701', 'ZH_0119', 'ZH_0183']","['光伏发电接入柔直互联区域调频策略', '基于直流侧电压等效补偿的光伏并网系统间谐波电流抑制策略', '海上风电接入柔直系统交流侧故障特征及对保护的影响分析', '基于自适应高斯混合模型的含高渗透率分布式光伏电力系统风险评估', '基于基频调制电流源换流器的中频分布式远海风电直流输电系统']",2,reviewed,1.0,,0.52,0.36,8.0,v8_parent_fallback
AS-A35-ZH-001,application,A35,储能、电动汽车与充换电,"Energy Storage, Electric Vehicles and Charging",储能配置、调度与共享储能,"Energy-Storage Sizing, Dispatch and Shared Storage",属于“储能、电动汽车与充换电”父类，核心边界由储能配置、储能调度、共享储能等证据确定。,"A seeded fine-grained topic under Energy Storage, Electric Vehicles and Charging.",zh,"['储能配置', '储能调度', '共享储能']","['储能配置', '储能调度', '共享储能']","['V2G', '充电桩', '电动汽车']",4,"['ZH_0458', 'ZH_0215', 'ZH_0188', 'ZH_0209']","['风电场群联合共享储能两阶段协同并网优化', '租赁市场中储能容量配置双层鲁棒优化模型', '计及联盟合作成本的新能源场站共享储能优化配置策略', '基于纳什谈判的光伏产消者与共享储能协同参与市场优化策略']",3,reviewed,1.0,,0.4928,0.3628,8.0,v8_seeded_boundary_topic
AS-A35-ZH-002,application,A35,储能、电动汽车与充换电,"Energy Storage, Electric Vehicles and Charging",V2G、电动汽车与充电设施,"V2G, Electric Vehicles and Charging Infrastructure",属于“储能、电动汽车与充换电”父类，核心边界由V2G、充电桩、电动汽车等证据确定。,"A seeded fine-grained topic under Energy Storage, Electric Vehicles and Charging.",zh,"['V2G', '充电桩', '电动汽车']","['V2G', '充电桩', '电动汽车']","['储能配置', '储能调度', '共享储能']",13,"['ZH_0091', 'ZH_0053', 'ZH_0718', 'ZH_0963', 'ZH_0906']","['考虑新能源配网三相不平衡治理的电动汽车充电策略', '大规模车网互动需求响应策略及潜力评估综述', '价格与激励需求响应下电动汽车负荷聚集商调度策略', '基于零和博弈的电力系统鲁棒优化调度研究', '基于负荷均衡加载的电力系统分布式经济调度策略']",3,stable,1.0,,0.4,0.27,8.0,v8_seeded_boundary_topic
AS-A35-ZH-003,application,A35,储能、电动汽车与充换电,"Energy Storage, Electric Vehicles and Charging",SOC、电池管理与低电压穿越,"SOC, Battery Management and Ride-Through",属于“储能、电动汽车与充换电”父类，核心边界由SOC、荷电状态、电化学储能等证据确定。,"A seeded fine-grained topic under Energy Storage, Electric Vehicles and Charging.",zh,"['SOC', '荷电状态', '电化学储能']","['SOC', '荷电状态', '电化学储能']","['储能配置', '储能调度', '共享储能']",5,"['ZH_0105', 'ZH_0043', 'ZH_0117', 'ZH_0546', 'ZH_0317']","['基于卡尔曼滤波和模型预测控制的混合储能平抑风电功率波动策略', '计及SOC影响的电化学储能系统低电压穿越控制策略', '基于级联式模糊控制的电氢耦合直流微网能量管理策略研究', '基于ABC-RFEKF算法的锂电池SOC估计', '电池储能参与传统第三道防线频率调整的协调控制策略']",3,stable,1.0,,0.426,0.296,8.0,v8_seeded_boundary_topic
AS-A35-ZH-900,application,A35,储能、电动汽车与充换电,"Energy Storage, Electric Vehicles and Charging",储能、电动汽车与充换电（未细分）,"Energy Storage, Electric Vehicles and Charging (Unresolved Subtopic)",证据不足以稳定映射到当前细主题，保留在父主题并进入后续增量发现。,Insufficient evidence for a stable fine-grained assignment; retained at the parent level.,zh,[],[],"['储能配置', '储能调度', '共享储能']",11,"['ZH_0571', 'ZH_0007', 'ZH_0181', 'ZH_0114', 'ZH_0438']","['面向调频的锂电池储能建模及仿真分析', '面向新型电力系统的输电网与分布式变速抽水蓄能联合规划', '附加储能的直驱型风电机组的构网型控制与小信号稳定性分析', '融合储能的光伏发电系统并网逆变器建模与稳定性分析', '考虑储能系统调度与风电消纳的峰谷分时电价优化模型研究']",2,reviewed,1.0,,0.52,0.36,8.0,v8_parent_fallback
AS-A36-ZH-001,application,A36,电力市场、需求响应与能源交易,"Electricity Markets, Demand Response and Energy Trading",电力市场、电价与竞价机制,"Power Markets, Tariffs and Bidding Mechanisms",属于“电力市场、需求响应与能源交易”父类，核心边界由电力市场、输配电价、竞价等证据确定。,"A seeded fine-grained topic under Electricity Markets, Demand Response and Energy Trading.",zh,"['电力市场', '输配电价', '竞价']","['电力市场', '输配电价', '竞价']","['需求响应', '负荷响应']",7,"['ZH_0535', 'ZH_0551', 'ZH_0115', 'ZH_0206', 'ZH_0627']","['电力市场环境下工业需求响应技术的应用与研究综述', '面向新型电力系统灵活性提升的调峰容量补偿机制设计', '基于联盟合作博弈的风电数据定价方法', '中长期电力市场梯级水电站群多目标对冲模型研究', '全国统一电力市场体系下电力零售侧市场框架设计']",3,stable,1.0,,0.4,0.27,8.0,v8_seeded_boundary_topic
AS-A36-ZH-002,application,A36,电力市场、需求响应与能源交易,"Electricity Markets, Demand Response and Energy Trading",需求响应与负荷侧互动,Demand Response and Demand-Side Interaction,属于“电力市场、需求响应与能源交易”父类，核心边界由需求响应、负荷响应等证据确定。,"A seeded fine-grained topic under Electricity Markets, Demand Response and Energy Trading.",zh,"['需求响应', '负荷响应']","['需求响应', '负荷响应']","['电力市场', '输配电价', '竞价']",5,"['ZH_0311', 'ZH_0062', 'ZH_0688', 'ZH_0757', 'ZH_0916']","['考虑准线需求响应的高比例新能源电力系统调度优化', '考虑响应可靠率的需求侧资源自主被动组合响应策略', '考虑可信度的新能源及需求响应参与英美容量市场分析及思考', '考虑直接负荷控制与风电不确定性的输电网扩展规划', '需求侧响应背景下分时电价研究与实践综述']",3,stable,1.0,,0.4147,0.2847,8.0,v8_seeded_boundary_topic
AS-A36-ZH-003,application,A36,电力市场、需求响应与能源交易,"Electricity Markets, Demand Response and Energy Trading",碳交易、碳价与绿证机制,"Carbon Trading, Carbon Pricing and Green Certificates",属于“电力市场、需求响应与能源交易”父类，核心边界由碳市场、碳交易、碳价、绿证等证据确定。,"A seeded fine-grained topic under Electricity Markets, Demand Response and Energy Trading.",zh,"['碳市场', '碳交易', '碳价', '绿证']","['碳市场', '碳交易', '碳价', '绿证']","['电力市场', '输配电价', '竞价']",3,"['ZH_0109', 'ZH_0772', 'ZH_0766']","['电-碳-绿证交易耦合下新能源发电商参与投标竞争的多市场博弈分析', '电力市场、碳市场及绿证市场互动机理及协调机制', '发电商参与碳市场与电力中长期市场联合决策模型']",3,reviewed,1.0,,0.5534,0.4234,8.0,v8_seeded_boundary_topic
AS-A36-ZH-900,application,A36,电力市场、需求响应与能源交易,"Electricity Markets, Demand Response and Energy Trading",电力市场、需求响应与能源交易（未细分）,"Electricity Markets, Demand Response and Energy Trading (Unresolved Subtopic)",证据不足以稳定映射到当前细主题，保留在父主题并进入后续增量发现。,Insufficient evidence for a stable fine-grained assignment; retained at the parent level.,zh,[],[],"['电力市场', '输配电价', '竞价']",2,"['ZH_0276', 'ZH_0494']","['基于信息间隙决策理论的绿证实时定价问题研究', '中国碳市场顶层设计重大问题及建议']",2,reviewed,1.0,,0.52,0.36,8.0,v8_parent_fallback
AS-A37-ZH-001,application,A37,电力设备运维、保护与故障恢复,"Power-Equipment Maintenance, Protection and Fault Recovery",继电保护与故障识别,Relay Protection and Fault Identification,属于“电力设备运维、保护与故障恢复”父类，核心边界由继电保护、行波保护、故障识别等证据确定。,"A seeded fine-grained topic under Power-Equipment Maintenance, Protection and Fault Recovery.",zh,"['继电保护', '行波保护', '故障识别']","['继电保护', '行波保护', '故障识别']","['状态评价', '健康指数', '设备状态']",5,"['ZH_0052', 'ZH_0092', 'ZH_0760', 'ZH_0634', 'ZH_0336']","['分接开关可控移相变压器保护配置及故障特征分析', '适用于含新能源交流电网继电保护整定计算的故障计算方法研究', '基于暂态量的继电保护研究', '基于深度神经网络的变电站继电保护装置状态监测技术', '基于融合少数类过采样均衡多分类数据的改进极限学习机的变压器故障诊断方法']",3,stable,1.0,,0.4078,0.2778,8.0,v8_seeded_boundary_topic
AS-A37-ZH-002,application,A37,电力设备运维、保护与故障恢复,"Power-Equipment Maintenance, Protection and Fault Recovery",线路与设备状态评价和健康管理,Line and Equipment Condition Assessment,属于“电力设备运维、保护与故障恢复”父类，核心边界由状态评价、健康指数、设备状态等证据确定。,"A seeded fine-grained topic under Power-Equipment Maintenance, Protection and Fault Recovery.",zh,"['状态评价', '健康指数', '设备状态']","['状态评价', '健康指数', '设备状态']","['继电保护', '行波保护', '故障识别']",3,"['ZH_0937', 'ZH_0028', 'ZH_0758']","['计及主设备时变状态的变电站短时风险评估方法', '基于健康指数的架空线路运行状态评价方法研究', '基于数字孪生的配电自动化终端设备状态评价与故障预判']",3,reviewed,1.0,,0.5513,0.4213,8.0,v8_seeded_boundary_topic
AS-A37-ZH-900,application,A37,电力设备运维、保护与故障恢复,"Power-Equipment Maintenance, Protection and Fault Recovery",电力设备运维、保护与故障恢复（未细分）,"Power-Equipment Maintenance, Protection and Fault Recovery (Unresolved Subtopic)",证据不足以稳定映射到当前细主题，保留在父主题并进入后续增量发现。,Insufficient evidence for a stable fine-grained assignment; retained at the parent level.,zh,[],[],"['继电保护', '行波保护', '故障识别']",10,"['ZH_0177', 'ZH_0375', 'ZH_0219', 'ZH_0896', 'ZH_0224']","['基于改进型主动深度学习框架的油浸式变压器故障辨识算法', '多策略改进DBO算法与KELM的变压器故障辨识', '一种新型单芯移相变压器的差动保护方法研究', '基于小波变换的配电变压器差动保护相位补偿方法', '基于知识引导Raindrop学习的变压器健康评估方法']",2,reviewed,1.0,,0.52,0.36,8.0,v8_parent_fallback
AS-A38-ZH-001,application,A38,电力电子、逆变器与构网控制,"Power Electronics, Inverters and Grid-Forming Control",构网逆变器、下垂与虚拟同步控制,"Grid-Forming Inverters, Droop and Virtual-Synchronous Control",属于“电力电子、逆变器与构网控制”父类，核心边界由构网逆变器、构网型、虚拟同步机、虚拟振荡器、下垂控制等证据确定。,"A seeded fine-grained topic under Power Electronics, Inverters and Grid-Forming Control.",zh,"['构网逆变器', '构网型', '虚拟同步机', '虚拟振荡器', '下垂控制']","['构网逆变器', '构网型', '虚拟同步机', '虚拟振荡器', '下垂控制']","['低电压穿越', '故障穿越']",5,"['ZH_0897', 'ZH_0013', 'ZH_0010', 'ZH_0190', 'ZH_0041']","['电力系统变流器构网控制技术的现状与发展趋势', '构网型下垂控制中虚拟阻抗的作用、改进及研究前景分析', '面向构网逆变器的虚拟振荡器控制技术:统一设计框架与关键问题探讨', '弱电网下虚拟同步补偿器对新能源暂态同步稳定性的影响机理', '计及电压动态特性的虚拟同步机暂态稳定性分析']",3,stable,1.0,,0.4373,0.3073,8.0,v8_seeded_boundary_topic
AS-A38-ZH-002,application,A38,电力电子、逆变器与构网控制,"Power Electronics, Inverters and Grid-Forming Control",新能源变流器低电压穿越,Converter Low-Voltage Ride-Through,属于“电力电子、逆变器与构网控制”父类，核心边界由低电压穿越、故障穿越等证据确定。,"A seeded fine-grained topic under Power Electronics, Inverters and Grid-Forming Control.",zh,"['低电压穿越', '故障穿越']","['低电压穿越', '故障穿越']","['构网逆变器', '构网型', '虚拟同步机', '虚拟振荡器']",3,"['ZH_0277', 'ZH_0227', 'ZH_0822']","['基于锁相环相位补偿的光伏逆变器低电压穿越快速无功控制', '锁相环动态对切换延迟导致的暂态过电压的影响', '基于谐波特性的光伏孤岛与低电压穿越同步检测方法']",3,reviewed,1.0,,0.5676,0.4376,8.0,v8_seeded_boundary_topic
AS-A38-ZH-003,application,A38,电力电子、逆变器与构网控制,"Power Electronics, Inverters and Grid-Forming Control",SVG与无功支撑控制,SVG and Reactive-Power Support Control,属于“电力电子、逆变器与构网控制”父类，核心边界由SVG、无功控制、静止无功发生器等证据确定。,"A seeded fine-grained topic under Power Electronics, Inverters and Grid-Forming Control.",zh,"['SVG', '无功控制', '静止无功发生器']","['SVG', '无功控制', '静止无功发生器']","['构网逆变器', '构网型', '虚拟同步机', '虚拟振荡器']",3,"['ZH_0120', 'ZH_0376', 'ZH_0045']","['综合提升新能源高占比受端电网小干扰和暂态电压稳定性的SVG优化配置方法', '基于构网变流器的新能源场站暂态电压分散协同控制策略', '基于故障穿越演化特性的SVG电磁暂态模型测辨方法']",3,reviewed,1.0,,0.5694,0.4394,8.0,v8_seeded_boundary_topic
AS-A38-ZH-900,application,A38,电力电子、逆变器与构网控制,"Power Electronics, Inverters and Grid-Forming Control",电力电子、逆变器与构网控制（未细分）,"Power Electronics, Inverters and Grid-Forming Control (Unresolved Subtopic)",证据不足以稳定映射到当前细主题，保留在父主题并进入后续增量发现。,Insufficient evidence for a stable fine-grained assignment; retained at the parent level.,zh,[],[],"['构网逆变器', '构网型', '虚拟同步机', '虚拟振荡器']",14,"['ZH_0427', 'ZH_0768', 'ZH_0371', 'ZH_0420', 'ZH_0352']","['基于多谐振电网电压前馈的并网逆变器相位补偿算法研究', '多功能并网变换器容量优化控制策略', '基于自适应虚拟阻抗的构网型变流器暂态稳定性提升策略研究', '基于频率稳定性提升的虚拟惯性优化控制策略', '基于抗频率偏移电感辨识的并网逆变器模型预测控制']",2,reviewed,1.0,,0.52,0.36,8.0,v8_parent_fallback
AS-A39-ZH-001,application,A39,区域经济、城市群与空间发展,"Regional Economy, Urban Agglomerations and Spatial Development",区域经济差异与空间关联,Regional Economic Disparity and Spatial Association,属于“区域经济、城市群与空间发展”父类，核心边界由区域差异、空间关联、省域等证据确定。,"A seeded fine-grained topic under Regional Economy, Urban Agglomerations and Spatial Development.",zh,"['区域差异', '空间关联', '省域']","['区域差异', '空间关联', '省域']","['城市群', '都市圈', '长三角', '京津冀']",12,"['ZH_0783', 'ZH_0168', 'ZH_0647', 'ZH_0812', 'ZH_0617']","['中国竞技体育发展的区域差异研究', '城市更新作用下生态韧性时空分异及其影响效应——以环长株潭城市群为例', '欠发达省域经济差异的时空演变分析', '基于NRCA的中国省际能源利用评价研究', '经济技术开发区建设对中国经济格局的影响']",3,stable,1.0,,0.4,0.27,8.0,v8_seeded_boundary_topic
AS-A39-ZH-002,application,A39,区域经济、城市群与空间发展,"Regional Economy, Urban Agglomerations and Spatial Development",城市群、都市圈与区域协同,"Urban Agglomerations, Metropolitan Areas and Regional Coordination",属于“区域经济、城市群与空间发展”父类，核心边界由城市群、都市圈、长三角、京津冀、珠三角等证据确定。,"A seeded fine-grained topic under Regional Economy, Urban Agglomerations and Spatial Development.",zh,"['城市群', '都市圈', '长三角', '京津冀', '珠三角']","['城市群', '都市圈', '长三角', '京津冀', '珠三角']","['区域差异', '空间关联', '省域']",20,"['ZH_0429', 'ZH_0364', 'ZH_0562', 'ZH_0729', 'ZH_0156']","['基于协同发展的长三角城市群空间格局研究', '长三角城市群旅游经济一体化形成机制与协同发展模式——基于联系网络视角', '长三角城市群产业生态效率及其时空跃迁特征', '中国东部沿海五大城市群旅游流网络的结构特征及其韧性评估——基于演化韧性的视角', '长三角城市群高铁与民航服务网络空间特征及其影响因素']",3,stable,1.0,,0.4,0.27,8.0,v8_seeded_boundary_topic
AS-A39-ZH-003,application,A39,区域经济、城市群与空间发展,"Regional Economy, Urban Agglomerations and Spatial Development",区域高质量与协调发展,Regional High-Quality and Coordinated Development,属于“区域经济、城市群与空间发展”父类，核心边界由高质量发展、协调发展、区域发展等证据确定。,"A seeded fine-grained topic under Regional Economy, Urban Agglomerations and Spatial Development.",zh,"['高质量发展', '协调发展', '区域发展']","['高质量发展', '协调发展', '区域发展']","['区域差异', '空间关联', '省域']",6,"['ZH_0579', 'ZH_0853', 'ZH_0753', 'ZH_0767', 'ZH_0601']","['城市群经济、多城市群与区域协调发展', '长江中游城市群综合承载力评价与预测全文替换', '城市用地扩张与生态环境保护的交互作用研究——以长株潭城市群为例', '中原经济区县域交通优势度与区域经济空间耦合', '郑州都市区镇域经济差异的空间分析']",3,stable,1.0,,0.4,0.27,8.0,v8_seeded_boundary_topic
AS-A39-ZH-900,application,A39,区域经济、城市群与空间发展,"Regional Economy, Urban Agglomerations and Spatial Development",区域经济、城市群与空间发展（未细分）,"Regional Economy, Urban Agglomerations and Spatial Development (Unresolved Subtopic)",证据不足以稳定映射到当前细主题，保留在父主题并进入后续增量发现。,Insufficient evidence for a stable fine-grained assignment; retained at the parent level.,zh,[],[],"['区域差异', '空间关联', '省域']",29,"['ZH_0739', 'ZH_0610', 'ZH_0905', 'ZH_0419', 'ZH_0572']","['中国区域经济差异问题研究综述', '中国区域经济增长条件趋同研究', '吉林省区域经济增长的趋同性研究', '基于购买力平价的江苏省区域经济分异', '改革开放以来江苏省区域经济差异格局演化研究']",2,reviewed,1.0,,0.52,0.36,8.0,v8_parent_fallback
AS-A40-ZH-001,application,A40,数字经济、技术创新与创新网络,"Digital Economy, Technological Innovation and Innovation Networks",数字经济与数字化转型,Digital Economy and Digital Transformation,属于“数字经济、技术创新与创新网络”父类，核心边界由数字经济、数字化转型等证据确定。,"A seeded fine-grained topic under Digital Economy, Technological Innovation and Innovation Networks.",zh,"['数字经济', '数字化转型']","['数字经济', '数字化转型']","['专利创新', '创新网络', '技术创新']",7,"['ZH_0160', 'ZH_0147', 'ZH_0146', 'ZH_0025', 'ZH_0022']","['基于土地利用的数字经济赋能中国城市高质量发展的机制与效应', '中原城市群城市高质量发展时空格局与影响因素', '数字经济驱动城市产业结构升级的时空演变', '黄河上游地区市域数字经济与绿色发展耦合协调度及提升路径', '“技术—组织—环境”视域下数字经济赋能低碳转型发展的路径']",3,stable,1.0,,0.4,0.27,8.0,v8_seeded_boundary_topic
AS-A40-ZH-002,application,A40,数字经济、技术创新与创新网络,"Digital Economy, Technological Innovation and Innovation Networks",专利创新与区域创新网络,Patent Innovation and Regional Innovation Networks,属于“数字经济、技术创新与创新网络”父类，核心边界由专利创新、创新网络、技术创新等证据确定。,"A seeded fine-grained topic under Digital Economy, Technological Innovation and Innovation Networks.",zh,"['专利创新', '创新网络', '技术创新']","['专利创新', '创新网络', '技术创新']","['数字经济', '数字化转型']",8,"['ZH_0003', 'ZH_0148', 'ZH_0520', 'ZH_0907', 'ZH_0459']","['三大城市群数字技术专利创新网络演化比较研究', '多维邻近下中国绿色创新网络空间结构特征及机制识别', '演化经济地理学视角下创新网络研究进展与展望', '广东省城市创新发展水平及其网络结构演化', '长江经济带城市协同发展格局及其优化策略初探']",3,stable,1.0,,0.4,0.27,8.0,v8_seeded_boundary_topic
AS-A40-ZH-900,application,A40,数字经济、技术创新与创新网络,"Digital Economy, Technological Innovation and Innovation Networks",数字经济、技术创新与创新网络（未细分）,"Digital Economy, Technological Innovation and Innovation Networks (Unresolved Subtopic)",证据不足以稳定映射到当前细主题，保留在父主题并进入后续增量发现。,Insufficient evidence for a stable fine-grained assignment; retained at the parent level.,zh,[],[],"['数字经济', '数字化转型']",11,"['ZH_0919', 'ZH_0712', 'ZH_0880', 'ZH_0124', 'ZH_0749']","['2050中国:全面建成世界科技创新强国', '我国国际科技合作政策演进研究及对新时期政策布局的思考', '从关键指标看我国世界科技强国建设――基于《国家创新指数报告》的分析', '聚智引才咨政创新 打造大湾区思想新高地——大湾区科学论坛回顾与展望', '构建科技创新“双循环”新发展格局']",2,reviewed,1.0,,0.52,0.36,8.0,v8_parent_fallback
AS-A41-ZH-001,application,A41,城镇化、共同富裕与城乡融合,"Urbanization, Common Prosperity and Urban-Rural Integration",共同富裕测度与区域差异,Common Prosperity Measurement and Regional Disparity,属于“城镇化、共同富裕与城乡融合”父类，核心边界由共同富裕等证据确定。,"A seeded fine-grained topic under Urbanization, Common Prosperity and Urban-Rural Integration.",zh,['共同富裕'],['共同富裕'],"['新型城镇化', '城镇化', '城乡融合']",4,"['ZH_0004', 'ZH_0069', 'ZH_0078', 'ZH_0079']","['中国省域共同富裕水平测度、时空分异与障碍因素', '省域共同富裕水平测算及其时空演进', '浙江县域共同富裕的测度、评价及区域分异', '黄河流域绿色发展与共同富裕耦合协调水平变化及其影响因素']",3,reviewed,1.0,,0.4896,0.3596,8.0,v8_seeded_boundary_topic
AS-A41-ZH-002,application,A41,城镇化、共同富裕与城乡融合,"Urbanization, Common Prosperity and Urban-Rural Integration",新型城镇化与城乡融合,New Urbanization and Urban-Rural Integration,属于“城镇化、共同富裕与城乡融合”父类，核心边界由新型城镇化、城镇化、城乡融合等证据确定。,"A seeded fine-grained topic under Urbanization, Common Prosperity and Urban-Rural Integration.",zh,"['新型城镇化', '城镇化', '城乡融合']","['新型城镇化', '城镇化', '城乡融合']",['共同富裕'],9,"['ZH_0080', 'ZH_0026', 'ZH_0051', 'ZH_0161', 'ZH_0074']","['完善城乡融合发展体制机制研究', '省域新型城镇化与共同富裕耦合协调水平的时空特征及其影响因素', '长三角乡村旅游典型县新型城镇化与乡村共同富裕的共生演进的实证分析', '长江经济带市域数字经济与城乡融合发展耦合协调格局及其作用机制', '新时期自然资源要素促进城乡融合发展：目标选择与政策设计']",3,stable,1.0,,0.4,0.27,8.0,v8_seeded_boundary_topic
AS-A41-ZH-003,application,A41,城镇化、共同富裕与城乡融合,"Urbanization, Common Prosperity and Urban-Rural Integration",城市空间结构、人口集聚与多中心,"Urban Spatial Structure, Population Agglomeration and Polycentricity",属于“城镇化、共同富裕与城乡融合”父类，核心边界由城市空间、人口密度、多中心、人口集聚等证据确定。,"A seeded fine-grained topic under Urbanization, Common Prosperity and Urban-Rural Integration.",zh,"['城市空间', '人口密度', '多中心', '人口集聚']","['城市空间', '人口密度', '多中心', '人口集聚']",['共同富裕'],3,"['ZH_0949', 'ZH_0695', 'ZH_0675']","['典型旅游城市空间形态演变及影响因素——以张家界为例', '“单位制”城市空间的社会生产研究', '义乌市专业市场与城镇化发展互动关系']",3,reviewed,1.0,,0.5411,0.4111,8.0,v8_seeded_boundary_topic
AS-A41-ZH-900,application,A41,城镇化、共同富裕与城乡融合,"Urbanization, Common Prosperity and Urban-Rural Integration",城镇化、共同富裕与城乡融合（未细分）,"Urbanization, Common Prosperity and Urban-Rural Integration (Unresolved Subtopic)",证据不足以稳定映射到当前细主题，保留在父主题并进入后续增量发现。,Insufficient evidence for a stable fine-grained assignment; retained at the parent level.,zh,[],[],['共同富裕'],4,"['ZH_1000', 'ZH_0475', 'ZH_0553', 'ZH_0133']","['广东省城镇化经济发展空间分析', '衡阳市城镇化进程的障碍与对策研究', '城乡共建新区:大都市区城乡空间统筹的新路径及其机理探析——以长春市长德新区为例', '空间品质与区域价格水平——基于新空间经济学的分析']",2,reviewed,1.0,,0.52,0.36,8.0,v8_parent_fallback
AS-A42-ZH-001,application,A42,农业农村、土地与乡村振兴,"Agriculture, Rural Land and Rural Revitalization",耕地保护、粮食安全与农业资源,"Farmland Protection, Food Security and Agricultural Resources",属于“农业农村、土地与乡村振兴”父类，核心边界由耕地、粮食安全、农业资源等证据确定。,"A seeded fine-grained topic under Agriculture, Rural Land and Rural Revitalization.",zh,"['耕地', '粮食安全', '农业资源']","['耕地', '粮食安全', '农业资源']","['乡村振兴', '农户', '农村治理']",5,"['ZH_0446', 'ZH_0172', 'ZH_0673', 'ZH_0839', 'ZH_0495']","['黄河下游水土匹配系数与粮食生产协调发展测度及影响因素', '中国粮食生产韧性的时空格局及其影响因素', '加强土壤和产地环境管理 促进农业可持续发展', '我国区域粮食安全演变:1949—2008', '我国耕地资源开发利用的问题与整治对策']",3,stable,1.0,,0.4174,0.2874,8.0,v8_seeded_boundary_topic
AS-A42-ZH-002,application,A42,农业农村、土地与乡村振兴,"Agriculture, Rural Land and Rural Revitalization",乡村振兴、农户行为与农村治理,"Rural Revitalization, Farmer Behavior and Rural Governance",属于“农业农村、土地与乡村振兴”父类，核心边界由乡村振兴、农户、农村治理等证据确定。,"A seeded fine-grained topic under Agriculture, Rural Land and Rural Revitalization.",zh,"['乡村振兴', '农户', '农村治理']","['乡村振兴', '农户', '农村治理']","['耕地', '粮食安全', '农业资源']",12,"['ZH_0795', 'ZH_0100', 'ZH_0755', 'ZH_0409', 'ZH_0167']","['镇域发展研究进展与展望', '省域农村基础设施建设与乡村振兴的耦合协调发展研究', '文旅融合导向下的乡村振兴发展机制与模式', '辽宁省乡村多功能评价和演变特征分析', '乡村振兴与新型城镇化良性耦合——中国式城乡现代化发展科学内涵与时代选择']",3,stable,1.0,,0.4,0.27,8.0,v8_seeded_boundary_topic
AS-A42-ZH-900,application,A42,农业农村、土地与乡村振兴,"Agriculture, Rural Land and Rural Revitalization",农业农村、土地与乡村振兴（未细分）,"Agriculture, Rural Land and Rural Revitalization (Unresolved Subtopic)",证据不足以稳定映射到当前细主题，保留在父主题并进入后续增量发现。,Insufficient evidence for a stable fine-grained assignment; retained at the parent level.,zh,[],[],"['耕地', '粮食安全', '农业资源']",31,"['ZH_0925', 'ZH_0543', 'ZH_0466', 'ZH_0737', 'ZH_0972']","['中国粮食生产区域差异的多尺度分析', '江苏粮食生产地域分化的耕地因素分解', '甘肃省粮食产量变化的驱动分析及趋势预测', '中国化肥消费强度变化驱动效应时空差异与影响因素解析', '中国牧草产业地理集聚特征及影响因素']",2,reviewed,1.0,,0.52,0.36,8.0,v8_parent_fallback
AS-A43-ZH-001,application,A43,产业结构、制造业与企业发展,"Industrial Structure, Manufacturing and Enterprise Development",产业结构升级与绿色转型,Industrial Restructuring and Green Transformation,属于“产业结构、制造业与企业发展”父类，核心边界由产业结构、产业升级等证据确定。,"A seeded fine-grained topic under Industrial Structure, Manufacturing and Enterprise Development.",zh,"['产业结构', '产业升级']","['产业结构', '产业升级']","['产业链', '产业集群', '产业转移']",10,"['ZH_0724', 'ZH_0589', 'ZH_0393', 'ZH_0549', 'ZH_0048']","['河南省产业结构演进与机理探究', '河南省承接产业转移区域差异及影响因素', '长江中上游地区承接东部地区产业转移的实证分析', '苏、鲁产业结构比较分析', '长江经济带城市生态财富与产业结构变迁的空间关联及互动效应']",3,stable,1.0,,0.4,0.27,8.0,v8_seeded_boundary_topic
AS-A43-ZH-002,application,A43,产业结构、制造业与企业发展,"Industrial Structure, Manufacturing and Enterprise Development",产业链、产业集群与产业转移,"Industrial Chains, Clusters and Relocation",属于“产业结构、制造业与企业发展”父类，核心边界由产业链、产业集群、产业转移等证据确定。,"A seeded fine-grained topic under Industrial Structure, Manufacturing and Enterprise Development.",zh,"['产业链', '产业集群', '产业转移']","['产业链', '产业集群', '产业转移']","['产业结构', '产业升级']",9,"['ZH_0486', 'ZH_0759', 'ZH_0752', 'ZH_0474', 'ZH_0835']","['我国新材料产业集群发展战略研究', '广东虎门镇服装加工产业集群发展研究', '多维视角下长株潭工程机械产业集群成长机制', '集群社会资本对企业自主创新能力影响的实证研究', '文化生态视角下的产业集群演化与升级']",3,stable,1.0,,0.4,0.27,8.0,v8_seeded_boundary_topic
AS-A43-ZH-900,application,A43,产业结构、制造业与企业发展,"Industrial Structure, Manufacturing and Enterprise Development",产业结构、制造业与企业发展（未细分）,"Industrial Structure, Manufacturing and Enterprise Development (Unresolved Subtopic)",证据不足以稳定映射到当前细主题，保留在父主题并进入后续增量发现。,Insufficient evidence for a stable fine-grained assignment; retained at the parent level.,zh,[],[],"['产业结构', '产业升级']",11,"['ZH_0101', 'ZH_0162', 'ZH_0387', 'ZH_0485', 'ZH_0799']","['长三角地区科技型中小企业发展的时空格局及其影响因素', '长三角地区智能设备制造业空间布局演化及影响因素', '民营经济强镇的企业空间格局及其影响因素——以晋江市陈埭镇鞋服企业为例', '产业链延伸与资源型城市演化研究——以安徽省铜陵市为例', '粤港澳大湾区产业融合驱动全要素生产率增长研究——以制造业与生产性服务业融合为例']",2,reviewed,1.0,,0.52,0.36,8.0,v8_parent_fallback
AS-A44-ZH-001,application,A44,绿色低碳、生态保护与环境治理,"Green and Low-Carbon Development, Ecological and Environmental Governance",生态保护、修复与适应性管理,"Ecological Conservation, Restoration and Adaptive Management",属于“绿色低碳、生态保护与环境治理”父类，核心边界由生态保护、生态修复、适应性管理等证据确定。,"A seeded fine-grained topic under Green and Low-Carbon Development, Ecological and Environmental Governance.",zh,"['生态保护', '生态修复', '适应性管理']","['生态保护', '生态修复', '适应性管理']","['绿色发展', '生态财富', '绿色低碳']",5,"['ZH_0593', 'ZH_0047', 'ZH_0793', 'ZH_0800', 'ZH_0672']","['关于粤港澳大湾区一体化生态保护修复的思考与建议', '基于自然的青藏高原一体化生态保护修复优化管理', '以生态保护为前提开发开化旅游业', '优化生态建设布局 提升固碳能力的政策途径', '呼包银榆资源型经济区城市化与空间规划策略']",3,stable,1.0,,0.4092,0.2792,8.0,v8_seeded_boundary_topic
AS-A44-ZH-002,application,A44,绿色低碳、生态保护与环境治理,"Green and Low-Carbon Development, Ecological and Environmental Governance",绿色发展与生态财富,Green Development and Ecological Wealth,属于“绿色低碳、生态保护与环境治理”父类，核心边界由绿色发展、生态财富、绿色低碳等证据确定。,"A seeded fine-grained topic under Green and Low-Carbon Development, Ecological and Environmental Governance.",zh,"['绿色发展', '生态财富', '绿色低碳']","['绿色发展', '生态财富', '绿色低碳']","['生态保护', '生态修复', '适应性管理']",4,"['ZH_0366', 'ZH_0380', 'ZH_0605', 'ZH_0413']","['碳交易政策对高耗能企业碳排放强度的影响', '低碳城市试点对工业用地配置的影响及空间效应', '论我国畜牧业可持续发展', '基于物质流分析的区域工业生态效率评价——以湖南省为例']",3,reviewed,1.0,,0.4634,0.3334,8.0,v8_seeded_boundary_topic
AS-A44-ZH-900,application,A44,绿色低碳、生态保护与环境治理,"Green and Low-Carbon Development, Ecological and Environmental Governance",绿色低碳、生态保护与环境治理（未细分）,"Green and Low-Carbon Development, Ecological and Environmental Governance (Unresolved Subtopic)",证据不足以稳定映射到当前细主题，保留在父主题并进入后续增量发现。,Insufficient evidence for a stable fine-grained assignment; retained at the parent level.,zh,[],[],"['生态保护', '生态修复', '适应性管理']",6,"['ZH_0456', 'ZH_0976', 'ZH_0637', 'ZH_0265', 'ZH_0792']","['中国中部六省的碳排放趋势研究', '低碳视角下长江经济带土地利用碳排放的空间分异', '碳中和愿景下的能源变革', '计及多主体全生命周期碳计量的能量与调频市场运行策略', '碳中和目标下美国氢能战略转型及特征分析']",2,reviewed,1.0,,0.52,0.36,8.0,v8_parent_fallback
AS-A45-ZH-001,application,A45,旅游、文化与文旅融合,"Tourism, Culture and Culture-Tourism Integration",旅游流、旅游经济与空间联系,"Tourism Flows, Tourism Economy and Spatial Linkages",属于“旅游、文化与文旅融合”父类，核心边界由旅游流、旅游经济、游客等证据确定。,"A seeded fine-grained topic under Tourism, Culture and Culture-Tourism Integration.",zh,"['旅游流', '旅游经济', '游客']","['旅游流', '旅游经济', '游客']","['文旅融合', '文化遗产']",7,"['ZH_0816', 'ZH_0820', 'ZH_0558', 'ZH_0422', 'ZH_0592']","['基于时间距离视域下城市旅游经济联系测度与空间整合——以长江三角洲地区为例', '节假日旅游流时空分异及其形成机制——以云南省为例', '大西安旅游圈旅游规模分布演变及空间特征', '河南省城市入境旅游规模与位序差异化', '“8·8”九寨沟地震冲击下区域旅游经济联系的格局及影响因素']",3,stable,1.0,,0.4,0.27,8.0,v8_seeded_boundary_topic
AS-A45-ZH-002,application,A45,旅游、文化与文旅融合,"Tourism, Culture and Culture-Tourism Integration",文旅融合与文化遗产保护,Culture-Tourism Integration and Heritage Conservation,属于“旅游、文化与文旅融合”父类，核心边界由文旅融合、文化遗产等证据确定。,"A seeded fine-grained topic under Tourism, Culture and Culture-Tourism Integration.",zh,"['文旅融合', '文化遗产']","['文旅融合', '文化遗产']","['旅游流', '旅游经济', '游客']",7,"['ZH_0957', 'ZH_0050', 'ZH_0384', 'ZH_0433', 'ZH_0448']","['符号化运作:世界文化遗产旅游地创新发展的路径选择——以湖北武当山为例', '符号视角下城市街巷地名的空间特征及旅游化利用——以沈阳市为例', '全域视角下旅游廊道构建与网络体系评价——以渭南市为例', '基于文化遗产视角的陵墓遗址旅游开发——以乾陵、西夏王陵和明十三陵为例', '世界文明格局演进与文化遗产保护战略']",3,stable,1.0,,0.4,0.27,8.0,v8_seeded_boundary_topic
AS-A45-ZH-003,application,A45,旅游、文化与文旅融合,"Tourism, Culture and Culture-Tourism Integration",乡村旅游与社区发展,Rural Tourism and Community Development,属于“旅游、文化与文旅融合”父类，核心边界由乡村旅游、旅游村、社区参与等证据确定。,"A seeded fine-grained topic under Tourism, Culture and Culture-Tourism Integration.",zh,"['乡村旅游', '旅游村', '社区参与']","['乡村旅游', '旅游村', '社区参与']","['旅游流', '旅游经济', '游客']",6,"['ZH_0378', 'ZH_0362', 'ZH_0067', 'ZH_0580', 'ZH_0638']","['业态分类视角下湖南省乡村旅游产业空间分布特征及影响机理', '基于抖音数据的浙江省景区村庄网络关注度的空间分异及其影响因素', '旅游专业大学生乡村旅游创业意向的影响因素', '山东省农业旅游空间结构发育特征、优化模式及其驱动机制', '区域旅游扶贫类型与模式研究——以大别山集中连片特困区36个县(市)为例']",3,stable,1.0,,0.4,0.27,8.0,v8_seeded_boundary_topic
AS-A45-ZH-900,application,A45,旅游、文化与文旅融合,"Tourism, Culture and Culture-Tourism Integration",旅游、文化与文旅融合（未细分）,"Tourism, Culture and Culture-Tourism Integration (Unresolved Subtopic)",证据不足以稳定映射到当前细主题，保留在父主题并进入后续增量发现。,Insufficient evidence for a stable fine-grained assignment; retained at the parent level.,zh,[],[],"['旅游流', '旅游经济', '游客']",27,"['ZH_0490', 'ZH_0654', 'ZH_0471', 'ZH_0621', 'ZH_0066']","['长沙市休闲旅游资源空间分布特征及形成机制', '中国高原生态旅游发展潜力评价', '电影引致旅游的理论模型与计量分析', '基于网络关注度的湖南省居民旅游需求时空特征', '基于行动者网络的生态旅游地多元主体冲突的演变及形成机制——以湖北省神农架为例']",2,reviewed,1.0,,0.52,0.36,8.0,v8_parent_fallback
AS-A46-ZH-900,application,A46,交通物流与公共基础设施,"Transport, Logistics and Public Infrastructure",交通物流与公共基础设施（未细分）,"Transport, Logistics and Public Infrastructure (Unresolved Subtopic)",证据不足以稳定映射到当前细主题，保留在父主题并进入后续增量发现。,Insufficient evidence for a stable fine-grained assignment; retained at the parent level.,zh,[],[],[],23,"['ZH_0843', 'ZH_0641', 'ZH_0410', 'ZH_0715', 'ZH_0643']","['广佛都市圈公路网络通达性及其空间格局', '基于铁路网的中国主要城市中心性的空间格局', '基于可达性的医疗服务功能空间分异特征及其服务强度研究——以河北省张家口市为例', '中国抖音直播带货行业发展的空间分异及影响因素', '基于城乡统筹的公路交通建设模式与路径研究——以长株潭为例']",2,reviewed,1.0,,0.52,0.36,8.0,v8_parent_fallback
AS-A47-ZH-900,application,A47,公共服务、社会治理与民生,"Public Services, Social Governance and Livelihood",公共服务、社会治理与民生（未细分）,"Public Services, Social Governance and Livelihood (Unresolved Subtopic)",证据不足以稳定映射到当前细主题，保留在父主题并进入后续增量发现。,Insufficient evidence for a stable fine-grained assignment; retained at the parent level.,zh,[],[],[],1,['ZH_0922'],['撤县(市)设区对城市公共服务配置和空间布局的影响与作用机理'],2,reviewed,1.0,,0.52,0.36,8.0,v8_parent_fallback
AS-A50-ZH-001,application,A50,金融贸易、投资与开放经济,"Finance, Trade, Investment and Open Economy",金融、资本市场与风险,"Finance, Capital Markets and Risk",属于“金融贸易、投资与开放经济”父类，核心边界由金融、资本市场、银行等证据确定。,"A seeded fine-grained topic under Finance, Trade, Investment and Open Economy.",zh,"['金融', '资本市场', '银行']","['金融', '资本市场', '银行']","['贸易', '出口', '自贸区', '一带一路']",3,"['ZH_0452', 'ZH_0398', 'ZH_0479']","['江浙沪城市商业银行竞争力及其影响因素分析', '深化科技与金融结合 赋能企业高质量创新', '中国金融中心的等级制网络分析——以改革开放以来资本市场中介的成长为例']",3,reviewed,1.0,,0.532,0.402,8.0,v8_seeded_boundary_topic
AS-A50-ZH-002,application,A50,金融贸易、投资与开放经济,"Finance, Trade, Investment and Open Economy",贸易、出口与开放经济,"Trade, Exports and Open Economy",属于“金融贸易、投资与开放经济”父类，核心边界由贸易、出口、自贸区、一带一路等证据确定。,"A seeded fine-grained topic under Finance, Trade, Investment and Open Economy.",zh,"['贸易', '出口', '自贸区', '一带一路']","['贸易', '出口', '自贸区', '一带一路']","['金融', '资本市场', '银行']",4,"['ZH_0407', 'ZH_0461', 'ZH_0651', 'ZH_0158']","['“一带一路”沿线国家投资环境评价', '“一带一路”沿线国家安全形势评估及对策', '中国对欧盟直接投资(OFDI)的时空特征及影响因素', '海运服务贸易网络结构演变与各国角色识别']",3,reviewed,1.0,,0.4473,0.3173,8.0,v8_seeded_boundary_topic
AS-A50-ZH-900,application,A50,金融贸易、投资与开放经济,"Finance, Trade, Investment and Open Economy",金融贸易、投资与开放经济（未细分）,"Finance, Trade, Investment and Open Economy (Unresolved Subtopic)",证据不足以稳定映射到当前细主题，保留在父主题并进入后续增量发现。,Insufficient evidence for a stable fine-grained assignment; retained at the parent level.,zh,[],[],"['金融', '资本市场', '银行']",10,"['ZH_0663', 'ZH_0841', 'ZH_0970', 'ZH_0743', 'ZH_0893']","['我国中心城市金融集聚水平与空间格局研究', '天津市经济发展的重心空间演变及未来展望', '我国省际区域的知识产权保护、出口商品结构与TFP联动', '欧盟一体化与经济增长趋同性研究', '武汉城市圈科技金融效率时空特征与趋同演化分析']",2,reviewed,1.0,,0.52,0.36,8.0,v8_parent_fallback
AS-A51-ZH-900,application,A51,资源能源、海洋与国土空间,"Resources, Energy, Oceans and Territorial Space",资源能源、海洋与国土空间（未细分）,"Resources, Energy, Oceans and Territorial Space (Unresolved Subtopic)",证据不足以稳定映射到当前细主题，保留在父主题并进入后续增量发现。,Insufficient evidence for a stable fine-grained assignment; retained at the parent level.,zh,[],[],[],11,"['ZH_0962', 'ZH_0858', 'ZH_0432', 'ZH_0293', 'ZH_0878']","['开展近海生态系统长期观测 引领海洋生态系统健康研究', '对我国海洋科学研究战略的认识与思考', '东海浮标综合观测网络支撑海洋环境保护和防灾减灾预报', '中国科学院海洋研究所：七十五载深蓝志 科研巨擘映辉煌', '基于CD-ESDA模型的中国产业用水增长质量的时空格局分析']",2,reviewed,1.0,,0.52,0.36,8.0,v8_parent_fallback
AS-A01-ZH-900,application,A01,心血管与循环系统疾病,Cardiovascular and Circulatory Diseases,心血管与循环系统疾病（父主题）,Cardiovascular and Circulatory Diseases (Parent Topic),当前语言尚无足够样本形成稳定细主题，先映射到统一父主题。,Insufficient language-specific evidence for a stable fine-grained topic; mapped to the unified parent topic.,zh,[],[],[],0,[],[],2,parent_fallback,,,0.5,0.32,8.0,v8_taxonomy_parent_prototype
AS-A02-ZH-900,application,A02,内分泌代谢与糖尿病,"Endocrine, Metabolic and Diabetes Disorders",内分泌代谢与糖尿病（父主题）,"Endocrine, Metabolic and Diabetes Disorders (Parent Topic)",当前语言尚无足够样本形成稳定细主题，先映射到统一父主题。,Insufficient language-specific evidence for a stable fine-grained topic; mapped to the unified parent topic.,zh,[],[],[],0,[],[],2,parent_fallback,,,0.5,0.32,8.0,v8_taxonomy_parent_prototype
AS-A03-ZH-900,application,A03,肿瘤与癌症诊疗,Oncology and Cancer Diagnosis/Treatment,肿瘤与癌症诊疗（父主题）,Oncology and Cancer Diagnosis/Treatment (Parent Topic),当前语言尚无足够样本形成稳定细主题，先映射到统一父主题。,Insufficient language-specific evidence for a stable fine-grained topic; mapped to the unified parent topic.,zh,[],[],[],0,[],[],2,parent_fallback,,,0.5,0.32,8.0,v8_taxonomy_parent_prototype
AS-A05-ZH-900,application,A05,骨科肌肉与康复医学,"Orthopedics, Musculoskeletal and Rehabilitation Medicine",骨科肌肉与康复医学（父主题）,"Orthopedics, Musculoskeletal and Rehabilitation Medicine (Parent Topic)",当前语言尚无足够样本形成稳定细主题，先映射到统一父主题。,Insufficient language-specific evidence for a stable fine-grained topic; mapped to the unified parent topic.,zh,[],[],[],0,[],[],2,parent_fallback,,,0.5,0.32,8.0,v8_taxonomy_parent_prototype
AS-A06-ZH-900,application,A06,消化肝胆与胃肠疾病,"Digestive, Hepatobiliary and Gastrointestinal Diseases",消化肝胆与胃肠疾病（父主题）,"Digestive, Hepatobiliary and Gastrointestinal Diseases (Parent Topic)",当前语言尚无足够样本形成稳定细主题，先映射到统一父主题。,Insufficient language-specific evidence for a stable fine-grained topic; mapped to the unified parent topic.,zh,[],[],[],0,[],[],2,parent_fallback,,,0.5,0.32,8.0,v8_taxonomy_parent_prototype
AS-A07-ZH-900,application,A07,感染微生物与抗菌耐药,"Infectious Diseases, Microbiology and Antimicrobial Resistance",感染微生物与抗菌耐药（父主题）,"Infectious Diseases, Microbiology and Antimicrobial Resistance (Parent Topic)",当前语言尚无足够样本形成稳定细主题，先映射到统一父主题。,Insufficient language-specific evidence for a stable fine-grained topic; mapped to the unified parent topic.,zh,[],[],[],0,[],[],2,parent_fallback,,,0.5,0.32,8.0,v8_taxonomy_parent_prototype
AS-A11-ZH-900,application,A11,兽医、水产与动物健康,"Veterinary, Aquaculture and Animal Health",兽医、水产与动物健康（父主题）,"Veterinary, Aquaculture and Animal Health (Parent Topic)",当前语言尚无足够样本形成稳定细主题，先映射到统一父主题。,Insufficient language-specific evidence for a stable fine-grained topic; mapped to the unified parent topic.,zh,[],[],[],0,[],[],2,parent_fallback,,,0.5,0.32,8.0,v8_taxonomy_parent_prototype
AS-A13-ZH-900,application,A13,水环境、污染治理与废物资源化,"Water Environment, Pollution Control and Waste Valorization",水环境、污染治理与废物资源化（父主题）,"Water Environment, Pollution Control and Waste Valorization (Parent Topic)",当前语言尚无足够样本形成稳定细主题，先映射到统一父主题。,Insufficient language-specific evidence for a stable fine-grained topic; mapped to the unified parent topic.,zh,[],[],[],0,[],[],2,parent_fallback,,,0.5,0.32,8.0,v8_taxonomy_parent_prototype
AS-A14-ZH-900,application,A14,能源、电池与太阳能系统,"Energy, Batteries and Solar-Energy Systems",能源、电池与太阳能系统（父主题）,"Energy, Batteries and Solar-Energy Systems (Parent Topic)",当前语言尚无足够样本形成稳定细主题，先映射到统一父主题。,Insufficient language-specific evidence for a stable fine-grained topic; mapped to the unified parent topic.,zh,[],[],[],0,[],[],2,parent_fallback,,,0.5,0.32,8.0,v8_taxonomy_parent_prototype
AS-A16-ZH-900,application,A16,电子半导体与传感器件,"Electronics, Semiconductors and Sensor Devices",电子半导体与传感器件（父主题）,"Electronics, Semiconductors and Sensor Devices (Parent Topic)",当前语言尚无足够样本形成稳定细主题，先映射到统一父主题。,Insufficient language-specific evidence for a stable fine-grained topic; mapped to the unified parent topic.,zh,[],[],[],0,[],[],2,parent_fallback,,,0.5,0.32,8.0,v8_taxonomy_parent_prototype
AS-A17-ZH-900,application,A17,光学光子、天线与射频,"Optics, Photonics, Antennas and Radio Frequency",光学光子、天线与射频（父主题）,"Optics, Photonics, Antennas and Radio Frequency (Parent Topic)",当前语言尚无足够样本形成稳定细主题，先映射到统一父主题。,Insufficient language-specific evidence for a stable fine-grained topic; mapped to the unified parent topic.,zh,[],[],[],0,[],[],2,parent_fallback,,,0.5,0.32,8.0,v8_taxonomy_parent_prototype
AS-A18-ZH-900,application,A18,土木岩土与交通基础设施,"Civil, Geotechnical and Transport Infrastructure",土木岩土与交通基础设施（父主题）,"Civil, Geotechnical and Transport Infrastructure (Parent Topic)",当前语言尚无足够样本形成稳定细主题，先映射到统一父主题。,Insufficient language-specific evidence for a stable fine-grained topic; mapped to the unified parent topic.,zh,[],[],[],0,[],[],2,parent_fallback,,,0.5,0.32,8.0,v8_taxonomy_parent_prototype
AS-A19-ZH-900,application,A19,机械制造与工程装备,Mechanical Manufacturing and Engineering Equipment,机械制造与工程装备（父主题）,Mechanical Manufacturing and Engineering Equipment (Parent Topic),当前语言尚无足够样本形成稳定细主题，先映射到统一父主题。,Insufficient language-specific evidence for a stable fine-grained topic; mapped to the unified parent topic.,zh,[],[],[],0,[],[],2,parent_fallback,,,0.5,0.32,8.0,v8_taxonomy_parent_prototype
AS-A21-ZH-900,application,A21,化学催化与碳资源转化,Chemical Catalysis and Carbon-Resource Conversion,化学催化与碳资源转化（父主题）,Chemical Catalysis and Carbon-Resource Conversion (Parent Topic),当前语言尚无足够样本形成稳定细主题，先映射到统一父主题。,Insufficient language-specific evidence for a stable fine-grained topic; mapped to the unified parent topic.,zh,[],[],[],0,[],[],2,parent_fallback,,,0.5,0.32,8.0,v8_taxonomy_parent_prototype
AS-A23-ZH-900,application,A23,食品营养、天然产物与植物活性,"Food, Nutrition, Natural Products and Plant Bioactivity",食品营养、天然产物与植物活性（父主题）,"Food, Nutrition, Natural Products and Plant Bioactivity (Parent Topic)",当前语言尚无足够样本形成稳定细主题，先映射到统一父主题。,Insufficient language-specific evidence for a stable fine-grained topic; mapped to the unified parent topic.,zh,[],[],[],0,[],[],2,parent_fallback,,,0.5,0.32,8.0,v8_taxonomy_parent_prototype
AS-A29-ZH-900,application,A29,药物开发、递送与治疗材料,"Drug Development, Delivery and Therapeutic Materials",药物开发、递送与治疗材料（父主题）,"Drug Development, Delivery and Therapeutic Materials (Parent Topic)",当前语言尚无足够样本形成稳定细主题，先映射到统一父主题。,Insufficient language-specific evidence for a stable fine-grained topic; mapped to the unified parent topic.,zh,[],[],[],0,[],[],2,parent_fallback,,,0.5,0.32,8.0,v8_taxonomy_parent_prototype
AS-A30-ZH-900,application,A30,其他综合与难归类应用,Other Integrated or Unclassified Applications,其他综合与难归类应用（父主题）,Other Integrated or Unclassified Applications (Parent Topic),当前语言尚无足够样本形成稳定细主题，先映射到统一父主题。,Insufficient language-specific evidence for a stable fine-grained topic; mapped to the unified parent topic.,zh,[],[],[],0,[],[],2,parent_fallback,,,0.5,0.32,8.0,v8_taxonomy_parent_prototype
AS-A30-EN-900,application,A30,其他综合与难归类应用,Other Integrated or Unclassified Applications,其他综合与难归类应用（父主题）,Other Integrated or Unclassified Applications (Parent Topic),当前语言尚无足够样本形成稳定细主题，先映射到统一父主题。,Insufficient language-specific evidence for a stable fine-grained topic; mapped to the unified parent topic.,en,[],[],[],0,[],[],2,parent_fallback,,,0.5,0.32,8.0,v8_taxonomy_parent_prototype
AS-A31-EN-900,application,A31,配电网与分布式能源系统,Distribution Grids and Distributed Energy Systems,配电网与分布式能源系统（父主题）,Distribution Grids and Distributed Energy Systems (Parent Topic),当前语言尚无足够样本形成稳定细主题，先映射到统一父主题。,Insufficient language-specific evidence for a stable fine-grained topic; mapped to the unified parent topic.,en,[],[],[],0,[],[],2,parent_fallback,,,0.5,0.32,8.0,v8_taxonomy_parent_prototype
AS-A32-EN-900,application,A32,输电、高压直流与换流系统,"Transmission, HVDC and Converter Systems",输电、高压直流与换流系统（父主题）,"Transmission, HVDC and Converter Systems (Parent Topic)",当前语言尚无足够样本形成稳定细主题，先映射到统一父主题。,Insufficient language-specific evidence for a stable fine-grained topic; mapped to the unified parent topic.,en,[],[],[],0,[],[],2,parent_fallback,,,0.5,0.32,8.0,v8_taxonomy_parent_prototype
AS-A33-EN-900,application,A33,微电网与综合能源系统,Microgrids and Integrated Energy Systems,微电网与综合能源系统（父主题）,Microgrids and Integrated Energy Systems (Parent Topic),当前语言尚无足够样本形成稳定细主题，先映射到统一父主题。,Insufficient language-specific evidence for a stable fine-grained topic; mapped to the unified parent topic.,en,[],[],[],0,[],[],2,parent_fallback,,,0.5,0.32,8.0,v8_taxonomy_parent_prototype
AS-A34-EN-900,application,A34,新能源发电、光伏与风电,"Renewable Generation, Photovoltaics and Wind Power",新能源发电、光伏与风电（父主题）,"Renewable Generation, Photovoltaics and Wind Power (Parent Topic)",当前语言尚无足够样本形成稳定细主题，先映射到统一父主题。,Insufficient language-specific evidence for a stable fine-grained topic; mapped to the unified parent topic.,en,[],[],[],0,[],[],2,parent_fallback,,,0.5,0.32,8.0,v8_taxonomy_parent_prototype
AS-A35-EN-900,application,A35,储能、电动汽车与充换电,"Energy Storage, Electric Vehicles and Charging",储能、电动汽车与充换电（父主题）,"Energy Storage, Electric Vehicles and Charging (Parent Topic)",当前语言尚无足够样本形成稳定细主题，先映射到统一父主题。,Insufficient language-specific evidence for a stable fine-grained topic; mapped to the unified parent topic.,en,[],[],[],0,[],[],2,parent_fallback,,,0.5,0.32,8.0,v8_taxonomy_parent_prototype
AS-A36-EN-900,application,A36,电力市场、需求响应与能源交易,"Electricity Markets, Demand Response and Energy Trading",电力市场、需求响应与能源交易（父主题）,"Electricity Markets, Demand Response and Energy Trading (Parent Topic)",当前语言尚无足够样本形成稳定细主题，先映射到统一父主题。,Insufficient language-specific evidence for a stable fine-grained topic; mapped to the unified parent topic.,en,[],[],[],0,[],[],2,parent_fallback,,,0.5,0.32,8.0,v8_taxonomy_parent_prototype
AS-A37-EN-900,application,A37,电力设备运维、保护与故障恢复,"Power-Equipment Maintenance, Protection and Fault Recovery",电力设备运维、保护与故障恢复（父主题）,"Power-Equipment Maintenance, Protection and Fault Recovery (Parent Topic)",当前语言尚无足够样本形成稳定细主题，先映射到统一父主题。,Insufficient language-specific evidence for a stable fine-grained topic; mapped to the unified parent topic.,en,[],[],[],0,[],[],2,parent_fallback,,,0.5,0.32,8.0,v8_taxonomy_parent_prototype
AS-A38-EN-900,application,A38,电力电子、逆变器与构网控制,"Power Electronics, Inverters and Grid-Forming Control",电力电子、逆变器与构网控制（父主题）,"Power Electronics, Inverters and Grid-Forming Control (Parent Topic)",当前语言尚无足够样本形成稳定细主题，先映射到统一父主题。,Insufficient language-specific evidence for a stable fine-grained topic; mapped to the unified parent topic.,en,[],[],[],0,[],[],2,parent_fallback,,,0.5,0.32,8.0,v8_taxonomy_parent_prototype
AS-A39-EN-900,application,A39,区域经济、城市群与空间发展,"Regional Economy, Urban Agglomerations and Spatial Development",区域经济、城市群与空间发展（父主题）,"Regional Economy, Urban Agglomerations and Spatial Development (Parent Topic)",当前语言尚无足够样本形成稳定细主题，先映射到统一父主题。,Insufficient language-specific evidence for a stable fine-grained topic; mapped to the unified parent topic.,en,[],[],[],0,[],[],2,parent_fallback,,,0.5,0.32,8.0,v8_taxonomy_parent_prototype
AS-A40-EN-900,application,A40,数字经济、技术创新与创新网络,"Digital Economy, Technological Innovation and Innovation Networks",数字经济、技术创新与创新网络（父主题）,"Digital Economy, Technological Innovation and Innovation Networks (Parent Topic)",当前语言尚无足够样本形成稳定细主题，先映射到统一父主题。,Insufficient language-specific evidence for a stable fine-grained topic; mapped to the unified parent topic.,en,[],[],[],0,[],[],2,parent_fallback,,,0.5,0.32,8.0,v8_taxonomy_parent_prototype
AS-A41-EN-900,application,A41,城镇化、共同富裕与城乡融合,"Urbanization, Common Prosperity and Urban-Rural Integration",城镇化、共同富裕与城乡融合（父主题）,"Urbanization, Common Prosperity and Urban-Rural Integration (Parent Topic)",当前语言尚无足够样本形成稳定细主题，先映射到统一父主题。,Insufficient language-specific evidence for a stable fine-grained topic; mapped to the unified parent topic.,en,[],[],[],0,[],[],2,parent_fallback,,,0.5,0.32,8.0,v8_taxonomy_parent_prototype
AS-A42-EN-900,application,A42,农业农村、土地与乡村振兴,"Agriculture, Rural Land and Rural Revitalization",农业农村、土地与乡村振兴（父主题）,"Agriculture, Rural Land and Rural Revitalization (Parent Topic)",当前语言尚无足够样本形成稳定细主题，先映射到统一父主题。,Insufficient language-specific evidence for a stable fine-grained topic; mapped to the unified parent topic.,en,[],[],[],0,[],[],2,parent_fallback,,,0.5,0.32,8.0,v8_taxonomy_parent_prototype
AS-A43-EN-900,application,A43,产业结构、制造业与企业发展,"Industrial Structure, Manufacturing and Enterprise Development",产业结构、制造业与企业发展（父主题）,"Industrial Structure, Manufacturing and Enterprise Development (Parent Topic)",当前语言尚无足够样本形成稳定细主题，先映射到统一父主题。,Insufficient language-specific evidence for a stable fine-grained topic; mapped to the unified parent topic.,en,[],[],[],0,[],[],2,parent_fallback,,,0.5,0.32,8.0,v8_taxonomy_parent_prototype
AS-A44-EN-900,application,A44,绿色低碳、生态保护与环境治理,"Green and Low-Carbon Development, Ecological and Environmental Governance",绿色低碳、生态保护与环境治理（父主题）,"Green and Low-Carbon Development, Ecological and Environmental Governance (Parent Topic)",当前语言尚无足够样本形成稳定细主题，先映射到统一父主题。,Insufficient language-specific evidence for a stable fine-grained topic; mapped to the unified parent topic.,en,[],[],[],0,[],[],2,parent_fallback,,,0.5,0.32,8.0,v8_taxonomy_parent_prototype
AS-A45-EN-900,application,A45,旅游、文化与文旅融合,"Tourism, Culture and Culture-Tourism Integration",旅游、文化与文旅融合（父主题）,"Tourism, Culture and Culture-Tourism Integration (Parent Topic)",当前语言尚无足够样本形成稳定细主题，先映射到统一父主题。,Insufficient language-specific evidence for a stable fine-grained topic; mapped to the unified parent topic.,en,[],[],[],0,[],[],2,parent_fallback,,,0.5,0.32,8.0,v8_taxonomy_parent_prototype
AS-A46-EN-900,application,A46,交通物流与公共基础设施,"Transport, Logistics and Public Infrastructure",交通物流与公共基础设施（父主题）,"Transport, Logistics and Public Infrastructure (Parent Topic)",当前语言尚无足够样本形成稳定细主题，先映射到统一父主题。,Insufficient language-specific evidence for a stable fine-grained topic; mapped to the unified parent topic.,en,[],[],[],0,[],[],2,parent_fallback,,,0.5,0.32,8.0,v8_taxonomy_parent_prototype
AS-A47-EN-900,application,A47,公共服务、社会治理与民生,"Public Services, Social Governance and Livelihood",公共服务、社会治理与民生（父主题）,"Public Services, Social Governance and Livelihood (Parent Topic)",当前语言尚无足够样本形成稳定细主题，先映射到统一父主题。,Insufficient language-specific evidence for a stable fine-grained topic; mapped to the unified parent topic.,en,[],[],[],0,[],[],2,parent_fallback,,,0.5,0.32,8.0,v8_taxonomy_parent_prototype
AS-A48-EN-900,application,A48,科技政策、科研机构与人才发展,"Science Policy, Research Institutions and Talent Development",科技政策、科研机构与人才发展（父主题）,"Science Policy, Research Institutions and Talent Development (Parent Topic)",当前语言尚无足够样本形成稳定细主题，先映射到统一父主题。,Insufficient language-specific evidence for a stable fine-grained topic; mapped to the unified parent topic.,en,[],[],[],0,[],[],2,parent_fallback,,,0.5,0.32,8.0,v8_taxonomy_parent_prototype
AS-A49-EN-900,application,A49,航空航天、国防与高端装备,"Aerospace, Defense and Advanced Equipment",航空航天、国防与高端装备（父主题）,"Aerospace, Defense and Advanced Equipment (Parent Topic)",当前语言尚无足够样本形成稳定细主题，先映射到统一父主题。,Insufficient language-specific evidence for a stable fine-grained topic; mapped to the unified parent topic.,en,[],[],[],0,[],[],2,parent_fallback,,,0.5,0.32,8.0,v8_taxonomy_parent_prototype
AS-A50-EN-900,application,A50,金融贸易、投资与开放经济,"Finance, Trade, Investment and Open Economy",金融贸易、投资与开放经济（父主题）,"Finance, Trade, Investment and Open Economy (Parent Topic)",当前语言尚无足够样本形成稳定细主题，先映射到统一父主题。,Insufficient language-specific evidence for a stable fine-grained topic; mapped to the unified parent topic.,en,[],[],[],0,[],[],2,parent_fallback,,,0.5,0.32,8.0,v8_taxonomy_parent_prototype
AS-A51-EN-900,application,A51,资源能源、海洋与国土空间,"Resources, Energy, Oceans and Territorial Space",资源能源、海洋与国土空间（父主题）,"Resources, Energy, Oceans and Territorial Space (Parent Topic)",当前语言尚无足够样本形成稳定细主题，先映射到统一父主题。,Insufficient language-specific evidence for a stable fine-grained topic; mapped to the unified parent topic.,en,[],[],[],0,[],[],2,parent_fallback,,,0.5,0.32,8.0,v8_taxonomy_parent_prototype
AS-A34-ZH-801,application,A34,新能源发电、光伏与风电,"Renewable Generation, Photovoltaics and Wind Power",光伏功率预测与光伏集群感知,Photovoltaic Power Forecasting and Cluster Sensing,属于“新能源发电、光伏与风电”父类，由全量语料中的明确规则证据建立主题锚点。,"A rule-anchored fine topic under Renewable Generation, Photovoltaics and Wind Power built from explicit full-corpus evidence.",zh,"['光伏功率预测', '光伏超短期预测', '区域台区光伏预测', '光伏集群']","['光伏功率预测', '光伏超短期预测', '区域台区光伏预测', '光伏集群']",[],5,"['ZH_0184', 'ZH_0040', 'ZH_0273', 'ZH_0015', 'ZH_0548']","['表后光伏发电辨识方法综述', '基于双向循环插补网络的分布式光伏集群时序数据耦合增强方法', '考虑预测误差不确定性和功率互济的配电网直流合环重构', '基于分层有向图与动态时空相关性的小区域光伏超短期预测方法', '基于异质聚类与Stacking的双集成光伏发电功率预测']",3,stable,,,0.4,0.27,8.1,v8_rule_anchor_full_corpus
AS-A37-ZH-801,application,A37,电力设备运维、保护与故障恢复,"Power-Equipment Maintenance, Protection and Fault Recovery",旋转机械与电力设备故障诊断,Rotating Machinery and Power-Equipment Fault Diagnosis,属于“电力设备运维、保护与故障恢复”父类，由全量语料中的明确规则证据建立主题锚点。,"A rule-anchored fine topic under Power-Equipment Maintenance, Protection and Fault Recovery built from explicit full-corpus evidence.",zh,"['轴承故障诊断', '机组故障诊断', '设备故障诊断', '故障识别']","['轴承故障诊断', '机组故障诊断', '设备故障诊断', '故障识别']",[],11,"['ZH_0864', 'ZH_0231', 'ZH_0270', 'ZH_0020', 'ZH_0245', 'ZH_0374', 'ZH_0807', 'ZH_0030']","['基于卷积深度网络的高压真空断路器机械故障诊断方法', '基于LCC注入信号归一化面积差的混合多端直流输电系统永久性故障识别方案', '声信号下基于双通道特征融合网络的电抗器故障诊断方法', '考虑声-振模态结合的抽水蓄能机组轴承故障诊断', '小样本条件下基于深度特征融合的配电网高阻接地故障识别方法', '基于小波变换与TKEO的故障识别与定位方法研究', '利用行波波形改进编辑距离的柔性直流输电线路后备保护方案', '基于关系超图增强Transformer的智能站二次设备故障诊断研究']",3,stable,,,0.4,0.27,8.1,v8_rule_anchor_full_corpus
AS-A47-ZH-801,application,A47,公共服务、社会治理与民生,"Public Services, Social Governance and Livelihood",公共服务设施与空间均等化,Public-Service Facilities and Spatial Equalization,属于“公共服务、社会治理与民生”父类，由全量语料中的明确规则证据建立主题锚点。,"A rule-anchored fine topic under Public Services, Social Governance and Livelihood built from explicit full-corpus evidence.",zh,"['公共服务设施', '空间配给', '均等性', '供需空间']","['公共服务设施', '空间配给', '均等性', '供需空间']",[],3,"['ZH_0951', 'ZH_0049', 'ZH_0922']","['北京市住宅租金空间结构及其影响因素', '城乡居家养老服务设施空间配给均等性研究——以苏州市为例', '撤县(市)设区对城市公共服务配置和空间布局的影响与作用机理']",3,reviewed,,,0.4,0.27,8.1,v8_rule_anchor_full_corpus
