topic_id,axis,parent_category_id,parent_label_zh,parent_label_en,topic_name_zh,topic_name_en,definition_zh,definition_en,language,aliases,positive_evidence,negative_evidence,support_count,prototype_document_ids,prototype_titles,granularity_level,status,cluster_stability_nmi,parent_silhouette,direct_match_threshold,review_match_threshold,version,discovery_source
TR-T06-ZH-001,technical,T06,叙述性综述与理论观点,Narrative Review and Theoretical Perspective,叙述性综述与理论观点,Narrative Review and Theoretical Perspective — Chinese evidence topic 1,属于“叙述性综述与理论观点”父类，重点聚焦于叙述性综述与理论观点。,A Chinese-language fine-grained topic under Narrative Review and Theoretical Perspective; its main evidence is recorded in the aliases and positive-evidence fields.,zh,[],[],[],23,"['ZH_0141', 'ZH_0899', 'ZH_0143', 'ZH_0739', 'ZH_0685']","['演化经济地理学的“需求转向”研究进展与展望', '基于学科视角的专业市场集群形成机制研究述评', '国土空间生态韧性研究进展与前沿分析', '中国区域经济差异问题研究综述', '意愿调查法在我国遗产资源价值评价领域的应用与研究进展']",2,stable,0.7035,0.0125,0.42,0.28,8.0,v7_zh_high_medium_gold
TR-T07-ZH-001,technical,T07,病例报告与病例系列,Case Reports and Case Series,病例报告与病例系列,Case Reports and Case Series — Chinese evidence topic 1,属于“病例报告与病例系列”父类，重点聚焦于病例报告与病例系列。,A Chinese-language fine-grained topic under Case Reports and Case Series; its main evidence is recorded in the aliases and positive-evidence fields.,zh,[],[],[],1,['ZH_0717'],['河南省新冠肺炎疫情时空扩散特征与人口流动风险评估——基于1243例病例报告的分析'],2,candidate,1.0,0.0,0.96,0.82,8.0,v7_zh_high_medium_gold
TR-T11-ZH-001,technical,T11,成像、生理测量与诊断检测,"Imaging, Physiological Measurement and Diagnostic Testing",成像、生理测量与诊断检测,"Imaging, Physiological Measurement and Diagnostic Testing — Chinese evidence topic 1",属于“成像、生理测量与诊断检测”父类，重点聚焦于成像、生理测量与诊断检测。,"A Chinese-language fine-grained topic under Imaging, Physiological Measurement and Diagnostic Testing; its main evidence is recorded in the aliases and positive-evidence fields.",zh,[],[],[],6,"['ZH_0575', 'ZH_0210', 'ZH_0564', 'ZH_0333', 'ZH_0600']","['考虑CT饱和干扰的电力变压器励磁涌流识别方法', '考虑富氧燃烧技术与绿证-碳配额等价交互的综合能源低碳经济调度', '南方(以广东起步)电力现货市场“月结算”试运行关键监测指标及市场力分析', '基于小波图像卷积的局部放电非梯度定位方法研究', '改进EGM模型对特高压输电线路的适用性与验证']",2,stable,1.0,0.0,0.42,0.28,8.0,v7_zh_high_medium_gold
TR-T12-ZH-001,technical,T12,材料合成与制备工艺,Material Synthesis and Fabrication,材料合成与制备工艺,Material Synthesis and Fabrication — Chinese evidence topic 1,属于“材料合成与制备工艺”父类，重点聚焦于材料合成与制备工艺。,A Chinese-language fine-grained topic under Material Synthesis and Fabrication; its main evidence is recorded in the aliases and positive-evidence fields.,zh,[],[],[],15,"['ZH_0284', 'ZH_0283', 'ZH_0655', 'ZH_0744', 'ZH_0342']","['微生物制造饲用氨基酸助力豆粕减量替代', '细胞工厂设计数字化赋能绿色生物制造', '合成生物学研究的工程化平台', '面向生物合成的代谢工程策略设计', '基于分布式通信架构的温控负荷参与电力系统频率调控模型']",2,reviewed,0.5219,0.0166,0.42,0.28,8.0,v7_zh_high_medium_gold
TR-T13-ZH-001,technical,T13,材料表征与性能测试,Material Characterization and Performance Testing,材料表征与性能测试,Material Characterization and Performance Testing — Chinese evidence topic 1,属于“材料表征与性能测试”父类，重点聚焦于材料表征与性能测试。,A Chinese-language fine-grained topic under Material Characterization and Performance Testing; its main evidence is recorded in the aliases and positive-evidence fields.,zh,[],[],[],9,"['ZH_0438', 'ZH_0281', 'ZH_0691', 'ZH_0788', 'ZH_0934']","['考虑储能系统调度与风电消纳的峰谷分时电价优化模型研究', '交流变速抽蓄机组单通道电力系统稳定器设计研究', '中压馈线分段策略的实用优化模型和方法', '直面挑战 追梦核裂变能可持续发展——“未来先进核裂变能——ADS嬗变系统”战略性先导科技专项及进展', '京津冀区域经济发展与资源环境的脱钩状态及驱动因素']",2,stable,1.0,0.0,0.42,0.28,8.0,v7_zh_high_medium_gold
TR-T16-ZH-001,technical,T16,解析理论与数学建模,Analytical Theory and Mathematical Modeling,解析理论与数学建模,Analytical Theory and Mathematical Modeling — Chinese evidence topic 1,属于“解析理论与数学建模”父类，重点聚焦于解析理论与数学建模。,A Chinese-language fine-grained topic under Analytical Theory and Mathematical Modeling; its main evidence is recorded in the aliases and positive-evidence fields.,zh,[],[],[],6,"['ZH_0390', 'ZH_0109', 'ZH_0322', 'ZH_0290', 'ZH_0067']","['电-气-碳-绿证多市场下综合能源供应商联合均衡模型', '电-碳-绿证交易耦合下新能源发电商参与投标竞争的多市场博弈分析', '基于随机微分方程的光伏电源机电随机特性的代数建模方法及应用', '科技改革需要构建新范式：理论探析', '旅游专业大学生乡村旅游创业意向的影响因素']",2,stable,1.0,0.0,0.42,0.28,8.0,v7_zh_high_medium_gold
TR-T17-ZH-001,technical,T17,工程器件、天线与原型设计,"Engineering Devices, Antennas and Prototype Design",工程器件、天线与原型设计,"Engineering Devices, Antennas and Prototype Design — Chinese evidence topic 1",属于“工程器件、天线与原型设计”父类，重点聚焦于工程器件、天线与原型设计。,"A Chinese-language fine-grained topic under Engineering Devices, Antennas and Prototype Design; its main evidence is recorded in the aliases and positive-evidence fields.",zh,[],[],[],7,"['ZH_0216', 'ZH_0664', 'ZH_0483', 'ZH_0917', 'ZH_0994']","['基于电感复用的准谐振型变换器', '一种双向谐振型高频直流变压器通用参数设计方法', '基于DS-LCC拓扑抗偏移性的建模与优化', '一种新型超导直流故障限流器', '基于可编程电源的数模动模混合仿真系统研究']",2,stable,1.0,0.0,0.42,0.28,8.0,v7_zh_high_medium_gold
TR-T20-ZH-001,technical,T20,问卷调查与定性社会研究,Questionnaire Surveys and Qualitative Social Research,问卷调查与定性社会研究,Questionnaire Surveys and Qualitative Social Research — Chinese evidence topic 1,属于“问卷调查与定性社会研究”父类，重点聚焦于问卷调查与定性社会研究。,A Chinese-language fine-grained topic under Questionnaire Surveys and Qualitative Social Research; its main evidence is recorded in the aliases and positive-evidence fields.,zh,[],[],[],11,"['ZH_0702', 'ZH_0782', 'ZH_0615', 'ZH_0570', 'ZH_0935']","['流动人口家庭化迁移与住房选择分异研究——基于全国25个城市的实证分析', '国民休闲驱动机制研究——生活方式、信息刺激与休闲消费行为的结构模型分析', '基于整日尺度的城市女性休闲满意度及其影响因素——以西宁市为例', '欠发达农区村域经济对产业集聚区的响应机制研究——以河南省王胖庄为例', '现代性拓殖与地方响应：少数民族盐业旅游社区的发展实践']",2,reviewed,0.3567,0.0092,0.42,0.28,8.0,v7_zh_high_medium_gold
TR-T21-ZH-001,technical,T21,经济评价与政策分析,Economic Evaluation and Policy Analysis,经济评价与政策分析,Economic Evaluation and Policy Analysis — Chinese evidence topic 1,属于“经济评价与政策分析”父类，重点聚焦于经济评价与政策分析。,A Chinese-language fine-grained topic under Economic Evaluation and Policy Analysis; its main evidence is recorded in the aliases and positive-evidence fields.,zh,[],[],[],1,['ZH_0975'],['中国北方草地生态系统服务评估和功能区划助力生态安全屏障建设'],2,candidate,1.0,0.0,0.96,0.82,8.0,v7_zh_high_medium_gold
TR-T25-ZH-001,technical,T25,数据集、基准与工具验证,"Datasets, Benchmarks and Tool Validation",数据集、基准与工具验证,"Datasets, Benchmarks and Tool Validation — Chinese evidence topic 1",属于“数据集、基准与工具验证”父类，重点聚焦于数据集、基准与工具验证。,"A Chinese-language fine-grained topic under Datasets, Benchmarks and Tool Validation; its main evidence is recorded in the aliases and positive-evidence fields.",zh,[],[],[],4,"['ZH_0201', 'ZH_0224', 'ZH_0499', 'ZH_0432']","['基于改进反距离加权的山东风资源高分辨率网格化数据集生成方法', '基于知识引导Raindrop学习的变压器健康评估方法', '考虑风-储-直参与调频的电力系统频率特征定量分析', '东海浮标综合观测网络支撑海洋环境保护和防灾减灾预报']",2,reviewed,1.0,0.0,0.4679,0.3279,8.0,v7_zh_high_medium_gold
TR-T26-ZH-001,technical,T26,控制规划与机器人自动化,Control Planning and Robotic Automation,控制规划与机器人自动化,Control Planning and Robotic Automation — Chinese evidence topic 1,属于“控制规划与机器人自动化”父类，重点聚焦于控制规划与机器人自动化。,A Chinese-language fine-grained topic under Control Planning and Robotic Automation; its main evidence is recorded in the aliases and positive-evidence fields.,zh,[],[],[],4,"['ZH_0541', 'ZH_0924', 'ZH_0319', 'ZH_0352']","['中国机器人产业发展现状与展望', '我国机器人产业现状分析与发展研判', '计及占用影响的集成楼宇暖通空调负荷群配电网优化方法', '基于抗频率偏移电感辨识的并网逆变器模型预测控制']",2,reviewed,1.0,0.0,0.4892,0.3492,8.0,v7_zh_high_medium_gold
TR-T30-ZH-001,technical,T30,风险评估与空间统计,Risk Assessment and Spatial Statistics,风险评估与空间统计,Risk Assessment and Spatial Statistics — Chinese evidence topic 1,属于“风险评估与空间统计”父类，重点聚焦于风险评估与空间统计。,A Chinese-language fine-grained topic under Risk Assessment and Spatial Statistics; its main evidence is recorded in the aliases and positive-evidence fields.,zh,[],[],[],2,"['ZH_0093', 'ZH_0526']","['考虑源-荷不确定性的省间电力现货市场潮流风险概率评估', '中缅铁路工程建设中风险监测模型构建与实证检验']",2,candidate,1.0,0.0,0.6903,0.5503,8.0,v7_zh_high_medium_gold
TR-T32-ZH-001,technical,T32,工程系统设计与方案优化,Engineering System Design and Scheme Optimization,工程系统设计与方案优化,Engineering System Design and Scheme Optimization — Chinese evidence topic 1,属于“工程系统设计与方案优化”父类，重点聚焦于工程系统设计与方案优化。,A Chinese-language fine-grained topic under Engineering System Design and Scheme Optimization; its main evidence is recorded in the aliases and positive-evidence fields.,zh,[],[],[],3,"['ZH_0052', 'ZH_0977', 'ZH_0203']","['分接开关可控移相变压器保护配置及故障特征分析', '关于长江三角洲地区推进稻田退水零直排工程建设的建议', '电力调度元宇宙架构及关键基础技术验证研究（上）：复杂系统设计原理及架构设计']",2,reviewed,1.0,0.0,0.5457,0.4057,8.0,v7_zh_high_medium_gold
TR-T01-EN-001,technical,T01,深度学习与神经网络,Deep Learning and Neural Networks,深度学习与神经网络—英文证据主题1,Deep Learning and Neural Networks,属于“深度学习与神经网络”父类的英文细粒度主题，核心证据见别名和正向证据字段。,"A fine-grained topic under Deep Learning and Neural Networks, focusing on Deep Learning and Neural Networks.",en,[],[],[],6,"['DOC_0200', 'DOC_0329', 'DOC_0441', 'DOC_0317', 'DOC_0499']","['Three-dimensional deep learning with spatial erasing for unsupervised anomaly segmentation in brain MRI', 'A deep cascaded segmentation of obstructive sleep apnea-relevant organs from sagittal spine MRI', 'Real-time vessel segmentation and reconstruction for virtual fixtures for an active handheld microneurosurgical instrument', 'E-nose coupled with an artificial neural network to detection of fraud in pure and industrial fruit juices', 'Generative multi-adversarial network for striking the right balance in abdominal image segmentation']",2,stable,1.0,0.0,0.42,0.28,8.0,v7_en_high_medium_gold
TR-T02-EN-001,technical,T02,经典机器学习与统计建模,Classical Machine Learning and Statistical Modeling,经典机器学习与统计建模—英文证据主题1,Patients / Covid / Surgery,属于“经典机器学习与统计建模”父类的英文细粒度主题，核心证据见别名和正向证据字段。,"A fine-grained topic under Classical Machine Learning and Statistical Modeling, focusing on patients, covid, surgery, cancer, screening.",en,"['patients', 'covid', 'surgery', 'cancer', 'screening', 'randomized', 'logistic', 'social']","['patients', 'covid', 'surgery', 'cancer', 'screening', 'randomized', 'logistic', 'social']","['acid', 'oxidation', 'bovine', 'seed']",6,"['DOC_0606', 'DOC_0408', 'DOC_0903', 'DOC_0786', 'DOC_0670']","['The association between treatment with heparin and survival in patients with Covid-19', 'Urgent and emergency surgery for secondary peritonitis during the COVID-19 outbreak: an unseen burden of a healthcare crisis', 'The role of socioeconomic disparity in colorectal cancer stage at presentation', 'Assessment of the reporting quality of RCTs for novel oral anticoagulants in venous thromboembolic disease based on the CONSORT statement', 'Clinical course of sinus node dysfunction after thoracoscopic surgery for atrial fibrillation—analysis of the Atrial Fibrillation Ablation and Autonomic Modulation via Thoracoscopic Surgery (AFACT) study']",3,stable,0.7578,0.0161,0.42,0.28,8.0,v7_en_high_medium_gold
TR-T02-EN-002,technical,T02,经典机器学习与统计建模,Classical Machine Learning and Statistical Modeling,经典机器学习与统计建模—英文证据主题2,ACID / Oxidation / Bovine,属于“经典机器学习与统计建模”父类的英文细粒度主题，核心证据见别名和正向证据字段。,"A fine-grained topic under Classical Machine Learning and Statistical Modeling, focusing on acid, oxidation, bovine, seed, temperature.",en,"['acid', 'oxidation', 'bovine', 'seed', 'temperature', 'different', 'traits', 'hdl functionality']","['acid', 'oxidation', 'bovine', 'seed', 'temperature', 'different', 'traits', 'hdl functionality']","['patients', 'covid', 'surgery', 'cancer']",5,"['DOC_0989', 'DOC_0720', 'DOC_0519', 'DOC_0739', 'DOC_0891']","['Quality predictive models for bovine liver during storage and changes in volatile flavors', 'Evaluating Thermal Quenching Temperature in Eu 3+ -Substituted Oxide Phosphors via Machine Learning', 'Correlation between bacterial communities and organic acids in the fermentation stage of traditional Chinese sour porridge', 'Ready for change: Seed traits contribute to the high adaptability of mudflat species to their unpredictable habitat', 'PON1 arylesterase activity, HDL functionality and their correlation in malnourished children']",3,stable,0.7578,0.0161,0.42,0.28,8.0,v7_en_high_medium_gold
TR-T03-EN-001,technical,T03,临床观察性队列与回顾性分析,Clinical Observational Cohort and Retrospective Analysis,临床观察性队列与回顾性分析—英文证据主题1,Covid-19 / Patients / Regression,属于“临床观察性队列与回顾性分析”父类的英文细粒度主题，核心证据见别名和正向证据字段。,"A fine-grained topic under Clinical Observational Cohort and Retrospective Analysis, focusing on covid-19, patients, regression, risk, cohort.",en,"['covid-19', 'patients', 'regression', 'risk', 'cohort', 'score', 'cox', 'population based']","['covid-19', 'patients', 'regression', 'risk', 'cohort', 'score', 'cox', 'population based']","['disease', 'cancer', 'center', 'treatment']",23,"['DOC_0008', 'DOC_0960', 'DOC_0088', 'DOC_0363', 'DOC_0195']","['Construction and validation of nomogram prognostic model for predicting survival in hepatoblastoma patients: a population-based study', 'Effectiveness of Systemic Corticosteroids Therapy for Nonsevere Patients With COVID-19: A Multicenter, Retrospective, Longitudinal Cohort Study', 'Ventilator-associated pneumonia is an important risk factor for mortality after major cardiac surgery', 'Incidence of venous thromboembolism among patients with severe COVID-19 requiring mechanical ventilation compared to other causes of respiratory failure: a prospective cohort study', 'Harmonized D-dimer levels upon admission for prognosis of COVID-19 severity: Results from a Spanish multicenter registry (BIOCOVID-Spain study)']",3,reviewed,0.1271,0.0039,0.42,0.28,8.0,v7_en_high_medium_gold
TR-T03-EN-002,technical,T03,临床观察性队列与回顾性分析,Clinical Observational Cohort and Retrospective Analysis,临床观察性队列与回顾性分析—英文证据主题2,Covid-19 / Surgery / Breast,属于“临床观察性队列与回顾性分析”父类的英文细粒度主题，核心证据见别名和正向证据字段。,"A fine-grained topic under Clinical Observational Cohort and Retrospective Analysis, focusing on covid-19, surgery, breast, patients, keywords.",en,"['covid-19', 'surgery', 'breast', 'patients', 'keywords', 'title', 'imaging', 'quality']","['covid-19', 'surgery', 'breast', 'patients', 'keywords', 'title', 'imaging', 'quality']","['regression', 'risk', 'cohort', 'score']",18,"['DOC_0794', 'DOC_0072', 'DOC_0885', 'DOC_0173', 'DOC_0838']","['Efficacy of an external volume expansion device and autologous fat grafting for breast reconstruction following breast conserving surgery and total mastectomy: Small improvements in quality of life found in a prospective cohort study', 'Magnetic resonance imaging appearance of oxidized regenerated cellulose in breast cancer surgery', 'Complications after reoperative thyroid surgery: retrospective evaluation of 152 consecutive cases', 'Comparison of single-stage and delayed gastrocnemius flap procedures for soft-tissue defects of the knee and proximal tibia', 'Decreasing secondary primary uterine cancer after breast cancer: A population-based analysis']",3,reviewed,0.1271,0.0039,0.42,0.28,8.0,v7_en_high_medium_gold
TR-T03-EN-003,technical,T03,临床观察性队列与回顾性分析,Clinical Observational Cohort and Retrospective Analysis,临床观察性队列与回顾性分析—英文证据主题3,Disease / Cancer / Patients,属于“临床观察性队列与回顾性分析”父类的英文细粒度主题，核心证据见别名和正向证据字段。,"A fine-grained topic under Clinical Observational Cohort and Retrospective Analysis, focusing on disease, cancer, patients, center, treatment.",en,"['disease', 'cancer', 'patients', 'center', 'treatment', 'use', 'methods', 'congenital']","['disease', 'cancer', 'patients', 'center', 'treatment', 'use', 'methods', 'congenital']","['covid-19', 'regression', 'risk', 'cohort']",15,"['DOC_0094', 'DOC_0894', 'DOC_0523', 'DOC_0944', 'DOC_0751']","['Effect of age and comorbidity on the treatment and survival of older patients with vulvar cancer', 'Evaluation of long-term follow-up and methimazole therapy outcomes of pediatric Graves’ disease: a single-center experience', 'Evaluation of outcomes in patients of cervical Cancer with lower one third vaginal involvement: A single institutional experience', 'Association of statins, aspirin, and venous thromboembolism in women with endometrial cancer', 'Contemporary cardiovascular outcomes in Taiwanese patients undergoing endovascular therapy for symptomatic lower extremity peripheral arterial disease']",3,reviewed,0.1271,0.0039,0.42,0.28,8.0,v7_en_high_medium_gold
TR-T03-EN-004,technical,T03,临床观察性队列与回顾性分析,Clinical Observational Cohort and Retrospective Analysis,临床观察性队列与回顾性分析—英文证据主题4,Fractures / Fixation / Intramedullary,属于“临床观察性队列与回顾性分析”父类的英文细粒度主题，核心证据见别名和正向证据字段。,"A fine-grained topic under Clinical Observational Cohort and Retrospective Analysis, focusing on fractures, fixation, intramedullary, subtrochanteric, operative.",en,"['fractures', 'fixation', 'intramedullary', 'subtrochanteric', 'operative', 'femur', 'retrospective', 'complications']","['fractures', 'fixation', 'intramedullary', 'subtrochanteric', 'operative', 'femur', 'retrospective', 'complications']","['covid-19', 'surgery', 'breast', 'patients']",11,"['DOC_0529', 'DOC_0357', 'DOC_0784', 'DOC_0261', 'DOC_0113']","['Immediate weight bearing as tolerated (WBAT) correlates with a decreased length of stay post intramedullary fixation for subtrochanteric fractures: a multicenter retrospective cohort study', 'Dynamic hip screw fixation of subtrochanteric femoral fractures', 'Osteosynthesis of sternal fractures with double locking compression plate fixation: a retrospective cohort study', 'Intramedullary percutaneous fixation of metacarpal fractures: screw versus connected K-wires', 'Retrospective analysis of 35 pediatric femoral neck fractures']",3,reviewed,0.1271,0.0039,0.42,0.28,8.0,v7_en_high_medium_gold
TR-T04-EN-001,technical,T04,随机对照与干预试验,Randomized Controlled and Intervention Trials,随机对照与干预试验—英文证据主题1,Randomized Controlled and Intervention Trials,属于“随机对照与干预试验”父类的英文细粒度主题，核心证据见别名和正向证据字段。,"A fine-grained topic under Randomized Controlled and Intervention Trials, focusing on Randomized Controlled and Intervention Trials.",en,[],[],[],7,"['DOC_0025', 'DOC_0169', 'DOC_0044', 'DOC_0081', 'DOC_0723']","['Effect of adding telerehabilitation home program to pharmaceutical treatment on the symptoms and the quality of life in children with functional constipation: a randomized controlled trial', 'Investigating Trends in the Quality of Reporting of Patient-Reported Outcomes in Oncology Over Time: Analysis of 631 Randomized Controlled Trials Published Between 2004 and 2019', 'Effect of yoga on the menstrual pain, physical fitness, and quality of life of young women with primary dysmenorrhea', 'Duloxetine in the treatment of binge eating disorder with depressive disorders: A placebo-controlled trial', 'Semi‐arid savanna herbaceous production and diversity responses to interactive effects of drought, nitrogen deposition, and fire']",2,stable,1.0,0.0,0.42,0.28,8.0,v7_en_high_medium_gold
TR-T05-EN-001,technical,T05,系统综述与Meta分析,Systematic Review and Meta-analysis,系统综述与Meta分析—英文证据主题1,Meta-Analysis / Systematic Review / META,属于“系统综述与Meta分析”父类的英文细粒度主题，核心证据见别名和正向证据字段。,"A fine-grained topic under Systematic Review and Meta-analysis, focusing on meta-analysis, systematic review, meta, patients, studies.",en,"['meta-analysis', 'systematic review', 'meta', 'patients', 'studies', 'treatment', 'prognostic', 'analysis keywords']","['meta-analysis', 'systematic review', 'meta', 'patients', 'studies', 'treatment', 'prognostic', 'analysis keywords']","['95 ci', 'controlled', 'abdominal', 'meta analysis']",13,"['DOC_0687', 'DOC_0222', 'DOC_0410', 'DOC_0609', 'DOC_0202']","['DOAC compared to LMWH in the treatment of cancer related-venous thromboembolism: a systematic review and meta-analysis', 'Partial versus total adrenalectomy for the treatment of unilateral aldosterone-producing adenoma: a systematic review and meta-analysis', 'Switching between direct oral anticoagulants: a systematic review and meta-analysis', 'Prognostic value of CAIX expression in oral squamous cell carcinoma: a systematic review and meta-analysis', 'Trapeziectomy versus joint replacement for first carpometacarpal (CMC 1) joint osteoarthritis: a systematic review and meta-analysis']",3,reviewed,0.3634,0.0077,0.42,0.28,8.0,v7_en_high_medium_gold
TR-T05-EN-002,technical,T05,系统综述与Meta分析,Systematic Review and Meta-analysis,系统综述与Meta分析—英文证据主题2,95 Ci / Controlled / Abdominal,属于“系统综述与Meta分析”父类的英文细粒度主题，核心证据见别名和正向证据字段。,"A fine-grained topic under Systematic Review and Meta-analysis, focusing on 95 ci, controlled, abdominal, meta analysis, trials.",en,"['95 ci', 'controlled', 'abdominal', 'meta analysis', 'trials', 'patients', 'randomised', 'significantly']","['95 ci', 'controlled', 'abdominal', 'meta analysis', 'trials', 'patients', 'randomised', 'significantly']","['meta-analysis', 'systematic review', 'meta', 'studies']",7,"['DOC_0220', 'DOC_0938', 'DOC_0456', 'DOC_0975', 'DOC_0481']","['Effect of hyaluronate-based bioresorbable membrane (Seprafilm) on outcomes of abdominal surgery: a meta-analysis and trial sequential analysis of randomised controlled trials', 'Fluoroquinolone-based versus β-lactam-based regimens for complicated intra-abdominal infections: a meta-analysis of randomised controlled trials', 'A Systematic Review and Meta-Analysis of Change in Health-Related Quality of Life for Interactive Telehealth Interventions for Patients With Asthma', 'Replication and Meta-analysis of the Association between BDNF Val66Met Polymorphism and Cognitive Impairment in Patients Receiving Chemotherapy', 'Cost-Effectiveness of Different Formats for Delivery of Cognitive Behavioral Therapy for Depression: A Systematic Review Based Economic Model']",3,reviewed,0.3634,0.0077,0.42,0.28,8.0,v7_en_high_medium_gold
TR-T06-EN-001,technical,T06,叙述性综述与理论观点,Narrative Review and Theoretical Perspective,叙述性综述与理论观点—英文证据主题1,Review / Treatment / Applications,属于“叙述性综述与理论观点”父类的英文细粒度主题，核心证据见别名和正向证据字段。,"A fine-grained topic under Narrative Review and Theoretical Perspective, focusing on review, treatment, applications, water, cellulose.",en,"['review', 'treatment', 'applications', 'water', 'cellulose', 'natural', 'methods', 'industry']","['review', 'treatment', 'applications', 'water', 'cellulose', 'natural', 'methods', 'industry']","['present', 'different', 'resistant', 'hypertension']",12,"['DOC_0489', 'DOC_0335', 'DOC_0966', 'DOC_0192', 'DOC_0349']","['Functionalization of polymers and nanomaterials for water treatment, food packaging, textile and biomedical applications: a review', 'Bacterial cellulose biotextiles for the future of sustainable fashion: a review', 'Cellulose-based beads for the adsorptive removal of wastewater effluents: a review', 'Transitional metal chalcogenide nanostructures for remediation and energy: a review', 'Fundamentals, synthesis, characterization and environmental applications of layered double hydroxides: a review']",3,reviewed,0.3822,0.0116,0.42,0.28,8.0,v7_en_high_medium_gold
TR-T06-EN-002,technical,T06,叙述性综述与理论观点,Narrative Review and Theoretical Perspective,叙述性综述与理论观点—英文证据主题2,Patients / Aortic / Imaging,属于“叙述性综述与理论观点”父类的英文细粒度主题，核心证据见别名和正向证据字段。,"A fine-grained topic under Narrative Review and Theoretical Perspective, focusing on patients, aortic, imaging, disease, fluorescence.",en,"['patients', 'aortic', 'imaging', 'disease', 'fluorescence', 'valve', 'review', 'developments']","['patients', 'aortic', 'imaging', 'disease', 'fluorescence', 'valve', 'review', 'developments']","['present', 'different', 'resistant', 'hypertension']",10,"['DOC_0465', 'DOC_0570', 'DOC_0049', 'DOC_0070', 'DOC_0296']","['Multidetector computed tomography in transcatheter aortic valve replacement: an update on technological developments and clinical applications', 'Aortic thrombus in patients with severe COVID-19: review of three cases', 'The value of electrophysiologic study in decision-making regarding the need for pacemaker implantation after TAVI', 'Sleep apnea and atrial fibrillation: challenges in clinical and translational research', 'Organoids in cancer research: a review for pathologist‐scientists']",3,reviewed,0.3822,0.0116,0.42,0.28,8.0,v7_en_high_medium_gold
TR-T06-EN-003,technical,T06,叙述性综述与理论观点,Narrative Review and Theoretical Perspective,叙述性综述与理论观点—英文证据主题3,Present / Different / Resistant,属于“叙述性综述与理论观点”父类的英文细粒度主题，核心证据见别名和正向证据字段。,"A fine-grained topic under Narrative Review and Theoretical Perspective, focusing on present, different, resistant, hypertension, diagnosis.",en,"['present', 'different', 'resistant', 'hypertension', 'diagnosis', 'diseases', 'used', 'information']","['present', 'different', 'resistant', 'hypertension', 'diagnosis', 'diseases', 'used', 'information']","['patients', 'aortic', 'imaging', 'disease']",8,"['DOC_0039', 'DOC_0964', 'DOC_0142', 'DOC_0371', 'DOC_0398']","['A comprehensive review of an unmet public health issue: resistant hypertension', 'Nanomaterials as Pseudocatalysts in the Construction of Electrochemical Nonenzymatic Sensors for Healthcare: A Review', 'The Optimal Sample Size for Usability Testing, From the Manufacturer’s Perspective: A Value-of-Information Approach', 'In Pursuit of an Effective Treatment: the Past, Present and Future of Clinical Trials in Inclusion Body Myositis', 'Antioxidant-rich natural fruit and vegetable products and human health']",3,reviewed,0.3822,0.0116,0.42,0.28,8.0,v7_en_high_medium_gold
TR-T07-EN-001,technical,T07,病例报告与病例系列,Case Reports and Case Series,病例报告与病例系列—英文证据主题1,Covid-19 / Patients / Treatment,属于“病例报告与病例系列”父类的英文细粒度主题，核心证据见别名和正向证据字段。,"A fine-grained topic under Case Reports and Case Series, focusing on covid-19, patients, treatment, case, covid.",en,"['covid-19', 'patients', 'treatment', 'case', 'covid', 'clinical', 'keywords', 'title']","['covid-19', 'patients', 'treatment', 'case', 'covid', 'clinical', 'keywords', 'title']","['tumor', 'immunohistochemistry', 'immunohistochemical', 'metastatic']",10,"['DOC_0293', 'DOC_0689', 'DOC_0332', 'DOC_0007', 'DOC_0922']","['Massive intraperitoneal hemorrhage in patients with COVID-19: a case series', 'Treatment of panic disorder by trigeminal nerve manipulation: A case series', 'Combined intravenous immunoglobulin and baricitinib treatment for severe COVID-19 with rhabdomyolysis: A case report', ""Treatment modalities and outcomes in pediatric Cushing's disease – report of three cases and literature review"", 'Femoral neck preservation with a short hip stem produced with powder manufacturing: mid-term results of a consecutive case series']",3,reviewed,0.2135,0.0126,0.42,0.28,8.0,v7_en_high_medium_gold
TR-T07-EN-002,technical,T07,病例报告与病例系列,Case Reports and Case Series,病例报告与病例系列—英文证据主题2,Tumor / Immunohistochemistry / Immunohistochemical,属于“病例报告与病例系列”父类的英文细粒度主题，核心证据见别名和正向证据字段。,"A fine-grained topic under Case Reports and Case Series, focusing on tumor, immunohistochemistry, immunohistochemical, metastatic, cell.",en,"['tumor', 'immunohistochemistry', 'immunohistochemical', 'metastatic', 'cell', 'rat', 'histological', 'diagnosis']","['tumor', 'immunohistochemistry', 'immunohistochemical', 'metastatic', 'cell', 'rat', 'histological', 'diagnosis']","['covid-19', 'patients', 'treatment', 'case']",3,"['DOC_0045', 'DOC_0017', 'DOC_0166']","['Metastatic disease masquerading as small intestinal tumoural masses: two case reports and literature review', 'Hematological, histomorphological, and immunohistochemical diagnosis of bilateral testicular Sertoli cell tumor in a Mongrel dog: a case history', 'Surgical, histological, and immunohistochemical approach to spontaneous malignant mammary tumor in a fancy rat (Rattus norvegicus domestica): a case report']",3,reviewed,0.2135,0.0126,0.5586,0.4186,8.0,v7_en_high_medium_gold
TR-T08-EN-001,technical,T08,细胞分子与生化实验,"Cellular, Molecular and Biochemical Experiments",细胞分子与生化实验—英文证据主题1,"Cellular, Molecular and Biochemical Experiments",属于“细胞分子与生化实验”父类的英文细粒度主题，核心证据见别名和正向证据字段。,"A fine-grained topic under Cellular, Molecular and Biochemical Experiments, focusing on Cellular, Molecular and Biochemical Experiments.",en,[],[],[],6,"['DOC_0154', 'DOC_0799', 'DOC_0806', 'DOC_0635', 'DOC_0658']","['Glyceraldehyde-3-Phosphate Dehydrogenase Facilitates Macroautophagic Degradation of Mutant Huntingtin Protein Aggregates', 'Water-in-PDMS Emulsion Templating of Highly Interconnected Porous Architectures for 3D Cell Culture', 'Effects of dietary protein level on growth performance, digestive enzyme activity, and gene expressions of the TOR signaling pathway in fingerling Pelteobagrus fulvidraco', 'A Study of the Cellular Uptake of Magnetic Branched Amphiphilic Peptide Capsules', 'Design, synthesis and anticancer activity of naphthoquinone derivatives']",2,stable,1.0,0.0,0.42,0.28,8.0,v7_en_high_medium_gold
TR-T09-EN-001,technical,T09,组学测序与生物信息分析,Omics Sequencing and Bioinformatics,组学测序与生物信息分析—英文证据主题1,Genes / MICE / Expression,属于“组学测序与生物信息分析”父类的英文细粒度主题，核心证据见别名和正向证据字段。,"A fine-grained topic under Omics Sequencing and Bioinformatics, focusing on genes, mice, expression, liver, rna.",en,"['genes', 'mice', 'expression', 'liver', 'rna', 'mouse', 'identified', 'seq']","['genes', 'mice', 'expression', 'liver', 'rna', 'mouse', 'identified', 'seq']","['hplc-ms', 'metabolomics', 'mass', 'metabolites']",13,"['DOC_0520', 'DOC_0091', 'DOC_0053', 'DOC_0417', 'DOC_0394']","['The Genetic Architecture of Carbon Tetrachloride-Induced Liver Fibrosis in Mice', 'Joint-Tissue Integrative Analysis Identified Hundreds of Schizophrenia Risk Genes', 'Transcriptional Regulation by ATOH1 and its Target SPDEF in the Intestine', 'Single-Cell Transcriptomics Reveals Zone-Specific Alterations of Liver Sinusoidal Endothelial Cells in Cirrhosis', 'scRNA-Seq Reveals New Enteric Nervous System Roles for GDNF, NRTN, and TBX3']",3,stable,0.7692,0.0143,0.42,0.28,8.0,v7_en_high_medium_gold
TR-T09-EN-002,technical,T09,组学测序与生物信息分析,Omics Sequencing and Bioinformatics,组学测序与生物信息分析—英文证据主题2,Hplc-Ms / Metabolomics / MASS,属于“组学测序与生物信息分析”父类的英文细粒度主题，核心证据见别名和正向证据字段。,"A fine-grained topic under Omics Sequencing and Bioinformatics, focusing on hplc-ms, metabolomics, mass, metabolites, poly.",en,"['hplc-ms', 'metabolomics', 'mass', 'metabolites', 'poly', 'metabolism', 'liquid', 'spectrometry']","['hplc-ms', 'metabolomics', 'mass', 'metabolites', 'poly', 'metabolism', 'liquid', 'spectrometry']","['genes', 'mice', 'expression', 'liver']",3,"['DOC_0696', 'DOC_0607', 'DOC_0749']","['Metabolic and immune responses of Chinook salmon ( Oncorhynchus tshawytscha ) smolts to a short‐term poly (I:C) challenge', 'Metabolomics Analysis of the Effect of Hydrogen-Rich Water on Myocardial Ischemia-Reperfusion Injury in Rats', 'Comparative Proteomics in Rice Seedlings to Characterize the Resistance to Cadmium Stress by High-Performance Liquid Chromatography – Tandem Mass Spectrometry (HPLC-MS/MS) with Isobaric Tag for Relative and Absolute Quantitation (iTRAQ)']",3,reviewed,0.7692,0.0143,0.5563,0.4163,8.0,v7_en_high_medium_gold
TR-T09-EN-003,technical,T09,组学测序与生物信息分析,Omics Sequencing and Bioinformatics,组学测序与生物信息分析—英文证据主题3,Sensory / Chicken / ACID,属于“组学测序与生物信息分析”父类的英文细粒度主题，核心证据见别名和正向证据字段。,"A fine-grained topic under Omics Sequencing and Bioinformatics, focusing on sensory, chicken, acid, taste, epithelial.",en,"['sensory', 'chicken', 'acid', 'taste', 'epithelial', 'tazobactam', 'ceftazidime', 'mitochondrial']","['sensory', 'chicken', 'acid', 'taste', 'epithelial', 'tazobactam', 'ceftazidime', 'mitochondrial']","['genes', 'mice', 'expression', 'liver']",3,"['DOC_0900', 'DOC_0457', 'DOC_0479']","['Phylogenetic analysis of resistance to ceftazidime/avibactam, ceftolozane/tazobactam and carbapenems in piperacillin/tazobactam-resistant Pseudomonas aeruginosa from cystic fibrosis patients', 'Sensory taste properties of chicken (Hy-Line brown) soup as prepared with five different parts of the chicken', 'Crohn’s Disease Pathobiont Adherent-Invasive E coli Disrupts Epithelial Mitochondrial Networks With Implications for Gut Permeability']",3,reviewed,0.7692,0.0143,0.5427,0.4027,8.0,v7_en_high_medium_gold
TR-T10-EN-001,technical,T10,病理组织与免疫组化诊断,Histopathology and Immunohistochemical Diagnosis,病理组织与免疫组化诊断—英文证据主题1,Histopathology and Immunohistochemical Diagnosis,属于“病理组织与免疫组化诊断”父类的英文细粒度主题，核心证据见别名和正向证据字段。,"A fine-grained topic under Histopathology and Immunohistochemical Diagnosis, focusing on Histopathology and Immunohistochemical Diagnosis.",en,[],[],[],9,"['DOC_0161', 'DOC_0419', 'DOC_0878', 'DOC_0010', 'DOC_0061']","['Age-related changes among 25 patients with congenital cardiac left-to-right shunts and irreversible plexogenic pulmonary arteriopathy', 'The Glucocorticoid Receptor in Intestinal Epithelial Cells Alleviates Colitis and Associated Colorectal Cancer in Mice', 'Gastroprotective effects of mumie on aspirin-induced gastric lesions in rats', 'Hepatic dysmetabolism in polycystic ovarian syndrome: impact of paraoxonase-1 modulation by butyrate', 'Anatomopathological changes of the cardiac conduction system in sudden cardiac death, particularly in infants: advances over the last 25 years']",2,stable,1.0,0.0,0.42,0.28,8.0,v7_en_high_medium_gold
TR-T11-EN-001,technical,T11,成像、生理测量与诊断检测,"Imaging, Physiological Measurement and Diagnostic Testing",成像、生理测量与诊断检测—英文证据主题1,Patients / Disease / Ablation,属于“成像、生理测量与诊断检测”父类的英文细粒度主题，核心证据见别名和正向证据字段。,"A fine-grained topic under Imaging, Physiological Measurement and Diagnostic Testing, focusing on patients, disease, ablation, fat, age.",en,"['patients', 'disease', 'ablation', 'fat', 'age', 'computed tomography', 'risk', 'results']","['patients', 'disease', 'ablation', 'fat', 'age', 'computed tomography', 'risk', 'results']","['properties', 'ultrasound', 'physicochemical', 'deep']",10,"['DOC_0078', 'DOC_0955', 'DOC_0143', 'DOC_0620', 'DOC_0146']","['One year follow-up of US-Guided radiofrequency ablation for low-risk papillary thyroid microcarcinoma: The first experience in Taiwan', 'Hyaluronic acid is superior to autologous fat for treatment of temporal hollowing after lateral orbital wall decompression: A prospective interventional trial', 'The impact of height on recurrence after index catheter ablation of paroxysmal atrial fibrillation', 'Preoperative assessment of skeletal muscle mass during magnetic resonance enterography in patients with Crohn’s disease', 'Preoperative measurement of the hiatal surface with MDCT: impact on surgical planning']",3,reviewed,0.3784,0.0102,0.42,0.28,8.0,v7_en_high_medium_gold
TR-T11-EN-002,technical,T11,成像、生理测量与诊断检测,"Imaging, Physiological Measurement and Diagnostic Testing",成像、生理测量与诊断检测—英文证据主题2,Properties / Ultrasound / Physicochemical,属于“成像、生理测量与诊断检测”父类的英文细粒度主题，核心证据见别名和正向证据字段。,"A fine-grained topic under Imaging, Physiological Measurement and Diagnostic Testing, focusing on properties, ultrasound, physicochemical, deep, treatment.",en,"['properties', 'ultrasound', 'physicochemical', 'deep', 'treatment', 'invasive', 'samples', 'protein']","['properties', 'ultrasound', 'physicochemical', 'deep', 'treatment', 'invasive', 'samples', 'protein']","['patients', 'disease', 'ablation', 'fat']",7,"['DOC_0867', 'DOC_0934', 'DOC_0618', 'DOC_0003', 'DOC_0692']","['Antioxidant and physicochemical properties of soluble dietary fiber from garlic straw as treated by energy-gathered ultrasound', 'Research on the physicochemical and digestive properties of Pleurotus eryngii protein', 'Ultrasound Assisted Ferrofluid Dispersive Liquid Phase Microextraction Coupled with Flame Atomic Absorption Spectroscopy for the Determination of Cobalt in Environmental Samples', 'The wildcat (Felis s. silvestris) in the Mediterranean forest: sighting through photo-trapping and non-invasive hair collection for genetic purposes', 'Upper extremity deep vein thrombosis treated with direct oral anticoagulants: a multi-center real world experience']",3,reviewed,0.3784,0.0102,0.42,0.28,8.0,v7_en_high_medium_gold
TR-T12-EN-001,technical,T12,材料合成与制备工艺,Material Synthesis and Fabrication,材料合成与制备工艺—英文证据主题1,Polymer / Materials / Nanocomposite,属于“材料合成与制备工艺”父类的英文细粒度主题，核心证据见别名和正向证据字段。,"A fine-grained topic under Material Synthesis and Fabrication, focusing on polymer, materials, nanocomposite, film, sensor.",en,"['polymer', 'materials', 'nanocomposite', 'film', 'sensor', 'release', 'title', 'keywords']","['polymer', 'materials', 'nanocomposite', 'film', 'sensor', 'release', 'title', 'keywords']","['carrier', 'solid', 'doped', 'nanoplatform']",21,"['DOC_0272', 'DOC_0509', 'DOC_0234', 'DOC_0733', 'DOC_0399']","['Glycerol-Based Dendrimer Nanocomposite Film as a Tunable pH-Sensor for Food Packaging', 'Holographic Photopolymer Material with High Dynamic Range (Δ n ) via Thiol–Ene Click Chemistry', 'Direct Comparison of Three Buckling-Based Methods to Measure the Elastic Modulus of Nanobiocomposite Thin Films', 'Smart Fortified PHBV-CS Biopolymer with ZnO–Ag Nanocomposites for Enhanced Shelf Life of Food Packaging', 'Organoclay/conjugated polymer nanocomposites: structural, thermal, and electrical properties']",3,reviewed,0.2577,0.005,0.42,0.28,8.0,v7_en_high_medium_gold
TR-T12-EN-002,technical,T12,材料合成与制备工艺,Material Synthesis and Fabrication,材料合成与制备工艺—英文证据主题2,Coating / Cells / Perovskite,属于“材料合成与制备工艺”父类的英文细粒度主题，核心证据见别名和正向证据字段。,"A fine-grained topic under Material Synthesis and Fabrication, focusing on coating, cells, perovskite, morphology, solar.",en,"['coating', 'cells', 'perovskite', 'morphology', 'solar', 'formation', 'scale', 'surface']","['coating', 'cells', 'perovskite', 'morphology', 'solar', 'formation', 'scale', 'surface']","['polymer', 'materials', 'nanocomposite', 'film']",14,"['DOC_0954', 'DOC_0765', 'DOC_0566', 'DOC_0925', 'DOC_0066']","['Drying and Coating of Perovskite Thin Films: How to Control the Thin Film Morphology in Scalable Dynamic Coating Systems', 'Tuning Methylammonium Iodide Amount in Organolead Halide Perovskite Materials by Post-Treatment for High-Efficiency Solar Cells', 'Systematic Study on the Morphological Development of Blade-Coated Conjugated Polymer Thin Films via In Situ Measurements', 'Micro-/Nanoscale Approach for Studying Scale Formation and Developing Scale-Resistant Surfaces', 'Effect of sputtering power on properties and photovoltaic performance of CIGS thin film solar cells']",3,reviewed,0.2577,0.005,0.42,0.28,8.0,v7_en_high_medium_gold
TR-T12-EN-003,technical,T12,材料合成与制备工艺,Material Synthesis and Fabrication,材料合成与制备工艺—英文证据主题3,Carrier / Solid / Doped,属于“材料合成与制备工艺”父类的英文细粒度主题，核心证据见别名和正向证据字段。,"A fine-grained topic under Material Synthesis and Fabrication, focusing on carrier, solid, doped, nanoplatform, organic.",en,"['carrier', 'solid', 'doped', 'nanoplatform', 'organic', 'high performance', 'water', 'oil']","['carrier', 'solid', 'doped', 'nanoplatform', 'organic', 'high performance', 'water', 'oil']","['polymer', 'materials', 'nanocomposite', 'film']",12,"['DOC_0625', 'DOC_0500', 'DOC_0622', 'DOC_0069', 'DOC_0592']","['NIR-Driven Water Splitting H 2 Production Nanoplatform for H 2 -Mediated Cascade-Amplifying Synergetic Cancer Therapy', 'Microfluidic Crystallization of Surfactant-Free Doped Zinc Sulfide Nanoparticles for Optical Bioimaging Applications', 'Sacrificial Poly(propylene carbonate) Membrane for Dispersing Nanoparticles and Preparing Artificial Solid Electrolyte Interphase on Li Metal Anode', 'Nanoplatform to Investigate Tumor-Initiating Cancer Stem Cells: Breaking the Diagnostic Barrier', 'Oxygen Exchange in Dual-Phase La 0.65 Sr 0.35 MnO 3 –CeO 2 Composites for Solar Thermochemical Fuel Production']",3,reviewed,0.2577,0.005,0.42,0.28,8.0,v7_en_high_medium_gold
TR-T12-EN-004,technical,T12,材料合成与制备工艺,Material Synthesis and Fabrication,材料合成与制备工艺—英文证据主题4,Electron / Microscopy / Carbon,属于“材料合成与制备工艺”父类的英文细粒度主题，核心证据见别名和正向证据字段。,"A fine-grained topic under Material Synthesis and Fabrication, focusing on electron, microscopy, carbon, radiation, rgo.",en,"['electron', 'microscopy', 'carbon', 'radiation', 'rgo', 'nano', 'used', 'spectroscopy']","['electron', 'microscopy', 'carbon', 'radiation', 'rgo', 'nano', 'used', 'spectroscopy']","['polymer', 'materials', 'nanocomposite', 'film']",11,"['DOC_0528', 'DOC_0939', 'DOC_0219', 'DOC_0055', 'DOC_0704']","['Molybdenum Disulfide-Wrapped Carbon Nanotube-Reduced Graphene Oxide (CNT/MoS 2 -rGO) Nanohybrids for Excellent and Fast Removal of Electromagnetic Interference Pollution', 'Tailoring Fast Directional Mass Transport of Nano-Confined Ag–Cu Alloys upon Heating: Effect of the AlN Barrier Thickness', 'Combined ToF‐SIMS/XPS study of plasma modification and metallization of polyimide', 'Selective Preconcentration of Mezlocillin from Eggs by Molecularly Imprinted Polymers on Silica', 'Hybrid Cathodes Composed of K3V2(PO4)3 and Carbon Materials with Boosted Charge Transfer for K-Ion Batteries']",3,reviewed,0.2577,0.005,0.42,0.28,8.0,v7_en_high_medium_gold
TR-T12-EN-005,technical,T12,材料合成与制备工艺,Material Synthesis and Fabrication,材料合成与制备工艺—英文证据主题5,Quantum / DOTS / Fluorescent,属于“材料合成与制备工艺”父类的英文细粒度主题，核心证据见别名和正向证据字段。,"A fine-grained topic under Material Synthesis and Fabrication, focusing on quantum, dots, fluorescent, cds, qds.",en,"['quantum', 'dots', 'fluorescent', 'cds', 'qds', 'sensor', 'fluorescence', 'detection']","['quantum', 'dots', 'fluorescent', 'cds', 'qds', 'sensor', 'fluorescence', 'detection']","['polymer', 'materials', 'nanocomposite', 'film']",5,"['DOC_0694', 'DOC_0424', 'DOC_0355', 'DOC_0445', 'DOC_0374']","['One-Step Green Preparation of N-Doped Silicon Quantum Dots for the on-off Fluorescent Determination of Hydrogen Peroxide', 'Construction of Hybrid Fluorescent Sensor for Cu2+ Detection Using Fluorescein-functionalized CdS Quantum Dots Via FRET', 'Novel CMC-CdTe / ZnS QDs Nanosensor for the Detection of Anticancer Drug Epirubicin', 'Wide-gap photoluminescence control of quantum dots through atomic interdiffusion and bandgap renormalization', 'Condensation Product of 1-Naphthaldehyde and 3-Aminophenol: Fluorescent “on” Probe for Ce3+and “off” Probe for Dichromate (Cr2O72−)']",3,reviewed,0.2577,0.005,0.4235,0.2835,8.0,v7_en_high_medium_gold
TR-T13-EN-001,technical,T13,材料表征与性能测试,Material Characterization and Performance Testing,材料表征与性能测试—英文证据主题1,Batteries / Polymer / Devices,属于“材料表征与性能测试”父类的英文细粒度主题，核心证据见别名和正向证据字段。,"A fine-grained topic under Material Characterization and Performance Testing, focusing on batteries, polymer, devices, solid, electrolyte.",en,"['batteries', 'polymer', 'devices', 'solid', 'electrolyte', 'free', 'current', 'pbi']","['batteries', 'polymer', 'devices', 'solid', 'electrolyte', 'free', 'current', 'pbi']","['used', 'pavement', 'anhydrase', 'drug']",12,"['DOC_0602', 'DOC_0290', 'DOC_0132', 'DOC_0550', 'DOC_0140']","['Solid Electrolytes for Li–S Batteries: Solid Solutions of Poly(ethylene oxide) with Li x PON- and Li x SiPON-Based Polymers', 'Monitoring electrode/electrolyte interfaces of Li‐ion batteries under working conditions: A surface‐enhanced Raman spectroscopic study on LiCoO 2 composite cathodes', 'Reactivity and Potential Profile across the Electrochemical LiCoO 2 –Li 3 PS 4 Interface Probed by Operando X-ray Photoelectron Spectroscopy', 'Light-Emitting Electrochemical Cells Based on Conjugated Ion Gels', 'Bottlebrush Polymer-Conjugated Melittin Exhibits Enhanced Antitumor Activity and Better Safety Profile']",3,reviewed,0.4666,0.0131,0.42,0.28,8.0,v7_en_high_medium_gold
TR-T13-EN-002,technical,T13,材料表征与性能测试,Material Characterization and Performance Testing,材料表征与性能测试—英文证据主题2,USED / Pavement / Anhydrase,属于“材料表征与性能测试”父类的英文细粒度主题，核心证据见别名和正向证据字段。,"A fine-grained topic under Material Characterization and Performance Testing, focusing on used, pavement, anhydrase, drug, different.",en,"['used', 'pavement', 'anhydrase', 'drug', 'different', 'tyrosinase', 'glucosidase', 'nitrous']","['used', 'pavement', 'anhydrase', 'drug', 'different', 'tyrosinase', 'glucosidase', 'nitrous']","['batteries', 'polymer', 'devices', 'solid']",9,"['DOC_0212', 'DOC_0656', 'DOC_0030', 'DOC_0580', 'DOC_0361']","['Nanostructured Valsartan Microparticles with Enhanced Bioavailability Produced by High-Throughput Electrohydrodynamic Room-Temperature Atomization', 'Absorption characteristics and shrinkage mitigation of superabsorbent polymers in pavement concrete', 'Large-scale direct shear testing of geogrid-reinforced aggregate base over weak subgrade', 'Re-usage of the Waste Drug as Molecular Chemosensor for Fe3+ Ion: Application towards Fluorescent Ink', 'Parkinson’s Disease–Associated LRRK2 Interferes with Astrocyte-Mediated Alpha-Synuclein Clearance']",3,reviewed,0.4666,0.0131,0.42,0.28,8.0,v7_en_high_medium_gold
TR-T13-EN-003,technical,T13,材料表征与性能测试,Material Characterization and Performance Testing,材料表征与性能测试—英文证据主题3,Uplc-Esi-Ms / Indirect Competitive Chemiluminescent Enzyme Immunoassay (Ic-Cleia / Performance Liquid,属于“材料表征与性能测试”父类的英文细粒度主题，核心证据见别名和正向证据字段。,"A fine-grained topic under Material Characterization and Performance Testing, focusing on uplc-esi-ms, indirect competitive chemiluminescent enzyme immunoassay (ic-cleia, performance liquid, high performance, chromatography.",en,"['uplc-esi-ms', 'indirect competitive chemiluminescent enzyme immunoassay (ic-cleia', 'performance liquid', 'high performance', 'chromatography', 'phenolic', 'enzyme', 'honey']","['uplc-esi-ms', 'indirect competitive chemiluminescent enzyme immunoassay (ic-cleia', 'performance liquid', 'high performance', 'chromatography', 'phenolic', 'enzyme', 'honey']","['batteries', 'polymer', 'devices', 'solid']",4,"['DOC_0593', 'DOC_0902', 'DOC_0572', 'DOC_0652']","['Determination of Bioactive Polyphenols in Mangrove Species and Their in-Vitro anti- Candida Activities by Ultra-High-Performance Liquid Chromatography – Electrospray Ionization – Tandem Mass Spectrometry (UPLC-ESI-MS/MS)', 'Phenolic acids and flavonoids profiles of commercial honey from different floral sources and geographic sources', 'Determination of Dehydroepiandrosterone in Dietary Supplements and Pharmaceutical Products by a Competitive Chemiluminescent Enzyme Immunoassay', 'Gesell Developmental Schedules scores and the relevant factors in children with Down syndrome']",3,reviewed,0.4666,0.0131,0.4835,0.3435,8.0,v7_en_high_medium_gold
TR-T14-EN-001,technical,T14,数值模拟与有限元计算,Numerical Simulation and Finite-Element Computation,数值模拟与有限元计算—英文证据主题1,Numerical Simulation and Finite-Element Computation,属于“数值模拟与有限元计算”父类的英文细粒度主题，核心证据见别名和正向证据字段。,"A fine-grained topic under Numerical Simulation and Finite-Element Computation, focusing on Numerical Simulation and Finite-Element Computation.",en,[],[],[],5,"['DOC_0033', 'DOC_0502', 'DOC_0822', 'DOC_0884', 'DOC_0172']","['Investigation on interface stripping damage at high-temperature using microstructural analysis', 'A modified Ising model of Barabási–Albert network with gene-type spins', 'Evaluation of thermoelastic damping in micromechanical resonators with axial pretension: An analytical model accounting for two-dimensional thermal conduction', 'In-Plane Surface Lattice and Higher Order Resonances in Self-Assembled Plasmonic Monolayers: From Substrate-Supported to Free-Standing Thin Films', 'Numerical investigation of an aggressive s-shaped compressor transition duct with boundary layer suction']",2,stable,1.0,0.0,0.42,0.28,8.0,v7_en_high_medium_gold
TR-T15-EN-001,technical,T15,第一性原理与原子分子模拟,First-Principles and Atomistic Simulation,第一性原理与原子分子模拟—英文证据主题1,Materials / Magnetic / MOS,属于“第一性原理与原子分子模拟”父类的英文细粒度主题，核心证据见别名和正向证据字段。,"A fine-grained topic under First-Principles and Atomistic Simulation, focusing on materials, magnetic, mos, chemical, magnetization.",en,"['materials', 'magnetic', 'mos', 'chemical', 'magnetization', 'high', 'quantum', 'results']","['materials', 'magnetic', 'mos', 'chemical', 'magnetization', 'high', 'quantum', 'results']","['b4o72', 's100a9', 'sensor', 'cu2']",7,"['DOC_0416', 'DOC_0748', 'DOC_0533', 'DOC_0667', 'DOC_0328']","['Colossal Magnetization and Giant Coercivity in Ion-Implanted (Nb and Co) MoS 2 Crystals', 'Confinement-Induced Giant Spin–Orbit-Coupled Magnetic Moment of Co Nanoclusters in TiO 2 Films', 'Vitamin B 12 on Graphene for Highly Efficient CO 2 Electroreduction', 'Quantifying Diffusion through Interfaces of Lithium-Ion Battery Active Materials', 'Exploring the chemical structure of polydapsone']",3,stable,1.0,0.0202,0.42,0.28,8.0,v7_en_high_medium_gold
TR-T15-EN-002,technical,T15,第一性原理与原子分子模拟,First-Principles and Atomistic Simulation,第一性原理与原子分子模拟—英文证据主题2,B4O72 / S100A9 / Sensor,属于“第一性原理与原子分子模拟”父类的英文细粒度主题，核心证据见别名和正向证据字段。,"A fine-grained topic under First-Principles and Atomistic Simulation, focusing on b4o72, s100a9, sensor, cu2, fluorescence.",en,"['b4o72', 's100a9', 'sensor', 'cu2', 'fluorescence', 'acid', 'experiments', 'titration']","['b4o72', 's100a9', 'sensor', 'cu2', 'fluorescence', 'acid', 'experiments', 'titration']","['materials', 'magnetic', 'mos', 'chemical']",4,"['DOC_0804', 'DOC_0337', 'DOC_0110', 'DOC_0239']","['Pyrene functionalized oxacalix[4]arene architecture as dual readout sensor for expeditious recognition of cyanide anion', 'A Bis(Salamo)-Based Fluorogenic Sensor for Highly Selective and Sequential Recognition of Cu2+ and B4O72− Ions in Semi-Aqueous Medium', 'Fluorescent Sensors for Hg2+ and Cu2+ Based on Condensation Products of 4H-1,2,4 Triazole-4-Amine and Carboxylated Benzoic Acids', 'Polyoxometalates as Effective Nano-inhibitors of Amyloid Aggregation of Pro-inflammatory S100A9 Protein Involved in Neurodegenerative Diseases']",3,reviewed,1.0,0.0202,0.4749,0.3349,8.0,v7_en_high_medium_gold
TR-T16-EN-001,technical,T16,解析理论与数学建模,Analytical Theory and Mathematical Modeling,解析理论与数学建模—英文证据主题1,Analytical Theory and Mathematical Modeling,属于“解析理论与数学建模”父类的英文细粒度主题，核心证据见别名和正向证据字段。,"A fine-grained topic under Analytical Theory and Mathematical Modeling, focusing on Analytical Theory and Mathematical Modeling.",en,[],[],[],2,"['DOC_0303', 'DOC_0390']","['Statistical physics treatment of tetracycline adsorption: energetic studies', 'Physics-based modeling of homogeneous charge compression ignition engines with exhaust throttling']",2,candidate,1.0,0.0,0.6806,0.5406,8.0,v7_en_high_medium_gold
TR-T17-EN-001,technical,T17,工程器件、天线与原型设计,"Engineering Devices, Antennas and Prototype Design",工程器件、天线与原型设计—英文证据主题1,Generation / Metasurfaces / Lattice,属于“工程器件、天线与原型设计”父类的英文细粒度主题，核心证据见别名和正向证据字段。,"A fine-grained topic under Engineering Devices, Antennas and Prototype Design, focusing on generation, metasurfaces, lattice, harmonic, second.",en,"['generation', 'metasurfaces', 'lattice', 'harmonic', 'second', 'resonances', 'flat', 'electrochemical']","['generation', 'metasurfaces', 'lattice', 'harmonic', 'second', 'resonances', 'flat', 'electrochemical']","['compact', 'terahertz', 'thz', 'loss']",9,"['DOC_0149', 'DOC_0565', 'DOC_0745', 'DOC_0888', 'DOC_0428']","['Second harmonic generation in glass-based metasurfaces using tailored surface lattice resonances', 'Second harmonic generation in metasurfaces with multipole resonant coupling', 'Focused vortex-beam generation using gap-surface plasmon metasurfaces', 'Monolithic waveguide laser mode-locked by embedded Ag nanoparticles operating at 1 μm', 'The road to atomically thin metasurface optics']",3,reviewed,0.5122,0.0175,0.42,0.28,8.0,v7_en_high_medium_gold
TR-T17-EN-002,technical,T17,工程器件、天线与原型设计,"Engineering Devices, Antennas and Prototype Design",工程器件、天线与原型设计—英文证据主题2,Antenna / Patch / Frequency,属于“工程器件、天线与原型设计”父类的英文细粒度主题，核心证据见别名和正向证据字段。,"A fine-grained topic under Engineering Devices, Antennas and Prototype Design, focusing on antenna, patch, frequency, metamaterial, proposed.",en,"['antenna', 'patch', 'frequency', 'metamaterial', 'proposed', 'slot', 'uwb', 'band']","['antenna', 'patch', 'frequency', 'metamaterial', 'proposed', 'slot', 'uwb', 'band']","['compact', 'terahertz', 'thz', 'loss']",5,"['DOC_0887', 'DOC_0713', 'DOC_0014', 'DOC_0686', 'DOC_0540']","['Compact multi-band stacked circular patch antenna for wideband applications with enhanced gain', 'A unique metamaterial inspired star-slot UWB antenna with soft surface ground', 'A tri-band low-profile shared-aperture mesh patch/Fabry-Perot cavity antenna', 'Design of circularly polarized patch antennas using anisotropic high refractive index metamaterial loading', 'Intelligent metasurface with frequency recognition for adaptive manipulation of electromagnetic wave']",3,reviewed,0.5122,0.0175,0.42,0.28,8.0,v7_en_high_medium_gold
TR-T17-EN-003,technical,T17,工程器件、天线与原型设计,"Engineering Devices, Antennas and Prototype Design",工程器件、天线与原型设计—英文证据主题3,Compact / Terahertz / THZ,属于“工程器件、天线与原型设计”父类的英文细粒度主题，核心证据见别名和正向证据字段。,"A fine-grained topic under Engineering Devices, Antennas and Prototype Design, focusing on compact, terahertz, thz, loss, waveguide.",en,"['compact', 'terahertz', 'thz', 'loss', 'waveguide', 'structure', 'continuum', 'isolation']","['compact', 'terahertz', 'thz', 'loss', 'waveguide', 'structure', 'continuum', 'isolation']","['generation', 'metasurfaces', 'lattice', 'harmonic']",5,"['DOC_0782', 'DOC_0006', 'DOC_0897', 'DOC_0092', 'DOC_0197']","['High-performance and compact broadband terahertz plasmonic waveguide intersection', 'Compact coaxial-waveguide four-way power divider with low insertion loss and high output isolation', 'A compact structure for realizing Lorentzian, Fano, and electromagnetically induced transparency resonance lineshapes in a microring resonator', 'Linear-polarized terahertz isolator by breaking the gyro-mirror symmetry in cascaded magneto-optical metagrating', 'Dispersive bands of bound states in the continuum']",3,reviewed,0.5122,0.0175,0.42,0.28,8.0,v7_en_high_medium_gold
TR-T18-EN-001,technical,T18,化学合成与催化反应,Chemical Synthesis and Catalytic Reactions,化学合成与催化反应—英文证据主题1,Doped / Synthesis / Hydrogen,属于“化学合成与催化反应”父类的英文细粒度主题，核心证据见别名和正向证据字段。,"A fine-grained topic under Chemical Synthesis and Catalytic Reactions, focusing on doped, synthesis, hydrogen, carbon, nanoparticles.",en,"['doped', 'synthesis', 'hydrogen', 'carbon', 'nanoparticles', 'keywords', 'title', 'nitrogen']","['doped', 'synthesis', 'hydrogen', 'carbon', 'nanoparticles', 'keywords', 'title', 'nitrogen']","['conjugated', 'polymers', 'light', 'visible']",13,"['DOC_0199', 'DOC_0084', 'DOC_0699', 'DOC_0820', 'DOC_0759']","['Supramolecular Anchoring Strategy for Facile Production of Ruthenium Nanoparticles Embedded in N-Doped Mesoporous Carbon Nanospheres for Efficient Hydrogen Generation', 'Hydrogen Production at a NiO Photocathode Based on a Ruthenium Dye–Cobalt Diimine Dioxime Catalyst Assembly: Insights from Advanced Spectroscopy and Post-operando Characterization', 'Synthesis of V-doped In 2 O 3 Nanocrystals via Digestive-Ripening Process and Their Electrocatalytic Properties in CO 2 Reduction Reaction', '[MoS 4 ] 2– -Intercalated NiCo-Layered Double Hydroxide Nanospikes: An Efficiently Synergized Material for Urine To Direct H 2 Generation', 'Tuning the Electrocatalytic Activity of Co 3 O 4 through Discrete Elemental Doping']",3,reviewed,0.3082,0.0078,0.42,0.28,8.0,v7_en_high_medium_gold
TR-T18-EN-002,technical,T18,化学合成与催化反应,Chemical Synthesis and Catalytic Reactions,化学合成与催化反应—英文证据主题2,Conjugated / Polymers / Light,属于“化学合成与催化反应”父类的英文细粒度主题，核心证据见别名和正向证据字段。,"A fine-grained topic under Chemical Synthesis and Catalytic Reactions, focusing on conjugated, polymers, light, visible, units.",en,"['conjugated', 'polymers', 'light', 'visible', 'units', 'introduction', 'thiophene', 'btth']","['conjugated', 'polymers', 'light', 'visible', 'units', 'introduction', 'thiophene', 'btth']","['doped', 'synthesis', 'hydrogen', 'carbon']",5,"['DOC_0769', 'DOC_0415', 'DOC_0381', 'DOC_0657', 'DOC_0411']","['Conjugated Microporous Polymers as Heterogeneous Photocatalysts for Efficient Degradation of a Mustard-Gas Simulant', 'Study on the influence of the introduction of the thiophene group on the photocatalytic performance of polymer', 'Perylenetetracarboxylic acid–incorporated silver nanocluster for cost-effective visible-light-driven photocatalysis and catalytic reduction', 'Synthesis and biological evaluation of 3-arylbenzofuranone derivatives as potential anti-Alzheimer’s disease agents', 'Correlations for catalyst deactivation during valorization of biomass-derived acetone and butanol']",3,reviewed,0.3082,0.0078,0.42,0.28,8.0,v7_en_high_medium_gold
TR-T19-EN-001,technical,T19,环境处理与资源回收工艺,Environmental Treatment and Resource-Recovery Processes,环境处理与资源回收工艺—英文证据主题1,Environmental Treatment and Resource-Recovery Processes,属于“环境处理与资源回收工艺”父类的英文细粒度主题，核心证据见别名和正向证据字段。,"A fine-grained topic under Environmental Treatment and Resource-Recovery Processes, focusing on Environmental Treatment and Resource-Recovery Processes.",en,[],[],[],2,"['DOC_0311', 'DOC_0180']","['Fe and As geochemical self-removal dynamics in mineral waters: evidence from the Ferrarelle groundwater system (Riardo Plain, Southern Italy)', 'Atrazine: From Detection to Remediation – A Minireview']",2,candidate,1.0,0.0,0.677,0.537,8.0,v7_en_high_medium_gold
TR-T20-EN-001,technical,T20,问卷调查与定性社会研究,Questionnaire Surveys and Qualitative Social Research,问卷调查与定性社会研究—英文证据主题1,Cancer / Patients / Health,属于“问卷调查与定性社会研究”父类的英文细粒度主题，核心证据见别名和正向证据字段。,"A fine-grained topic under Questionnaire Surveys and Qualitative Social Research, focusing on cancer, patients, health, quality, life.",en,"['cancer', 'patients', 'health', 'quality', 'life', 'questionnaire', 'children', 'risk']","['cancer', 'patients', 'health', 'quality', 'life', 'questionnaire', 'children', 'risk']","['learning', 'students', 'higher', 'education']",13,"['DOC_0742', 'DOC_0781', 'DOC_0270', 'DOC_0493', 'DOC_0471']","['Mental health of both child and parents plays a larger role in the health-related quality of life of obese and overweight children', 'Phenylketonuric patients represent their disease', 'The Functional Assessment of Cancer Therapy Eight Dimension (FACT-8D), a Multi-Attribute Utility Instrument Derived From the Cancer-Specific FACT-General (FACT-G) Quality of Life Questionnaire: Development and Australian Value Set', 'Lack of Knowledge, the main Stumbling Block of Fertility Preservation Promotion in China', 'A Pilot Study for the Development and Evaluation of an Educational Program to Reduce Stigma Toward Cancer and Cancer Survivors: Focusing on Dating and Marriage After Cancer Diagnosis']",3,reviewed,0.4532,0.0128,0.42,0.28,8.0,v7_en_high_medium_gold
TR-T20-EN-002,technical,T20,问卷调查与定性社会研究,Questionnaire Surveys and Qualitative Social Research,问卷调查与定性社会研究—英文证据主题2,Learning / Students / Higher,属于“问卷调查与定性社会研究”父类的英文细粒度主题，核心证据见别名和正向证据字段。,"A fine-grained topic under Questionnaire Surveys and Qualitative Social Research, focusing on learning, students, higher, education, lms.",en,"['learning', 'students', 'higher', 'education', 'lms', 'use', 'formal', 'qualitative']","['learning', 'students', 'higher', 'education', 'lms', 'use', 'formal', 'qualitative']","['cancer', 'patients', 'health', 'quality']",4,"['DOC_0473', 'DOC_0304', 'DOC_0832', 'DOC_0600']","['Postgraduate Students’ Experiences on the Use of Moodle and Canvas Learning Management System', 'Drivers of Users’ Embracement of 3D Digital Educational Spaces in Higher Education: A Qualitative Approach', 'Making a connection to field geoscience for Native American youth through culture, nature, and community', 'Homogenizing the Teaching of Engaged Medical Examinations to Large Numbers of Students: the Experience of the Digital Rectal Examination']",3,reviewed,0.4532,0.0128,0.472,0.332,8.0,v7_en_high_medium_gold
TR-T21-EN-001,technical,T21,经济评价与政策分析,Economic Evaluation and Policy Analysis,经济评价与政策分析—英文证据主题1,Cost-Effectiveness Analysis / Cost Effectiveness / Economic,属于“经济评价与政策分析”父类的英文细粒度主题，核心证据见别名和正向证据字段。,"A fine-grained topic under Economic Evaluation and Policy Analysis, focusing on cost-effectiveness analysis, cost effectiveness, economic, effectiveness analysis, dynamic.",en,"['cost-effectiveness analysis', 'cost effectiveness', 'economic', 'effectiveness analysis', 'dynamic', 'decision', 'value', 'title cost']","['cost-effectiveness analysis', 'cost effectiveness', 'economic', 'effectiveness analysis', 'dynamic', 'decision', 'value', 'title cost']","['eq 5d', 'health', '5d 3l', 'discrete']",10,"['DOC_0535', 'DOC_0393', 'DOC_0421', 'DOC_0184', 'DOC_0258']","['Cost-Effectiveness of First-Line Tyrosine Kinase Inhibitor Therapy Initiation Strategies for Chronic Myeloid Leukemia', 'Cost-Effectiveness of an Opioid Abuse–Prevention Program Using the Narcotics Information Management System in South Korea', 'Cost-Effectiveness of Pediatric Influenza Vaccination in The Netherlands', 'Estimation of the Width of Uncertainty in Care Consumption and Costs When Using Common Data Collection Tools in Economic Evaluations: A Benchmark for Sensitivity Analyses', 'Estimating the Theoretical Cost Implications of Funding New Drugs Considered Not to Be Cost-Effective']",3,stable,0.8161,0.033,0.42,0.28,8.0,v7_en_high_medium_gold
TR-T21-EN-002,technical,T21,经济评价与政策分析,Economic Evaluation and Policy Analysis,经济评价与政策分析—英文证据主题2,Eq 5D / Health / 5D 3L,属于“经济评价与政策分析”父类的英文细粒度主题，核心证据见别名和正向证据字段。,"A fine-grained topic under Economic Evaluation and Policy Analysis, focusing on eq 5d, health, 5d 3l, discrete, choice.",en,"['eq 5d', 'health', '5d 3l', 'discrete', 'choice', 'experiment', 'preferences', 'utility']","['eq 5d', 'health', '5d 3l', 'discrete', 'choice', 'experiment', 'preferences', 'utility']","['cost-effectiveness analysis', 'cost effectiveness', 'economic', 'effectiveness analysis']",7,"['DOC_0217', 'DOC_0297', 'DOC_0623', 'DOC_0148', 'DOC_0388']","['Comparison of Adult and Adolescent Preferences Toward EQ-5D-Y-3L Health States', 'Does Changing the Age of a Child to be Considered in 3-Level Version of EQ-5D-Y Discrete Choice Experiment–Based Valuation Studies Affect Health Preferences?', 'A Review of the Methods Used to Generate Utility Values in NICE Technology Assessments for Children and Adolescents', 'A Comparison of Generic and Condition-Specific Preference-Based Measures Using Data From Nivolumab Trials: EQ-5D-3L, Mapping to the EQ-5D-5L, and European Organisation for Research and Treatment of Cancer Quality of Life Utility Measure-Core 10 Dimensions', 'Preferences for e-Mental Health Interventions in Germany: A Discrete Choice Experiment']",3,stable,0.8161,0.033,0.42,0.28,8.0,v7_en_high_medium_gold
TR-T22-EN-001,technical,T22,动物模型与药理干预实验,Animal Models and Pharmacological Intervention,动物模型与药理干预实验—英文证据主题1,RNA / MICE / Induced,属于“动物模型与药理干预实验”父类的英文细粒度主题，核心证据见别名和正向证据字段。,"A fine-grained topic under Animal Models and Pharmacological Intervention, focusing on rna, mice, induced, function, keywords.",en,"['rna', 'mice', 'induced', 'function', 'keywords', 'title', 'cells', 'disease']","['rna', 'mice', 'induced', 'function', 'keywords', 'title', 'cells', 'disease']","['treatment', 'expression', 'cancer', 'response']",29,"['DOC_0787', 'DOC_0717', 'DOC_0756', 'DOC_0191', 'DOC_0505']","['Mesenchymal Stem Cells Therapy Improved the Streptozotocin-Induced Behavioral and Hippocampal Impairment in Rats', 'Long Noncoding RNA H19 Impairs the Intestinal Barrier by Suppressing Autophagy and Lowering Paneth and Goblet Cell Function', 'Gold Nanoparticles Treatment Reverses Brain Damage in Alzheimer’s Disease Model', 'Therapeutic Assay with the Non-toxic C-Terminal Fragment of Tetanus Toxin (TTC) in Transgenic Murine Models of Prion Disease', 'Chronic Memantine Treatment Ameliorates Behavioral Deficits, Neuron Loss, and Impaired Neurogenesis in a Model of Alzheimer’s Disease']",3,reviewed,0.0865,0.0028,0.42,0.28,8.0,v7_en_high_medium_gold
TR-T22-EN-002,technical,T22,动物模型与药理干预实验,Animal Models and Pharmacological Intervention,动物模型与药理干预实验—英文证据主题2,Treatment / Expression / Cancer,属于“动物模型与药理干预实验”父类的英文细粒度主题，核心证据见别名和正向证据字段。,"A fine-grained topic under Animal Models and Pharmacological Intervention, focusing on treatment, expression, cancer, response, used.",en,"['treatment', 'expression', 'cancer', 'response', 'used', 'apoptosis', 'results', 'cell']","['treatment', 'expression', 'cancer', 'response', 'used', 'apoptosis', 'results', 'cell']","['rna', 'mice', 'induced', 'function']",17,"['DOC_0380', 'DOC_0264', 'DOC_0365', 'DOC_0135', 'DOC_0969']","['Exploration of novel heterofused 1,2,4-triazine derivative in colorectal cancer', 'Effect of 1 mg/kg oral prednisolone on biochemical analytes in ten dogs: a cross-over study', 'Antibiotic Cross-linked Micelles with Reduced Toxicity for Multidrug-Resistant Bacterial Sepsis Treatment', 'Tetrandrine induces apoptosis and growth suppression of colon cancer cells in mice', 'Liver Endothelial Heg Regulates Vascular/Biliary Network Patterning and Metabolic Zonation Via Wnt Signaling']",3,reviewed,0.0865,0.0028,0.42,0.28,8.0,v7_en_high_medium_gold
TR-T23-EN-001,technical,T23,微生物培养与宏基因组分析,Microbial Culture and Metagenomic Analysis,微生物培养与宏基因组分析—英文证据主题1,Microbial Culture and Metagenomic Analysis,属于“微生物培养与宏基因组分析”父类的英文细粒度主题，核心证据见别名和正向证据字段。,"A fine-grained topic under Microbial Culture and Metagenomic Analysis, focusing on Microbial Culture and Metagenomic Analysis.",en,[],[],[],4,"['DOC_0002', 'DOC_0680', 'DOC_0560', 'DOC_0573']","['Effects of a multi-strain Bacillus probiotic on the intestinal microbiome, haemato-immunology, and growth performance of Nile tilapia', 'Effects of dietary exogenous xylanase supplementation on growth performance, intestinal health, and carbohydrate metabolism of juvenile large yellow croaker, Larimichthys crocea', 'The gut microbiota structure of the terrestrial isopod Porcellionides pruinosus (Isopoda: Oniscidea)', 'Helminth-Induced and Th2-Dependent Alterations of the Gut Microbiota Attenuate Obesity Caused by High-Fat Diet']",2,reviewed,1.0,0.0,0.4794,0.3394,8.0,v7_en_high_medium_gold
TR-T24-EN-001,technical,T24,遗传关联与PCR分子检测,Genetic Association and PCR-Based Molecular Detection,遗传关联与PCR分子检测—英文证据主题1,TNF- / IL-6 / Expression,属于“遗传关联与PCR分子检测”父类的英文细粒度主题，核心证据见别名和正向证据字段。,"A fine-grained topic under Genetic Association and PCR-Based Molecular Detection, focusing on tnf-, il-6, expression, pcr, levels.",en,"['tnf-', 'il-6', 'expression', 'pcr', 'levels', 'gene', 'serum', 'mir']","['tnf-', 'il-6', 'expression', 'pcr', 'levels', 'gene', 'serum', 'mir']","['obesity', 'polymorphisms', 'onset', 'children']",15,"['DOC_0881', 'DOC_0865', 'DOC_0247', 'DOC_0386', 'DOC_0574']","['Altered expression of norepinephrine transporter participate in hypertension and depression through regulated TNF-α and IL-6', 'Therapeutic challenges in a patient with the simple virilizing (SV) form of congenital adrenal hyperplasia (CAH) due to the P30L/I172N genotype', 'MiR-124 Regulates the Inflammation and Apoptosis in Myocardial Infarction Rats by Targeting STAT3', 'Effects of citral on serum inflammatory factors and liver gene expression of IL-6 and TNF-alpha in experimental diabetes', 'Assessment of the most common CYP21A2 point mutations in a cohort of congenital adrenal hyperplasia patients from Egypt']",3,reviewed,0.2679,0.01,0.42,0.28,8.0,v7_en_high_medium_gold
TR-T24-EN-002,technical,T24,遗传关联与PCR分子检测,Genetic Association and PCR-Based Molecular Detection,遗传关联与PCR分子检测—英文证据主题2,Obesity / Polymorphisms / Onset,属于“遗传关联与PCR分子检测”父类的英文细粒度主题，核心证据见别名和正向证据字段。,"A fine-grained topic under Genetic Association and PCR-Based Molecular Detection, focusing on obesity, polymorphisms, onset, children, nucleotide.",en,"['obesity', 'polymorphisms', 'onset', 'children', 'nucleotide', 'genotype', 'women', 'years']","['obesity', 'polymorphisms', 'onset', 'children', 'nucleotide', 'genotype', 'women', 'years']","['tnf-', 'il-6', 'expression', 'pcr']",10,"['DOC_0301', 'DOC_0834', 'DOC_0031', 'DOC_0147', 'DOC_0065']","['Familial early-onset obesity in Turkish children: variants and polymorphisms in the melanocortin-4 receptor (MC4R) gene', 'Genomic study via chromosomal microarray analysis in a group of Romanian patients with obesity and developmental disability/intellectual disability', 'Estrogen receptor alpha XbaI GG genotype was associated with severe preeclampsia', 'Single nucleotide polymorphism (SNP) of Jatropha curcas associated with the content of phorbol ester', 'The Interaction of TXNIP and AFq1 Genes Increases the Susceptibility of Schizophrenia']",3,reviewed,0.2679,0.01,0.42,0.28,8.0,v7_en_high_medium_gold
TR-T24-EN-003,technical,T24,遗传关联与PCR分子检测,Genetic Association and PCR-Based Molecular Detection,遗传关联与PCR分子检测—英文证据主题3,Covid-19 / Covid / Pulmonary,属于“遗传关联与PCR分子检测”父类的英文细粒度主题，核心证据见别名和正向证据字段。,"A fine-grained topic under Genetic Association and PCR-Based Molecular Detection, focusing on covid-19, covid, pulmonary, patient, syndrome.",en,"['covid-19', 'covid', 'pulmonary', 'patient', 'syndrome', 'network', 'myeloid', 'case']","['covid-19', 'covid', 'pulmonary', 'patient', 'syndrome', 'network', 'myeloid', 'case']","['tnf-', 'il-6', 'expression', 'pcr']",5,"['DOC_0472', 'DOC_0118', 'DOC_0401', 'DOC_0682', 'DOC_0608']","['Pulmonary pathology of infection by SARS-CoV-2, what we have learnt through post-mortem studies and pathophysiological considerations', 'Role of CT angiography in detecting acute pulmonary embolism associated with COVID-19 pneumonia', 'Brain Disease Network Analysis to Elucidate the Neurological Manifestations of COVID-19', 'Two different missense mutations of PEX genes in two similar patients with severe Zellweger syndrome: an argument on the genotype-phenotype correlation', 'Chronic myeloid leukaemia with pulmonary leucostasis in a young Down syndrome patient']",3,reviewed,0.2679,0.01,0.42,0.28,8.0,v7_en_high_medium_gold
TR-T25-EN-001,technical,T25,数据集、基准与工具验证,"Datasets, Benchmarks and Tool Validation",数据集、基准与工具验证—英文证据主题1,"Datasets, Benchmarks and Tool Validation",属于“数据集、基准与工具验证”父类的英文细粒度主题，核心证据见别名和正向证据字段。,"A fine-grained topic under Datasets, Benchmarks and Tool Validation, focusing on Datasets, Benchmarks and Tool Validation.",en,[],[],[],3,"['DOC_0675', 'DOC_0250', 'DOC_0257']","['Analyses of rare collection samples as conservation tool for the last known Italian population of Graphoderus bilineatus (Insecta: Coleoptera)', 'A noninvasive eDNA tool for detecting sea lamprey larvae in river sediments: Analytical validation and field testing in a low‐abundance ecosystem', 'LamaH | Large-Sample Data for Hydrology: Big data für die Hydrologie und Umweltwissenschaften']",2,reviewed,1.0,0.0,0.5405,0.4005,8.0,v7_en_high_medium_gold
TR-T26-EN-001,technical,T26,控制规划与机器人自动化,Control Planning and Robotic Automation,控制规划与机器人自动化—英文证据主题1,Control Planning and Robotic Automation,属于“控制规划与机器人自动化”父类的英文细粒度主题，核心证据见别名和正向证据字段。,"A fine-grained topic under Control Planning and Robotic Automation, focusing on Control Planning and Robotic Automation.",en,[],[],[],4,"['DOC_0508', 'DOC_0462', 'DOC_0474', 'DOC_0426']","['Synchronous robotic right hemicolectomy and subtotal gastrectomy', 'Robotic-assisted resection for beyond TME rectal cancer: a novel classification and analysis from a specialized center', 'Ivor‐Lewis oesophagectomy: A standardized operative technique in 11 steps', 'Stretchable, Healable, and Degradable Soft Ionic Microdevices Based on Multifunctional Soaking-Toughened Dual-Dynamic-Network Organohydrogel Electrolytes']",2,reviewed,1.0,0.0,0.4586,0.3186,8.0,v7_en_high_medium_gold
TR-T27-EN-001,technical,T27,信号、图像处理与算法优化,Signal/Image Processing and Algorithm Optimization,信号、图像处理与算法优化—英文证据主题1,Signal/Image Processing and Algorithm Optimization,属于“信号、图像处理与算法优化”父类的英文细粒度主题，核心证据见别名和正向证据字段。,"A fine-grained topic under Signal/Image Processing and Algorithm Optimization, focusing on Signal/Image Processing and Algorithm Optimization.",en,[],[],[],1,['DOC_0015'],['Nonreciprocal scattering and unidirectional cloaking in nonlinear nanoantennas'],2,candidate,1.0,0.0,0.96,0.82,8.0,v7_en_high_medium_gold
TR-T29-EN-001,technical,T29,野外采样与生态调查,Field Sampling and Ecological Surveys,野外采样与生态调查—英文证据主题1,Field Sampling and Ecological Surveys,属于“野外采样与生态调查”父类的英文细粒度主题，核心证据见别名和正向证据字段。,"A fine-grained topic under Field Sampling and Ecological Surveys, focusing on Field Sampling and Ecological Surveys.",en,[],[],[],8,"['DOC_0858', 'DOC_0846', 'DOC_0483', 'DOC_0669', 'DOC_0868']","['Soil seed banks in the floodplain of a large river: A test of hypotheses on seed bank composition in relation to flooding and established vegetation', 'Biological soil crust and vascular plant interactions in Western Myall ( Acacia papyrocarpa ) open woodland in South Australia', 'Grazing livestock increases both vegetation and seed bank diversity in remnant and restored grasslands', 'Soil water availability shapes species richness in mid‐latitude shrub steppe plant communities', 'Requirements of plant species are linked to area and determine species pool and richness on small islands']",2,stable,1.0,0.0,0.42,0.28,8.0,v7_en_high_medium_gold
TR-T30-EN-001,technical,T30,风险评估与空间统计,Risk Assessment and Spatial Statistics,风险评估与空间统计—英文证据主题1,Risk Assessment and Spatial Statistics,属于“风险评估与空间统计”父类的英文细粒度主题，核心证据见别名和正向证据字段。,"A fine-grained topic under Risk Assessment and Spatial Statistics, focusing on Risk Assessment and Spatial Statistics.",en,[],[],[],6,"['DOC_0155', 'DOC_0134', 'DOC_0233', 'DOC_0326', 'DOC_0090']","['Contamination level, source identification and health risk evaluation of potentially toxic elements (PTEs) in groundwater of an industrial city in eastern India', 'Ecological risk and enrichment of potentially toxic elements in the soil and eroded sediment in an organic vineyard (Tokaj Nagy Hill, Hungary)', 'Accumulation risk and source apportionment of heavy metals in different types of farmland in a typical farming area of northern China', 'Multiple exposure pathways and health risk assessment of potentially harmful elements for children and adults living in a coal region in Brazil', ""Spatial distribution, pollution level, and health risk of Pb in the finer dust of residential areas: a case study of Xi'an, northwest China""]",2,stable,1.0,0.0,0.42,0.28,8.0,v7_en_high_medium_gold
TR-T31-EN-001,technical,T31,理化分析与定量测定,Physicochemical Analysis and Quantitative Measurement,理化分析与定量测定—英文证据主题1,Physicochemical Analysis and Quantitative Measurement,属于“理化分析与定量测定”父类的英文细粒度主题，核心证据见别名和正向证据字段。,"A fine-grained topic under Physicochemical Analysis and Quantitative Measurement, focusing on Physicochemical Analysis and Quantitative Measurement.",en,[],[],[],7,"['DOC_0698', 'DOC_0590', 'DOC_0845', 'DOC_0947', 'DOC_0945']","['Antioxidant activity, nutritional, and phenolic composition of sweet potato leaves as affected by harvesting period', 'Anticholinergic and antioxidant activities of avocado ( Folium perseae ) leaves – phytochemical content by LC-MS/MS analysis', 'Physical properties, resistant starch content and antioxidant profile of purple sweet potato powder after 12 months of storage', 'Phytochemical screening and antioxidant properties of methanolic extract of root of Asparagus racemosus Linn', 'Antioxidant and antibacterial activities of modified crab shell bioactive peptides by Maillard reaction']",2,stable,1.0,0.0,0.42,0.28,8.0,v7_en_high_medium_gold
TR-T33-EN-001,technical,T33,生物行为与生理比较实验,Behavioral and Physiological Comparative Experiments,生物行为与生理比较实验—英文证据主题1,Behavioral and Physiological Comparative Experiments,属于“生物行为与生理比较实验”父类的英文细粒度主题，核心证据见别名和正向证据字段。,"A fine-grained topic under Behavioral and Physiological Comparative Experiments, focusing on Behavioral and Physiological Comparative Experiments.",en,[],[],[],5,"['DOC_0801', 'DOC_0674', 'DOC_0994', 'DOC_0665', 'DOC_0133']","['Effect of dietary purslane (Portulaca oleracea L.) leaves powder on growth, immunostimulation, and protection of Nile tilapia, Oreochromis niloticus against Aeromonas hydrophila infection', 'Impaired peroxisomal fat oxidation induces hepatic lipid accumulation and oxidative damage in Nile tilapia', 'Intraspecific morphological and reproductive trait variation in mouth almighty Glossamia aprion (Apogonidae) across different flow environments', 'The onset of piscivory in a freshwater fish species: analysis of behavioural and physiological traits', 'Exogenous cortisol and red light irradiation affect reproductive parameters in the goldfish Carassius auratus']",2,stable,1.0,0.0,0.42,0.28,8.0,v7_en_high_medium_gold
TR-T01-ZH-001,technical,T01,深度学习与神经网络,Deep Learning and Neural Networks,Transformer与注意力建模,Transformer and Attention Modeling,属于“深度学习与神经网络”父类，核心边界由Transformer、自注意力、多头注意力、注意力机制等证据确定。,A seeded fine-grained topic under Deep Learning and Neural Networks.,zh,"['Transformer', '自注意力', '多头注意力', '注意力机制']","['Transformer', '自注意力', '多头注意力', '注意力机制']",[],4,"['ZH_0178', 'ZH_0055', 'ZH_0927', 'ZH_0307']","['基于多尺度卷积融合时间序列Transformer的复合电能质量扰动识别', '基于自适应噪声完全集合经验模态分解与Bi LSTM-Transformer的锂离子电池剩余使用寿命预测', '不平衡电网下隔离型固态变压器非线性一体化控制', '基于混合型晶闸管可控移相器的抗冲击驱动策略']",3,reviewed,1.0,,0.4839,0.3539,8.0,v8_seeded_boundary_topic
TR-T01-ZH-900,technical,T01,深度学习与神经网络,Deep Learning and Neural Networks,深度学习与神经网络（未细分）,Deep Learning and Neural Networks (Unresolved Subtopic),证据不足以稳定映射到当前细主题，保留在父主题并进入后续增量发现。,Insufficient evidence for a stable fine-grained assignment; retained at the parent level.,zh,[],[],"['Transformer', '自注意力', '多头注意力', '注意力机制']",7,"['ZH_0482', 'ZH_0539', 'ZH_0313', 'ZH_0704', 'ZH_0111']","['基于深度学习的无人机电网巡检缺陷检测研究', '基于深度学习的安全帽识别算法研究与模型训练', '针对电力系统人工智能算法的数据投毒后门攻击方法与检测方案', '低成本对抗性隐蔽虚假数据注入攻击及其检测方法', '基于改进MMD-GAN的可再生能源随机场景生成']",2,reviewed,1.0,,0.52,0.36,8.0,v8_parent_fallback
TR-T02-ZH-001,technical,T02,经典机器学习与统计建模,Classical Machine Learning and Statistical Modeling,树模型、支持向量机与集成学习,"Tree Models, SVM and Ensemble Learning",属于“经典机器学习与统计建模”父类，核心边界由随机森林、LightGBM、XGBoost、支持向量机、SVM等证据确定。,A seeded fine-grained topic under Classical Machine Learning and Statistical Modeling.,zh,"['随机森林', 'LightGBM', 'XGBoost', '支持向量机', 'SVM', '极限学习机', '决策树']","['随机森林', 'LightGBM', 'XGBoost', '支持向量机', 'SVM', '极限学习机', '决策树']",[],7,"['ZH_0238', 'ZH_0251', 'ZH_0351', 'ZH_0189', 'ZH_0546']","['基于RPCA-GELM数据驱动的保护测量回路误差评估', '基于海马优化深层极限学习机的电力信息物理系统FDIA检测', '基于改进秃鹰算法优化极限学习机的谐波发射水平估计', '基于Transformer与单分类支持向量机的窃电时间识别方法', '基于ABC-RFEKF算法的锂电池SOC估计']",3,stable,1.0,,0.4,0.27,8.0,v8_seeded_boundary_topic
TR-T02-ZH-900,technical,T02,经典机器学习与统计建模,Classical Machine Learning and Statistical Modeling,经典机器学习与统计建模（未细分）,Classical Machine Learning and Statistical Modeling (Unresolved Subtopic),证据不足以稳定映射到当前细主题，保留在父主题并进入后续增量发现。,Insufficient evidence for a stable fine-grained assignment; retained at the parent level.,zh,[],[],"['随机森林', 'LightGBM', 'XGBoost', '支持向量机']",2,"['ZH_0950', 'ZH_0135']","['基于深度强化学习的城市配电网多级动态重构优化运行方法', '中国式城乡现代化进程中的县城人口变化格局及其影响因素']",2,reviewed,1.0,,0.52,0.36,8.0,v8_parent_fallback
TR-T14-ZH-001,technical,T14,数值模拟与有限元计算,Numerical Simulation and Finite-Element Computation,电磁暂态与PSCAD仿真,Electromagnetic Transient and PSCAD Simulation,属于“数值模拟与有限元计算”父类，核心边界由PSCAD、EMTDC、电磁暂态等证据确定。,A seeded fine-grained topic under Numerical Simulation and Finite-Element Computation.,zh,"['PSCAD', 'EMTDC', '电磁暂态']","['PSCAD', 'EMTDC', '电磁暂态']",[],12,"['ZH_0032', 'ZH_0332', 'ZH_0318', 'ZH_0334', 'ZH_0198']","['混合级联型HVDC系统的后续换相失败预判方法', '基于电容换流的限流型混合式直流断路器', '一种基于电容主动钳位式混合式直流断路器', '单相接地时LCC-HVDC换相失败时序机理研究', '新能源基地柔直送出系统单极闭锁场景下交流电压序贯波动机理与抑制策略']",3,stable,1.0,,0.4,0.27,8.0,v8_seeded_boundary_topic
TR-T14-ZH-900,technical,T14,数值模拟与有限元计算,Numerical Simulation and Finite-Element Computation,数值模拟与有限元计算（未细分）,Numerical Simulation and Finite-Element Computation (Unresolved Subtopic),证据不足以稳定映射到当前细主题，保留在父主题并进入后续增量发现。,Insufficient evidence for a stable fine-grained assignment; retained at the parent level.,zh,[],[],"['PSCAD', 'EMTDC', '电磁暂态']",7,"['ZH_0339', 'ZH_0552', 'ZH_0230', 'ZH_0130', 'ZH_0330']","['基于热-电-流耦合的芯棒碳化复合绝缘子发热特性研究', '多回击地闪特征参数及其对直流线路故障的影响研究', '基于光储协调电压自均衡的光伏直流汇集方案研究', '基于近似熵变化量判据的混合直流输电系统纵联保护方案', '高海拔高速运行高铁车顶绝缘子风压分布及海拔修正']",2,reviewed,1.0,,0.52,0.36,8.0,v8_parent_fallback
TR-T27-ZH-900,technical,T27,信号、图像处理与算法优化,Signal/Image Processing and Algorithm Optimization,信号、图像处理与算法优化（未细分）,Signal/Image Processing and Algorithm Optimization (Unresolved Subtopic),证据不足以稳定映射到当前细主题，保留在父主题并进入后续增量发现。,Insufficient evidence for a stable fine-grained assignment; retained at the parent level.,zh,[],[],[],5,"['ZH_0044', 'ZH_0807', 'ZH_0510', 'ZH_0989', 'ZH_0316']","['适用于直流保护的数学形态学降噪与噪声干扰识别方法', '利用行波波形改进编辑距离的柔性直流输电线路后备保护方案', '基于改进无迹卡尔曼滤波的短线路同杆并架双回线参数辨识', '弱电网下逆变器并网系统失稳的两种诱因', '基于时段主导特征的三相不平衡台区识别及治理']",2,reviewed,1.0,,0.52,0.36,8.0,v8_parent_fallback
TR-T34-ZH-001,technical,T34,聚类、关联规则与模式识别,"Clustering, Association Rules and Pattern Recognition",FCM、K均值与聚类分析,"FCM, K-Means and Clustering Analysis",属于“聚类、关联规则与模式识别”父类，核心边界由模糊C均值、FCM、K均值、聚类算法、聚类分析等证据确定。,"A seeded fine-grained topic under Clustering, Association Rules and Pattern Recognition.",zh,"['模糊C均值', 'FCM', 'K均值', '聚类算法', '聚类分析']","['模糊C均值', 'FCM', 'K均值', '聚类算法', '聚类分析']",[],3,"['ZH_0848', 'ZH_0699', 'ZH_0239']","['基于数据驱动的双馈风电场经VSC-HVDC并网次同步振荡影响因素分析', '基于电压聚类和关联卷积的配电网户变关系识别方法', '基于深度自适应K-means++算法的电抗器声纹聚类方法']",3,reviewed,1.0,,0.5429,0.4129,8.0,v8_seeded_boundary_topic
TR-T34-ZH-900,technical,T34,聚类、关联规则与模式识别,"Clustering, Association Rules and Pattern Recognition",聚类、关联规则与模式识别（未细分）,"Clustering, Association Rules and Pattern Recognition (Unresolved Subtopic)",证据不足以稳定映射到当前细主题，保留在父主题并进入后续增量发现。,Insufficient evidence for a stable fine-grained assignment; retained at the parent level.,zh,[],[],"['模糊C均值', 'FCM', 'K均值', '聚类算法']",2,"['ZH_0851', 'ZH_0018']","['基于智能终端特征信号的配电网台区拓扑识别方法', '基于改进FCM和最小互信息算法的户变关系辨识方法']",2,reviewed,1.0,,0.52,0.36,8.0,v8_parent_fallback
TR-T35-ZH-001,technical,T35,时序预测与状态估计,Time-Series Forecasting and State Estimation,光伏、风电与负荷预测,"Photovoltaic, Wind and Load Forecasting",属于“时序预测与状态估计”父类，核心边界由光伏功率预测、光伏预测、风电功率预测、风电预测、负荷预测等证据确定。,A seeded fine-grained topic under Time-Series Forecasting and State Estimation.,zh,"['光伏功率预测', '光伏预测', '风电功率预测', '风电预测', '负荷预测', '功率预测', '超短期预测']","['光伏功率预测', '光伏预测', '风电功率预测', '风电预测', '负荷预测', '功率预测', '超短期预测']","['状态估计', '参数估计', '参数辨识', '状态预测']",13,"['ZH_0348', 'ZH_0921', 'ZH_0199', 'ZH_0923', 'ZH_0548']","['基于相似日与多模型融合的短期负荷预测', '基于VMD-ISSA-KELM的短期光伏发电功率预测', '针对非平稳信号和高频噪声的自适应噪声完整集成经验模态分解-双向长短期记忆风功率预测模型', '基于新型日期映射法和ISGU混合模型的短期电力负荷预测', '基于异质聚类与Stacking的双集成光伏发电功率预测']",3,stable,1.0,,0.4,0.27,8.0,v8_seeded_boundary_topic
TR-T35-ZH-002,technical,T35,时序预测与状态估计,Time-Series Forecasting and State Estimation,状态估计与参数估计,State and Parameter Estimation,属于“时序预测与状态估计”父类，核心边界由状态估计、参数估计、参数辨识、状态预测等证据确定。,A seeded fine-grained topic under Time-Series Forecasting and State Estimation.,zh,"['状态估计', '参数估计', '参数辨识', '状态预测']","['状态估计', '参数估计', '参数辨识', '状态预测']","['光伏功率预测', '光伏预测', '风电功率预测', '风电预测']",4,"['ZH_0110', 'ZH_0867', 'ZH_0347', 'ZH_0187']","['融合同步发电机动态状态估计的电力系统状态估计', '基于并行粒子群算法的电力系统分区抗差状态估计', '基于自适应插值强跟踪扩展卡尔曼滤波的电力系统动态状态估计研究', '基于稳态信息和条件分布自适应的风电场阻抗智能辨识和稳定性评估']",3,reviewed,1.0,,0.476,0.346,8.0,v8_seeded_boundary_topic
TR-T36-ZH-001,technical,T36,故障诊断、定位与保护算法,"Fault Diagnosis, Localization and Protection Algorithms",故障诊断与故障分类,Fault Diagnosis and Classification,属于“故障诊断、定位与保护算法”父类，核心边界由故障诊断、故障分类、故障预测等证据确定。,"A seeded fine-grained topic under Fault Diagnosis, Localization and Protection Algorithms.",zh,"['故障诊断', '故障分类', '故障预测']","['故障诊断', '故障分类', '故障预测']","['故障定位', '故障测距', '故障选线', '定位方法']",7,"['ZH_0864', 'ZH_0336', 'ZH_0270', 'ZH_0020', 'ZH_0341']","['基于卷积深度网络的高压真空断路器机械故障诊断方法', '基于融合少数类过采样均衡多分类数据的改进极限学习机的变压器故障诊断方法', '声信号下基于双通道特征融合网络的电抗器故障诊断方法', '考虑声-振模态结合的抽水蓄能机组轴承故障诊断', '考虑三段式线路保护主保护范围的电网故障诊断解析模型']",3,stable,1.0,,0.4,0.27,8.0,v8_seeded_boundary_topic
TR-T36-ZH-002,technical,T36,故障诊断、定位与保护算法,"Fault Diagnosis, Localization and Protection Algorithms",故障定位、测距与选线,"Fault Location, Distance and Line Selection",属于“故障诊断、定位与保护算法”父类，核心边界由故障定位、故障测距、故障选线、定位方法等证据确定。,"A seeded fine-grained topic under Fault Diagnosis, Localization and Protection Algorithms.",zh,"['故障定位', '故障测距', '故障选线', '定位方法']","['故障定位', '故障测距', '故障选线', '定位方法']","['故障诊断', '故障分类', '故障预测']",13,"['ZH_0869', 'ZH_0406', 'ZH_0320', 'ZH_0389', 'ZH_0374']","['基于断路器重合闸的柔性直流输电线路单端故障测距方法', '基于分层定位模型的含DG配电网故障定位方法研究', '多级多分支配电线路雷击故障定位方法', '基于时域阻抗法的35 kV配电线路相间短路故障测距', '基于小波变换与TKEO的故障识别与定位方法研究']",3,stable,1.0,,0.4,0.27,8.0,v8_seeded_boundary_topic
TR-T36-ZH-900,technical,T36,故障诊断、定位与保护算法,"Fault Diagnosis, Localization and Protection Algorithms",故障诊断、定位与保护算法（未细分）,"Fault Diagnosis, Localization and Protection Algorithms (Unresolved Subtopic)",证据不足以稳定映射到当前细主题，保留在父主题并进入后续增量发现。,Insufficient evidence for a stable fine-grained assignment; retained at the parent level.,zh,[],[],"['故障诊断', '故障分类', '故障预测']",4,"['ZH_0131', 'ZH_0373', 'ZH_0326', 'ZH_0012']","['离网型制氢系统典型短路故障分析及协同保护', '基于护层接地线电流和分段TKEO的电缆早期故障检测方法', '基于差动电流能量比的新能源场站送出线路纵联保护', '基于临界超标样本扩充的数据驱动短路电流超标精准校验方法']",2,reviewed,1.0,,0.52,0.36,8.0,v8_parent_fallback
TR-T37-ZH-001,technical,T37,优化调度与数学规划,Optimization Scheduling and Mathematical Programming,经济、低碳与多能优化调度,"Economic, Low-Carbon and Multi-Energy Dispatch",属于“优化调度与数学规划”父类，核心边界由优化调度、经济调度、低碳调度、协同调度等证据确定。,A seeded fine-grained topic under Optimization Scheduling and Mathematical Programming.,zh,"['优化调度', '经济调度', '低碳调度', '协同调度']","['优化调度', '经济调度', '低碳调度', '协同调度']","['联合规划', '规划模型', '容量配置', '选址定容']",8,"['ZH_0484', 'ZH_0735', 'ZH_0038', 'ZH_0324', 'ZH_0060']","['基于多智能体深度强化学习的分布式电源优化调度策略', '基于优势柔性策略-评价算法和迁移学习的区域综合能源系统优化调度', '计及(火用)效率的电-气-热综合能源系统多目标优化调度方法', '沿海区域综合能源生产单元随机优化调度', '适应新型电力系统发展的多元灵活资源优化调度建模和分析']",3,stable,1.0,,0.4,0.27,8.0,v8_seeded_boundary_topic
TR-T37-ZH-002,technical,T37,优化调度与数学规划,Optimization Scheduling and Mathematical Programming,联合规划、容量配置与选址定容,"Joint Planning, Capacity and Siting",属于“优化调度与数学规划”父类，核心边界由联合规划、规划模型、容量配置、选址定容、扩展规划等证据确定。,A seeded fine-grained topic under Optimization Scheduling and Mathematical Programming.,zh,"['联合规划', '规划模型', '容量配置', '选址定容', '扩展规划']","['联合规划', '规划模型', '容量配置', '选址定容', '扩展规划']","['优化调度', '经济调度', '低碳调度', '协同调度']",4,"['ZH_0007', 'ZH_0757', 'ZH_0211', 'ZH_0882']","['面向新型电力系统的输电网与分布式变速抽水蓄能联合规划', '考虑直接负荷控制与风电不确定性的输电网扩展规划', '计及碳定价的新型电力系统容量优化配置研究', '基于自适应ε-支配多目标粒子群算法的含SOP的主动配电网源–网–荷–储双层协同规划模型']",3,reviewed,1.0,,0.4522,0.3222,8.0,v8_seeded_boundary_topic
TR-T37-ZH-003,technical,T37,优化调度与数学规划,Optimization Scheduling and Mathematical Programming,混合整数、二阶锥与多目标规划,"Mixed-Integer, Conic and Multi-Objective Programming",属于“优化调度与数学规划”父类，核心边界由混合整数、二阶锥规划、多目标优化、线性规划等证据确定。,A seeded fine-grained topic under Optimization Scheduling and Mathematical Programming.,zh,"['混合整数', '二阶锥规划', '多目标优化', '线性规划']","['混合整数', '二阶锥规划', '多目标优化', '线性规划']","['优化调度', '经济调度', '低碳调度', '协同调度']",5,"['ZH_0360', 'ZH_0234', 'ZH_0095', 'ZH_0194', 'ZH_0803']","['考虑电池储能老化和需求侧响应的交直流混合配电网动态重构方法', '“源-网-荷-储”协调控制低碳经济优化及降碳效果分析', '前景导向的主动配电网智能储能软开关规划方法', '多区域电-冷-热互联分布式能源站量质协同规划研究', '满足静态电压稳定增强要求的发电机最佳调整方法']",3,stable,1.0,,0.4081,0.2781,8.0,v8_seeded_boundary_topic
TR-T37-ZH-900,technical,T37,优化调度与数学规划,Optimization Scheduling and Mathematical Programming,优化调度与数学规划（未细分）,Optimization Scheduling and Mathematical Programming (Unresolved Subtopic),证据不足以稳定映射到当前细主题，保留在父主题并进入后续增量发现。,Insufficient evidence for a stable fine-grained assignment; retained at the parent level.,zh,[],[],"['优化调度', '经济调度', '低碳调度', '协同调度']",7,"['ZH_0120', 'ZH_0690', 'ZH_0118', 'ZH_0017', 'ZH_0492']","['综合提升新能源高占比受端电网小干扰和暂态电压稳定性的SVG优化配置方法', '提升电网电压支撑强度的调相机优化配置方法', '基于灵活性资源调节和网络重构的P2P交易的阻塞管理方法', '计及拓扑相似性的含分散式风电配网双层优化重构方法', '阶梯式碳交易下考虑源荷不确定性的储能优化配置']",2,reviewed,1.0,,0.52,0.36,8.0,v8_parent_fallback
TR-T38-ZH-001,technical,T38,博弈论、市场机制与多主体决策,"Game Theory, Market Mechanisms and Multi-Agent Decision-Making",主从博弈与双层决策,Stackelberg Games and Bilevel Decisions,属于“博弈论、市场机制与多主体决策”父类，核心边界由主从博弈、Stackelberg等证据确定。,"A seeded fine-grained topic under Game Theory, Market Mechanisms and Multi-Agent Decision-Making.",zh,"['主从博弈', 'Stackelberg']","['主从博弈', 'Stackelberg']","['纳什谈判', '纳什博弈']",4,"['ZH_0233', 'ZH_0039', 'ZH_0338', 'ZH_0215']","['基于数字孪生模型的主从博弈掺氢综合能源系统最优决策方法', '计及自适应阶梯碳势-碳价与供需双响应基于主从博弈的综合能源系统低碳经济调度', '考虑风光不确定与碳交易的区域综合能源系统双层博弈优化运行', '租赁市场中储能容量配置双层鲁棒优化模型']",3,reviewed,1.0,,0.4662,0.3362,8.0,v8_seeded_boundary_topic
TR-T38-ZH-002,technical,T38,博弈论、市场机制与多主体决策,"Game Theory, Market Mechanisms and Multi-Agent Decision-Making",纳什谈判与利益分配,Nash Bargaining and Benefit Allocation,属于“博弈论、市场机制与多主体决策”父类，核心边界由纳什谈判、纳什博弈等证据确定。,"A seeded fine-grained topic under Game Theory, Market Mechanisms and Multi-Agent Decision-Making.",zh,"['纳什谈判', '纳什博弈']","['纳什谈判', '纳什博弈']","['主从博弈', 'Stackelberg']",3,"['ZH_0209', 'ZH_0458', 'ZH_0113']","['基于纳什谈判的光伏产消者与共享储能协同参与市场优化策略', '风电场群联合共享储能两阶段协同并网优化', '储充换一体站协同多综合能源楼宇的低碳经济调度']",3,reviewed,1.0,,0.5445,0.4145,8.0,v8_seeded_boundary_topic
TR-T38-ZH-003,technical,T38,博弈论、市场机制与多主体决策,"Game Theory, Market Mechanisms and Multi-Agent Decision-Making",合作博弈与联盟协同,Cooperative Games and Coalition Coordination,属于“博弈论、市场机制与多主体决策”父类，核心边界由合作博弈、联盟博弈等证据确定。,"A seeded fine-grained topic under Game Theory, Market Mechanisms and Multi-Agent Decision-Making.",zh,"['合作博弈', '联盟博弈']","['合作博弈', '联盟博弈']","['主从博弈', 'Stackelberg']",3,"['ZH_0115', 'ZH_0188', 'ZH_0462']","['基于联盟合作博弈的风电数据定价方法', '计及联盟合作成本的新能源场站共享储能优化配置策略', '泛在电力物联网背景下基于联盟区块链的电力交易方法']",3,reviewed,1.0,,0.5461,0.4161,8.0,v8_seeded_boundary_topic
TR-T38-ZH-900,technical,T38,博弈论、市场机制与多主体决策,"Game Theory, Market Mechanisms and Multi-Agent Decision-Making",博弈论、市场机制与多主体决策（未细分）,"Game Theory, Market Mechanisms and Multi-Agent Decision-Making (Unresolved Subtopic)",证据不足以稳定映射到当前细主题，保留在父主题并进入后续增量发现。,Insufficient evidence for a stable fine-grained assignment; retained at the parent level.,zh,[],[],"['主从博弈', 'Stackelberg']",2,"['ZH_0736', 'ZH_0009']","['皖南与皖北旅游产业合作主观博弈分析', '基于非零和博弈的互联异构多微网系统电-热-碳优化调度策略']",2,reviewed,1.0,,0.52,0.36,8.0,v8_parent_fallback
TR-T39-ZH-001,technical,T39,鲁棒、随机与不确定性优化,"Robust, Stochastic and Uncertainty Optimization",鲁棒与分布鲁棒优化,Robust and Distributionally Robust Optimization,属于“鲁棒、随机与不确定性优化”父类，核心边界由鲁棒优化、分布鲁棒等证据确定。,"A seeded fine-grained topic under Robust, Stochastic and Uncertainty Optimization.",zh,"['鲁棒优化', '分布鲁棒']","['鲁棒优化', '分布鲁棒']","['机会约束', '概率潮流', 'CVaR', '条件风险价值']",14,"['ZH_0388', 'ZH_0711', 'ZH_0232', 'ZH_0248', 'ZH_0091']","['基于MIGDT的工业园区综合能源系统鲁棒运行优化', '计及源荷多重不确定性的综合能源系统鲁棒经济调度方法', '考虑P2G-CCS-HFC协调运行的园区综合能源系统分布鲁棒优化调度', '应对极温天气电力电量双缺的城市电网日前负荷管理优化', '考虑新能源配网三相不平衡治理的电动汽车充电策略']",3,stable,1.0,,0.4,0.27,8.0,v8_seeded_boundary_topic
TR-T39-ZH-002,technical,T39,鲁棒、随机与不确定性优化,"Robust, Stochastic and Uncertainty Optimization",机会约束、概率潮流与风险约束,"Chance Constraints, Probabilistic Power Flow and Risk Constraints",属于“鲁棒、随机与不确定性优化”父类，核心边界由机会约束、概率潮流、CVaR、条件风险价值、置信水平等证据确定。,"A seeded fine-grained topic under Robust, Stochastic and Uncertainty Optimization.",zh,"['机会约束', '概率潮流', 'CVaR', '条件风险价值', '置信水平']","['机会约束', '概率潮流', 'CVaR', '条件风险价值', '置信水平']","['鲁棒优化', '分布鲁棒']",6,"['ZH_0220', 'ZH_0611', 'ZH_0042', 'ZH_0119', 'ZH_0441']","['考虑配电网全过程韧性提升的多类型韧性资源分布鲁棒机会约束规划', '考虑广义储能的微电网主动能量管理优化算法研究', '考虑新能源随机波动和T接线的城市电网连锁故障风险评估', '基于自适应高斯混合模型的含高渗透率分布式光伏电力系统风险评估', '基于风险分摊的多风电场机会约束机组组合求解方法']",3,stable,1.0,,0.4,0.27,8.0,v8_seeded_boundary_topic
TR-T39-ZH-003,technical,T39,鲁棒、随机与不确定性优化,"Robust, Stochastic and Uncertainty Optimization",蒙特卡洛模拟与随机抽样,Monte Carlo Simulation and Random Sampling,属于“鲁棒、随机与不确定性优化”父类，核心边界由蒙特卡洛、Monte Carlo等证据确定。,"A seeded fine-grained topic under Robust, Stochastic and Uncertainty Optimization.",zh,"['蒙特卡洛', 'Monte Carlo']","['蒙特卡洛', 'Monte Carlo']","['鲁棒优化', '分布鲁棒']",3,"['ZH_0096', 'ZH_0088', 'ZH_0591']","['计及随机性的多分布式电源接入中压配电网承载能力评估', '基于灾害场景预估的配电系统韧性两阶段故障恢复策略', '含高比例风电系统随机备用调度研究']",3,reviewed,1.0,,0.5396,0.4096,8.0,v8_seeded_boundary_topic
TR-T39-ZH-900,technical,T39,鲁棒、随机与不确定性优化,"Robust, Stochastic and Uncertainty Optimization",鲁棒、随机与不确定性优化（未细分）,"Robust, Stochastic and Uncertainty Optimization (Unresolved Subtopic)",证据不足以稳定映射到当前细主题，保留在父主题并进入后续增量发现。,Insufficient evidence for a stable fine-grained assignment; retained at the parent level.,zh,[],[],"['鲁棒优化', '分布鲁棒']",1,['ZH_0460'],['考虑夏普比率的虚拟电厂日前投标策略'],2,reviewed,1.0,,0.52,0.36,8.0,v8_parent_fallback
TR-T40-ZH-001,technical,T40,电力系统建模、潮流与等值计算,"Power-System Modeling, Power Flow and Equivalencing",阻抗建模与等值参数辨识,Impedance Modeling and Equivalent-Parameter Identification,属于“电力系统建模、潮流与等值计算”父类，核心边界由阻抗建模、等值模型、等值参数等证据确定。,"A seeded fine-grained topic under Power-System Modeling, Power Flow and Equivalencing.",zh,"['阻抗建模', '等值模型', '等值参数']","['阻抗建模', '等值模型', '等值参数']",[],3,"['ZH_0826', 'ZH_0321', 'ZH_0383']","['MMC-HVDC输电系统中高频阻抗建模及谐振机理分析', '采用双二阶广义积分器锁相环的MMC多谐波线性化阻抗建模与分析', '新型同送同受路径的多回直流系统交互影响及协调恢复分析']",3,reviewed,1.0,,0.5353,0.4053,8.0,v8_seeded_boundary_topic
TR-T40-ZH-900,technical,T40,电力系统建模、潮流与等值计算,"Power-System Modeling, Power Flow and Equivalencing",电力系统建模、潮流与等值计算（未细分）,"Power-System Modeling, Power Flow and Equivalencing (Unresolved Subtopic)",证据不足以稳定映射到当前细主题，保留在父主题并进入后续增量发现。,Insufficient evidence for a stable fine-grained assignment; retained at the parent level.,zh,[],[],"['阻抗建模', '等值模型', '等值参数']",2,"['ZH_0223', 'ZH_0306']","['电力系统仿射潮流多场景不确定性分析方法', '基于物理机理引导的数据驱动潮流计算方法']",2,reviewed,1.0,,0.52,0.36,8.0,v8_parent_fallback
TR-T41-ZH-001,technical,T41,指标体系与综合评价,Indicator Systems and Comprehensive Evaluation,AHP、熵权与TOPSIS综合评价,"AHP, Entropy Weighting and TOPSIS Evaluation",属于“指标体系与综合评价”父类，核心边界由层次分析法、AHP、熵权法、TOPSIS、指标体系等证据确定。,A seeded fine-grained topic under Indicator Systems and Comprehensive Evaluation.,zh,"['层次分析法', 'AHP', '熵权法', 'TOPSIS', '指标体系']","['层次分析法', 'AHP', '熵权法', 'TOPSIS', '指标体系']","['数据包络分析', 'DEA', 'SBM', '效率评价']",27,"['ZH_0069', 'ZH_0821', 'ZH_0425', 'ZH_0078', 'ZH_0898']","['省域共同富裕水平测算及其时空演进', '分布式电源电压支撑能力层次分析评价', '湘江流域县域发展水平的综合评价及特征分析', '浙江县域共同富裕的测度、评价及区域分异', '中国绿色化发展水平测度及动态演化规律']",3,stable,1.0,,0.4,0.27,8.0,v8_seeded_boundary_topic
TR-T41-ZH-002,technical,T41,指标体系与综合评价,Indicator Systems and Comprehensive Evaluation,DEA、SBM与效率测度,"DEA, SBM and Efficiency Measurement",属于“指标体系与综合评价”父类，核心边界由数据包络分析、DEA、SBM、效率评价等证据确定。,A seeded fine-grained topic under Indicator Systems and Comprehensive Evaluation.,zh,"['数据包络分析', 'DEA', 'SBM', '效率评价']","['数据包络分析', 'DEA', 'SBM', '效率评价']","['层次分析法', 'AHP', '熵权法', 'TOPSIS']",4,"['ZH_0569', 'ZH_0830', 'ZH_0562', 'ZH_0011']","['中国林业上市公司林产品流通效率比较研究', '辽宁城市化进程中土地利用结构效率测评分析', '长三角城市群产业生态效率及其时空跃迁特征', '适应能源转型发展的输配电价动态激励机制研究']",3,reviewed,1.0,,0.4703,0.3403,8.0,v8_seeded_boundary_topic
TR-T41-ZH-900,technical,T41,指标体系与综合评价,Indicator Systems and Comprehensive Evaluation,指标体系与综合评价（未细分）,Indicator Systems and Comprehensive Evaluation (Unresolved Subtopic),证据不足以稳定映射到当前细主题，保留在父主题并进入后续增量发现。,Insufficient evidence for a stable fine-grained assignment; retained at the parent level.,zh,[],[],"['层次分析法', 'AHP', '熵权法', 'TOPSIS']",2,"['ZH_0028', 'ZH_0557']","['基于健康指数的架空线路运行状态评价方法研究', '中国—东盟自贸区内各经济体经济发展差异研究']",2,reviewed,1.0,,0.52,0.36,8.0,v8_parent_fallback
TR-T42-ZH-001,technical,T42,面板回归、计量经济与因果识别,"Panel Regression, Econometrics and Causal Identification",面板回归、固定效应与负二项模型,"Panel Regression, Fixed Effects and Negative Binomial Models",属于“面板回归、计量经济与因果识别”父类，核心边界由面板数据、面板模型、固定效应、负二项回归等证据确定。,"A seeded fine-grained topic under Panel Regression, Econometrics and Causal Identification.",zh,"['面板数据', '面板模型', '固定效应', '负二项回归']","['面板数据', '面板模型', '固定效应', '负二项回归']","['空间计量', '空间杜宾', 'SDM', '空间溢出']",17,"['ZH_0508', 'ZH_0166', 'ZH_0366', 'ZH_0380', 'ZH_0171']","['京津冀城市群就业密度空间分布特征及溢出效应', '借用规模视角下中国城市收缩时空特征及其空间溢出效应', '碳交易政策对高耗能企业碳排放强度的影响', '低碳城市试点对工业用地配置的影响及空间效应', '工业用地出让结构倾向对碳排放效率的影响及其传导机制——基于绿色技术创新中介视角']",3,stable,1.0,,0.4,0.27,8.0,v8_seeded_boundary_topic
TR-T42-ZH-002,technical,T42,面板回归、计量经济与因果识别,"Panel Regression, Econometrics and Causal Identification",空间计量、空间杜宾与溢出效应,"Spatial Econometrics, SDM and Spillover Effects",属于“面板回归、计量经济与因果识别”父类，核心边界由空间计量、空间杜宾、SDM、空间溢出等证据确定。,"A seeded fine-grained topic under Panel Regression, Econometrics and Causal Identification.",zh,"['空间计量', '空间杜宾', 'SDM', '空间溢出']","['空间计量', '空间杜宾', 'SDM', '空间溢出']","['面板数据', '面板模型', '固定效应', '负二项回归']",10,"['ZH_0144', 'ZH_0146', 'ZH_0001', 'ZH_0493', 'ZH_0502']","['交通基础设施建设对城乡收入差距的影响及其空间效应', '数字经济驱动城市产业结构升级的时空演变', '土地流转和社会化服务对农业全要素生产率的影响实证分析', '北京市Airbnb房源价格影响因素计量分析', '生产性服务业集聚空间效应与城市技术创新——基于长江经济带108个城市面板数据的实证分析']",3,stable,1.0,,0.4,0.27,8.0,v8_seeded_boundary_topic
TR-T42-ZH-900,technical,T42,面板回归、计量经济与因果识别,"Panel Regression, Econometrics and Causal Identification",面板回归、计量经济与因果识别（未细分）,"Panel Regression, Econometrics and Causal Identification (Unresolved Subtopic)",证据不足以稳定映射到当前细主题，保留在父主题并进入后续增量发现。,Insufficient evidence for a stable fine-grained assignment; retained at the parent level.,zh,[],[],"['面板数据', '面板模型', '固定效应', '负二项回归']",2,"['ZH_0959', 'ZH_0404']","['湖南“省直管县”财政体制改革对县域经济发展影响实证分析', '政府主导型区域经济一体化对周边城市发展的影响差异分析——基于工业水平视角的PSM-DID实证研究']",2,reviewed,1.0,,0.52,0.36,8.0,v8_parent_fallback
TR-T43-ZH-001,technical,T43,社会网络与复杂网络分析,Social and Complex Network Analysis,社会网络结构与中心性分析,Social-Network Structure and Centrality Analysis,属于“社会网络与复杂网络分析”父类，核心边界由社会网络分析、中心性、网络密度、网络结构等证据确定。,A seeded fine-grained topic under Social and Complex Network Analysis.,zh,"['社会网络分析', '中心性', '网络密度', '网络结构']","['社会网络分析', '中心性', '网络密度', '网络结构']","['创新网络', '专利网络', '合作网络', '技术创新网络']",9,"['ZH_0794', 'ZH_0158', 'ZH_0907', 'ZH_0965', 'ZH_0496']","['基于QQ群网络的东北地区城市联系特征与层级结构', '海运服务贸易网络结构演变与各国角色识别', '广东省城市创新发展水平及其网络结构演化', '长三角地区产业转移特征及其影响因素', '2000—2019年全球核电设备贸易网络结构及其影响因素']",3,stable,1.0,,0.4,0.27,8.0,v8_seeded_boundary_topic
TR-T43-ZH-002,technical,T43,社会网络与复杂网络分析,Social and Complex Network Analysis,专利、合作与创新网络分析,"Patent, Collaboration and Innovation Networks",属于“社会网络与复杂网络分析”父类，核心边界由创新网络、专利网络、合作网络、技术创新网络等证据确定。,A seeded fine-grained topic under Social and Complex Network Analysis.,zh,"['创新网络', '专利网络', '合作网络', '技术创新网络']","['创新网络', '专利网络', '合作网络', '技术创新网络']","['社会网络分析', '中心性', '网络密度', '网络结构']",4,"['ZH_0003', 'ZH_0618', 'ZH_0913', 'ZH_0770']","['三大城市群数字技术专利创新网络演化比较研究', '基于农业产业集群的农业创新体系结构分析——以河南省鄢陵县花木产业集群为例', '美国智能制造的发展及启示', '科研数据开放的国际实践及对我国的启示']",3,reviewed,1.0,,0.4621,0.3321,8.0,v8_seeded_boundary_topic
TR-T43-ZH-003,technical,T43,社会网络与复杂网络分析,Social and Complex Network Analysis,复杂网络与多层网络分析,Complex and Multilayer Network Analysis,属于“社会网络与复杂网络分析”父类，核心边界由复杂网络、多层网络等证据确定。,A seeded fine-grained topic under Social and Complex Network Analysis.,zh,"['复杂网络', '多层网络']","['复杂网络', '多层网络']","['社会网络分析', '中心性', '网络密度', '网络结构']",4,"['ZH_0762', 'ZH_0453', 'ZH_0876', 'ZH_0686']","['知识产权保护促进了服务业内部结构优化吗？——基于复杂网络视角', '基于城市联系网络的城市群等级结构对比', '旅游目的地记忆图谱市场细分法构建', '基于标签传播算法的电网主动解列断面快速定位方法']",3,reviewed,1.0,,0.4545,0.3245,8.0,v8_seeded_boundary_topic
TR-T43-ZH-900,technical,T43,社会网络与复杂网络分析,Social and Complex Network Analysis,社会网络与复杂网络分析（未细分）,Social and Complex Network Analysis (Unresolved Subtopic),证据不足以稳定映射到当前细主题，保留在父主题并进入后续增量发现。,Insufficient evidence for a stable fine-grained assignment; retained at the parent level.,zh,[],[],"['社会网络分析', '中心性', '网络密度', '网络结构']",1,['ZH_0430'],['省会城市旅游中心性聚类研究'],2,reviewed,1.0,,0.52,0.36,8.0,v8_parent_fallback
TR-T44-ZH-001,technical,T44,耦合协调、障碍度与时空演化,"Coupling Coordination, Obstacle Analysis and Spatiotemporal Evolution",耦合协调度测算与类型划分,Coupling-Coordination Measurement and Typology,属于“耦合协调、障碍度与时空演化”父类，核心边界由耦合协调、耦合协调度等证据确定。,"A seeded fine-grained topic under Coupling Coordination, Obstacle Analysis and Spatiotemporal Evolution.",zh,"['耦合协调', '耦合协调度']","['耦合协调', '耦合协调度']",[],11,"['ZH_0155', 'ZH_0100', 'ZH_0025', 'ZH_0444', 'ZH_0381']","['中国减污降碳与扩绿增长耦合协调度的时空特征及其驱动因素', '省域农村基础设施建设与乡村振兴的耦合协调发展研究', '黄河上游地区市域数字经济与绿色发展耦合协调度及提升路径', '中国省域创新基础设施与创新产出水平的耦合协调发展及其影响因素全文替换', '战略性新兴产业集聚与新质生产力耦合协调的时空特征及其驱动因素']",3,stable,1.0,,0.4,0.27,8.0,v8_seeded_boundary_topic
TR-T44-ZH-900,technical,T44,耦合协调、障碍度与时空演化,"Coupling Coordination, Obstacle Analysis and Spatiotemporal Evolution",耦合协调、障碍度与时空演化（未细分）,"Coupling Coordination, Obstacle Analysis and Spatiotemporal Evolution (Unresolved Subtopic)",证据不足以稳定映射到当前细主题，保留在父主题并进入后续增量发现。,Insufficient evidence for a stable fine-grained assignment; retained at the parent level.,zh,[],[],"['耦合协调', '耦合协调度']",2,"['ZH_0004', 'ZH_0908']","['中国省域共同富裕水平测度、时空分异与障碍因素', '京津冀地区粮食产量变化及其作物结构分析']",2,reviewed,1.0,,0.52,0.36,8.0,v8_parent_fallback
TR-T45-ZH-001,technical,T45,文献计量与技术态势研判,Bibliometrics and Technology-Trend Assessment,技术发展态势与前沿研判,Technology Trends and Frontier Assessment,属于“文献计量与技术态势研判”父类，核心边界由发展态势、技术态势、前沿分析、趋势分析等证据确定。,A seeded fine-grained topic under Bibliometrics and Technology-Trend Assessment.,zh,"['发展态势', '技术态势', '前沿分析', '趋势分析']","['发展态势', '技术态势', '前沿分析', '趋势分析']",[],7,"['ZH_0534', 'ZH_0392', 'ZH_0466', 'ZH_0416', 'ZH_0422']","['基于六普数据的湖南省人口老龄化发展态势与对策研究', '湖南省文化产业集团化发展实证研究', '甘肃省粮食产量变化的驱动分析及趋势预测', '基于SD模型的中国西南水—能源—粮食纽带系统仿真模拟', '河南省城市入境旅游规模与位序差异化']",3,stable,1.0,,0.4,0.27,8.0,v8_seeded_boundary_topic
TR-T45-ZH-900,technical,T45,文献计量与技术态势研判,Bibliometrics and Technology-Trend Assessment,文献计量与技术态势研判（未细分）,Bibliometrics and Technology-Trend Assessment (Unresolved Subtopic),证据不足以稳定映射到当前细主题，保留在父主题并进入后续增量发现。,Insufficient evidence for a stable fine-grained assignment; retained at the parent level.,zh,[],[],"['发展态势', '技术态势', '前沿分析', '趋势分析']",2,"['ZH_0023', 'ZH_0801']","['全球高超声速技术发展态势分析', '拓展新时期拉美科技合作——以中国科学院对拉美地区科技合作为例']",2,reviewed,1.0,,0.52,0.36,8.0,v8_parent_fallback
TR-T46-ZH-001,technical,T46,理论机制、制度设计与政策路径,"Theoretical Mechanisms, Institutional Design and Policy Pathways",理论框架与概念路径分析,Theoretical Framework and Conceptual Path Analysis,属于“理论机制、制度设计与政策路径”父类，核心边界由理论框架、TOE框架、分析框架等证据确定。,"A seeded fine-grained topic under Theoretical Mechanisms, Institutional Design and Policy Pathways.",zh,"['理论框架', 'TOE框架', '分析框架']","['理论框架', 'TOE框架', '分析框架']","['制度设计', '政策路径', '治理机制', '治理路径']",6,"['ZH_0066', 'ZH_0833', 'ZH_0479', 'ZH_0192', 'ZH_0022']","['基于行动者网络的生态旅游地多元主体冲突的演变及形成机制——以湖北省神农架为例', '景区智慧旅游设施的优化布局——以泉州古城为例', '中国金融中心的等级制网络分析——以改革开放以来资本市场中介的成长为例', '分布式智能电网的理论发展与技术体系', '“技术—组织—环境”视域下数字经济赋能低碳转型发展的路径']",3,stable,1.0,,0.4,0.27,8.0,v8_seeded_boundary_topic
TR-T46-ZH-002,technical,T46,理论机制、制度设计与政策路径,"Theoretical Mechanisms, Institutional Design and Policy Pathways",制度设计、政策路径与治理机制,"Institutional Design, Policy Paths and Governance Mechanisms",属于“理论机制、制度设计与政策路径”父类，核心边界由制度设计、政策路径、治理机制、治理路径等证据确定。,"A seeded fine-grained topic under Theoretical Mechanisms, Institutional Design and Policy Pathways.",zh,"['制度设计', '政策路径', '治理机制', '治理路径']","['制度设计', '政策路径', '治理机制', '治理路径']","['理论框架', 'TOE框架', '分析框架']",3,"['ZH_0072', 'ZH_0574', 'ZH_0723']","['新阶段美国清洁能源战略解构与比较研究', '京津冀跨域治理和协同发展的重大政策实践', '农业循环经济主体行为博弈与协同优势分析——兼论政府发展农业循环经济的制度设计']",3,reviewed,1.0,,0.5336,0.4036,8.0,v8_seeded_boundary_topic
TR-T46-ZH-003,technical,T46,理论机制、制度设计与政策路径,"Theoretical Mechanisms, Institutional Design and Policy Pathways",作用机制与形成机理分析,Mechanism and Formation-Process Analysis,属于“理论机制、制度设计与政策路径”父类，核心边界由作用机制、形成机制、影响机制等证据确定。,"A seeded fine-grained topic under Theoretical Mechanisms, Institutional Design and Policy Pathways.",zh,"['作用机制', '形成机制', '影响机制']","['作用机制', '形成机制', '影响机制']","['理论框架', 'TOE框架', '分析框架']",9,"['ZH_0820', 'ZH_0753', 'ZH_0150', 'ZH_0630', 'ZH_0365']","['节假日旅游流时空分异及其形成机制——以云南省为例', '城市用地扩张与生态环境保护的交互作用研究——以长株潭城市群为例', '廊道旅游地空间网络结构及其形成机制', '会展企业微观集聚研究——以广州市流花地区为例', '土地出让价格对国土空间格局演变的作用机制与空间效应——以长三角地区为例']",3,stable,1.0,,0.4,0.27,8.0,v8_seeded_boundary_topic
TR-T47-ZH-900,technical,T47,数字孪生、软件平台与系统架构,"Digital Twins, Software Platforms and System Architecture",数字孪生、软件平台与系统架构（未细分）,"Digital Twins, Software Platforms and System Architecture (Unresolved Subtopic)",证据不足以稳定映射到当前细主题，保留在父主题并进入后续增量发现。,Insufficient evidence for a stable fine-grained assignment; retained at the parent level.,zh,[],[],[],5,"['ZH_0928', 'ZH_0758', 'ZH_0866', 'ZH_0728', 'ZH_0249']","['数字孪生技术在船舶综合电力系统中的应用前景与关键技术', '基于数字孪生的配电自动化终端设备状态评价与故障预判', '电动汽车直流充电桩自动化测试平台的设计与应用', '云计算的价值创造及其机理', '适用于混合风电场频率电压支撑的分布式自适应解耦控制']",2,reviewed,1.0,,0.52,0.36,8.0,v8_parent_fallback
TR-T48-ZH-001,technical,T48,空间统计、GIS与分区分析,"Spatial Statistics, GIS and Zoning Analysis",Moran指数与空间自相关分析,Moran Index and Spatial Autocorrelation,属于“空间统计、GIS与分区分析”父类，核心边界由空间自相关、Moran、莫兰指数等证据确定。,"A seeded fine-grained topic under Spatial Statistics, GIS and Zoning Analysis.",zh,"['空间自相关', 'Moran', '莫兰指数']","['空间自相关', 'Moran', '莫兰指数']","['ArcGIS', 'GIS', '空间格局', '分区治理']",11,"['ZH_0818', 'ZH_0878', 'ZH_0614', 'ZH_0455', 'ZH_0715']","['黄河下游沿岸县域经济发展的空间分异', '基于CD-ESDA模型的中国产业用水增长质量的时空格局分析', '基于PCA-ESDA的中国省域旅游经济时空差异分析', '青藏地区农牧企业区位特征变化及影响因素', '中国抖音直播带货行业发展的空间分异及影响因素']",3,stable,1.0,,0.4,0.27,8.0,v8_seeded_boundary_topic
TR-T48-ZH-002,technical,T48,空间统计、GIS与分区分析,"Spatial Statistics, GIS and Zoning Analysis",GIS空间格局与分区分析,GIS Spatial Pattern and Zoning Analysis,属于“空间统计、GIS与分区分析”父类，核心边界由ArcGIS、GIS、空间格局、分区治理、空间分异等证据确定。,"A seeded fine-grained topic under Spatial Statistics, GIS and Zoning Analysis.",zh,"['ArcGIS', 'GIS', '空间格局', '分区治理', '空间分异']","['ArcGIS', 'GIS', '空间格局', '分区治理', '空间分异']","['空间自相关', 'Moran', '莫兰指数']",40,"['ZH_0834', 'ZH_0429', 'ZH_0601', 'ZH_0663', 'ZH_0137']","['基于县域的福建省经济空间格局演化', '基于协同发展的长三角城市群空间格局研究', '郑州都市区镇域经济差异的空间分析', '我国中心城市金融集聚水平与空间格局研究', '中部农区村域农民专业合作社时空分异及影响因素']",3,stable,1.0,,0.4,0.27,8.0,v8_seeded_boundary_topic
TR-T48-ZH-003,technical,T48,空间统计、GIS与分区分析,"Spatial Statistics, GIS and Zoning Analysis",地理探测器与空间异质性分析,Geodetector and Spatial Heterogeneity Analysis,属于“空间统计、GIS与分区分析”父类，核心边界由地理探测器、空间异质性等证据确定。,"A seeded fine-grained topic under Spatial Statistics, GIS and Zoning Analysis.",zh,"['地理探测器', '空间异质性']","['地理探测器', '空间异质性']","['空间自相关', 'Moran', '莫兰指数']",5,"['ZH_0606', 'ZH_0367', 'ZH_0378', 'ZH_0156', 'ZH_0372']","['中国省级以上开发区空间分布特征及影响因素', '新疆物流企业时空分布特征及其影响因素', '业态分类视角下湖南省乡村旅游产业空间分布特征及影响机理', '长三角城市群高铁与民航服务网络空间特征及其影响因素', '长三角地区国土开发强度与城市宜居性的适配及其影响因素']",3,stable,1.0,,0.4616,0.3316,8.0,v8_seeded_boundary_topic
TR-T48-ZH-900,technical,T48,空间统计、GIS与分区分析,"Spatial Statistics, GIS and Zoning Analysis",空间统计、GIS与分区分析（未细分）,"Spatial Statistics, GIS and Zoning Analysis (Unresolved Subtopic)",证据不足以稳定映射到当前细主题，保留在父主题并进入后续增量发现。,Insufficient evidence for a stable fine-grained assignment; retained at the parent level.,zh,[],[],"['空间自相关', 'Moran', '莫兰指数']",7,"['ZH_0900', 'ZH_0854', 'ZH_0775', 'ZH_0841', 'ZH_0887']","['空间尺度对城市竞标地租理论的适用性影响分析——以深圳经济特区为例', '基于GIS空间统计的县级商业布局模式及形成机理研究——以吉林省乾安县城为例', '流视角下中国铁路交通联系空间模拟与格局解析', '天津市经济发展的重心空间演变及未来展望', '基于主体功能区划方法的长株潭城市群核心区交通优势度评价']",2,reviewed,1.0,,0.52,0.36,8.0,v8_parent_fallback
TR-T49-ZH-001,technical,T49,控制策略与稳定性分析,Control Strategies and Stability Analysis,低电压穿越与故障穿越控制,Low-Voltage and Fault Ride-Through Control,属于“控制策略与稳定性分析”父类，核心边界由低电压穿越、故障穿越、低穿等证据确定。,A seeded fine-grained topic under Control Strategies and Stability Analysis.,zh,"['低电压穿越', '故障穿越', '低穿']","['低电压穿越', '故障穿越', '低穿']","['构网', '下垂控制', '虚拟同步机', '虚拟振荡器']",5,"['ZH_0277', 'ZH_0227', 'ZH_0043', 'ZH_0822', 'ZH_0016']","['基于锁相环相位补偿的光伏逆变器低电压穿越快速无功控制', '锁相环动态对切换延迟导致的暂态过电压的影响', '计及SOC影响的电化学储能系统低电压穿越控制策略', '基于谐波特性的光伏孤岛与低电压穿越同步检测方法', '接入换流站的新能源交流汇集系统低电压穿越方法']",3,stable,1.0,,0.4613,0.3313,8.0,v8_seeded_boundary_topic
TR-T49-ZH-002,technical,T49,控制策略与稳定性分析,Control Strategies and Stability Analysis,构网、下垂与虚拟同步控制,"Grid-Forming, Droop and Virtual-Synchronous Control",属于“控制策略与稳定性分析”父类，核心边界由构网、下垂控制、虚拟同步机、虚拟振荡器等证据确定。,A seeded fine-grained topic under Control Strategies and Stability Analysis.,zh,"['构网', '下垂控制', '虚拟同步机', '虚拟振荡器']","['构网', '下垂控制', '虚拟同步机', '虚拟振荡器']","['低电压穿越', '故障穿越', '低穿']",8,"['ZH_0964', 'ZH_0013', 'ZH_0241', 'ZH_0010', 'ZH_0897']","['一种直流微电网多光伏变换器新型功率分配策略', '构网型下垂控制中虚拟阻抗的作用、改进及研究前景分析', '基于事件触发的动态一致性馈线负载均衡控制策略', '面向构网逆变器的虚拟振荡器控制技术:统一设计框架与关键问题探讨', '电力系统变流器构网控制技术的现状与发展趋势']",3,stable,1.0,,0.4,0.27,8.0,v8_seeded_boundary_topic
TR-T49-ZH-003,technical,T49,控制策略与稳定性分析,Control Strategies and Stability Analysis,暂态、小信号与电压稳定性分析,"Transient, Small-Signal and Voltage Stability Analysis",属于“控制策略与稳定性分析”父类，核心边界由暂态稳定、稳定性分析、小信号稳定、电压稳定等证据确定。,A seeded fine-grained topic under Control Strategies and Stability Analysis.,zh,"['暂态稳定', '稳定性分析', '小信号稳定', '电压稳定']","['暂态稳定', '稳定性分析', '小信号稳定', '电压稳定']","['低电压穿越', '故障穿越', '低穿']",18,"['ZH_0235', 'ZH_0269', 'ZH_0278', 'ZH_0226', 'ZH_0599']","['新能源经柔直外送系统的暂态同步稳定性分析', '基于重复控制的MMC交直流阻抗建模与稳定性分析', '应用多参数协同自适应方法的虚拟同步发电机控制策略', '直流微网系统小干扰稳定性分析及有源阻尼控制', '高速铁路客货混跑车网耦合系统电气稳定性研究']",3,stable,1.0,,0.4,0.27,8.0,v8_seeded_boundary_topic
TR-T49-ZH-900,technical,T49,控制策略与稳定性分析,Control Strategies and Stability Analysis,控制策略与稳定性分析（未细分）,Control Strategies and Stability Analysis (Unresolved Subtopic),证据不足以稳定映射到当前细主题，保留在父主题并进入后续增量发现。,Insufficient evidence for a stable fine-grained assignment; retained at the parent level.,zh,[],[],"['低电压穿越', '故障穿越', '低穿']",24,"['ZH_0331', 'ZH_0344', 'ZH_0353', 'ZH_0768', 'ZH_0312']","['提升特高压直流系统送端频率稳定性的协调控制策略', '考虑电动汽车灵活储能的交直流混合微电网功率协调控制策略', '基于MMC的光伏直流升压并网系统故障分析及限流控制策略', '多功能并网变换器容量优化控制策略', '基于滑模一致性的多并联互联变流器分布式鲁棒功率控制策略']",2,reviewed,1.0,,0.52,0.36,8.0,v8_parent_fallback
TR-T03-ZH-900,technical,T03,临床观察性队列与回顾性分析,Clinical Observational Cohort and Retrospective Analysis,临床观察性队列与回顾性分析（父主题）,Clinical Observational Cohort and Retrospective Analysis (Parent Topic),当前语言尚无足够样本形成稳定细主题，先映射到统一父主题。,Insufficient language-specific evidence for a stable fine-grained topic; mapped to the unified parent topic.,zh,[],[],[],0,[],[],2,parent_fallback,,,0.5,0.32,8.0,v8_taxonomy_parent_prototype
TR-T04-ZH-900,technical,T04,随机对照与干预试验,Randomized Controlled and Intervention Trials,随机对照与干预试验（父主题）,Randomized Controlled and Intervention Trials (Parent Topic),当前语言尚无足够样本形成稳定细主题，先映射到统一父主题。,Insufficient language-specific evidence for a stable fine-grained topic; mapped to the unified parent topic.,zh,[],[],[],0,[],[],2,parent_fallback,,,0.5,0.32,8.0,v8_taxonomy_parent_prototype
TR-T05-ZH-900,technical,T05,系统综述与Meta分析,Systematic Review and Meta-analysis,系统综述与Meta分析（父主题）,Systematic Review and Meta-analysis (Parent Topic),当前语言尚无足够样本形成稳定细主题，先映射到统一父主题。,Insufficient language-specific evidence for a stable fine-grained topic; mapped to the unified parent topic.,zh,[],[],[],0,[],[],2,parent_fallback,,,0.5,0.32,8.0,v8_taxonomy_parent_prototype
TR-T08-ZH-900,technical,T08,细胞分子与生化实验,"Cellular, Molecular and Biochemical Experiments",细胞分子与生化实验（父主题）,"Cellular, Molecular and Biochemical Experiments (Parent Topic)",当前语言尚无足够样本形成稳定细主题，先映射到统一父主题。,Insufficient language-specific evidence for a stable fine-grained topic; mapped to the unified parent topic.,zh,[],[],[],0,[],[],2,parent_fallback,,,0.5,0.32,8.0,v8_taxonomy_parent_prototype
TR-T09-ZH-900,technical,T09,组学测序与生物信息分析,Omics Sequencing and Bioinformatics,组学测序与生物信息分析（父主题）,Omics Sequencing and Bioinformatics (Parent Topic),当前语言尚无足够样本形成稳定细主题，先映射到统一父主题。,Insufficient language-specific evidence for a stable fine-grained topic; mapped to the unified parent topic.,zh,[],[],[],0,[],[],2,parent_fallback,,,0.5,0.32,8.0,v8_taxonomy_parent_prototype
TR-T10-ZH-900,technical,T10,病理组织与免疫组化诊断,Histopathology and Immunohistochemical Diagnosis,病理组织与免疫组化诊断（父主题）,Histopathology and Immunohistochemical Diagnosis (Parent Topic),当前语言尚无足够样本形成稳定细主题，先映射到统一父主题。,Insufficient language-specific evidence for a stable fine-grained topic; mapped to the unified parent topic.,zh,[],[],[],0,[],[],2,parent_fallback,,,0.5,0.32,8.0,v8_taxonomy_parent_prototype
TR-T15-ZH-900,technical,T15,第一性原理与原子分子模拟,First-Principles and Atomistic Simulation,第一性原理与原子分子模拟（父主题）,First-Principles and Atomistic Simulation (Parent Topic),当前语言尚无足够样本形成稳定细主题，先映射到统一父主题。,Insufficient language-specific evidence for a stable fine-grained topic; mapped to the unified parent topic.,zh,[],[],[],0,[],[],2,parent_fallback,,,0.5,0.32,8.0,v8_taxonomy_parent_prototype
TR-T18-ZH-900,technical,T18,化学合成与催化反应,Chemical Synthesis and Catalytic Reactions,化学合成与催化反应（父主题）,Chemical Synthesis and Catalytic Reactions (Parent Topic),当前语言尚无足够样本形成稳定细主题，先映射到统一父主题。,Insufficient language-specific evidence for a stable fine-grained topic; mapped to the unified parent topic.,zh,[],[],[],0,[],[],2,parent_fallback,,,0.5,0.32,8.0,v8_taxonomy_parent_prototype
TR-T19-ZH-900,technical,T19,环境处理与资源回收工艺,Environmental Treatment and Resource-Recovery Processes,环境处理与资源回收工艺（父主题）,Environmental Treatment and Resource-Recovery Processes (Parent Topic),当前语言尚无足够样本形成稳定细主题，先映射到统一父主题。,Insufficient language-specific evidence for a stable fine-grained topic; mapped to the unified parent topic.,zh,[],[],[],0,[],[],2,parent_fallback,,,0.5,0.32,8.0,v8_taxonomy_parent_prototype
TR-T22-ZH-900,technical,T22,动物模型与药理干预实验,Animal Models and Pharmacological Intervention,动物模型与药理干预实验（父主题）,Animal Models and Pharmacological Intervention (Parent Topic),当前语言尚无足够样本形成稳定细主题，先映射到统一父主题。,Insufficient language-specific evidence for a stable fine-grained topic; mapped to the unified parent topic.,zh,[],[],[],0,[],[],2,parent_fallback,,,0.5,0.32,8.0,v8_taxonomy_parent_prototype
TR-T23-ZH-900,technical,T23,微生物培养与宏基因组分析,Microbial Culture and Metagenomic Analysis,微生物培养与宏基因组分析（父主题）,Microbial Culture and Metagenomic Analysis (Parent Topic),当前语言尚无足够样本形成稳定细主题，先映射到统一父主题。,Insufficient language-specific evidence for a stable fine-grained topic; mapped to the unified parent topic.,zh,[],[],[],0,[],[],2,parent_fallback,,,0.5,0.32,8.0,v8_taxonomy_parent_prototype
TR-T24-ZH-900,technical,T24,遗传关联与PCR分子检测,Genetic Association and PCR-Based Molecular Detection,遗传关联与PCR分子检测（父主题）,Genetic Association and PCR-Based Molecular Detection (Parent Topic),当前语言尚无足够样本形成稳定细主题，先映射到统一父主题。,Insufficient language-specific evidence for a stable fine-grained topic; mapped to the unified parent topic.,zh,[],[],[],0,[],[],2,parent_fallback,,,0.5,0.32,8.0,v8_taxonomy_parent_prototype
TR-T28-ZH-900,technical,T28,其他实验与综合研究方法,Other Experimental and Integrated Methods,其他实验与综合研究方法（父主题）,Other Experimental and Integrated Methods (Parent Topic),当前语言尚无足够样本形成稳定细主题，先映射到统一父主题。,Insufficient language-specific evidence for a stable fine-grained topic; mapped to the unified parent topic.,zh,[],[],[],0,[],[],2,parent_fallback,,,0.5,0.32,8.0,v8_taxonomy_parent_prototype
TR-T29-ZH-900,technical,T29,野外采样与生态调查,Field Sampling and Ecological Surveys,野外采样与生态调查（父主题）,Field Sampling and Ecological Surveys (Parent Topic),当前语言尚无足够样本形成稳定细主题，先映射到统一父主题。,Insufficient language-specific evidence for a stable fine-grained topic; mapped to the unified parent topic.,zh,[],[],[],0,[],[],2,parent_fallback,,,0.5,0.32,8.0,v8_taxonomy_parent_prototype
TR-T31-ZH-900,technical,T31,理化分析与定量测定,Physicochemical Analysis and Quantitative Measurement,理化分析与定量测定（父主题）,Physicochemical Analysis and Quantitative Measurement (Parent Topic),当前语言尚无足够样本形成稳定细主题，先映射到统一父主题。,Insufficient language-specific evidence for a stable fine-grained topic; mapped to the unified parent topic.,zh,[],[],[],0,[],[],2,parent_fallback,,,0.5,0.32,8.0,v8_taxonomy_parent_prototype
TR-T33-ZH-900,technical,T33,生物行为与生理比较实验,Behavioral and Physiological Comparative Experiments,生物行为与生理比较实验（父主题）,Behavioral and Physiological Comparative Experiments (Parent Topic),当前语言尚无足够样本形成稳定细主题，先映射到统一父主题。,Insufficient language-specific evidence for a stable fine-grained topic; mapped to the unified parent topic.,zh,[],[],[],0,[],[],2,parent_fallback,,,0.5,0.32,8.0,v8_taxonomy_parent_prototype
TR-T28-EN-900,technical,T28,其他实验与综合研究方法,Other Experimental and Integrated Methods,其他实验与综合研究方法（父主题）,Other Experimental and Integrated Methods (Parent Topic),当前语言尚无足够样本形成稳定细主题，先映射到统一父主题。,Insufficient language-specific evidence for a stable fine-grained topic; mapped to the unified parent topic.,en,[],[],[],0,[],[],2,parent_fallback,,,0.5,0.32,8.0,v8_taxonomy_parent_prototype
TR-T32-EN-900,technical,T32,工程系统设计与方案优化,Engineering System Design and Scheme Optimization,工程系统设计与方案优化（父主题）,Engineering System Design and Scheme Optimization (Parent Topic),当前语言尚无足够样本形成稳定细主题，先映射到统一父主题。,Insufficient language-specific evidence for a stable fine-grained topic; mapped to the unified parent topic.,en,[],[],[],0,[],[],2,parent_fallback,,,0.5,0.32,8.0,v8_taxonomy_parent_prototype
TR-T34-EN-900,technical,T34,聚类、关联规则与模式识别,"Clustering, Association Rules and Pattern Recognition",聚类、关联规则与模式识别（父主题）,"Clustering, Association Rules and Pattern Recognition (Parent Topic)",当前语言尚无足够样本形成稳定细主题，先映射到统一父主题。,Insufficient language-specific evidence for a stable fine-grained topic; mapped to the unified parent topic.,en,[],[],[],0,[],[],2,parent_fallback,,,0.5,0.32,8.0,v8_taxonomy_parent_prototype
TR-T35-EN-900,technical,T35,时序预测与状态估计,Time-Series Forecasting and State Estimation,时序预测与状态估计（父主题）,Time-Series Forecasting and State Estimation (Parent Topic),当前语言尚无足够样本形成稳定细主题，先映射到统一父主题。,Insufficient language-specific evidence for a stable fine-grained topic; mapped to the unified parent topic.,en,[],[],[],0,[],[],2,parent_fallback,,,0.5,0.32,8.0,v8_taxonomy_parent_prototype
TR-T36-EN-900,technical,T36,故障诊断、定位与保护算法,"Fault Diagnosis, Localization and Protection Algorithms",故障诊断、定位与保护算法（父主题）,"Fault Diagnosis, Localization and Protection Algorithms (Parent Topic)",当前语言尚无足够样本形成稳定细主题，先映射到统一父主题。,Insufficient language-specific evidence for a stable fine-grained topic; mapped to the unified parent topic.,en,[],[],[],0,[],[],2,parent_fallback,,,0.5,0.32,8.0,v8_taxonomy_parent_prototype
TR-T37-EN-900,technical,T37,优化调度与数学规划,Optimization Scheduling and Mathematical Programming,优化调度与数学规划（父主题）,Optimization Scheduling and Mathematical Programming (Parent Topic),当前语言尚无足够样本形成稳定细主题，先映射到统一父主题。,Insufficient language-specific evidence for a stable fine-grained topic; mapped to the unified parent topic.,en,[],[],[],0,[],[],2,parent_fallback,,,0.5,0.32,8.0,v8_taxonomy_parent_prototype
TR-T38-EN-900,technical,T38,博弈论、市场机制与多主体决策,"Game Theory, Market Mechanisms and Multi-Agent Decision-Making",博弈论、市场机制与多主体决策（父主题）,"Game Theory, Market Mechanisms and Multi-Agent Decision-Making (Parent Topic)",当前语言尚无足够样本形成稳定细主题，先映射到统一父主题。,Insufficient language-specific evidence for a stable fine-grained topic; mapped to the unified parent topic.,en,[],[],[],0,[],[],2,parent_fallback,,,0.5,0.32,8.0,v8_taxonomy_parent_prototype
TR-T39-EN-900,technical,T39,鲁棒、随机与不确定性优化,"Robust, Stochastic and Uncertainty Optimization",鲁棒、随机与不确定性优化（父主题）,"Robust, Stochastic and Uncertainty Optimization (Parent Topic)",当前语言尚无足够样本形成稳定细主题，先映射到统一父主题。,Insufficient language-specific evidence for a stable fine-grained topic; mapped to the unified parent topic.,en,[],[],[],0,[],[],2,parent_fallback,,,0.5,0.32,8.0,v8_taxonomy_parent_prototype
TR-T40-EN-900,technical,T40,电力系统建模、潮流与等值计算,"Power-System Modeling, Power Flow and Equivalencing",电力系统建模、潮流与等值计算（父主题）,"Power-System Modeling, Power Flow and Equivalencing (Parent Topic)",当前语言尚无足够样本形成稳定细主题，先映射到统一父主题。,Insufficient language-specific evidence for a stable fine-grained topic; mapped to the unified parent topic.,en,[],[],[],0,[],[],2,parent_fallback,,,0.5,0.32,8.0,v8_taxonomy_parent_prototype
TR-T41-EN-900,technical,T41,指标体系与综合评价,Indicator Systems and Comprehensive Evaluation,指标体系与综合评价（父主题）,Indicator Systems and Comprehensive Evaluation (Parent Topic),当前语言尚无足够样本形成稳定细主题，先映射到统一父主题。,Insufficient language-specific evidence for a stable fine-grained topic; mapped to the unified parent topic.,en,[],[],[],0,[],[],2,parent_fallback,,,0.5,0.32,8.0,v8_taxonomy_parent_prototype
TR-T42-EN-900,technical,T42,面板回归、计量经济与因果识别,"Panel Regression, Econometrics and Causal Identification",面板回归、计量经济与因果识别（父主题）,"Panel Regression, Econometrics and Causal Identification (Parent Topic)",当前语言尚无足够样本形成稳定细主题，先映射到统一父主题。,Insufficient language-specific evidence for a stable fine-grained topic; mapped to the unified parent topic.,en,[],[],[],0,[],[],2,parent_fallback,,,0.5,0.32,8.0,v8_taxonomy_parent_prototype
TR-T43-EN-900,technical,T43,社会网络与复杂网络分析,Social and Complex Network Analysis,社会网络与复杂网络分析（父主题）,Social and Complex Network Analysis (Parent Topic),当前语言尚无足够样本形成稳定细主题，先映射到统一父主题。,Insufficient language-specific evidence for a stable fine-grained topic; mapped to the unified parent topic.,en,[],[],[],0,[],[],2,parent_fallback,,,0.5,0.32,8.0,v8_taxonomy_parent_prototype
TR-T44-EN-900,technical,T44,耦合协调、障碍度与时空演化,"Coupling Coordination, Obstacle Analysis and Spatiotemporal Evolution",耦合协调、障碍度与时空演化（父主题）,"Coupling Coordination, Obstacle Analysis and Spatiotemporal Evolution (Parent Topic)",当前语言尚无足够样本形成稳定细主题，先映射到统一父主题。,Insufficient language-specific evidence for a stable fine-grained topic; mapped to the unified parent topic.,en,[],[],[],0,[],[],2,parent_fallback,,,0.5,0.32,8.0,v8_taxonomy_parent_prototype
TR-T45-EN-900,technical,T45,文献计量与技术态势研判,Bibliometrics and Technology-Trend Assessment,文献计量与技术态势研判（父主题）,Bibliometrics and Technology-Trend Assessment (Parent Topic),当前语言尚无足够样本形成稳定细主题，先映射到统一父主题。,Insufficient language-specific evidence for a stable fine-grained topic; mapped to the unified parent topic.,en,[],[],[],0,[],[],2,parent_fallback,,,0.5,0.32,8.0,v8_taxonomy_parent_prototype
TR-T46-EN-900,technical,T46,理论机制、制度设计与政策路径,"Theoretical Mechanisms, Institutional Design and Policy Pathways",理论机制、制度设计与政策路径（父主题）,"Theoretical Mechanisms, Institutional Design and Policy Pathways (Parent Topic)",当前语言尚无足够样本形成稳定细主题，先映射到统一父主题。,Insufficient language-specific evidence for a stable fine-grained topic; mapped to the unified parent topic.,en,[],[],[],0,[],[],2,parent_fallback,,,0.5,0.32,8.0,v8_taxonomy_parent_prototype
TR-T47-EN-900,technical,T47,数字孪生、软件平台与系统架构,"Digital Twins, Software Platforms and System Architecture",数字孪生、软件平台与系统架构（父主题）,"Digital Twins, Software Platforms and System Architecture (Parent Topic)",当前语言尚无足够样本形成稳定细主题，先映射到统一父主题。,Insufficient language-specific evidence for a stable fine-grained topic; mapped to the unified parent topic.,en,[],[],[],0,[],[],2,parent_fallback,,,0.5,0.32,8.0,v8_taxonomy_parent_prototype
TR-T48-EN-900,technical,T48,空间统计、GIS与分区分析,"Spatial Statistics, GIS and Zoning Analysis",空间统计、GIS与分区分析（父主题）,"Spatial Statistics, GIS and Zoning Analysis (Parent Topic)",当前语言尚无足够样本形成稳定细主题，先映射到统一父主题。,Insufficient language-specific evidence for a stable fine-grained topic; mapped to the unified parent topic.,en,[],[],[],0,[],[],2,parent_fallback,,,0.5,0.32,8.0,v8_taxonomy_parent_prototype
TR-T49-EN-900,technical,T49,控制策略与稳定性分析,Control Strategies and Stability Analysis,控制策略与稳定性分析（父主题）,Control Strategies and Stability Analysis (Parent Topic),当前语言尚无足够样本形成稳定细主题，先映射到统一父主题。,Insufficient language-specific evidence for a stable fine-grained topic; mapped to the unified parent topic.,en,[],[],[],0,[],[],2,parent_fallback,,,0.5,0.32,8.0,v8_taxonomy_parent_prototype
TR-T40-ZH-801,technical,T40,电力系统建模、潮流与等值计算,"Power-System Modeling, Power Flow and Equivalencing",短路计算与戴维南等值,Short-Circuit Calculation and Thevenin Equivalents,属于“电力系统建模、潮流与等值计算”父类，由全量语料中的明确规则证据建立主题锚点。,"A rule-anchored fine topic under Power-System Modeling, Power Flow and Equivalencing built from explicit full-corpus evidence.",zh,"['短路电流计算', '戴维南等值', '短路等值']","['短路电流计算', '戴维南等值', '短路等值']",[],2,"['ZH_0008', 'ZH_0034']","['含换流器型分布式电源配电网的不对称短路电流计算方法', '含逆变型分布式电源外电网的短路计算等值及其影响因素分析']",3,reviewed,,,0.4,0.27,8.1,v8_rule_anchor_full_corpus
TR-T48-ZH-801,technical,T48,空间统计、GIS与分区分析,"Spatial Statistics, GIS and Zoning Analysis",可达性、设施配置与空间配给,"Accessibility, Facility Allocation and Spatial Provision",属于“空间统计、GIS与分区分析”父类，由全量语料中的明确规则证据建立主题锚点。,"A rule-anchored fine topic under Spatial Statistics, GIS and Zoning Analysis built from explicit full-corpus evidence.",zh,"['空间可达性', '空间配给', '设施配置', '供需空间']","['空间可达性', '空间配给', '设施配置', '供需空间']",[],2,"['ZH_0049', 'ZH_0138']","['城乡居家养老服务设施空间配给均等性研究——以苏州市为例', '城市居住区绿色空间可达性的社会与制度影响机制——以宁波为例']",3,reviewed,,,0.4,0.27,8.1,v8_rule_anchor_full_corpus
